StageRecordID,ApplicationID,StageOrder,StageName,Department,StageStartDate,StageEndDate,DurationDays,StageStatus
S0000001,A000001,1,Application Received,SME Sales,2025-09-07,2025-09-08,1,Completed
S0000002,A000001,2,Initial Screening,SME Sales,2025-09-08,2025-09-09,1,Completed
S0000003,A000001,3,Credit Assessment,Credit,2025-09-09,2025-09-12,3,Completed
S0000004,A000001,4,Risk Review,Risk,2025-09-12,2025-09-14,2,Completed
S0000005,A000001,5,Approval Committee,Credit,2025-09-14,2025-09-16,2,Completed
S0000006,A000001,6,Documentation,Operations,2025-09-16,2025-09-18,2,Completed
S0000007,A000001,7,Disbursement,Operations,2025-09-18,2025-09-19,1,Completed
S0000008,A000002,1,Application Received,SME Sales,2025-04-30,2025-05-01,1,Completed
S0000009,A000002,2,Initial Screening,SME Sales,2025-05-01,2025-05-02,1,Completed
S0000010,A000002,3,Credit Assessment,Credit,2025-05-02,2025-05-08,6,Completed
S0000011,A000002,4,Risk Review,Risk,2025-05-08,2025-05-11,3,Completed
S0000012,A000002,5,Approval Committee,Credit,2025-05-11,2025-05-13,2,Completed
S0000013,A000002,6,Documentation,Operations,2025-05-13,2025-05-16,3,Completed
S0000014,A000002,7,Disbursement,Operations,2025-05-16,2025-05-18,2,Completed
S0000015,A000003,1,Application Received,SME Sales,2026-02-08,2026-02-08,0,Completed
S0000016,A000003,2,Initial Screening,SME Sales,2026-02-08,2026-02-11,3,Completed
S0000017,A000003,3,Credit Assessment,Credit,2026-02-11,2026-02-14,3,Completed
S0000018,A000003,4,Risk Review,Risk,2026-02-14,2026-02-18,4,Completed
S0000019,A000004,1,Application Received,SME Sales,2024-01-29,2024-01-30,1,Completed
S0000020,A000004,2,Initial Screening,SME Sales,2024-01-30,2024-02-02,3,Completed
S0000021,A000004,3,Credit Assessment,Credit,2024-02-02,2024-02-06,4,Completed
S0000022,A000005,1,Application Received,SME Sales,2025-08-10,2025-08-11,1,Completed
S0000023,A000005,2,Initial Screening,SME Sales,2025-08-11,2025-08-14,3,Completed
S0000024,A000005,3,Credit Assessment,Credit,2025-08-14,2025-08-18,4,Completed
S0000025,A000005,4,Risk Review,Risk,2025-08-18,2025-08-21,3,Completed
S0000026,A000005,5,Approval Committee,Credit,2025-08-21,2025-08-23,2,Completed
S0000027,A000006,1,Application Received,SME Sales,2025-11-30,2025-12-01,1,Completed
S0000028,A000006,2,Initial Screening,SME Sales,2025-12-01,2025-12-04,3,Completed
S0000029,A000006,3,Credit Assessment,Credit,2025-12-04,2025-12-12,8,Completed
S0000030,A000006,4,Risk Review,Risk,2025-12-12,2025-12-16,4,Completed
S0000031,A000006,5,Approval Committee,Credit,2025-12-16,2025-12-19,3,Completed
S0000032,A000007,1,Application Received,SME Sales,2025-11-15,2025-11-15,0,Completed
S0000033,A000007,2,Initial Screening,SME Sales,2025-11-15,2025-11-16,1,Completed
S0000034,A000007,3,Credit Assessment,Credit,2025-11-16,2025-11-21,5,Completed
S0000035,A000007,4,Risk Review,Risk,2025-11-21,2025-11-23,2,Completed
S0000036,A000007,5,Approval Committee,Credit,2025-11-23,2025-11-26,3,Completed
S0000037,A000008,1,Application Received,SME Sales,2024-04-03,2024-04-04,1,Completed
S0000038,A000008,2,Initial Screening,SME Sales,2024-04-04,2024-04-07,3,Completed
S0000039,A000008,3,Credit Assessment,Credit,2024-04-07,2024-04-14,7,Completed
S0000040,A000009,1,Application Received,SME Sales,2025-01-21,2025-01-21,0,Completed
S0000041,A000009,2,Initial Screening,SME Sales,2025-01-21,2025-01-23,2,Completed
S0000042,A000009,3,Credit Assessment,Credit,2025-01-23,2025-01-25,2,Completed
S0000043,A000009,4,Risk Review,Risk,2025-01-25,2025-01-27,2,Completed
S0000044,A000009,5,Approval Committee,Credit,2025-01-27,2025-01-28,1,Completed
S0000045,A000009,6,Documentation,Operations,2025-01-28,2025-01-31,3,Completed
S0000046,A000009,7,Disbursement,Operations,2025-01-31,2025-02-02,2,Completed
S0000047,A000010,1,Application Received,SME Sales,2024-04-01,2024-04-01,0,Completed
S0000048,A000010,2,Initial Screening,SME Sales,2024-04-01,2024-04-02,1,Completed
S0000049,A000011,1,Application Received,SME Sales,2024-02-23,2024-02-24,1,Completed
S0000050,A000011,2,Initial Screening,SME Sales,2024-02-24,2024-02-27,3,Completed
S0000051,A000011,3,Credit Assessment,Credit,2024-02-27,2024-03-01,3,Completed
S0000052,A000012,1,Application Received,SME Sales,2025-12-30,2025-12-31,1,Completed
S0000053,A000012,2,Initial Screening,SME Sales,2025-12-31,2026-01-02,2,Completed
S0000054,A000012,3,Credit Assessment,Credit,2026-01-02,2026-01-04,2,Completed
S0000055,A000012,4,Risk Review,Risk,2026-01-04,2026-01-08,4,Completed
S0000056,A000012,5,Approval Committee,Credit,2026-01-08,2026-01-10,2,Completed
S0000057,A000012,6,Documentation,Operations,2026-01-10,2026-01-14,4,Completed
S0000058,A000012,7,Disbursement,Operations,2026-01-14,2026-01-15,1,Completed
S0000059,A000013,1,Application Received,SME Sales,2025-02-03,2025-02-04,1,Completed
S0000060,A000013,2,Initial Screening,SME Sales,2025-02-04,2025-02-05,1,Completed
S0000061,A000013,3,Credit Assessment,Credit,2025-02-05,2025-02-09,4,Completed
S0000062,A000013,4,Risk Review,Risk,2025-02-09,2025-02-13,4,Completed
S0000063,A000013,5,Approval Committee,Credit,2025-02-13,2025-02-15,2,Completed
S0000064,A000013,6,Documentation,Operations,2025-02-15,2025-02-19,4,Completed
S0000065,A000013,7,Disbursement,Operations,2025-02-19,2025-02-20,1,Completed
S0000066,A000014,1,Application Received,SME Sales,2025-10-31,2025-10-31,0,Completed
S0000067,A000014,2,Initial Screening,SME Sales,2025-10-31,2025-11-01,1,Completed
S0000068,A000014,3,Credit Assessment,Credit,2025-11-01,2025-11-07,6,Completed
S0000069,A000014,4,Risk Review,Risk,2025-11-07,2025-11-11,4,Completed
S0000070,A000014,5,Approval Committee,Credit,2025-11-11,2025-11-12,1,Completed
S0000071,A000014,6,Documentation,Operations,2025-11-12,2025-11-14,2,Completed
S0000072,A000014,7,Disbursement,Operations,2025-11-14,2025-11-15,1,Completed
S0000073,A000015,1,Application Received,SME Sales,2026-02-24,2026-02-24,0,Completed
S0000074,A000015,2,Initial Screening,SME Sales,2026-02-24,2026-02-26,2,Completed
S0000075,A000015,3,Credit Assessment,Credit,2026-02-26,2026-03-01,3,Completed
S0000076,A000015,4,Risk Review,Risk,2026-03-01,2026-03-03,2,Completed
S0000077,A000015,5,Approval Committee,Credit,2026-03-03,2026-03-06,3,Completed
S0000078,A000015,6,Documentation,Operations,2026-03-06,2026-03-09,3,Completed
S0000079,A000015,7,Disbursement,Operations,2026-03-09,2026-03-10,1,Completed
S0000080,A000016,1,Application Received,SME Sales,2024-10-20,2024-10-21,1,Completed
S0000081,A000016,2,Initial Screening,SME Sales,2024-10-21,2024-10-24,3,Completed
S0000082,A000016,3,Credit Assessment,Credit,2024-10-24,2024-10-28,4,Completed
S0000083,A000016,4,Risk Review,Risk,2024-10-28,2024-10-31,3,Completed
S0000084,A000016,5,Approval Committee,Credit,2024-10-31,2024-11-03,3,Completed
S0000085,A000016,6,Documentation,Operations,2024-11-03,2024-11-07,4,Completed
S0000086,A000016,7,Disbursement,Operations,2024-11-07,2024-11-08,1,Completed
S0000087,A000017,1,Application Received,SME Sales,2024-08-22,2024-08-22,0,Completed
S0000088,A000017,2,Initial Screening,SME Sales,2024-08-22,2024-08-24,2,Completed
S0000089,A000017,3,Credit Assessment,Credit,2024-08-24,2024-08-31,7,Completed
S0000090,A000017,4,Risk Review,Risk,2024-08-31,2024-09-04,4,Completed
S0000091,A000017,5,Approval Committee,Credit,2024-09-04,2024-09-06,2,Completed
S0000092,A000017,6,Documentation,Operations,2024-09-06,2024-09-09,3,Completed
S0000093,A000017,7,Disbursement,Operations,2024-09-09,2024-09-10,1,Completed
S0000094,A000018,1,Application Received,SME Sales,2026-01-12,2026-01-12,0,Completed
S0000095,A000018,2,Initial Screening,SME Sales,2026-01-12,2026-01-14,2,Completed
S0000096,A000018,3,Credit Assessment,Credit,2026-01-14,2026-01-18,4,Completed
S0000097,A000018,4,Risk Review,Risk,2026-01-18,2026-01-20,2,Completed
S0000098,A000018,5,Approval Committee,Credit,2026-01-20,2026-01-21,1,Completed
S0000099,A000018,6,Documentation,Operations,2026-01-21,2026-01-26,5,Completed
S0000100,A000018,7,Disbursement,Operations,2026-01-26,2026-01-27,1,Completed
S0000101,A000019,1,Application Received,SME Sales,2024-08-18,2024-08-18,0,Completed
S0000102,A000019,2,Initial Screening,SME Sales,2024-08-18,2024-08-21,3,Completed
S0000103,A000019,3,Credit Assessment,Credit,2024-08-21,2024-08-26,5,Completed
S0000104,A000019,4,Risk Review,Risk,2024-08-26,2024-08-28,2,Completed
S0000105,A000019,5,Approval Committee,Credit,2024-08-28,2024-08-31,3,Completed
S0000106,A000019,6,Documentation,Operations,2024-08-31,2024-09-05,5,Completed
S0000107,A000019,7,Disbursement,Operations,2024-09-05,2024-09-06,1,Completed
S0000108,A000020,1,Application Received,SME Sales,2025-02-23,2025-02-23,0,Completed
S0000109,A000020,2,Initial Screening,SME Sales,2025-02-23,2025-02-25,2,Completed
S0000110,A000020,3,Credit Assessment,Credit,2025-02-25,2025-02-27,2,Completed
S0000111,A000020,4,Risk Review,Risk,2025-02-27,2025-02-28,1,Completed
S0000112,A000020,5,Approval Committee,Credit,2025-02-28,2025-03-01,1,Completed
S0000113,A000020,6,Documentation,Operations,2025-03-01,2025-03-04,3,Completed
S0000114,A000020,7,Disbursement,Operations,2025-03-04,2025-03-06,2,Completed
S0000115,A000021,1,Application Received,SME Sales,2024-05-02,2024-05-02,0,Completed
S0000116,A000021,2,Initial Screening,SME Sales,2024-05-02,2024-05-04,2,Completed
S0000117,A000021,3,Credit Assessment,Credit,2024-05-04,2024-05-09,5,Completed
S0000118,A000021,4,Risk Review,Risk,2024-05-09,2024-05-11,2,Completed
S0000119,A000021,5,Approval Committee,Credit,2024-05-11,2024-05-12,1,Completed
S0000120,A000021,6,Documentation,Operations,2024-05-12,2024-05-16,4,Completed
S0000121,A000021,7,Disbursement,Operations,2024-05-16,2024-05-17,1,Completed
S0000122,A000022,1,Application Received,SME Sales,2025-09-19,2025-09-20,1,Completed
S0000123,A000022,2,Initial Screening,SME Sales,2025-09-20,2025-09-23,3,Completed
S0000124,A000022,3,Credit Assessment,Credit,2025-09-23,2025-09-29,6,Completed
S0000125,A000022,4,Risk Review,Risk,2025-09-29,2025-10-03,4,Completed
S0000126,A000022,5,Approval Committee,Credit,2025-10-03,2025-10-06,3,Completed
S0000127,A000022,6,Documentation,Operations,2025-10-06,2025-10-11,5,Completed
S0000128,A000022,7,Disbursement,Operations,2025-10-11,2025-10-13,2,Completed
S0000129,A000023,1,Application Received,SME Sales,2024-01-22,2024-01-22,0,Completed
S0000130,A000023,2,Initial Screening,SME Sales,2024-01-22,2024-01-24,2,Completed
S0000131,A000023,3,Credit Assessment,Credit,2024-01-24,2024-01-26,2,Completed
S0000132,A000023,4,Risk Review,Risk,2024-01-26,2024-01-29,3,Completed
S0000133,A000023,5,Approval Committee,Credit,2024-01-29,2024-01-31,2,Completed
S0000134,A000023,6,Documentation,Operations,2024-01-31,2024-02-05,5,Completed
S0000135,A000023,7,Disbursement,Operations,2024-02-05,2024-02-06,1,Completed
S0000136,A000024,1,Application Received,SME Sales,2025-04-08,2025-04-08,0,Completed
S0000137,A000024,2,Initial Screening,SME Sales,2025-04-08,2025-04-09,1,Completed
S0000138,A000024,3,Credit Assessment,Credit,2025-04-09,2025-04-13,4,Completed
S0000139,A000024,4,Risk Review,Risk,2025-04-13,2025-04-15,2,Completed
S0000140,A000024,5,Approval Committee,Credit,2025-04-15,2025-04-16,1,Completed
S0000141,A000024,6,Documentation,Operations,2025-04-16,2025-04-19,3,Completed
S0000142,A000024,7,Disbursement,Operations,2025-04-19,2025-04-20,1,Completed
S0000143,A000025,1,Application Received,SME Sales,2025-07-15,2025-07-16,1,Completed
S0000144,A000025,2,Initial Screening,SME Sales,2025-07-16,2025-07-17,1,Completed
S0000145,A000025,3,Credit Assessment,Credit,2025-07-17,2025-07-19,2,Completed
S0000146,A000025,4,Risk Review,Risk,2025-07-19,2025-07-22,3,Completed
S0000147,A000025,5,Approval Committee,Credit,2025-07-22,2025-07-23,1,Completed
S0000148,A000026,1,Application Received,SME Sales,2026-06-30,2026-07-01,1,Completed
S0000149,A000026,2,Initial Screening,SME Sales,2026-07-01,2026-07-04,3,Completed
S0000150,A000026,3,Credit Assessment,Credit,2026-07-04,2026-07-07,3,Completed
S0000151,A000026,4,Risk Review,Risk,2026-07-07,2026-07-09,2,Completed
S0000152,A000026,5,Approval Committee,Credit,2026-07-09,2026-07-11,2,Completed
S0000153,A000026,6,Documentation,Operations,2026-07-11,2026-07-16,5,Completed
S0000154,A000026,7,Disbursement,Operations,2026-07-16,2026-07-17,1,Completed
S0000155,A000027,1,Application Received,SME Sales,2025-08-11,2025-08-11,0,Completed
S0000156,A000027,2,Initial Screening,SME Sales,2025-08-11,2025-08-14,3,Completed
S0000157,A000027,3,Credit Assessment,Credit,2025-08-14,2025-08-19,5,Completed
S0000158,A000028,1,Application Received,SME Sales,2026-03-16,2026-03-16,0,Completed
S0000159,A000028,2,Initial Screening,SME Sales,2026-03-16,2026-03-18,2,Completed
S0000160,A000028,3,Credit Assessment,Credit,2026-03-18,2026-03-20,2,Completed
S0000161,A000028,4,Risk Review,Risk,2026-03-20,2026-03-23,3,Completed
S0000162,A000028,5,Approval Committee,Credit,2026-03-23,2026-03-26,3,Completed
S0000163,A000028,6,Documentation,Operations,2026-03-26,2026-03-30,4,Completed
S0000164,A000028,7,Disbursement,Operations,2026-03-30,2026-03-31,1,Completed
S0000165,A000029,1,Application Received,SME Sales,2026-07-20,2026-07-21,1,Completed
S0000166,A000029,2,Initial Screening,SME Sales,2026-07-21,2026-07-24,3,Completed
S0000167,A000029,3,Credit Assessment,Credit,2026-07-24,2026-07-28,4,Completed
S0000168,A000030,1,Application Received,SME Sales,2025-07-19,2025-07-19,0,Completed
S0000169,A000030,2,Initial Screening,SME Sales,2025-07-19,2025-07-22,3,Completed
S0000170,A000030,3,Credit Assessment,Credit,2025-07-22,2025-07-25,3,Completed
S0000171,A000030,4,Risk Review,Risk,2025-07-25,2025-07-29,4,Completed
S0000172,A000030,5,Approval Committee,Credit,2025-07-29,2025-08-01,3,Completed
S0000173,A000030,6,Documentation,Operations,2025-08-01,2025-08-03,2,Completed
S0000174,A000030,7,Disbursement,Operations,2025-08-03,2025-08-04,1,Completed
S0000175,A000031,1,Application Received,SME Sales,2026-02-24,2026-02-24,0,Completed
S0000176,A000031,2,Initial Screening,SME Sales,2026-02-24,2026-02-26,2,Completed
S0000177,A000031,3,Credit Assessment,Credit,2026-02-26,2026-03-01,3,Completed
S0000178,A000031,4,Risk Review,Risk,2026-03-01,2026-03-03,2,Completed
S0000179,A000031,5,Approval Committee,Credit,2026-03-03,2026-03-04,1,Completed
S0000180,A000032,1,Application Received,SME Sales,2024-05-18,2024-05-19,1,Completed
S0000181,A000032,2,Initial Screening,SME Sales,2024-05-19,2024-05-20,1,Completed
S0000182,A000032,3,Credit Assessment,Credit,2024-05-20,2024-05-24,4,Completed
S0000183,A000032,4,Risk Review,Risk,2024-05-24,2024-05-27,3,Completed
S0000184,A000032,5,Approval Committee,Credit,2024-05-27,2024-05-29,2,Completed
S0000185,A000032,6,Documentation,Operations,2024-05-29,2024-06-01,3,Completed
S0000186,A000032,7,Disbursement,Operations,2024-06-01,2024-06-02,1,Completed
S0000187,A000033,1,Application Received,SME Sales,2026-07-01,2026-07-02,1,Completed
S0000188,A000033,2,Initial Screening,SME Sales,2026-07-02,2026-07-03,1,Completed
S0000189,A000033,3,Credit Assessment,Credit,2026-07-03,2026-07-07,4,Completed
S0000190,A000033,4,Risk Review,Risk,2026-07-07,2026-07-09,2,Completed
S0000191,A000034,1,Application Received,SME Sales,2024-09-26,2024-09-26,0,Completed
S0000192,A000034,2,Initial Screening,SME Sales,2024-09-26,2024-09-28,2,Completed
S0000193,A000034,3,Credit Assessment,Credit,2024-09-28,2024-10-04,6,Completed
S0000194,A000034,4,Risk Review,Risk,2024-10-04,2024-10-08,4,Completed
S0000195,A000034,5,Approval Committee,Credit,2024-10-08,2024-10-10,2,Completed
S0000196,A000034,6,Documentation,Operations,2024-10-10,2024-10-12,2,Completed
S0000197,A000034,7,Disbursement,Operations,2024-10-12,2024-10-14,2,Completed
S0000198,A000035,1,Application Received,SME Sales,2024-07-23,2024-07-24,1,Completed
S0000199,A000035,2,Initial Screening,SME Sales,2024-07-24,2024-07-26,2,Completed
S0000200,A000035,3,Credit Assessment,Credit,2024-07-26,2024-08-01,6,Completed
S0000201,A000035,4,Risk Review,Risk,2024-08-01,2024-08-02,1,Completed
S0000202,A000035,5,Approval Committee,Credit,2024-08-02,2024-08-03,1,Completed
S0000203,A000035,6,Documentation,Operations,2024-08-03,2024-08-06,3,Completed
S0000204,A000035,7,Disbursement,Operations,2024-08-06,2024-08-07,1,Completed
S0000205,A000036,1,Application Received,SME Sales,2025-07-19,2025-07-19,0,Completed
S0000206,A000036,2,Initial Screening,SME Sales,2025-07-19,2025-07-21,2,Completed
S0000207,A000036,3,Credit Assessment,Credit,2025-07-21,2025-07-23,2,Completed
S0000208,A000037,1,Application Received,SME Sales,2024-06-30,2024-07-01,1,Completed
S0000209,A000037,2,Initial Screening,SME Sales,2024-07-01,2024-07-02,1,Completed
S0000210,A000037,3,Credit Assessment,Credit,2024-07-02,2024-07-07,5,Completed
S0000211,A000037,4,Risk Review,Risk,2024-07-07,2024-07-10,3,Completed
S0000212,A000037,5,Approval Committee,Credit,2024-07-10,2024-07-11,1,Completed
S0000213,A000038,1,Application Received,SME Sales,2024-12-04,2024-12-05,1,Completed
S0000214,A000038,2,Initial Screening,SME Sales,2024-12-05,2024-12-06,1,Completed
S0000215,A000038,3,Credit Assessment,Credit,2024-12-06,2024-12-09,3,Completed
S0000216,A000039,1,Application Received,SME Sales,2026-01-04,2026-01-04,0,Completed
S0000217,A000039,2,Initial Screening,SME Sales,2026-01-04,2026-01-05,1,Completed
S0000218,A000039,3,Credit Assessment,Credit,2026-01-05,2026-01-10,5,Completed
S0000219,A000039,4,Risk Review,Risk,2026-01-10,2026-01-14,4,Completed
S0000220,A000039,5,Approval Committee,Credit,2026-01-14,2026-01-16,2,Completed
S0000221,A000039,6,Documentation,Operations,2026-01-16,2026-01-20,4,Completed
S0000222,A000039,7,Disbursement,Operations,2026-01-20,2026-01-22,2,Completed
S0000223,A000040,1,Application Received,SME Sales,2024-03-22,2024-03-23,1,Completed
S0000224,A000040,2,Initial Screening,SME Sales,2024-03-23,2024-03-25,2,Completed
S0000225,A000040,3,Credit Assessment,Credit,2024-03-25,2024-03-31,6,Completed
S0000226,A000040,4,Risk Review,Risk,2024-03-31,2024-04-03,3,Completed
S0000227,A000040,5,Approval Committee,Credit,2024-04-03,2024-04-04,1,Completed
S0000228,A000040,6,Documentation,Operations,2024-04-04,2024-04-08,4,Completed
S0000229,A000040,7,Disbursement,Operations,2024-04-08,2024-04-09,1,Completed
S0000230,A000041,1,Application Received,SME Sales,2025-08-29,2025-08-30,1,Completed
S0000231,A000041,2,Initial Screening,SME Sales,2025-08-30,2025-08-31,1,Completed
S0000232,A000041,3,Credit Assessment,Credit,2025-08-31,2025-09-04,4,Completed
S0000233,A000041,4,Risk Review,Risk,2025-09-04,2025-09-08,4,Completed
S0000234,A000042,1,Application Received,SME Sales,2024-03-05,2024-03-05,0,Completed
S0000235,A000042,2,Initial Screening,SME Sales,2024-03-05,2024-03-07,2,Completed
S0000236,A000042,3,Credit Assessment,Credit,2024-03-07,2024-03-15,8,Completed
S0000237,A000043,1,Application Received,SME Sales,2025-09-12,2025-09-13,1,Completed
S0000238,A000043,2,Initial Screening,SME Sales,2025-09-13,2025-09-16,3,Completed
S0000239,A000043,3,Credit Assessment,Credit,2025-09-16,2025-09-21,5,Completed
S0000240,A000043,4,Risk Review,Risk,2025-09-21,2025-09-23,2,Completed
S0000241,A000043,5,Approval Committee,Credit,2025-09-23,2025-09-25,2,Completed
S0000242,A000043,6,Documentation,Operations,2025-09-25,2025-09-28,3,Completed
S0000243,A000043,7,Disbursement,Operations,2025-09-28,2025-09-30,2,Completed
S0000244,A000044,1,Application Received,SME Sales,2024-02-13,2024-02-14,1,Completed
S0000245,A000044,2,Initial Screening,SME Sales,2024-02-14,2024-02-15,1,Completed
S0000246,A000044,3,Credit Assessment,Credit,2024-02-15,2024-02-21,6,Completed
S0000247,A000044,4,Risk Review,Risk,2024-02-21,2024-02-22,1,Completed
S0000248,A000044,5,Approval Committee,Credit,2024-02-22,2024-02-24,2,Completed
S0000249,A000044,6,Documentation,Operations,2024-02-24,2024-02-27,3,Completed
S0000250,A000044,7,Disbursement,Operations,2024-02-27,2024-02-28,1,Completed
S0000251,A000045,1,Application Received,SME Sales,2024-01-26,2024-01-26,0,Completed
S0000252,A000045,2,Initial Screening,SME Sales,2024-01-26,2024-01-29,3,Completed
S0000253,A000045,3,Credit Assessment,Credit,2024-01-29,2024-02-04,6,Completed
S0000254,A000045,4,Risk Review,Risk,2024-02-04,2024-02-07,3,Completed
S0000255,A000046,1,Application Received,SME Sales,2024-01-17,2024-01-18,1,Completed
S0000256,A000046,2,Initial Screening,SME Sales,2024-01-18,2024-01-19,1,Completed
S0000257,A000046,3,Credit Assessment,Credit,2024-01-19,2024-01-23,4,Completed
S0000258,A000046,4,Risk Review,Risk,2024-01-23,2024-01-27,4,Completed
S0000259,A000046,5,Approval Committee,Credit,2024-01-27,2024-01-28,1,Completed
S0000260,A000046,6,Documentation,Operations,2024-01-28,2024-01-30,2,Completed
S0000261,A000046,7,Disbursement,Operations,2024-01-30,2024-02-01,2,Completed
S0000262,A000047,1,Application Received,SME Sales,2026-05-22,2026-05-23,1,Completed
S0000263,A000047,2,Initial Screening,SME Sales,2026-05-23,2026-05-25,2,Completed
S0000264,A000047,3,Credit Assessment,Credit,2026-05-25,2026-05-28,3,Completed
S0000265,A000047,4,Risk Review,Risk,2026-05-28,2026-05-31,3,Completed
S0000266,A000047,5,Approval Committee,Credit,2026-05-31,2026-06-03,3,Completed
S0000267,A000047,6,Documentation,Operations,2026-06-03,2026-06-06,3,Completed
S0000268,A000047,7,Disbursement,Operations,2026-06-06,2026-06-08,2,Completed
S0000269,A000048,1,Application Received,SME Sales,2024-11-11,2024-11-11,0,Completed
S0000270,A000048,2,Initial Screening,SME Sales,2024-11-11,2024-11-13,2,Completed
S0000271,A000048,3,Credit Assessment,Credit,2024-11-13,2024-11-20,7,Completed
S0000272,A000048,4,Risk Review,Risk,2024-11-20,2024-11-23,3,Completed
S0000273,A000048,5,Approval Committee,Credit,2024-11-23,2024-11-24,1,Completed
S0000274,A000048,6,Documentation,Operations,2024-11-24,2024-11-29,5,Completed
S0000275,A000048,7,Disbursement,Operations,2024-11-29,2024-12-01,2,Completed
S0000276,A000049,1,Application Received,SME Sales,2025-04-02,2025-04-03,1,Completed
S0000277,A000049,2,Initial Screening,SME Sales,2025-04-03,2025-04-06,3,Completed
S0000278,A000049,3,Credit Assessment,Credit,2025-04-06,2025-04-12,6,Completed
S0000279,A000049,4,Risk Review,Risk,2025-04-12,2025-04-15,3,Completed
S0000280,A000049,5,Approval Committee,Credit,2025-04-15,2025-04-18,3,Completed
S0000281,A000049,6,Documentation,Operations,2025-04-18,2025-04-20,2,Completed
S0000282,A000049,7,Disbursement,Operations,2025-04-20,2025-04-21,1,Completed
S0000283,A000050,1,Application Received,SME Sales,2026-07-12,2026-07-12,0,Completed
S0000284,A000050,2,Initial Screening,SME Sales,2026-07-12,2026-07-14,2,Completed
S0000285,A000050,3,Credit Assessment,Credit,2026-07-14,2026-07-19,5,Completed
S0000286,A000050,4,Risk Review,Risk,2026-07-19,2026-07-23,4,Completed
S0000287,A000050,5,Approval Committee,Credit,2026-07-23,2026-07-26,3,Completed
S0000288,A000050,6,Documentation,Operations,2026-07-26,2026-07-29,3,Completed
S0000289,A000050,7,Disbursement,Operations,2026-07-29,2026-07-31,2,Completed
S0000290,A000051,1,Application Received,SME Sales,2024-05-31,2024-06-01,1,Completed
S0000291,A000051,2,Initial Screening,SME Sales,2024-06-01,2024-06-02,1,Completed
S0000292,A000051,3,Credit Assessment,Credit,2024-06-02,2024-06-08,6,Completed
S0000293,A000051,4,Risk Review,Risk,2024-06-08,2024-06-12,4,Completed
S0000294,A000051,5,Approval Committee,Credit,2024-06-12,2024-06-15,3,Completed
S0000295,A000051,6,Documentation,Operations,2024-06-15,2024-06-18,3,Completed
S0000296,A000051,7,Disbursement,Operations,2024-06-18,2024-06-20,2,Completed
S0000297,A000052,1,Application Received,SME Sales,2026-03-07,2026-03-08,1,Completed
S0000298,A000052,2,Initial Screening,SME Sales,2026-03-08,2026-03-09,1,Completed
S0000299,A000052,3,Credit Assessment,Credit,2026-03-09,2026-03-14,5,Completed
S0000300,A000052,4,Risk Review,Risk,2026-03-14,2026-03-18,4,Completed
S0000301,A000052,5,Approval Committee,Credit,2026-03-18,2026-03-19,1,Completed
S0000302,A000052,6,Documentation,Operations,2026-03-19,2026-03-21,2,Completed
S0000303,A000052,7,Disbursement,Operations,2026-03-21,2026-03-22,1,Completed
S0000304,A000053,1,Application Received,SME Sales,2025-10-23,2025-10-24,1,Completed
S0000305,A000053,2,Initial Screening,SME Sales,2025-10-24,2025-10-27,3,Completed
S0000306,A000053,3,Credit Assessment,Credit,2025-10-27,2025-10-30,3,Completed
S0000307,A000053,4,Risk Review,Risk,2025-10-30,2025-10-31,1,Completed
S0000308,A000053,5,Approval Committee,Credit,2025-10-31,2025-11-02,2,Completed
S0000309,A000053,6,Documentation,Operations,2025-11-02,2025-11-06,4,Completed
S0000310,A000053,7,Disbursement,Operations,2025-11-06,2025-11-08,2,Completed
S0000311,A000054,1,Application Received,SME Sales,2024-07-28,2024-07-28,0,Completed
S0000312,A000054,2,Initial Screening,SME Sales,2024-07-28,2024-07-30,2,Completed
S0000313,A000054,3,Credit Assessment,Credit,2024-07-30,2024-08-02,3,Completed
S0000314,A000054,4,Risk Review,Risk,2024-08-02,2024-08-06,4,Completed
S0000315,A000054,5,Approval Committee,Credit,2024-08-06,2024-08-09,3,Completed
S0000316,A000054,6,Documentation,Operations,2024-08-09,2024-08-11,2,Completed
S0000317,A000054,7,Disbursement,Operations,2024-08-11,2024-08-13,2,Completed
S0000318,A000055,1,Application Received,SME Sales,2024-10-07,2024-10-07,0,Completed
S0000319,A000055,2,Initial Screening,SME Sales,2024-10-07,2024-10-09,2,Completed
S0000320,A000055,3,Credit Assessment,Credit,2024-10-09,2024-10-13,4,Completed
S0000321,A000055,4,Risk Review,Risk,2024-10-13,2024-10-15,2,Completed
S0000322,A000055,5,Approval Committee,Credit,2024-10-15,2024-10-17,2,Completed
S0000323,A000056,1,Application Received,SME Sales,2026-05-01,2026-05-01,0,Completed
S0000324,A000056,2,Initial Screening,SME Sales,2026-05-01,2026-05-04,3,Completed
S0000325,A000056,3,Credit Assessment,Credit,2026-05-04,2026-05-09,5,Completed
S0000326,A000056,4,Risk Review,Risk,2026-05-09,2026-05-12,3,Completed
S0000327,A000057,1,Application Received,SME Sales,2024-02-27,2024-02-28,1,Completed
S0000328,A000057,2,Initial Screening,SME Sales,2024-02-28,2024-03-02,3,Completed
S0000329,A000057,3,Credit Assessment,Credit,2024-03-02,2024-03-05,3,Completed
S0000330,A000057,4,Risk Review,Risk,2024-03-05,2024-03-09,4,Completed
S0000331,A000057,5,Approval Committee,Credit,2024-03-09,2024-03-12,3,Completed
S0000332,A000057,6,Documentation,Operations,2024-03-12,2024-03-15,3,Completed
S0000333,A000057,7,Disbursement,Operations,2024-03-15,2024-03-16,1,Completed
S0000334,A000058,1,Application Received,SME Sales,2026-02-07,2026-02-07,0,Completed
S0000335,A000058,2,Initial Screening,SME Sales,2026-02-07,2026-02-10,3,Completed
S0000336,A000058,3,Credit Assessment,Credit,2026-02-10,2026-02-15,5,Completed
S0000337,A000058,4,Risk Review,Risk,2026-02-15,2026-02-17,2,Completed
S0000338,A000058,5,Approval Committee,Credit,2026-02-17,2026-02-19,2,Completed
S0000339,A000058,6,Documentation,Operations,2026-02-19,2026-02-24,5,Completed
S0000340,A000058,7,Disbursement,Operations,2026-02-24,2026-02-25,1,Completed
S0000341,A000059,1,Application Received,SME Sales,2025-11-30,2025-12-01,1,Completed
S0000342,A000059,2,Initial Screening,SME Sales,2025-12-01,2025-12-03,2,Completed
S0000343,A000059,3,Credit Assessment,Credit,2025-12-03,2025-12-09,6,Completed
S0000344,A000060,1,Application Received,SME Sales,2026-02-22,2026-02-22,0,Completed
S0000345,A000060,2,Initial Screening,SME Sales,2026-02-22,2026-02-23,1,Completed
S0000346,A000060,3,Credit Assessment,Credit,2026-02-23,2026-02-27,4,Completed
S0000347,A000060,4,Risk Review,Risk,2026-02-27,2026-02-28,1,Completed
S0000348,A000060,5,Approval Committee,Credit,2026-02-28,2026-03-03,3,Completed
S0000349,A000060,6,Documentation,Operations,2026-03-03,2026-03-07,4,Completed
S0000350,A000060,7,Disbursement,Operations,2026-03-07,2026-03-09,2,Completed
S0000351,A000061,1,Application Received,SME Sales,2026-04-28,2026-04-29,1,Completed
S0000352,A000061,2,Initial Screening,SME Sales,2026-04-29,2026-05-02,3,Completed
S0000353,A000061,3,Credit Assessment,Credit,2026-05-02,2026-05-04,2,Completed
S0000354,A000061,4,Risk Review,Risk,2026-05-04,2026-05-07,3,Completed
S0000355,A000061,5,Approval Committee,Credit,2026-05-07,2026-05-08,1,Completed
S0000356,A000061,6,Documentation,Operations,2026-05-08,2026-05-11,3,Completed
S0000357,A000061,7,Disbursement,Operations,2026-05-11,2026-05-13,2,Completed
S0000358,A000062,1,Application Received,SME Sales,2026-07-08,2026-07-08,0,Completed
S0000359,A000062,2,Initial Screening,SME Sales,2026-07-08,2026-07-10,2,Completed
S0000360,A000062,3,Credit Assessment,Credit,2026-07-10,2026-07-15,5,Completed
S0000361,A000062,4,Risk Review,Risk,2026-07-15,2026-07-19,4,Completed
S0000362,A000062,5,Approval Committee,Credit,2026-07-19,2026-07-20,1,Completed
S0000363,A000062,6,Documentation,Operations,2026-07-20,2026-07-22,2,Completed
S0000364,A000062,7,Disbursement,Operations,2026-07-22,2026-07-23,1,Completed
S0000365,A000063,1,Application Received,SME Sales,2025-08-06,2025-08-07,1,Completed
S0000366,A000063,2,Initial Screening,SME Sales,2025-08-07,2025-08-09,2,Completed
S0000367,A000063,3,Credit Assessment,Credit,2025-08-09,2025-08-15,6,Completed
S0000368,A000063,4,Risk Review,Risk,2025-08-15,2025-08-17,2,Completed
S0000369,A000063,5,Approval Committee,Credit,2025-08-17,2025-08-19,2,Completed
S0000370,A000063,6,Documentation,Operations,2025-08-19,2025-08-21,2,Completed
S0000371,A000063,7,Disbursement,Operations,2025-08-21,2025-08-22,1,Completed
S0000372,A000064,1,Application Received,SME Sales,2024-08-09,2024-08-09,0,Completed
S0000373,A000064,2,Initial Screening,SME Sales,2024-08-09,2024-08-10,1,Completed
S0000374,A000064,3,Credit Assessment,Credit,2024-08-10,2024-08-14,4,Completed
S0000375,A000064,4,Risk Review,Risk,2024-08-14,2024-08-15,1,Completed
S0000376,A000064,5,Approval Committee,Credit,2024-08-15,2024-08-16,1,Completed
S0000377,A000064,6,Documentation,Operations,2024-08-16,2024-08-21,5,Completed
S0000378,A000064,7,Disbursement,Operations,2024-08-21,2024-08-23,2,Completed
S0000379,A000065,1,Application Received,SME Sales,2025-11-14,2025-11-14,0,Completed
S0000380,A000065,2,Initial Screening,SME Sales,2025-11-14,2025-11-15,1,Completed
S0000381,A000065,3,Credit Assessment,Credit,2025-11-15,2025-11-21,6,Completed
S0000382,A000065,4,Risk Review,Risk,2025-11-21,2025-11-24,3,Completed
S0000383,A000065,5,Approval Committee,Credit,2025-11-24,2025-11-26,2,Completed
S0000384,A000066,1,Application Received,SME Sales,2025-01-11,2025-01-12,1,Completed
S0000385,A000066,2,Initial Screening,SME Sales,2025-01-12,2025-01-15,3,Completed
S0000386,A000066,3,Credit Assessment,Credit,2025-01-15,2025-01-23,8,Completed
S0000387,A000066,4,Risk Review,Risk,2025-01-23,2025-01-27,4,Completed
S0000388,A000066,5,Approval Committee,Credit,2025-01-27,2025-01-28,1,Completed
S0000389,A000067,1,Application Received,SME Sales,2026-06-27,2026-06-28,1,Completed
S0000390,A000067,2,Initial Screening,SME Sales,2026-06-28,2026-06-29,1,Completed
S0000391,A000067,3,Credit Assessment,Credit,2026-06-29,2026-07-04,5,Completed
S0000392,A000067,4,Risk Review,Risk,2026-07-04,2026-07-05,1,Completed
S0000393,A000067,5,Approval Committee,Credit,2026-07-05,2026-07-06,1,Completed
S0000394,A000067,6,Documentation,Operations,2026-07-06,2026-07-11,5,Completed
S0000395,A000067,7,Disbursement,Operations,2026-07-11,2026-07-13,2,Completed
S0000396,A000068,1,Application Received,SME Sales,2025-08-16,2025-08-17,1,Completed
S0000397,A000068,2,Initial Screening,SME Sales,2025-08-17,2025-08-18,1,Completed
S0000398,A000068,3,Credit Assessment,Credit,2025-08-18,2025-08-22,4,Completed
S0000399,A000068,4,Risk Review,Risk,2025-08-22,2025-08-24,2,Completed
S0000400,A000068,5,Approval Committee,Credit,2025-08-24,2025-08-25,1,Completed
S0000401,A000068,6,Documentation,Operations,2025-08-25,2025-08-30,5,Completed
S0000402,A000068,7,Disbursement,Operations,2025-08-30,2025-08-31,1,Completed
S0000403,A000069,1,Application Received,SME Sales,2024-01-14,2024-01-14,0,Completed
S0000404,A000069,2,Initial Screening,SME Sales,2024-01-14,2024-01-16,2,Completed
S0000405,A000069,3,Credit Assessment,Credit,2024-01-16,2024-01-22,6,Completed
S0000406,A000069,4,Risk Review,Risk,2024-01-22,2024-01-23,1,Completed
S0000407,A000069,5,Approval Committee,Credit,2024-01-23,2024-01-26,3,Completed
S0000408,A000069,6,Documentation,Operations,2024-01-26,2024-01-31,5,Completed
S0000409,A000069,7,Disbursement,Operations,2024-01-31,2024-02-02,2,Completed
S0000410,A000070,1,Application Received,SME Sales,2025-10-27,2025-10-28,1,Completed
S0000411,A000070,2,Initial Screening,SME Sales,2025-10-28,2025-10-29,1,Completed
S0000412,A000070,3,Credit Assessment,Credit,2025-10-29,2025-11-03,5,Completed
S0000413,A000070,4,Risk Review,Risk,2025-11-03,2025-11-07,4,Completed
S0000414,A000070,5,Approval Committee,Credit,2025-11-07,2025-11-08,1,Completed
S0000415,A000070,6,Documentation,Operations,2025-11-08,2025-11-13,5,Completed
S0000416,A000070,7,Disbursement,Operations,2025-11-13,2025-11-14,1,Completed
S0000417,A000071,1,Application Received,SME Sales,2025-01-17,2025-01-18,1,Completed
S0000418,A000071,2,Initial Screening,SME Sales,2025-01-18,2025-01-20,2,Completed
S0000419,A000071,3,Credit Assessment,Credit,2025-01-20,2025-01-23,3,Completed
S0000420,A000071,4,Risk Review,Risk,2025-01-23,2025-01-24,1,Completed
S0000421,A000071,5,Approval Committee,Credit,2025-01-24,2025-01-26,2,Completed
S0000422,A000071,6,Documentation,Operations,2025-01-26,2025-01-31,5,Completed
S0000423,A000071,7,Disbursement,Operations,2025-01-31,2025-02-02,2,Completed
S0000424,A000072,1,Application Received,SME Sales,2025-02-21,2025-02-21,0,Completed
S0000425,A000072,2,Initial Screening,SME Sales,2025-02-21,2025-02-24,3,Completed
S0000426,A000072,3,Credit Assessment,Credit,2025-02-24,2025-02-28,4,Completed
S0000427,A000072,4,Risk Review,Risk,2025-02-28,2025-03-03,3,Completed
S0000428,A000073,1,Application Received,SME Sales,2025-07-07,2025-07-08,1,Completed
S0000429,A000073,2,Initial Screening,SME Sales,2025-07-08,2025-07-10,2,Completed
S0000430,A000073,3,Credit Assessment,Credit,2025-07-10,2025-07-12,2,Completed
S0000431,A000073,4,Risk Review,Risk,2025-07-12,2025-07-14,2,Completed
S0000432,A000074,1,Application Received,SME Sales,2025-08-12,2025-08-13,1,Completed
S0000433,A000074,2,Initial Screening,SME Sales,2025-08-13,2025-08-15,2,Completed
S0000434,A000074,3,Credit Assessment,Credit,2025-08-15,2025-08-17,2,Completed
S0000435,A000074,4,Risk Review,Risk,2025-08-17,2025-08-20,3,Completed
S0000436,A000075,1,Application Received,SME Sales,2026-04-19,2026-04-19,0,Completed
S0000437,A000075,2,Initial Screening,SME Sales,2026-04-19,2026-04-21,2,Completed
S0000438,A000075,3,Credit Assessment,Credit,2026-04-21,2026-04-27,6,Completed
S0000439,A000075,4,Risk Review,Risk,2026-04-27,2026-04-30,3,Completed
S0000440,A000075,5,Approval Committee,Credit,2026-04-30,2026-05-01,1,Completed
S0000441,A000075,6,Documentation,Operations,2026-05-01,2026-05-03,2,Completed
S0000442,A000075,7,Disbursement,Operations,2026-05-03,2026-05-05,2,Completed
S0000443,A000076,1,Application Received,SME Sales,2026-07-26,2026-07-26,0,Completed
S0000444,A000076,2,Initial Screening,SME Sales,2026-07-26,2026-07-29,3,Completed
S0000445,A000076,3,Credit Assessment,Credit,2026-07-29,2026-08-04,6,Completed
S0000446,A000076,4,Risk Review,Risk,2026-08-04,2026-08-08,4,Completed
S0000447,A000076,5,Approval Committee,Credit,2026-08-08,2026-08-09,1,Completed
S0000448,A000076,6,Documentation,Operations,2026-08-09,2026-08-14,5,Completed
S0000449,A000076,7,Disbursement,Operations,2026-08-14,2026-08-15,1,Completed
S0000450,A000077,1,Application Received,SME Sales,2025-11-27,2025-11-28,1,Completed
S0000451,A000077,2,Initial Screening,SME Sales,2025-11-28,2025-12-01,3,Completed
S0000452,A000077,3,Credit Assessment,Credit,2025-12-01,2025-12-07,6,Completed
S0000453,A000077,4,Risk Review,Risk,2025-12-07,2025-12-09,2,Completed
S0000454,A000077,5,Approval Committee,Credit,2025-12-09,2025-12-10,1,Completed
S0000455,A000077,6,Documentation,Operations,2025-12-10,2025-12-13,3,Completed
S0000456,A000077,7,Disbursement,Operations,2025-12-13,2025-12-14,1,Completed
S0000457,A000078,1,Application Received,SME Sales,2025-08-30,2025-08-30,0,Completed
S0000458,A000078,2,Initial Screening,SME Sales,2025-08-30,2025-09-02,3,Completed
S0000459,A000078,3,Credit Assessment,Credit,2025-09-02,2025-09-05,3,Completed
S0000460,A000078,4,Risk Review,Risk,2025-09-05,2025-09-07,2,Completed
S0000461,A000078,5,Approval Committee,Credit,2025-09-07,2025-09-08,1,Completed
S0000462,A000078,6,Documentation,Operations,2025-09-08,2025-09-12,4,Completed
S0000463,A000078,7,Disbursement,Operations,2025-09-12,2025-09-13,1,Completed
S0000464,A000079,1,Application Received,SME Sales,2025-12-02,2025-12-02,0,Completed
S0000465,A000079,2,Initial Screening,SME Sales,2025-12-02,2025-12-04,2,Completed
S0000466,A000079,3,Credit Assessment,Credit,2025-12-04,2025-12-06,2,Completed
S0000467,A000079,4,Risk Review,Risk,2025-12-06,2025-12-08,2,Completed
S0000468,A000079,5,Approval Committee,Credit,2025-12-08,2025-12-09,1,Completed
S0000469,A000079,6,Documentation,Operations,2025-12-09,2025-12-11,2,Completed
S0000470,A000079,7,Disbursement,Operations,2025-12-11,2025-12-13,2,Completed
S0000471,A000080,1,Application Received,SME Sales,2024-09-04,2024-09-05,1,Completed
S0000472,A000080,2,Initial Screening,SME Sales,2024-09-05,2024-09-08,3,Completed
S0000473,A000080,3,Credit Assessment,Credit,2024-09-08,2024-09-12,4,Completed
S0000474,A000080,4,Risk Review,Risk,2024-09-12,2024-09-15,3,Completed
S0000475,A000080,5,Approval Committee,Credit,2024-09-15,2024-09-17,2,Completed
S0000476,A000080,6,Documentation,Operations,2024-09-17,2024-09-22,5,Completed
S0000477,A000080,7,Disbursement,Operations,2024-09-22,2024-09-24,2,Completed
S0000478,A000081,1,Application Received,SME Sales,2025-03-31,2025-03-31,0,Completed
S0000479,A000081,2,Initial Screening,SME Sales,2025-03-31,2025-04-02,2,Completed
S0000480,A000081,3,Credit Assessment,Credit,2025-04-02,2025-04-06,4,Completed
S0000481,A000081,4,Risk Review,Risk,2025-04-06,2025-04-07,1,Completed
S0000482,A000081,5,Approval Committee,Credit,2025-04-07,2025-04-10,3,Completed
S0000483,A000081,6,Documentation,Operations,2025-04-10,2025-04-15,5,Completed
S0000484,A000081,7,Disbursement,Operations,2025-04-15,2025-04-17,2,Completed
S0000485,A000082,1,Application Received,SME Sales,2024-06-15,2024-06-16,1,Completed
S0000486,A000082,2,Initial Screening,SME Sales,2024-06-16,2024-06-17,1,Completed
S0000487,A000082,3,Credit Assessment,Credit,2024-06-17,2024-06-21,4,Completed
S0000488,A000082,4,Risk Review,Risk,2024-06-21,2024-06-24,3,Completed
S0000489,A000082,5,Approval Committee,Credit,2024-06-24,2024-06-26,2,Completed
S0000490,A000082,6,Documentation,Operations,2024-06-26,2024-06-29,3,Completed
S0000491,A000082,7,Disbursement,Operations,2024-06-29,2024-06-30,1,Completed
S0000492,A000083,1,Application Received,SME Sales,2024-02-14,2024-02-14,0,Completed
S0000493,A000083,2,Initial Screening,SME Sales,2024-02-14,2024-02-16,2,Completed
S0000494,A000083,3,Credit Assessment,Credit,2024-02-16,2024-02-20,4,Completed
S0000495,A000083,4,Risk Review,Risk,2024-02-20,2024-02-23,3,Completed
S0000496,A000083,5,Approval Committee,Credit,2024-02-23,2024-02-25,2,Completed
S0000497,A000083,6,Documentation,Operations,2024-02-25,2024-03-01,5,Completed
S0000498,A000083,7,Disbursement,Operations,2024-03-01,2024-03-03,2,Completed
S0000499,A000084,1,Application Received,SME Sales,2025-01-10,2025-01-11,1,Completed
S0000500,A000084,2,Initial Screening,SME Sales,2025-01-11,2025-01-13,2,Completed
S0000501,A000084,3,Credit Assessment,Credit,2025-01-13,2025-01-21,8,Completed
S0000502,A000084,4,Risk Review,Risk,2025-01-21,2025-01-25,4,Completed
S0000503,A000084,5,Approval Committee,Credit,2025-01-25,2025-01-27,2,Completed
S0000504,A000085,1,Application Received,SME Sales,2024-03-30,2024-03-31,1,Completed
S0000505,A000085,2,Initial Screening,SME Sales,2024-03-31,2024-04-02,2,Completed
S0000506,A000085,3,Credit Assessment,Credit,2024-04-02,2024-04-09,7,Completed
S0000507,A000085,4,Risk Review,Risk,2024-04-09,2024-04-10,1,Completed
S0000508,A000085,5,Approval Committee,Credit,2024-04-10,2024-04-13,3,Completed
S0000509,A000085,6,Documentation,Operations,2024-04-13,2024-04-17,4,Completed
S0000510,A000085,7,Disbursement,Operations,2024-04-17,2024-04-18,1,Completed
S0000511,A000086,1,Application Received,SME Sales,2025-07-13,2025-07-13,0,Completed
S0000512,A000086,2,Initial Screening,SME Sales,2025-07-13,2025-07-16,3,Completed
S0000513,A000086,3,Credit Assessment,Credit,2025-07-16,2025-07-20,4,Completed
S0000514,A000086,4,Risk Review,Risk,2025-07-20,2025-07-22,2,Completed
S0000515,A000086,5,Approval Committee,Credit,2025-07-22,2025-07-25,3,Completed
S0000516,A000086,6,Documentation,Operations,2025-07-25,2025-07-30,5,Completed
S0000517,A000086,7,Disbursement,Operations,2025-07-30,2025-08-01,2,Completed
S0000518,A000087,1,Application Received,SME Sales,2025-06-06,2025-06-07,1,Completed
S0000519,A000087,2,Initial Screening,SME Sales,2025-06-07,2025-06-08,1,Completed
S0000520,A000087,3,Credit Assessment,Credit,2025-06-08,2025-06-12,4,Completed
S0000521,A000087,4,Risk Review,Risk,2025-06-12,2025-06-15,3,Completed
S0000522,A000088,1,Application Received,SME Sales,2024-08-07,2024-08-08,1,Completed
S0000523,A000088,2,Initial Screening,SME Sales,2024-08-08,2024-08-11,3,Completed
S0000524,A000088,3,Credit Assessment,Credit,2024-08-11,2024-08-17,6,Completed
S0000525,A000089,1,Application Received,SME Sales,2024-09-09,2024-09-09,0,Completed
S0000526,A000089,2,Initial Screening,SME Sales,2024-09-09,2024-09-12,3,Completed
S0000527,A000089,3,Credit Assessment,Credit,2024-09-12,2024-09-18,6,Completed
S0000528,A000089,4,Risk Review,Risk,2024-09-18,2024-09-22,4,Completed
S0000529,A000089,5,Approval Committee,Credit,2024-09-22,2024-09-23,1,Completed
S0000530,A000090,1,Application Received,SME Sales,2026-08-11,2026-08-12,1,Completed
S0000531,A000090,2,Initial Screening,SME Sales,2026-08-12,2026-08-14,2,Completed
S0000532,A000090,3,Credit Assessment,Credit,2026-08-14,2026-08-18,4,Completed
S0000533,A000090,4,Risk Review,Risk,2026-08-18,2026-08-21,3,Completed
S0000534,A000090,5,Approval Committee,Credit,2026-08-21,2026-08-22,1,Completed
S0000535,A000090,6,Documentation,Operations,2026-08-22,2026-08-25,3,Completed
S0000536,A000090,7,Disbursement,Operations,2026-08-25,2026-08-26,1,Completed
S0000537,A000091,1,Application Received,SME Sales,2024-10-21,2024-10-22,1,Completed
S0000538,A000091,2,Initial Screening,SME Sales,2024-10-22,2024-10-23,1,Completed
S0000539,A000091,3,Credit Assessment,Credit,2024-10-23,2024-10-29,6,Completed
S0000540,A000091,4,Risk Review,Risk,2024-10-29,2024-11-01,3,Completed
S0000541,A000091,5,Approval Committee,Credit,2024-11-01,2024-11-04,3,Completed
S0000542,A000091,6,Documentation,Operations,2024-11-04,2024-11-06,2,Completed
S0000543,A000091,7,Disbursement,Operations,2024-11-06,2024-11-08,2,Completed
S0000544,A000092,1,Application Received,SME Sales,2025-07-02,2025-07-02,0,Completed
S0000545,A000092,2,Initial Screening,SME Sales,2025-07-02,2025-07-05,3,Completed
S0000546,A000092,3,Credit Assessment,Credit,2025-07-05,2025-07-11,6,Completed
S0000547,A000092,4,Risk Review,Risk,2025-07-11,2025-07-15,4,Completed
S0000548,A000092,5,Approval Committee,Credit,2025-07-15,2025-07-18,3,Completed
S0000549,A000092,6,Documentation,Operations,2025-07-18,2025-07-21,3,Completed
S0000550,A000092,7,Disbursement,Operations,2025-07-21,2025-07-23,2,Completed
S0000551,A000093,1,Application Received,SME Sales,2024-04-03,2024-04-04,1,Completed
S0000552,A000093,2,Initial Screening,SME Sales,2024-04-04,2024-04-05,1,Completed
S0000553,A000093,3,Credit Assessment,Credit,2024-04-05,2024-04-07,2,Completed
S0000554,A000093,4,Risk Review,Risk,2024-04-07,2024-04-11,4,Completed
S0000555,A000093,5,Approval Committee,Credit,2024-04-11,2024-04-13,2,Completed
S0000556,A000093,6,Documentation,Operations,2024-04-13,2024-04-16,3,Completed
S0000557,A000093,7,Disbursement,Operations,2024-04-16,2024-04-18,2,Completed
S0000558,A000094,1,Application Received,SME Sales,2024-12-22,2024-12-23,1,Completed
S0000559,A000094,2,Initial Screening,SME Sales,2024-12-23,2024-12-25,2,Completed
S0000560,A000094,3,Credit Assessment,Credit,2024-12-25,2024-12-28,3,Completed
S0000561,A000094,4,Risk Review,Risk,2024-12-28,2024-12-29,1,Completed
S0000562,A000094,5,Approval Committee,Credit,2024-12-29,2024-12-30,1,Completed
S0000563,A000094,6,Documentation,Operations,2024-12-30,2025-01-02,3,Completed
S0000564,A000094,7,Disbursement,Operations,2025-01-02,2025-01-03,1,Completed
S0000565,A000095,1,Application Received,SME Sales,2025-01-05,2025-01-06,1,Completed
S0000566,A000095,2,Initial Screening,SME Sales,2025-01-06,2025-01-07,1,Completed
S0000567,A000095,3,Credit Assessment,Credit,2025-01-07,2025-01-09,2,Completed
S0000568,A000095,4,Risk Review,Risk,2025-01-09,2025-01-11,2,Completed
S0000569,A000095,5,Approval Committee,Credit,2025-01-11,2025-01-12,1,Completed
S0000570,A000095,6,Documentation,Operations,2025-01-12,2025-01-15,3,Completed
S0000571,A000095,7,Disbursement,Operations,2025-01-15,2025-01-16,1,Completed
S0000572,A000096,1,Application Received,SME Sales,2025-10-25,2025-10-25,0,Completed
S0000573,A000096,2,Initial Screening,SME Sales,2025-10-25,2025-10-26,1,Completed
S0000574,A000096,3,Credit Assessment,Credit,2025-10-26,2025-10-28,2,Completed
S0000575,A000096,4,Risk Review,Risk,2025-10-28,2025-10-29,1,Completed
S0000576,A000096,5,Approval Committee,Credit,2025-10-29,2025-10-30,1,Completed
S0000577,A000096,6,Documentation,Operations,2025-10-30,2025-11-03,4,Completed
S0000578,A000096,7,Disbursement,Operations,2025-11-03,2025-11-04,1,Completed
S0000579,A000097,1,Application Received,SME Sales,2024-07-12,2024-07-13,1,Completed
S0000580,A000097,2,Initial Screening,SME Sales,2024-07-13,2024-07-15,2,Completed
S0000581,A000097,3,Credit Assessment,Credit,2024-07-15,2024-07-22,7,Completed
S0000582,A000097,4,Risk Review,Risk,2024-07-22,2024-07-25,3,Completed
S0000583,A000097,5,Approval Committee,Credit,2024-07-25,2024-07-27,2,Completed
S0000584,A000097,6,Documentation,Operations,2024-07-27,2024-08-01,5,Completed
S0000585,A000097,7,Disbursement,Operations,2024-08-01,2024-08-03,2,Completed
S0000586,A000098,1,Application Received,SME Sales,2025-01-31,2025-02-01,1,Completed
S0000587,A000098,2,Initial Screening,SME Sales,2025-02-01,2025-02-02,1,Completed
S0000588,A000098,3,Credit Assessment,Credit,2025-02-02,2025-02-08,6,Completed
S0000589,A000098,4,Risk Review,Risk,2025-02-08,2025-02-10,2,Completed
S0000590,A000098,5,Approval Committee,Credit,2025-02-10,2025-02-13,3,Completed
S0000591,A000098,6,Documentation,Operations,2025-02-13,2025-02-18,5,Completed
S0000592,A000098,7,Disbursement,Operations,2025-02-18,2025-02-19,1,Completed
S0000593,A000099,1,Application Received,SME Sales,2026-07-01,2026-07-02,1,Completed
S0000594,A000099,2,Initial Screening,SME Sales,2026-07-02,2026-07-03,1,Completed
S0000595,A000099,3,Credit Assessment,Credit,2026-07-03,2026-07-07,4,Completed
S0000596,A000099,4,Risk Review,Risk,2026-07-07,2026-07-09,2,Completed
S0000597,A000099,5,Approval Committee,Credit,2026-07-09,2026-07-11,2,Completed
S0000598,A000099,6,Documentation,Operations,2026-07-11,2026-07-16,5,Completed
S0000599,A000099,7,Disbursement,Operations,2026-07-16,2026-07-18,2,Completed
S0000600,A000100,1,Application Received,SME Sales,2025-07-20,2025-07-21,1,Completed
S0000601,A000100,2,Initial Screening,SME Sales,2025-07-21,2025-07-23,2,Completed
S0000602,A000100,3,Credit Assessment,Credit,2025-07-23,2025-07-29,6,Completed
S0000603,A000100,4,Risk Review,Risk,2025-07-29,2025-07-31,2,Completed
S0000604,A000100,5,Approval Committee,Credit,2025-07-31,2025-08-02,2,Completed
S0000605,A000100,6,Documentation,Operations,2025-08-02,2025-08-04,2,Completed
S0000606,A000100,7,Disbursement,Operations,2025-08-04,2025-08-06,2,Completed
S0000607,A000101,1,Application Received,SME Sales,2024-09-09,2024-09-09,0,Completed
S0000608,A000101,2,Initial Screening,SME Sales,2024-09-09,2024-09-12,3,Completed
S0000609,A000101,3,Credit Assessment,Credit,2024-09-12,2024-09-18,6,Completed
S0000610,A000101,4,Risk Review,Risk,2024-09-18,2024-09-22,4,Completed
S0000611,A000101,5,Approval Committee,Credit,2024-09-22,2024-09-25,3,Completed
S0000612,A000101,6,Documentation,Operations,2024-09-25,2024-09-27,2,Completed
S0000613,A000101,7,Disbursement,Operations,2024-09-27,2024-09-28,1,Completed
S0000614,A000102,1,Application Received,SME Sales,2024-08-25,2024-08-26,1,Completed
S0000615,A000102,2,Initial Screening,SME Sales,2024-08-26,2024-08-28,2,Completed
S0000616,A000102,3,Credit Assessment,Credit,2024-08-28,2024-09-02,5,Completed
S0000617,A000102,4,Risk Review,Risk,2024-09-02,2024-09-06,4,Completed
S0000618,A000102,5,Approval Committee,Credit,2024-09-06,2024-09-09,3,Completed
S0000619,A000102,6,Documentation,Operations,2024-09-09,2024-09-14,5,Completed
S0000620,A000102,7,Disbursement,Operations,2024-09-14,2024-09-15,1,Completed
S0000621,A000103,1,Application Received,SME Sales,2025-06-20,2025-06-20,0,Completed
S0000622,A000103,2,Initial Screening,SME Sales,2025-06-20,2025-06-23,3,Completed
S0000623,A000103,3,Credit Assessment,Credit,2025-06-23,2025-06-29,6,Completed
S0000624,A000103,4,Risk Review,Risk,2025-06-29,2025-07-02,3,Completed
S0000625,A000103,5,Approval Committee,Credit,2025-07-02,2025-07-05,3,Completed
S0000626,A000104,1,Application Received,SME Sales,2024-11-17,2024-11-18,1,Completed
S0000627,A000104,2,Initial Screening,SME Sales,2024-11-18,2024-11-21,3,Completed
S0000628,A000104,3,Credit Assessment,Credit,2024-11-21,2024-11-25,4,Completed
S0000629,A000104,4,Risk Review,Risk,2024-11-25,2024-11-26,1,Completed
S0000630,A000104,5,Approval Committee,Credit,2024-11-26,2024-11-28,2,Completed
S0000631,A000104,6,Documentation,Operations,2024-11-28,2024-12-01,3,Completed
S0000632,A000104,7,Disbursement,Operations,2024-12-01,2024-12-03,2,Completed
S0000633,A000105,1,Application Received,SME Sales,2024-12-19,2024-12-20,1,Completed
S0000634,A000105,2,Initial Screening,SME Sales,2024-12-20,2024-12-21,1,Completed
S0000635,A000105,3,Credit Assessment,Credit,2024-12-21,2024-12-23,2,Completed
S0000636,A000105,4,Risk Review,Risk,2024-12-23,2024-12-24,1,Completed
S0000637,A000105,5,Approval Committee,Credit,2024-12-24,2024-12-27,3,Completed
S0000638,A000106,1,Application Received,SME Sales,2025-08-22,2025-08-22,0,Completed
S0000639,A000106,2,Initial Screening,SME Sales,2025-08-22,2025-08-24,2,Completed
S0000640,A000106,3,Credit Assessment,Credit,2025-08-24,2025-08-29,5,Completed
S0000641,A000106,4,Risk Review,Risk,2025-08-29,2025-09-01,3,Completed
S0000642,A000107,1,Application Received,SME Sales,2025-06-21,2025-06-22,1,Completed
S0000643,A000107,2,Initial Screening,SME Sales,2025-06-22,2025-06-24,2,Completed
S0000644,A000107,3,Credit Assessment,Credit,2025-06-24,2025-06-27,3,Completed
S0000645,A000107,4,Risk Review,Risk,2025-06-27,2025-06-29,2,Completed
S0000646,A000107,5,Approval Committee,Credit,2025-06-29,2025-07-01,2,Completed
S0000647,A000107,6,Documentation,Operations,2025-07-01,2025-07-05,4,Completed
S0000648,A000107,7,Disbursement,Operations,2025-07-05,2025-07-06,1,Completed
S0000649,A000108,1,Application Received,SME Sales,2026-03-12,2026-03-13,1,Completed
S0000650,A000108,2,Initial Screening,SME Sales,2026-03-13,2026-03-14,1,Completed
S0000651,A000108,3,Credit Assessment,Credit,2026-03-14,2026-03-22,8,Completed
S0000652,A000108,4,Risk Review,Risk,2026-03-22,2026-03-26,4,Completed
S0000653,A000109,1,Application Received,SME Sales,2024-04-13,2024-04-13,0,Completed
S0000654,A000109,2,Initial Screening,SME Sales,2024-04-13,2024-04-15,2,Completed
S0000655,A000109,3,Credit Assessment,Credit,2024-04-15,2024-04-23,8,Completed
S0000656,A000109,4,Risk Review,Risk,2024-04-23,2024-04-24,1,Completed
S0000657,A000109,5,Approval Committee,Credit,2024-04-24,2024-04-25,1,Completed
S0000658,A000109,6,Documentation,Operations,2024-04-25,2024-04-27,2,Completed
S0000659,A000109,7,Disbursement,Operations,2024-04-27,2024-04-28,1,Completed
S0000660,A000110,1,Application Received,SME Sales,2025-06-09,2025-06-10,1,Completed
S0000661,A000110,2,Initial Screening,SME Sales,2025-06-10,2025-06-11,1,Completed
S0000662,A000110,3,Credit Assessment,Credit,2025-06-11,2025-06-17,6,Completed
S0000663,A000110,4,Risk Review,Risk,2025-06-17,2025-06-18,1,Completed
S0000664,A000110,5,Approval Committee,Credit,2025-06-18,2025-06-21,3,Completed
S0000665,A000110,6,Documentation,Operations,2025-06-21,2025-06-25,4,Completed
S0000666,A000110,7,Disbursement,Operations,2025-06-25,2025-06-26,1,Completed
S0000667,A000111,1,Application Received,SME Sales,2025-12-28,2025-12-28,0,Completed
S0000668,A000111,2,Initial Screening,SME Sales,2025-12-28,2025-12-31,3,Completed
S0000669,A000111,3,Credit Assessment,Credit,2025-12-31,2026-01-05,5,Completed
S0000670,A000112,1,Application Received,SME Sales,2025-04-22,2025-04-22,0,Completed
S0000671,A000112,2,Initial Screening,SME Sales,2025-04-22,2025-04-23,1,Completed
S0000672,A000112,3,Credit Assessment,Credit,2025-04-23,2025-04-26,3,Completed
S0000673,A000112,4,Risk Review,Risk,2025-04-26,2025-04-27,1,Completed
S0000674,A000112,5,Approval Committee,Credit,2025-04-27,2025-04-29,2,Completed
S0000675,A000112,6,Documentation,Operations,2025-04-29,2025-05-01,2,Completed
S0000676,A000112,7,Disbursement,Operations,2025-05-01,2025-05-02,1,Completed
S0000677,A000113,1,Application Received,SME Sales,2025-09-06,2025-09-07,1,Completed
S0000678,A000113,2,Initial Screening,SME Sales,2025-09-07,2025-09-09,2,Completed
S0000679,A000113,3,Credit Assessment,Credit,2025-09-09,2025-09-15,6,Completed
S0000680,A000113,4,Risk Review,Risk,2025-09-15,2025-09-18,3,Completed
S0000681,A000113,5,Approval Committee,Credit,2025-09-18,2025-09-21,3,Completed
S0000682,A000114,1,Application Received,SME Sales,2025-08-27,2025-08-28,1,Completed
S0000683,A000114,2,Initial Screening,SME Sales,2025-08-28,2025-08-30,2,Completed
S0000684,A000114,3,Credit Assessment,Credit,2025-08-30,2025-09-02,3,Completed
S0000685,A000114,4,Risk Review,Risk,2025-09-02,2025-09-04,2,Completed
S0000686,A000114,5,Approval Committee,Credit,2025-09-04,2025-09-05,1,Completed
S0000687,A000114,6,Documentation,Operations,2025-09-05,2025-09-07,2,Completed
S0000688,A000114,7,Disbursement,Operations,2025-09-07,2025-09-09,2,Completed
S0000689,A000115,1,Application Received,SME Sales,2025-03-01,2025-03-02,1,Completed
S0000690,A000115,2,Initial Screening,SME Sales,2025-03-02,2025-03-04,2,Completed
S0000691,A000115,3,Credit Assessment,Credit,2025-03-04,2025-03-07,3,Completed
S0000692,A000115,4,Risk Review,Risk,2025-03-07,2025-03-09,2,Completed
S0000693,A000116,1,Application Received,SME Sales,2025-06-08,2025-06-08,0,Completed
S0000694,A000116,2,Initial Screening,SME Sales,2025-06-08,2025-06-11,3,Completed
S0000695,A000116,3,Credit Assessment,Credit,2025-06-11,2025-06-15,4,Completed
S0000696,A000116,4,Risk Review,Risk,2025-06-15,2025-06-16,1,Completed
S0000697,A000116,5,Approval Committee,Credit,2025-06-16,2025-06-19,3,Completed
S0000698,A000116,6,Documentation,Operations,2025-06-19,2025-06-22,3,Completed
S0000699,A000116,7,Disbursement,Operations,2025-06-22,2025-06-24,2,Completed
S0000700,A000117,1,Application Received,SME Sales,2025-06-05,2025-06-05,0,Completed
S0000701,A000117,2,Initial Screening,SME Sales,2025-06-05,2025-06-08,3,Completed
S0000702,A000117,3,Credit Assessment,Credit,2025-06-08,2025-06-13,5,Completed
S0000703,A000117,4,Risk Review,Risk,2025-06-13,2025-06-15,2,Completed
S0000704,A000117,5,Approval Committee,Credit,2025-06-15,2025-06-17,2,Completed
S0000705,A000117,6,Documentation,Operations,2025-06-17,2025-06-20,3,Completed
S0000706,A000117,7,Disbursement,Operations,2025-06-20,2025-06-21,1,Completed
S0000707,A000118,1,Application Received,SME Sales,2025-03-19,2025-03-20,1,Completed
S0000708,A000118,2,Initial Screening,SME Sales,2025-03-20,2025-03-21,1,Completed
S0000709,A000118,3,Credit Assessment,Credit,2025-03-21,2025-03-24,3,Completed
S0000710,A000118,4,Risk Review,Risk,2025-03-24,2025-03-25,1,Completed
S0000711,A000118,5,Approval Committee,Credit,2025-03-25,2025-03-28,3,Completed
S0000712,A000118,6,Documentation,Operations,2025-03-28,2025-04-02,5,Completed
S0000713,A000118,7,Disbursement,Operations,2025-04-02,2025-04-04,2,Completed
S0000714,A000119,1,Application Received,SME Sales,2026-02-19,2026-02-20,1,Completed
S0000715,A000119,2,Initial Screening,SME Sales,2026-02-20,2026-02-23,3,Completed
S0000716,A000119,3,Credit Assessment,Credit,2026-02-23,2026-03-01,6,Completed
S0000717,A000119,4,Risk Review,Risk,2026-03-01,2026-03-04,3,Completed
S0000718,A000119,5,Approval Committee,Credit,2026-03-04,2026-03-05,1,Completed
S0000719,A000119,6,Documentation,Operations,2026-03-05,2026-03-09,4,Completed
S0000720,A000119,7,Disbursement,Operations,2026-03-09,2026-03-10,1,Completed
S0000721,A000120,1,Application Received,SME Sales,2024-08-03,2024-08-03,0,Completed
S0000722,A000120,2,Initial Screening,SME Sales,2024-08-03,2024-08-05,2,Completed
S0000723,A000120,3,Credit Assessment,Credit,2024-08-05,2024-08-11,6,Completed
S0000724,A000121,1,Application Received,SME Sales,2024-12-16,2024-12-17,1,Completed
S0000725,A000121,2,Initial Screening,SME Sales,2024-12-17,2024-12-18,1,Completed
S0000726,A000121,3,Credit Assessment,Credit,2024-12-18,2024-12-22,4,Completed
S0000727,A000121,4,Risk Review,Risk,2024-12-22,2024-12-23,1,Completed
S0000728,A000121,5,Approval Committee,Credit,2024-12-23,2024-12-25,2,Completed
S0000729,A000121,6,Documentation,Operations,2024-12-25,2024-12-29,4,Completed
S0000730,A000121,7,Disbursement,Operations,2024-12-29,2024-12-31,2,Completed
S0000731,A000122,1,Application Received,SME Sales,2026-03-07,2026-03-07,0,Completed
S0000732,A000122,2,Initial Screening,SME Sales,2026-03-07,2026-03-10,3,Completed
S0000733,A000122,3,Credit Assessment,Credit,2026-03-10,2026-03-16,6,Completed
S0000734,A000122,4,Risk Review,Risk,2026-03-16,2026-03-18,2,Completed
S0000735,A000122,5,Approval Committee,Credit,2026-03-18,2026-03-21,3,Completed
S0000736,A000122,6,Documentation,Operations,2026-03-21,2026-03-24,3,Completed
S0000737,A000122,7,Disbursement,Operations,2026-03-24,2026-03-25,1,Completed
S0000738,A000123,1,Application Received,SME Sales,2024-05-31,2024-05-31,0,Completed
S0000739,A000123,2,Initial Screening,SME Sales,2024-05-31,2024-06-03,3,Completed
S0000740,A000123,3,Credit Assessment,Credit,2024-06-03,2024-06-12,9,Completed
S0000741,A000123,4,Risk Review,Risk,2024-06-12,2024-06-16,4,Completed
S0000742,A000123,5,Approval Committee,Credit,2024-06-16,2024-06-17,1,Completed
S0000743,A000123,6,Documentation,Operations,2024-06-17,2024-06-20,3,Completed
S0000744,A000123,7,Disbursement,Operations,2024-06-20,2024-06-22,2,Completed
S0000745,A000124,1,Application Received,SME Sales,2024-09-05,2024-09-06,1,Completed
S0000746,A000124,2,Initial Screening,SME Sales,2024-09-06,2024-09-07,1,Completed
S0000747,A000124,3,Credit Assessment,Credit,2024-09-07,2024-09-11,4,Completed
S0000748,A000124,4,Risk Review,Risk,2024-09-11,2024-09-13,2,Completed
S0000749,A000124,5,Approval Committee,Credit,2024-09-13,2024-09-14,1,Completed
S0000750,A000124,6,Documentation,Operations,2024-09-14,2024-09-16,2,Completed
S0000751,A000124,7,Disbursement,Operations,2024-09-16,2024-09-17,1,Completed
S0000752,A000125,1,Application Received,SME Sales,2024-08-29,2024-08-30,1,Completed
S0000753,A000125,2,Initial Screening,SME Sales,2024-08-30,2024-08-31,1,Completed
S0000754,A000125,3,Credit Assessment,Credit,2024-08-31,2024-09-07,7,Completed
S0000755,A000125,4,Risk Review,Risk,2024-09-07,2024-09-09,2,Completed
S0000756,A000126,1,Application Received,SME Sales,2026-05-23,2026-05-24,1,Completed
S0000757,A000126,2,Initial Screening,SME Sales,2026-05-24,2026-05-27,3,Completed
S0000758,A000126,3,Credit Assessment,Credit,2026-05-27,2026-05-30,3,Completed
S0000759,A000126,4,Risk Review,Risk,2026-05-30,2026-06-01,2,Completed
S0000760,A000126,5,Approval Committee,Credit,2026-06-01,2026-06-03,2,Completed
S0000761,A000126,6,Documentation,Operations,2026-06-03,2026-06-08,5,Completed
S0000762,A000126,7,Disbursement,Operations,2026-06-08,2026-06-09,1,Completed
S0000763,A000127,1,Application Received,SME Sales,2024-05-16,2024-05-17,1,Completed
S0000764,A000127,2,Initial Screening,SME Sales,2024-05-17,2024-05-19,2,Completed
S0000765,A000127,3,Credit Assessment,Credit,2024-05-19,2024-05-23,4,Completed
S0000766,A000127,4,Risk Review,Risk,2024-05-23,2024-05-26,3,Completed
S0000767,A000127,5,Approval Committee,Credit,2024-05-26,2024-05-28,2,Completed
S0000768,A000127,6,Documentation,Operations,2024-05-28,2024-06-02,5,Completed
S0000769,A000127,7,Disbursement,Operations,2024-06-02,2024-06-04,2,Completed
S0000770,A000128,1,Application Received,SME Sales,2026-04-21,2026-04-21,0,Completed
S0000771,A000128,2,Initial Screening,SME Sales,2026-04-21,2026-04-23,2,Completed
S0000772,A000128,3,Credit Assessment,Credit,2026-04-23,2026-04-28,5,Completed
S0000773,A000128,4,Risk Review,Risk,2026-04-28,2026-05-01,3,Completed
S0000774,A000128,5,Approval Committee,Credit,2026-05-01,2026-05-03,2,Completed
S0000775,A000128,6,Documentation,Operations,2026-05-03,2026-05-06,3,Completed
S0000776,A000128,7,Disbursement,Operations,2026-05-06,2026-05-08,2,Completed
S0000777,A000129,1,Application Received,SME Sales,2024-09-23,2024-09-24,1,Completed
S0000778,A000129,2,Initial Screening,SME Sales,2024-09-24,2024-09-26,2,Completed
S0000779,A000129,3,Credit Assessment,Credit,2024-09-26,2024-10-02,6,Completed
S0000780,A000129,4,Risk Review,Risk,2024-10-02,2024-10-03,1,Completed
S0000781,A000129,5,Approval Committee,Credit,2024-10-03,2024-10-05,2,Completed
S0000782,A000129,6,Documentation,Operations,2024-10-05,2024-10-10,5,Completed
S0000783,A000129,7,Disbursement,Operations,2024-10-10,2024-10-11,1,Completed
S0000784,A000130,1,Application Received,SME Sales,2025-12-23,2025-12-24,1,Completed
S0000785,A000130,2,Initial Screening,SME Sales,2025-12-24,2025-12-26,2,Completed
S0000786,A000130,3,Credit Assessment,Credit,2025-12-26,2025-12-31,5,Completed
S0000787,A000131,1,Application Received,SME Sales,2025-04-04,2025-04-05,1,Completed
S0000788,A000131,2,Initial Screening,SME Sales,2025-04-05,2025-04-08,3,Completed
S0000789,A000131,3,Credit Assessment,Credit,2025-04-08,2025-04-14,6,Completed
S0000790,A000132,1,Application Received,SME Sales,2025-01-07,2025-01-07,0,Completed
S0000791,A000132,2,Initial Screening,SME Sales,2025-01-07,2025-01-10,3,Completed
S0000792,A000132,3,Credit Assessment,Credit,2025-01-10,2025-01-14,4,Completed
S0000793,A000133,1,Application Received,SME Sales,2026-04-15,2026-04-16,1,Completed
S0000794,A000133,2,Initial Screening,SME Sales,2026-04-16,2026-04-19,3,Completed
S0000795,A000133,3,Credit Assessment,Credit,2026-04-19,2026-04-21,2,Completed
S0000796,A000134,1,Application Received,SME Sales,2024-12-08,2024-12-08,0,Completed
S0000797,A000134,2,Initial Screening,SME Sales,2024-12-08,2024-12-10,2,Completed
S0000798,A000134,3,Credit Assessment,Credit,2024-12-10,2024-12-12,2,Completed
S0000799,A000135,1,Application Received,SME Sales,2024-04-17,2024-04-17,0,Completed
S0000800,A000135,2,Initial Screening,SME Sales,2024-04-17,2024-04-18,1,Completed
S0000801,A000135,3,Credit Assessment,Credit,2024-04-18,2024-04-22,4,Completed
S0000802,A000135,4,Risk Review,Risk,2024-04-22,2024-04-24,2,Completed
S0000803,A000135,5,Approval Committee,Credit,2024-04-24,2024-04-27,3,Completed
S0000804,A000135,6,Documentation,Operations,2024-04-27,2024-04-30,3,Completed
S0000805,A000135,7,Disbursement,Operations,2024-04-30,2024-05-01,1,Completed
S0000806,A000136,1,Application Received,SME Sales,2026-08-30,2026-08-30,0,Completed
S0000807,A000136,2,Initial Screening,SME Sales,2026-08-30,2026-09-01,2,Completed
S0000808,A000136,3,Credit Assessment,Credit,2026-09-01,2026-09-07,6,Completed
S0000809,A000136,4,Risk Review,Risk,2026-09-07,2026-09-10,3,Completed
S0000810,A000136,5,Approval Committee,Credit,2026-09-10,2026-09-13,3,Completed
S0000811,A000137,1,Application Received,SME Sales,2026-06-18,2026-06-19,1,Completed
S0000812,A000137,2,Initial Screening,SME Sales,2026-06-19,2026-06-21,2,Completed
S0000813,A000137,3,Credit Assessment,Credit,2026-06-21,2026-06-26,5,Completed
S0000814,A000138,1,Application Received,SME Sales,2024-01-05,2024-01-05,0,Completed
S0000815,A000138,2,Initial Screening,SME Sales,2024-01-05,2024-01-06,1,Completed
S0000816,A000138,3,Credit Assessment,Credit,2024-01-06,2024-01-12,6,Completed
S0000817,A000138,4,Risk Review,Risk,2024-01-12,2024-01-13,1,Completed
S0000818,A000138,5,Approval Committee,Credit,2024-01-13,2024-01-14,1,Completed
S0000819,A000138,6,Documentation,Operations,2024-01-14,2024-01-16,2,Completed
S0000820,A000138,7,Disbursement,Operations,2024-01-16,2024-01-17,1,Completed
S0000821,A000139,1,Application Received,SME Sales,2026-06-08,2026-06-09,1,Completed
S0000822,A000139,2,Initial Screening,SME Sales,2026-06-09,2026-06-10,1,Completed
S0000823,A000139,3,Credit Assessment,Credit,2026-06-10,2026-06-17,7,Completed
S0000824,A000139,4,Risk Review,Risk,2026-06-17,2026-06-19,2,Completed
S0000825,A000139,5,Approval Committee,Credit,2026-06-19,2026-06-21,2,Completed
S0000826,A000139,6,Documentation,Operations,2026-06-21,2026-06-25,4,Completed
S0000827,A000139,7,Disbursement,Operations,2026-06-25,2026-06-26,1,Completed
S0000828,A000140,1,Application Received,SME Sales,2025-02-02,2025-02-03,1,Completed
S0000829,A000140,2,Initial Screening,SME Sales,2025-02-03,2025-02-05,2,Completed
S0000830,A000140,3,Credit Assessment,Credit,2025-02-05,2025-02-10,5,Completed
S0000831,A000140,4,Risk Review,Risk,2025-02-10,2025-02-11,1,Completed
S0000832,A000140,5,Approval Committee,Credit,2025-02-11,2025-02-13,2,Completed
S0000833,A000140,6,Documentation,Operations,2025-02-13,2025-02-16,3,Completed
S0000834,A000140,7,Disbursement,Operations,2025-02-16,2025-02-17,1,Completed
S0000835,A000141,1,Application Received,SME Sales,2024-10-26,2024-10-26,0,Completed
S0000836,A000141,2,Initial Screening,SME Sales,2024-10-26,2024-10-28,2,Completed
S0000837,A000141,3,Credit Assessment,Credit,2024-10-28,2024-10-31,3,Completed
S0000838,A000141,4,Risk Review,Risk,2024-10-31,2024-11-02,2,Completed
S0000839,A000141,5,Approval Committee,Credit,2024-11-02,2024-11-03,1,Completed
S0000840,A000141,6,Documentation,Operations,2024-11-03,2024-11-08,5,Completed
S0000841,A000141,7,Disbursement,Operations,2024-11-08,2024-11-10,2,Completed
S0000842,A000142,1,Application Received,SME Sales,2026-05-23,2026-05-23,0,Completed
S0000843,A000142,2,Initial Screening,SME Sales,2026-05-23,2026-05-24,1,Completed
S0000844,A000142,3,Credit Assessment,Credit,2026-05-24,2026-05-26,2,Completed
S0000845,A000142,4,Risk Review,Risk,2026-05-26,2026-05-29,3,Completed
S0000846,A000142,5,Approval Committee,Credit,2026-05-29,2026-05-31,2,Completed
S0000847,A000142,6,Documentation,Operations,2026-05-31,2026-06-03,3,Completed
S0000848,A000142,7,Disbursement,Operations,2026-06-03,2026-06-05,2,Completed
S0000849,A000143,1,Application Received,SME Sales,2025-09-21,2025-09-21,0,Completed
S0000850,A000143,2,Initial Screening,SME Sales,2025-09-21,2025-09-23,2,Completed
S0000851,A000143,3,Credit Assessment,Credit,2025-09-23,2025-09-27,4,Completed
S0000852,A000143,4,Risk Review,Risk,2025-09-27,2025-09-30,3,Completed
S0000853,A000144,1,Application Received,SME Sales,2024-06-13,2024-06-13,0,Completed
S0000854,A000144,2,Initial Screening,SME Sales,2024-06-13,2024-06-14,1,Completed
S0000855,A000144,3,Credit Assessment,Credit,2024-06-14,2024-06-20,6,Completed
S0000856,A000144,4,Risk Review,Risk,2024-06-20,2024-06-24,4,Completed
S0000857,A000145,1,Application Received,SME Sales,2024-07-13,2024-07-13,0,Completed
S0000858,A000145,2,Initial Screening,SME Sales,2024-07-13,2024-07-15,2,Completed
S0000859,A000145,3,Credit Assessment,Credit,2024-07-15,2024-07-18,3,Completed
S0000860,A000145,4,Risk Review,Risk,2024-07-18,2024-07-20,2,Completed
S0000861,A000145,5,Approval Committee,Credit,2024-07-20,2024-07-23,3,Completed
S0000862,A000146,1,Application Received,SME Sales,2024-02-12,2024-02-12,0,Completed
S0000863,A000146,2,Initial Screening,SME Sales,2024-02-12,2024-02-15,3,Completed
S0000864,A000146,3,Credit Assessment,Credit,2024-02-15,2024-02-17,2,Completed
S0000865,A000146,4,Risk Review,Risk,2024-02-17,2024-02-21,4,Completed
S0000866,A000146,5,Approval Committee,Credit,2024-02-21,2024-02-24,3,Completed
S0000867,A000146,6,Documentation,Operations,2024-02-24,2024-02-27,3,Completed
S0000868,A000146,7,Disbursement,Operations,2024-02-27,2024-02-28,1,Completed
S0000869,A000147,1,Application Received,SME Sales,2025-08-31,2025-09-01,1,Completed
S0000870,A000147,2,Initial Screening,SME Sales,2025-09-01,2025-09-04,3,Completed
S0000871,A000147,3,Credit Assessment,Credit,2025-09-04,2025-09-10,6,Completed
S0000872,A000147,4,Risk Review,Risk,2025-09-10,2025-09-12,2,Completed
S0000873,A000148,1,Application Received,SME Sales,2026-05-29,2026-05-29,0,Completed
S0000874,A000148,2,Initial Screening,SME Sales,2026-05-29,2026-05-31,2,Completed
S0000875,A000148,3,Credit Assessment,Credit,2026-05-31,2026-06-06,6,Completed
S0000876,A000148,4,Risk Review,Risk,2026-06-06,2026-06-07,1,Completed
S0000877,A000149,1,Application Received,SME Sales,2026-01-26,2026-01-27,1,Completed
S0000878,A000149,2,Initial Screening,SME Sales,2026-01-27,2026-01-30,3,Completed
S0000879,A000149,3,Credit Assessment,Credit,2026-01-30,2026-02-06,7,Completed
S0000880,A000149,4,Risk Review,Risk,2026-02-06,2026-02-10,4,Completed
S0000881,A000149,5,Approval Committee,Credit,2026-02-10,2026-02-11,1,Completed
S0000882,A000150,1,Application Received,SME Sales,2024-11-21,2024-11-21,0,Completed
S0000883,A000150,2,Initial Screening,SME Sales,2024-11-21,2024-11-24,3,Completed
S0000884,A000150,3,Credit Assessment,Credit,2024-11-24,2024-11-27,3,Completed
S0000885,A000150,4,Risk Review,Risk,2024-11-27,2024-11-29,2,Completed
S0000886,A000150,5,Approval Committee,Credit,2024-11-29,2024-12-02,3,Completed
S0000887,A000150,6,Documentation,Operations,2024-12-02,2024-12-06,4,Completed
S0000888,A000150,7,Disbursement,Operations,2024-12-06,2024-12-07,1,Completed
S0000889,A000151,1,Application Received,SME Sales,2025-11-04,2025-11-04,0,Completed
S0000890,A000151,2,Initial Screening,SME Sales,2025-11-04,2025-11-05,1,Completed
S0000891,A000151,3,Credit Assessment,Credit,2025-11-05,2025-11-07,2,Completed
S0000892,A000151,4,Risk Review,Risk,2025-11-07,2025-11-08,1,Completed
S0000893,A000151,5,Approval Committee,Credit,2025-11-08,2025-11-09,1,Completed
S0000894,A000151,6,Documentation,Operations,2025-11-09,2025-11-14,5,Completed
S0000895,A000151,7,Disbursement,Operations,2025-11-14,2025-11-15,1,Completed
S0000896,A000152,1,Application Received,SME Sales,2024-02-13,2024-02-13,0,Completed
S0000897,A000152,2,Initial Screening,SME Sales,2024-02-13,2024-02-15,2,Completed
S0000898,A000152,3,Credit Assessment,Credit,2024-02-15,2024-02-24,9,Completed
S0000899,A000152,4,Risk Review,Risk,2024-02-24,2024-02-28,4,Completed
S0000900,A000152,5,Approval Committee,Credit,2024-02-28,2024-03-02,3,Completed
S0000901,A000152,6,Documentation,Operations,2024-03-02,2024-03-07,5,Completed
S0000902,A000152,7,Disbursement,Operations,2024-03-07,2024-03-09,2,Completed
S0000903,A000153,1,Application Received,SME Sales,2024-01-18,2024-01-19,1,Completed
S0000904,A000153,2,Initial Screening,SME Sales,2024-01-19,2024-01-21,2,Completed
S0000905,A000153,3,Credit Assessment,Credit,2024-01-21,2024-01-28,7,Completed
S0000906,A000153,4,Risk Review,Risk,2024-01-28,2024-02-01,4,Completed
S0000907,A000154,1,Application Received,SME Sales,2024-08-31,2024-09-01,1,Completed
S0000908,A000154,2,Initial Screening,SME Sales,2024-09-01,2024-09-02,1,Completed
S0000909,A000154,3,Credit Assessment,Credit,2024-09-02,2024-09-08,6,Completed
S0000910,A000155,1,Application Received,SME Sales,2024-09-18,2024-09-19,1,Completed
S0000911,A000155,2,Initial Screening,SME Sales,2024-09-19,2024-09-21,2,Completed
S0000912,A000155,3,Credit Assessment,Credit,2024-09-21,2024-09-24,3,Completed
S0000913,A000155,4,Risk Review,Risk,2024-09-24,2024-09-27,3,Completed
S0000914,A000155,5,Approval Committee,Credit,2024-09-27,2024-09-29,2,Completed
S0000915,A000155,6,Documentation,Operations,2024-09-29,2024-10-04,5,Completed
S0000916,A000155,7,Disbursement,Operations,2024-10-04,2024-10-05,1,Completed
S0000917,A000156,1,Application Received,SME Sales,2024-08-24,2024-08-24,0,Completed
S0000918,A000156,2,Initial Screening,SME Sales,2024-08-24,2024-08-25,1,Completed
S0000919,A000156,3,Credit Assessment,Credit,2024-08-25,2024-08-29,4,Completed
S0000920,A000156,4,Risk Review,Risk,2024-08-29,2024-09-02,4,Completed
S0000921,A000156,5,Approval Committee,Credit,2024-09-02,2024-09-04,2,Completed
S0000922,A000156,6,Documentation,Operations,2024-09-04,2024-09-09,5,Completed
S0000923,A000156,7,Disbursement,Operations,2024-09-09,2024-09-11,2,Completed
S0000924,A000157,1,Application Received,SME Sales,2024-07-30,2024-07-30,0,Completed
S0000925,A000157,2,Initial Screening,SME Sales,2024-07-30,2024-08-01,2,Completed
S0000926,A000157,3,Credit Assessment,Credit,2024-08-01,2024-08-08,7,Completed
S0000927,A000157,4,Risk Review,Risk,2024-08-08,2024-08-12,4,Completed
S0000928,A000157,5,Approval Committee,Credit,2024-08-12,2024-08-15,3,Completed
S0000929,A000157,6,Documentation,Operations,2024-08-15,2024-08-18,3,Completed
S0000930,A000157,7,Disbursement,Operations,2024-08-18,2024-08-20,2,Completed
S0000931,A000158,1,Application Received,SME Sales,2024-07-11,2024-07-11,0,Completed
S0000932,A000158,2,Initial Screening,SME Sales,2024-07-11,2024-07-13,2,Completed
S0000933,A000158,3,Credit Assessment,Credit,2024-07-13,2024-07-17,4,Completed
S0000934,A000158,4,Risk Review,Risk,2024-07-17,2024-07-21,4,Completed
S0000935,A000158,5,Approval Committee,Credit,2024-07-21,2024-07-22,1,Completed
S0000936,A000158,6,Documentation,Operations,2024-07-22,2024-07-26,4,Completed
S0000937,A000158,7,Disbursement,Operations,2024-07-26,2024-07-27,1,Completed
S0000938,A000159,1,Application Received,SME Sales,2024-07-27,2024-07-28,1,Completed
S0000939,A000159,2,Initial Screening,SME Sales,2024-07-28,2024-07-29,1,Completed
S0000940,A000159,3,Credit Assessment,Credit,2024-07-29,2024-08-03,5,Completed
S0000941,A000159,4,Risk Review,Risk,2024-08-03,2024-08-07,4,Completed
S0000942,A000159,5,Approval Committee,Credit,2024-08-07,2024-08-10,3,Completed
S0000943,A000159,6,Documentation,Operations,2024-08-10,2024-08-15,5,Completed
S0000944,A000159,7,Disbursement,Operations,2024-08-15,2024-08-17,2,Completed
S0000945,A000160,1,Application Received,SME Sales,2026-06-03,2026-06-04,1,Completed
S0000946,A000160,2,Initial Screening,SME Sales,2026-06-04,2026-06-07,3,Completed
S0000947,A000160,3,Credit Assessment,Credit,2026-06-07,2026-06-12,5,Completed
S0000948,A000160,4,Risk Review,Risk,2026-06-12,2026-06-15,3,Completed
S0000949,A000160,5,Approval Committee,Credit,2026-06-15,2026-06-17,2,Completed
S0000950,A000160,6,Documentation,Operations,2026-06-17,2026-06-19,2,Completed
S0000951,A000160,7,Disbursement,Operations,2026-06-19,2026-06-20,1,Completed
S0000952,A000161,1,Application Received,SME Sales,2026-01-08,2026-01-08,0,Completed
S0000953,A000161,2,Initial Screening,SME Sales,2026-01-08,2026-01-11,3,Completed
S0000954,A000161,3,Credit Assessment,Credit,2026-01-11,2026-01-16,5,Completed
S0000955,A000161,4,Risk Review,Risk,2026-01-16,2026-01-19,3,Completed
S0000956,A000161,5,Approval Committee,Credit,2026-01-19,2026-01-20,1,Completed
S0000957,A000162,1,Application Received,SME Sales,2024-09-07,2024-09-07,0,Completed
S0000958,A000162,2,Initial Screening,SME Sales,2024-09-07,2024-09-10,3,Completed
S0000959,A000162,3,Credit Assessment,Credit,2024-09-10,2024-09-15,5,Completed
S0000960,A000162,4,Risk Review,Risk,2024-09-15,2024-09-18,3,Completed
S0000961,A000162,5,Approval Committee,Credit,2024-09-18,2024-09-21,3,Completed
S0000962,A000162,6,Documentation,Operations,2024-09-21,2024-09-25,4,Completed
S0000963,A000162,7,Disbursement,Operations,2024-09-25,2024-09-26,1,Completed
S0000964,A000163,1,Application Received,SME Sales,2024-01-02,2024-01-02,0,Completed
S0000965,A000163,2,Initial Screening,SME Sales,2024-01-02,2024-01-03,1,Completed
S0000966,A000163,3,Credit Assessment,Credit,2024-01-03,2024-01-09,6,Completed
S0000967,A000163,4,Risk Review,Risk,2024-01-09,2024-01-11,2,Completed
S0000968,A000163,5,Approval Committee,Credit,2024-01-11,2024-01-12,1,Completed
S0000969,A000163,6,Documentation,Operations,2024-01-12,2024-01-15,3,Completed
S0000970,A000163,7,Disbursement,Operations,2024-01-15,2024-01-17,2,Completed
S0000971,A000164,1,Application Received,SME Sales,2025-04-28,2025-04-28,0,Completed
S0000972,A000164,2,Initial Screening,SME Sales,2025-04-28,2025-05-01,3,Completed
S0000973,A000164,3,Credit Assessment,Credit,2025-05-01,2025-05-07,6,Completed
S0000974,A000164,4,Risk Review,Risk,2025-05-07,2025-05-10,3,Completed
S0000975,A000164,5,Approval Committee,Credit,2025-05-10,2025-05-12,2,Completed
S0000976,A000164,6,Documentation,Operations,2025-05-12,2025-05-16,4,Completed
S0000977,A000164,7,Disbursement,Operations,2025-05-16,2025-05-17,1,Completed
S0000978,A000165,1,Application Received,SME Sales,2024-05-20,2024-05-21,1,Completed
S0000979,A000165,2,Initial Screening,SME Sales,2024-05-21,2024-05-24,3,Completed
S0000980,A000165,3,Credit Assessment,Credit,2024-05-24,2024-05-27,3,Completed
S0000981,A000165,4,Risk Review,Risk,2024-05-27,2024-05-29,2,Completed
S0000982,A000165,5,Approval Committee,Credit,2024-05-29,2024-05-31,2,Completed
S0000983,A000165,6,Documentation,Operations,2024-05-31,2024-06-05,5,Completed
S0000984,A000165,7,Disbursement,Operations,2024-06-05,2024-06-07,2,Completed
S0000985,A000166,1,Application Received,SME Sales,2024-02-07,2024-02-08,1,Completed
S0000986,A000166,2,Initial Screening,SME Sales,2024-02-08,2024-02-09,1,Completed
S0000987,A000166,3,Credit Assessment,Credit,2024-02-09,2024-02-13,4,Completed
S0000988,A000167,1,Application Received,SME Sales,2025-07-03,2025-07-04,1,Completed
S0000989,A000167,2,Initial Screening,SME Sales,2025-07-04,2025-07-06,2,Completed
S0000990,A000167,3,Credit Assessment,Credit,2025-07-06,2025-07-09,3,Completed
S0000991,A000168,1,Application Received,SME Sales,2024-04-12,2024-04-12,0,Completed
S0000992,A000168,2,Initial Screening,SME Sales,2024-04-12,2024-04-15,3,Completed
S0000993,A000168,3,Credit Assessment,Credit,2024-04-15,2024-04-20,5,Completed
S0000994,A000169,1,Application Received,SME Sales,2024-07-16,2024-07-16,0,Completed
S0000995,A000169,2,Initial Screening,SME Sales,2024-07-16,2024-07-19,3,Completed
S0000996,A000169,3,Credit Assessment,Credit,2024-07-19,2024-07-21,2,Completed
S0000997,A000169,4,Risk Review,Risk,2024-07-21,2024-07-23,2,Completed
S0000998,A000169,5,Approval Committee,Credit,2024-07-23,2024-07-25,2,Completed
S0000999,A000169,6,Documentation,Operations,2024-07-25,2024-07-28,3,Completed
S0001000,A000169,7,Disbursement,Operations,2024-07-28,2024-07-29,1,Completed
S0001001,A000170,1,Application Received,SME Sales,2026-01-11,2026-01-11,0,Completed
S0001002,A000170,2,Initial Screening,SME Sales,2026-01-11,2026-01-12,1,Completed
S0001003,A000170,3,Credit Assessment,Credit,2026-01-12,2026-01-14,2,Completed
S0001004,A000170,4,Risk Review,Risk,2026-01-14,2026-01-16,2,Completed
S0001005,A000170,5,Approval Committee,Credit,2026-01-16,2026-01-18,2,Completed
S0001006,A000170,6,Documentation,Operations,2026-01-18,2026-01-21,3,Completed
S0001007,A000170,7,Disbursement,Operations,2026-01-21,2026-01-23,2,Completed
S0001008,A000171,1,Application Received,SME Sales,2026-07-03,2026-07-03,0,Completed
S0001009,A000171,2,Initial Screening,SME Sales,2026-07-03,2026-07-06,3,Completed
S0001010,A000171,3,Credit Assessment,Credit,2026-07-06,2026-07-09,3,Completed
S0001011,A000171,4,Risk Review,Risk,2026-07-09,2026-07-11,2,Completed
S0001012,A000171,5,Approval Committee,Credit,2026-07-11,2026-07-14,3,Completed
S0001013,A000171,6,Documentation,Operations,2026-07-14,2026-07-18,4,Completed
S0001014,A000171,7,Disbursement,Operations,2026-07-18,2026-07-19,1,Completed
S0001015,A000172,1,Application Received,SME Sales,2024-06-10,2024-06-10,0,Completed
S0001016,A000172,2,Initial Screening,SME Sales,2024-06-10,2024-06-13,3,Completed
S0001017,A000172,3,Credit Assessment,Credit,2024-06-13,2024-06-17,4,Completed
S0001018,A000172,4,Risk Review,Risk,2024-06-17,2024-06-21,4,Completed
S0001019,A000172,5,Approval Committee,Credit,2024-06-21,2024-06-22,1,Completed
S0001020,A000172,6,Documentation,Operations,2024-06-22,2024-06-26,4,Completed
S0001021,A000172,7,Disbursement,Operations,2024-06-26,2024-06-27,1,Completed
S0001022,A000173,1,Application Received,SME Sales,2024-10-29,2024-10-30,1,Completed
S0001023,A000173,2,Initial Screening,SME Sales,2024-10-30,2024-11-01,2,Completed
S0001024,A000173,3,Credit Assessment,Credit,2024-11-01,2024-11-07,6,Completed
S0001025,A000173,4,Risk Review,Risk,2024-11-07,2024-11-10,3,Completed
S0001026,A000173,5,Approval Committee,Credit,2024-11-10,2024-11-11,1,Completed
S0001027,A000173,6,Documentation,Operations,2024-11-11,2024-11-13,2,Completed
S0001028,A000173,7,Disbursement,Operations,2024-11-13,2024-11-15,2,Completed
S0001029,A000174,1,Application Received,SME Sales,2025-10-27,2025-10-27,0,Completed
S0001030,A000174,2,Initial Screening,SME Sales,2025-10-27,2025-10-30,3,Completed
S0001031,A000174,3,Credit Assessment,Credit,2025-10-30,2025-11-03,4,Completed
S0001032,A000174,4,Risk Review,Risk,2025-11-03,2025-11-07,4,Completed
S0001033,A000174,5,Approval Committee,Credit,2025-11-07,2025-11-09,2,Completed
S0001034,A000174,6,Documentation,Operations,2025-11-09,2025-11-14,5,Completed
S0001035,A000174,7,Disbursement,Operations,2025-11-14,2025-11-15,1,Completed
S0001036,A000175,1,Application Received,SME Sales,2025-07-04,2025-07-05,1,Completed
S0001037,A000175,2,Initial Screening,SME Sales,2025-07-05,2025-07-08,3,Completed
S0001038,A000175,3,Credit Assessment,Credit,2025-07-08,2025-07-11,3,Completed
S0001039,A000176,1,Application Received,SME Sales,2026-01-08,2026-01-09,1,Completed
S0001040,A000176,2,Initial Screening,SME Sales,2026-01-09,2026-01-11,2,Completed
S0001041,A000176,3,Credit Assessment,Credit,2026-01-11,2026-01-18,7,Completed
S0001042,A000176,4,Risk Review,Risk,2026-01-18,2026-01-22,4,Completed
S0001043,A000177,1,Application Received,SME Sales,2026-01-10,2026-01-11,1,Completed
S0001044,A000177,2,Initial Screening,SME Sales,2026-01-11,2026-01-14,3,Completed
S0001045,A000177,3,Credit Assessment,Credit,2026-01-14,2026-01-20,6,Completed
S0001046,A000177,4,Risk Review,Risk,2026-01-20,2026-01-22,2,Completed
S0001047,A000177,5,Approval Committee,Credit,2026-01-22,2026-01-24,2,Completed
S0001048,A000177,6,Documentation,Operations,2026-01-24,2026-01-26,2,Completed
S0001049,A000177,7,Disbursement,Operations,2026-01-26,2026-01-28,2,Completed
S0001050,A000178,1,Application Received,SME Sales,2025-10-07,2025-10-07,0,Completed
S0001051,A000178,2,Initial Screening,SME Sales,2025-10-07,2025-10-10,3,Completed
S0001052,A000178,3,Credit Assessment,Credit,2025-10-10,2025-10-18,8,Completed
S0001053,A000178,4,Risk Review,Risk,2025-10-18,2025-10-20,2,Completed
S0001054,A000178,5,Approval Committee,Credit,2025-10-20,2025-10-23,3,Completed
S0001055,A000178,6,Documentation,Operations,2025-10-23,2025-10-27,4,Completed
S0001056,A000178,7,Disbursement,Operations,2025-10-27,2025-10-28,1,Completed
S0001057,A000179,1,Application Received,SME Sales,2025-08-13,2025-08-14,1,Completed
S0001058,A000179,2,Initial Screening,SME Sales,2025-08-14,2025-08-16,2,Completed
S0001059,A000179,3,Credit Assessment,Credit,2025-08-16,2025-08-22,6,Completed
S0001060,A000179,4,Risk Review,Risk,2025-08-22,2025-08-24,2,Completed
S0001061,A000179,5,Approval Committee,Credit,2025-08-24,2025-08-26,2,Completed
S0001062,A000179,6,Documentation,Operations,2025-08-26,2025-08-31,5,Completed
S0001063,A000179,7,Disbursement,Operations,2025-08-31,2025-09-01,1,Completed
S0001064,A000180,1,Application Received,SME Sales,2024-02-15,2024-02-16,1,Completed
S0001065,A000180,2,Initial Screening,SME Sales,2024-02-16,2024-02-17,1,Completed
S0001066,A000180,3,Credit Assessment,Credit,2024-02-17,2024-02-22,5,Completed
S0001067,A000180,4,Risk Review,Risk,2024-02-22,2024-02-26,4,Completed
S0001068,A000180,5,Approval Committee,Credit,2024-02-26,2024-02-29,3,Completed
S0001069,A000180,6,Documentation,Operations,2024-02-29,2024-03-03,3,Completed
S0001070,A000180,7,Disbursement,Operations,2024-03-03,2024-03-04,1,Completed
S0001071,A000181,1,Application Received,SME Sales,2026-03-27,2026-03-27,0,Completed
S0001072,A000181,2,Initial Screening,SME Sales,2026-03-27,2026-03-29,2,Completed
S0001073,A000181,3,Credit Assessment,Credit,2026-03-29,2026-04-03,5,Completed
S0001074,A000181,4,Risk Review,Risk,2026-04-03,2026-04-05,2,Completed
S0001075,A000181,5,Approval Committee,Credit,2026-04-05,2026-04-07,2,Completed
S0001076,A000181,6,Documentation,Operations,2026-04-07,2026-04-10,3,Completed
S0001077,A000181,7,Disbursement,Operations,2026-04-10,2026-04-12,2,Completed
S0001078,A000182,1,Application Received,SME Sales,2024-09-03,2024-09-04,1,Completed
S0001079,A000182,2,Initial Screening,SME Sales,2024-09-04,2024-09-07,3,Completed
S0001080,A000182,3,Credit Assessment,Credit,2024-09-07,2024-09-16,9,Completed
S0001081,A000182,4,Risk Review,Risk,2024-09-16,2024-09-18,2,Completed
S0001082,A000182,5,Approval Committee,Credit,2024-09-18,2024-09-20,2,Completed
S0001083,A000183,1,Application Received,SME Sales,2024-02-18,2024-02-19,1,Completed
S0001084,A000183,2,Initial Screening,SME Sales,2024-02-19,2024-02-21,2,Completed
S0001085,A000183,3,Credit Assessment,Credit,2024-02-21,2024-02-24,3,Completed
S0001086,A000184,1,Application Received,SME Sales,2026-08-11,2026-08-11,0,Completed
S0001087,A000184,2,Initial Screening,SME Sales,2026-08-11,2026-08-14,3,Completed
S0001088,A000184,3,Credit Assessment,Credit,2026-08-14,2026-08-17,3,Completed
S0001089,A000184,4,Risk Review,Risk,2026-08-17,2026-08-20,3,Completed
S0001090,A000184,5,Approval Committee,Credit,2026-08-20,2026-08-23,3,Completed
S0001091,A000184,6,Documentation,Operations,2026-08-23,2026-08-27,4,Completed
S0001092,A000184,7,Disbursement,Operations,2026-08-27,2026-08-29,2,Completed
S0001093,A000185,1,Application Received,SME Sales,2025-10-22,2025-10-23,1,Completed
S0001094,A000185,2,Initial Screening,SME Sales,2025-10-23,2025-10-24,1,Completed
S0001095,A000185,3,Credit Assessment,Credit,2025-10-24,2025-10-26,2,Completed
S0001096,A000185,4,Risk Review,Risk,2025-10-26,2025-10-29,3,Completed
S0001097,A000186,1,Application Received,SME Sales,2024-09-14,2024-09-14,0,Completed
S0001098,A000186,2,Initial Screening,SME Sales,2024-09-14,2024-09-16,2,Completed
S0001099,A000186,3,Credit Assessment,Credit,2024-09-16,2024-09-22,6,Completed
S0001100,A000186,4,Risk Review,Risk,2024-09-22,2024-09-26,4,Completed
S0001101,A000186,5,Approval Committee,Credit,2024-09-26,2024-09-27,1,Completed
S0001102,A000186,6,Documentation,Operations,2024-09-27,2024-09-29,2,Completed
S0001103,A000186,7,Disbursement,Operations,2024-09-29,2024-10-01,2,Completed
S0001104,A000187,1,Application Received,SME Sales,2026-01-08,2026-01-09,1,Completed
S0001105,A000187,2,Initial Screening,SME Sales,2026-01-09,2026-01-10,1,Completed
S0001106,A000187,3,Credit Assessment,Credit,2026-01-10,2026-01-16,6,Completed
S0001107,A000187,4,Risk Review,Risk,2026-01-16,2026-01-20,4,Completed
S0001108,A000187,5,Approval Committee,Credit,2026-01-20,2026-01-23,3,Completed
S0001109,A000187,6,Documentation,Operations,2026-01-23,2026-01-28,5,Completed
S0001110,A000187,7,Disbursement,Operations,2026-01-28,2026-01-29,1,Completed
S0001111,A000188,1,Application Received,SME Sales,2026-09-10,2026-09-11,1,Completed
S0001112,A000188,2,Initial Screening,SME Sales,2026-09-11,2026-09-14,3,Completed
S0001113,A000188,3,Credit Assessment,Credit,2026-09-14,2026-09-18,4,Completed
S0001114,A000188,4,Risk Review,Risk,2026-09-18,2026-09-19,1,Completed
S0001115,A000189,1,Application Received,SME Sales,2026-05-01,2026-05-01,0,Completed
S0001116,A000189,2,Initial Screening,SME Sales,2026-05-01,2026-05-04,3,Completed
S0001117,A000189,3,Credit Assessment,Credit,2026-05-04,2026-05-10,6,Completed
S0001118,A000189,4,Risk Review,Risk,2026-05-10,2026-05-13,3,Completed
S0001119,A000189,5,Approval Committee,Credit,2026-05-13,2026-05-14,1,Completed
S0001120,A000189,6,Documentation,Operations,2026-05-14,2026-05-19,5,Completed
S0001121,A000189,7,Disbursement,Operations,2026-05-19,2026-05-21,2,Completed
S0001122,A000190,1,Application Received,SME Sales,2026-06-23,2026-06-24,1,Completed
S0001123,A000190,2,Initial Screening,SME Sales,2026-06-24,2026-06-25,1,Completed
S0001124,A000190,3,Credit Assessment,Credit,2026-06-25,2026-06-28,3,Completed
S0001125,A000190,4,Risk Review,Risk,2026-06-28,2026-07-01,3,Completed
S0001126,A000190,5,Approval Committee,Credit,2026-07-01,2026-07-03,2,Completed
S0001127,A000190,6,Documentation,Operations,2026-07-03,2026-07-05,2,Completed
S0001128,A000190,7,Disbursement,Operations,2026-07-05,2026-07-06,1,Completed
S0001129,A000191,1,Application Received,SME Sales,2024-04-03,2024-04-03,0,Completed
S0001130,A000191,2,Initial Screening,SME Sales,2024-04-03,2024-04-04,1,Completed
S0001131,A000191,3,Credit Assessment,Credit,2024-04-04,2024-04-10,6,Completed
S0001132,A000191,4,Risk Review,Risk,2024-04-10,2024-04-12,2,Completed
S0001133,A000191,5,Approval Committee,Credit,2024-04-12,2024-04-15,3,Completed
S0001134,A000191,6,Documentation,Operations,2024-04-15,2024-04-17,2,Completed
S0001135,A000191,7,Disbursement,Operations,2024-04-17,2024-04-18,1,Completed
S0001136,A000192,1,Application Received,SME Sales,2024-12-01,2024-12-01,0,Completed
S0001137,A000192,2,Initial Screening,SME Sales,2024-12-01,2024-12-03,2,Completed
S0001138,A000192,3,Credit Assessment,Credit,2024-12-03,2024-12-08,5,Completed
S0001139,A000192,4,Risk Review,Risk,2024-12-08,2024-12-12,4,Completed
S0001140,A000192,5,Approval Committee,Credit,2024-12-12,2024-12-15,3,Completed
S0001141,A000193,1,Application Received,SME Sales,2024-01-31,2024-01-31,0,Completed
S0001142,A000193,2,Initial Screening,SME Sales,2024-01-31,2024-02-01,1,Completed
S0001143,A000193,3,Credit Assessment,Credit,2024-02-01,2024-02-04,3,Completed
S0001144,A000193,4,Risk Review,Risk,2024-02-04,2024-02-08,4,Completed
S0001145,A000193,5,Approval Committee,Credit,2024-02-08,2024-02-10,2,Completed
S0001146,A000193,6,Documentation,Operations,2024-02-10,2024-02-13,3,Completed
S0001147,A000193,7,Disbursement,Operations,2024-02-13,2024-02-14,1,Completed
S0001148,A000194,1,Application Received,SME Sales,2025-09-02,2025-09-02,0,Completed
S0001149,A000194,2,Initial Screening,SME Sales,2025-09-02,2025-09-05,3,Completed
S0001150,A000194,3,Credit Assessment,Credit,2025-09-05,2025-09-08,3,Completed
S0001151,A000194,4,Risk Review,Risk,2025-09-08,2025-09-10,2,Completed
S0001152,A000194,5,Approval Committee,Credit,2025-09-10,2025-09-11,1,Completed
S0001153,A000194,6,Documentation,Operations,2025-09-11,2025-09-13,2,Completed
S0001154,A000194,7,Disbursement,Operations,2025-09-13,2025-09-15,2,Completed
S0001155,A000195,1,Application Received,SME Sales,2026-06-10,2026-06-10,0,Completed
S0001156,A000195,2,Initial Screening,SME Sales,2026-06-10,2026-06-13,3,Completed
S0001157,A000195,3,Credit Assessment,Credit,2026-06-13,2026-06-18,5,Completed
S0001158,A000196,1,Application Received,SME Sales,2025-09-13,2025-09-13,0,Completed
S0001159,A000196,2,Initial Screening,SME Sales,2025-09-13,2025-09-16,3,Completed
S0001160,A000197,1,Application Received,SME Sales,2025-02-21,2025-02-21,0,Completed
S0001161,A000197,2,Initial Screening,SME Sales,2025-02-21,2025-02-24,3,Completed
S0001162,A000197,3,Credit Assessment,Credit,2025-02-24,2025-02-26,2,Completed
S0001163,A000198,1,Application Received,SME Sales,2024-05-11,2024-05-12,1,Completed
S0001164,A000198,2,Initial Screening,SME Sales,2024-05-12,2024-05-13,1,Completed
S0001165,A000198,3,Credit Assessment,Credit,2024-05-13,2024-05-17,4,Completed
S0001166,A000198,4,Risk Review,Risk,2024-05-17,2024-05-19,2,Completed
S0001167,A000198,5,Approval Committee,Credit,2024-05-19,2024-05-20,1,Completed
S0001168,A000198,6,Documentation,Operations,2024-05-20,2024-05-25,5,Completed
S0001169,A000198,7,Disbursement,Operations,2024-05-25,2024-05-26,1,Completed
S0001170,A000199,1,Application Received,SME Sales,2024-03-15,2024-03-15,0,Completed
S0001171,A000199,2,Initial Screening,SME Sales,2024-03-15,2024-03-17,2,Completed
S0001172,A000199,3,Credit Assessment,Credit,2024-03-17,2024-03-19,2,Completed
S0001173,A000199,4,Risk Review,Risk,2024-03-19,2024-03-21,2,Completed
S0001174,A000199,5,Approval Committee,Credit,2024-03-21,2024-03-22,1,Completed
S0001175,A000200,1,Application Received,SME Sales,2026-05-17,2026-05-17,0,Completed
S0001176,A000200,2,Initial Screening,SME Sales,2026-05-17,2026-05-19,2,Completed
S0001177,A000200,3,Credit Assessment,Credit,2026-05-19,2026-05-22,3,Completed
S0001178,A000200,4,Risk Review,Risk,2026-05-22,2026-05-24,2,Completed
S0001179,A000200,5,Approval Committee,Credit,2026-05-24,2026-05-25,1,Completed
S0001180,A000200,6,Documentation,Operations,2026-05-25,2026-05-30,5,Completed
S0001181,A000200,7,Disbursement,Operations,2026-05-30,2026-06-01,2,Completed
S0001182,A000201,1,Application Received,SME Sales,2024-12-16,2024-12-16,0,Completed
S0001183,A000201,2,Initial Screening,SME Sales,2024-12-16,2024-12-17,1,Completed
S0001184,A000201,3,Credit Assessment,Credit,2024-12-17,2024-12-19,2,Completed
S0001185,A000201,4,Risk Review,Risk,2024-12-19,2024-12-21,2,Completed
S0001186,A000201,5,Approval Committee,Credit,2024-12-21,2024-12-24,3,Completed
S0001187,A000201,6,Documentation,Operations,2024-12-24,2024-12-28,4,Completed
S0001188,A000201,7,Disbursement,Operations,2024-12-28,2024-12-29,1,Completed
S0001189,A000202,1,Application Received,SME Sales,2025-12-11,2025-12-11,0,Completed
S0001190,A000202,2,Initial Screening,SME Sales,2025-12-11,2025-12-14,3,Completed
S0001191,A000202,3,Credit Assessment,Credit,2025-12-14,2025-12-19,5,Completed
S0001192,A000203,1,Application Received,SME Sales,2025-09-04,2025-09-05,1,Completed
S0001193,A000203,2,Initial Screening,SME Sales,2025-09-05,2025-09-08,3,Completed
S0001194,A000203,3,Credit Assessment,Credit,2025-09-08,2025-09-12,4,Completed
S0001195,A000203,4,Risk Review,Risk,2025-09-12,2025-09-16,4,Completed
S0001196,A000203,5,Approval Committee,Credit,2025-09-16,2025-09-19,3,Completed
S0001197,A000203,6,Documentation,Operations,2025-09-19,2025-09-21,2,Completed
S0001198,A000203,7,Disbursement,Operations,2025-09-21,2025-09-22,1,Completed
S0001199,A000204,1,Application Received,SME Sales,2025-06-18,2025-06-18,0,Completed
S0001200,A000204,2,Initial Screening,SME Sales,2025-06-18,2025-06-21,3,Completed
S0001201,A000204,3,Credit Assessment,Credit,2025-06-21,2025-06-26,5,Completed
S0001202,A000204,4,Risk Review,Risk,2025-06-26,2025-06-27,1,Completed
S0001203,A000204,5,Approval Committee,Credit,2025-06-27,2025-06-29,2,Completed
S0001204,A000204,6,Documentation,Operations,2025-06-29,2025-07-04,5,Completed
S0001205,A000204,7,Disbursement,Operations,2025-07-04,2025-07-06,2,Completed
S0001206,A000205,1,Application Received,SME Sales,2026-06-30,2026-06-30,0,Completed
S0001207,A000205,2,Initial Screening,SME Sales,2026-06-30,2026-07-01,1,Completed
S0001208,A000205,3,Credit Assessment,Credit,2026-07-01,2026-07-05,4,Completed
S0001209,A000205,4,Risk Review,Risk,2026-07-05,2026-07-08,3,Completed
S0001210,A000205,5,Approval Committee,Credit,2026-07-08,2026-07-11,3,Completed
S0001211,A000205,6,Documentation,Operations,2026-07-11,2026-07-14,3,Completed
S0001212,A000205,7,Disbursement,Operations,2026-07-14,2026-07-16,2,Completed
S0001213,A000206,1,Application Received,SME Sales,2025-04-29,2025-04-29,0,Completed
S0001214,A000206,2,Initial Screening,SME Sales,2025-04-29,2025-05-02,3,Completed
S0001215,A000206,3,Credit Assessment,Credit,2025-05-02,2025-05-08,6,Completed
S0001216,A000206,4,Risk Review,Risk,2025-05-08,2025-05-11,3,Completed
S0001217,A000206,5,Approval Committee,Credit,2025-05-11,2025-05-12,1,Completed
S0001218,A000206,6,Documentation,Operations,2025-05-12,2025-05-16,4,Completed
S0001219,A000206,7,Disbursement,Operations,2025-05-16,2025-05-18,2,Completed
S0001220,A000207,1,Application Received,SME Sales,2025-11-09,2025-11-10,1,Completed
S0001221,A000207,2,Initial Screening,SME Sales,2025-11-10,2025-11-12,2,Completed
S0001222,A000207,3,Credit Assessment,Credit,2025-11-12,2025-11-17,5,Completed
S0001223,A000207,4,Risk Review,Risk,2025-11-17,2025-11-18,1,Completed
S0001224,A000207,5,Approval Committee,Credit,2025-11-18,2025-11-19,1,Completed
S0001225,A000208,1,Application Received,SME Sales,2024-04-30,2024-05-01,1,Completed
S0001226,A000208,2,Initial Screening,SME Sales,2024-05-01,2024-05-04,3,Completed
S0001227,A000208,3,Credit Assessment,Credit,2024-05-04,2024-05-06,2,Completed
S0001228,A000208,4,Risk Review,Risk,2024-05-06,2024-05-10,4,Completed
S0001229,A000208,5,Approval Committee,Credit,2024-05-10,2024-05-11,1,Completed
S0001230,A000208,6,Documentation,Operations,2024-05-11,2024-05-14,3,Completed
S0001231,A000208,7,Disbursement,Operations,2024-05-14,2024-05-16,2,Completed
S0001232,A000209,1,Application Received,SME Sales,2025-07-17,2025-07-17,0,Completed
S0001233,A000209,2,Initial Screening,SME Sales,2025-07-17,2025-07-20,3,Completed
S0001234,A000209,3,Credit Assessment,Credit,2025-07-20,2025-07-24,4,Completed
S0001235,A000209,4,Risk Review,Risk,2025-07-24,2025-07-27,3,Completed
S0001236,A000209,5,Approval Committee,Credit,2025-07-27,2025-07-28,1,Completed
S0001237,A000209,6,Documentation,Operations,2025-07-28,2025-07-30,2,Completed
S0001238,A000209,7,Disbursement,Operations,2025-07-30,2025-07-31,1,Completed
S0001239,A000210,1,Application Received,SME Sales,2024-11-17,2024-11-17,0,Completed
S0001240,A000210,2,Initial Screening,SME Sales,2024-11-17,2024-11-20,3,Completed
S0001241,A000210,3,Credit Assessment,Credit,2024-11-20,2024-11-23,3,Completed
S0001242,A000210,4,Risk Review,Risk,2024-11-23,2024-11-26,3,Completed
S0001243,A000210,5,Approval Committee,Credit,2024-11-26,2024-11-29,3,Completed
S0001244,A000211,1,Application Received,SME Sales,2026-05-02,2026-05-02,0,Completed
S0001245,A000211,2,Initial Screening,SME Sales,2026-05-02,2026-05-03,1,Completed
S0001246,A000211,3,Credit Assessment,Credit,2026-05-03,2026-05-06,3,Completed
S0001247,A000211,4,Risk Review,Risk,2026-05-06,2026-05-08,2,Completed
S0001248,A000211,5,Approval Committee,Credit,2026-05-08,2026-05-09,1,Completed
S0001249,A000211,6,Documentation,Operations,2026-05-09,2026-05-14,5,Completed
S0001250,A000211,7,Disbursement,Operations,2026-05-14,2026-05-15,1,Completed
S0001251,A000212,1,Application Received,SME Sales,2025-11-15,2025-11-16,1,Completed
S0001252,A000212,2,Initial Screening,SME Sales,2025-11-16,2025-11-19,3,Completed
S0001253,A000213,1,Application Received,SME Sales,2024-03-15,2024-03-15,0,Completed
S0001254,A000213,2,Initial Screening,SME Sales,2024-03-15,2024-03-16,1,Completed
S0001255,A000213,3,Credit Assessment,Credit,2024-03-16,2024-03-20,4,Completed
S0001256,A000213,4,Risk Review,Risk,2024-03-20,2024-03-21,1,Completed
S0001257,A000213,5,Approval Committee,Credit,2024-03-21,2024-03-24,3,Completed
S0001258,A000213,6,Documentation,Operations,2024-03-24,2024-03-27,3,Completed
S0001259,A000213,7,Disbursement,Operations,2024-03-27,2024-03-28,1,Completed
S0001260,A000214,1,Application Received,SME Sales,2024-10-13,2024-10-14,1,Completed
S0001261,A000214,2,Initial Screening,SME Sales,2024-10-14,2024-10-15,1,Completed
S0001262,A000214,3,Credit Assessment,Credit,2024-10-15,2024-10-20,5,Completed
S0001263,A000214,4,Risk Review,Risk,2024-10-20,2024-10-24,4,Completed
S0001264,A000214,5,Approval Committee,Credit,2024-10-24,2024-10-25,1,Completed
S0001265,A000214,6,Documentation,Operations,2024-10-25,2024-10-29,4,Completed
S0001266,A000214,7,Disbursement,Operations,2024-10-29,2024-10-30,1,Completed
S0001267,A000215,1,Application Received,SME Sales,2024-12-18,2024-12-18,0,Completed
S0001268,A000215,2,Initial Screening,SME Sales,2024-12-18,2024-12-19,1,Completed
S0001269,A000216,1,Application Received,SME Sales,2024-09-26,2024-09-26,0,Completed
S0001270,A000216,2,Initial Screening,SME Sales,2024-09-26,2024-09-27,1,Completed
S0001271,A000216,3,Credit Assessment,Credit,2024-09-27,2024-09-29,2,Completed
S0001272,A000216,4,Risk Review,Risk,2024-09-29,2024-10-03,4,Completed
S0001273,A000216,5,Approval Committee,Credit,2024-10-03,2024-10-05,2,Completed
S0001274,A000216,6,Documentation,Operations,2024-10-05,2024-10-09,4,Completed
S0001275,A000216,7,Disbursement,Operations,2024-10-09,2024-10-11,2,Completed
S0001276,A000217,1,Application Received,SME Sales,2026-07-26,2026-07-26,0,Completed
S0001277,A000217,2,Initial Screening,SME Sales,2026-07-26,2026-07-29,3,Completed
S0001278,A000217,3,Credit Assessment,Credit,2026-07-29,2026-08-01,3,Completed
S0001279,A000217,4,Risk Review,Risk,2026-08-01,2026-08-03,2,Completed
S0001280,A000217,5,Approval Committee,Credit,2026-08-03,2026-08-05,2,Completed
S0001281,A000217,6,Documentation,Operations,2026-08-05,2026-08-10,5,Completed
S0001282,A000217,7,Disbursement,Operations,2026-08-10,2026-08-11,1,Completed
S0001283,A000218,1,Application Received,SME Sales,2025-03-08,2025-03-08,0,Completed
S0001284,A000218,2,Initial Screening,SME Sales,2025-03-08,2025-03-11,3,Completed
S0001285,A000218,3,Credit Assessment,Credit,2025-03-11,2025-03-13,2,Completed
S0001286,A000218,4,Risk Review,Risk,2025-03-13,2025-03-17,4,Completed
S0001287,A000218,5,Approval Committee,Credit,2025-03-17,2025-03-19,2,Completed
S0001288,A000218,6,Documentation,Operations,2025-03-19,2025-03-21,2,Completed
S0001289,A000218,7,Disbursement,Operations,2025-03-21,2025-03-22,1,Completed
S0001290,A000219,1,Application Received,SME Sales,2025-08-29,2025-08-30,1,Completed
S0001291,A000219,2,Initial Screening,SME Sales,2025-08-30,2025-09-01,2,Completed
S0001292,A000219,3,Credit Assessment,Credit,2025-09-01,2025-09-07,6,Completed
S0001293,A000219,4,Risk Review,Risk,2025-09-07,2025-09-11,4,Completed
S0001294,A000219,5,Approval Committee,Credit,2025-09-11,2025-09-14,3,Completed
S0001295,A000219,6,Documentation,Operations,2025-09-14,2025-09-17,3,Completed
S0001296,A000219,7,Disbursement,Operations,2025-09-17,2025-09-18,1,Completed
S0001297,A000220,1,Application Received,SME Sales,2024-09-13,2024-09-14,1,Completed
S0001298,A000220,2,Initial Screening,SME Sales,2024-09-14,2024-09-15,1,Completed
S0001299,A000220,3,Credit Assessment,Credit,2024-09-15,2024-09-19,4,Completed
S0001300,A000221,1,Application Received,SME Sales,2026-06-18,2026-06-18,0,Completed
S0001301,A000221,2,Initial Screening,SME Sales,2026-06-18,2026-06-21,3,Completed
S0001302,A000221,3,Credit Assessment,Credit,2026-06-21,2026-06-26,5,Completed
S0001303,A000221,4,Risk Review,Risk,2026-06-26,2026-06-29,3,Completed
S0001304,A000221,5,Approval Committee,Credit,2026-06-29,2026-06-30,1,Completed
S0001305,A000221,6,Documentation,Operations,2026-06-30,2026-07-05,5,Completed
S0001306,A000221,7,Disbursement,Operations,2026-07-05,2026-07-07,2,Completed
S0001307,A000222,1,Application Received,SME Sales,2025-03-12,2025-03-12,0,Completed
S0001308,A000222,2,Initial Screening,SME Sales,2025-03-12,2025-03-13,1,Completed
S0001309,A000222,3,Credit Assessment,Credit,2025-03-13,2025-03-16,3,Completed
S0001310,A000222,4,Risk Review,Risk,2025-03-16,2025-03-18,2,Completed
S0001311,A000222,5,Approval Committee,Credit,2025-03-18,2025-03-19,1,Completed
S0001312,A000222,6,Documentation,Operations,2025-03-19,2025-03-23,4,Completed
S0001313,A000222,7,Disbursement,Operations,2025-03-23,2025-03-24,1,Completed
S0001314,A000223,1,Application Received,SME Sales,2024-01-24,2024-01-25,1,Completed
S0001315,A000223,2,Initial Screening,SME Sales,2024-01-25,2024-01-28,3,Completed
S0001316,A000223,3,Credit Assessment,Credit,2024-01-28,2024-02-01,4,Completed
S0001317,A000223,4,Risk Review,Risk,2024-02-01,2024-02-03,2,Completed
S0001318,A000223,5,Approval Committee,Credit,2024-02-03,2024-02-06,3,Completed
S0001319,A000223,6,Documentation,Operations,2024-02-06,2024-02-08,2,Completed
S0001320,A000223,7,Disbursement,Operations,2024-02-08,2024-02-10,2,Completed
S0001321,A000224,1,Application Received,SME Sales,2026-04-06,2026-04-06,0,Completed
S0001322,A000224,2,Initial Screening,SME Sales,2026-04-06,2026-04-08,2,Completed
S0001323,A000224,3,Credit Assessment,Credit,2026-04-08,2026-04-11,3,Completed
S0001324,A000224,4,Risk Review,Risk,2026-04-11,2026-04-12,1,Completed
S0001325,A000224,5,Approval Committee,Credit,2026-04-12,2026-04-15,3,Completed
S0001326,A000225,1,Application Received,SME Sales,2025-11-26,2025-11-27,1,Completed
S0001327,A000225,2,Initial Screening,SME Sales,2025-11-27,2025-11-28,1,Completed
S0001328,A000225,3,Credit Assessment,Credit,2025-11-28,2025-12-03,5,Completed
S0001329,A000225,4,Risk Review,Risk,2025-12-03,2025-12-06,3,Completed
S0001330,A000225,5,Approval Committee,Credit,2025-12-06,2025-12-07,1,Completed
S0001331,A000225,6,Documentation,Operations,2025-12-07,2025-12-12,5,Completed
S0001332,A000225,7,Disbursement,Operations,2025-12-12,2025-12-14,2,Completed
S0001333,A000226,1,Application Received,SME Sales,2025-02-11,2025-02-12,1,Completed
S0001334,A000226,2,Initial Screening,SME Sales,2025-02-12,2025-02-13,1,Completed
S0001335,A000226,3,Credit Assessment,Credit,2025-02-13,2025-02-19,6,Completed
S0001336,A000226,4,Risk Review,Risk,2025-02-19,2025-02-22,3,Completed
S0001337,A000226,5,Approval Committee,Credit,2025-02-22,2025-02-25,3,Completed
S0001338,A000226,6,Documentation,Operations,2025-02-25,2025-03-01,4,Completed
S0001339,A000226,7,Disbursement,Operations,2025-03-01,2025-03-02,1,Completed
S0001340,A000227,1,Application Received,SME Sales,2026-07-29,2026-07-30,1,Completed
S0001341,A000227,2,Initial Screening,SME Sales,2026-07-30,2026-08-01,2,Completed
S0001342,A000227,3,Credit Assessment,Credit,2026-08-01,2026-08-06,5,Completed
S0001343,A000227,4,Risk Review,Risk,2026-08-06,2026-08-10,4,Completed
S0001344,A000227,5,Approval Committee,Credit,2026-08-10,2026-08-11,1,Completed
S0001345,A000228,1,Application Received,SME Sales,2024-11-01,2024-11-02,1,Completed
S0001346,A000228,2,Initial Screening,SME Sales,2024-11-02,2024-11-05,3,Completed
S0001347,A000228,3,Credit Assessment,Credit,2024-11-05,2024-11-09,4,Completed
S0001348,A000229,1,Application Received,SME Sales,2026-08-03,2026-08-04,1,Completed
S0001349,A000229,2,Initial Screening,SME Sales,2026-08-04,2026-08-07,3,Completed
S0001350,A000229,3,Credit Assessment,Credit,2026-08-07,2026-08-13,6,Completed
S0001351,A000229,4,Risk Review,Risk,2026-08-13,2026-08-14,1,Completed
S0001352,A000229,5,Approval Committee,Credit,2026-08-14,2026-08-17,3,Completed
S0001353,A000230,1,Application Received,SME Sales,2026-09-13,2026-09-13,0,Completed
S0001354,A000230,2,Initial Screening,SME Sales,2026-09-13,2026-09-14,1,Completed
S0001355,A000230,3,Credit Assessment,Credit,2026-09-14,2026-09-19,5,Completed
S0001356,A000230,4,Risk Review,Risk,2026-09-19,2026-09-23,4,Completed
S0001357,A000230,5,Approval Committee,Credit,2026-09-23,2026-09-25,2,Completed
S0001358,A000231,1,Application Received,SME Sales,2024-05-12,2024-05-12,0,Completed
S0001359,A000231,2,Initial Screening,SME Sales,2024-05-12,2024-05-14,2,Completed
S0001360,A000231,3,Credit Assessment,Credit,2024-05-14,2024-05-20,6,Completed
S0001361,A000231,4,Risk Review,Risk,2024-05-20,2024-05-22,2,Completed
S0001362,A000232,1,Application Received,SME Sales,2025-12-13,2025-12-14,1,Completed
S0001363,A000232,2,Initial Screening,SME Sales,2025-12-14,2025-12-16,2,Completed
S0001364,A000232,3,Credit Assessment,Credit,2025-12-16,2025-12-18,2,Completed
S0001365,A000232,4,Risk Review,Risk,2025-12-18,2025-12-19,1,Completed
S0001366,A000232,5,Approval Committee,Credit,2025-12-19,2025-12-21,2,Completed
S0001367,A000232,6,Documentation,Operations,2025-12-21,2025-12-24,3,Completed
S0001368,A000232,7,Disbursement,Operations,2025-12-24,2025-12-26,2,Completed
S0001369,A000233,1,Application Received,SME Sales,2024-06-29,2024-06-29,0,Completed
S0001370,A000233,2,Initial Screening,SME Sales,2024-06-29,2024-07-01,2,Completed
S0001371,A000233,3,Credit Assessment,Credit,2024-07-01,2024-07-07,6,Completed
S0001372,A000233,4,Risk Review,Risk,2024-07-07,2024-07-11,4,Completed
S0001373,A000233,5,Approval Committee,Credit,2024-07-11,2024-07-12,1,Completed
S0001374,A000233,6,Documentation,Operations,2024-07-12,2024-07-15,3,Completed
S0001375,A000233,7,Disbursement,Operations,2024-07-15,2024-07-16,1,Completed
S0001376,A000234,1,Application Received,SME Sales,2024-05-16,2024-05-16,0,Completed
S0001377,A000234,2,Initial Screening,SME Sales,2024-05-16,2024-05-17,1,Completed
S0001378,A000234,3,Credit Assessment,Credit,2024-05-17,2024-05-23,6,Completed
S0001379,A000234,4,Risk Review,Risk,2024-05-23,2024-05-25,2,Completed
S0001380,A000234,5,Approval Committee,Credit,2024-05-25,2024-05-26,1,Completed
S0001381,A000235,1,Application Received,SME Sales,2025-12-01,2025-12-01,0,Completed
S0001382,A000235,2,Initial Screening,SME Sales,2025-12-01,2025-12-03,2,Completed
S0001383,A000235,3,Credit Assessment,Credit,2025-12-03,2025-12-05,2,Completed
S0001384,A000235,4,Risk Review,Risk,2025-12-05,2025-12-06,1,Completed
S0001385,A000235,5,Approval Committee,Credit,2025-12-06,2025-12-07,1,Completed
S0001386,A000235,6,Documentation,Operations,2025-12-07,2025-12-09,2,Completed
S0001387,A000235,7,Disbursement,Operations,2025-12-09,2025-12-10,1,Completed
S0001388,A000236,1,Application Received,SME Sales,2024-08-15,2024-08-15,0,Completed
S0001389,A000236,2,Initial Screening,SME Sales,2024-08-15,2024-08-17,2,Completed
S0001390,A000236,3,Credit Assessment,Credit,2024-08-17,2024-08-20,3,Completed
S0001391,A000236,4,Risk Review,Risk,2024-08-20,2024-08-24,4,Completed
S0001392,A000237,1,Application Received,SME Sales,2026-08-30,2026-08-30,0,Completed
S0001393,A000237,2,Initial Screening,SME Sales,2026-08-30,2026-08-31,1,Completed
S0001394,A000237,3,Credit Assessment,Credit,2026-08-31,2026-09-06,6,Completed
S0001395,A000237,4,Risk Review,Risk,2026-09-06,2026-09-07,1,Completed
S0001396,A000237,5,Approval Committee,Credit,2026-09-07,2026-09-09,2,Completed
S0001397,A000237,6,Documentation,Operations,2026-09-09,,,In Progress
S0001398,A000238,1,Application Received,SME Sales,2026-07-04,2026-07-05,1,Completed
S0001399,A000238,2,Initial Screening,SME Sales,2026-07-05,2026-07-06,1,Completed
S0001400,A000238,3,Credit Assessment,Credit,2026-07-06,2026-07-11,5,Completed
S0001401,A000239,1,Application Received,SME Sales,2025-01-07,2025-01-08,1,Completed
S0001402,A000239,2,Initial Screening,SME Sales,2025-01-08,2025-01-09,1,Completed
S0001403,A000239,3,Credit Assessment,Credit,2025-01-09,2025-01-14,5,Completed
S0001404,A000239,4,Risk Review,Risk,2025-01-14,2025-01-18,4,Completed
S0001405,A000239,5,Approval Committee,Credit,2025-01-18,2025-01-21,3,Completed
S0001406,A000239,6,Documentation,Operations,2025-01-21,2025-01-25,4,Completed
S0001407,A000239,7,Disbursement,Operations,2025-01-25,2025-01-27,2,Completed
S0001408,A000240,1,Application Received,SME Sales,2025-03-12,2025-03-12,0,Completed
S0001409,A000240,2,Initial Screening,SME Sales,2025-03-12,2025-03-15,3,Completed
S0001410,A000240,3,Credit Assessment,Credit,2025-03-15,2025-03-17,2,Completed
S0001411,A000240,4,Risk Review,Risk,2025-03-17,2025-03-21,4,Completed
S0001412,A000240,5,Approval Committee,Credit,2025-03-21,2025-03-22,1,Completed
S0001413,A000240,6,Documentation,Operations,2025-03-22,2025-03-27,5,Completed
S0001414,A000240,7,Disbursement,Operations,2025-03-27,2025-03-29,2,Completed
S0001415,A000241,1,Application Received,SME Sales,2025-01-27,2025-01-28,1,Completed
S0001416,A000241,2,Initial Screening,SME Sales,2025-01-28,2025-01-30,2,Completed
S0001417,A000241,3,Credit Assessment,Credit,2025-01-30,2025-02-05,6,Completed
S0001418,A000241,4,Risk Review,Risk,2025-02-05,2025-02-09,4,Completed
S0001419,A000241,5,Approval Committee,Credit,2025-02-09,2025-02-12,3,Completed
S0001420,A000241,6,Documentation,Operations,2025-02-12,2025-02-17,5,Completed
S0001421,A000241,7,Disbursement,Operations,2025-02-17,2025-02-18,1,Completed
S0001422,A000242,1,Application Received,SME Sales,2026-06-30,2026-06-30,0,Completed
S0001423,A000242,2,Initial Screening,SME Sales,2026-06-30,2026-07-01,1,Completed
S0001424,A000242,3,Credit Assessment,Credit,2026-07-01,2026-07-05,4,Completed
S0001425,A000242,4,Risk Review,Risk,2026-07-05,2026-07-06,1,Completed
S0001426,A000242,5,Approval Committee,Credit,2026-07-06,2026-07-08,2,Completed
S0001427,A000242,6,Documentation,Operations,2026-07-08,2026-07-10,2,Completed
S0001428,A000242,7,Disbursement,Operations,2026-07-10,2026-07-12,2,Completed
S0001429,A000243,1,Application Received,SME Sales,2026-06-02,2026-06-03,1,Completed
S0001430,A000243,2,Initial Screening,SME Sales,2026-06-03,2026-06-06,3,Completed
S0001431,A000243,3,Credit Assessment,Credit,2026-06-06,2026-06-08,2,Completed
S0001432,A000243,4,Risk Review,Risk,2026-06-08,2026-06-10,2,Completed
S0001433,A000243,5,Approval Committee,Credit,2026-06-10,2026-06-13,3,Completed
S0001434,A000243,6,Documentation,Operations,2026-06-13,2026-06-15,2,Completed
S0001435,A000243,7,Disbursement,Operations,2026-06-15,2026-06-16,1,Completed
S0001436,A000244,1,Application Received,SME Sales,2024-05-11,2024-05-11,0,Completed
S0001437,A000244,2,Initial Screening,SME Sales,2024-05-11,2024-05-12,1,Completed
S0001438,A000244,3,Credit Assessment,Credit,2024-05-12,2024-05-16,4,Completed
S0001439,A000244,4,Risk Review,Risk,2024-05-16,2024-05-19,3,Completed
S0001440,A000244,5,Approval Committee,Credit,2024-05-19,2024-05-22,3,Completed
S0001441,A000244,6,Documentation,Operations,2024-05-22,2024-05-27,5,Completed
S0001442,A000244,7,Disbursement,Operations,2024-05-27,2024-05-29,2,Completed
S0001443,A000245,1,Application Received,SME Sales,2024-08-23,2024-08-24,1,Completed
S0001444,A000245,2,Initial Screening,SME Sales,2024-08-24,2024-08-26,2,Completed
S0001445,A000245,3,Credit Assessment,Credit,2024-08-26,2024-08-31,5,Completed
S0001446,A000245,4,Risk Review,Risk,2024-08-31,2024-09-04,4,Completed
S0001447,A000245,5,Approval Committee,Credit,2024-09-04,2024-09-05,1,Completed
S0001448,A000245,6,Documentation,Operations,2024-09-05,2024-09-09,4,Completed
S0001449,A000245,7,Disbursement,Operations,2024-09-09,2024-09-10,1,Completed
S0001450,A000246,1,Application Received,SME Sales,2024-02-04,2024-02-05,1,Completed
S0001451,A000246,2,Initial Screening,SME Sales,2024-02-05,2024-02-08,3,Completed
S0001452,A000246,3,Credit Assessment,Credit,2024-02-08,2024-02-10,2,Completed
S0001453,A000246,4,Risk Review,Risk,2024-02-10,2024-02-11,1,Completed
S0001454,A000247,1,Application Received,SME Sales,2026-09-13,2026-09-14,1,Completed
S0001455,A000247,2,Initial Screening,SME Sales,2026-09-14,2026-09-15,1,Completed
S0001456,A000247,3,Credit Assessment,Credit,2026-09-15,2026-09-21,6,Completed
S0001457,A000247,4,Risk Review,Risk,2026-09-21,2026-09-23,2,Completed
S0001458,A000247,5,Approval Committee,Credit,2026-09-23,2026-09-24,1,Completed
S0001459,A000247,6,Documentation,Operations,2026-09-24,2026-09-29,5,Completed
S0001460,A000247,7,Disbursement,Operations,2026-09-29,2026-09-30,1,Completed
S0001461,A000248,1,Application Received,SME Sales,2024-10-21,2024-10-22,1,Completed
S0001462,A000248,2,Initial Screening,SME Sales,2024-10-22,2024-10-24,2,Completed
S0001463,A000248,3,Credit Assessment,Credit,2024-10-24,2024-10-26,2,Completed
S0001464,A000248,4,Risk Review,Risk,2024-10-26,2024-10-30,4,Completed
S0001465,A000248,5,Approval Committee,Credit,2024-10-30,2024-11-01,2,Completed
S0001466,A000248,6,Documentation,Operations,2024-11-01,2024-11-03,2,Completed
S0001467,A000248,7,Disbursement,Operations,2024-11-03,2024-11-04,1,Completed
S0001468,A000249,1,Application Received,SME Sales,2025-10-22,2025-10-22,0,Completed
S0001469,A000249,2,Initial Screening,SME Sales,2025-10-22,2025-10-25,3,Completed
S0001470,A000249,3,Credit Assessment,Credit,2025-10-25,2025-10-28,3,Completed
S0001471,A000249,4,Risk Review,Risk,2025-10-28,2025-10-29,1,Completed
S0001472,A000249,5,Approval Committee,Credit,2025-10-29,2025-10-31,2,Completed
S0001473,A000249,6,Documentation,Operations,2025-10-31,2025-11-04,4,Completed
S0001474,A000249,7,Disbursement,Operations,2025-11-04,2025-11-05,1,Completed
S0001475,A000250,1,Application Received,SME Sales,2026-02-24,2026-02-25,1,Completed
S0001476,A000250,2,Initial Screening,SME Sales,2026-02-25,2026-02-27,2,Completed
S0001477,A000250,3,Credit Assessment,Credit,2026-02-27,2026-03-06,7,Completed
S0001478,A000250,4,Risk Review,Risk,2026-03-06,2026-03-10,4,Completed
S0001479,A000250,5,Approval Committee,Credit,2026-03-10,2026-03-12,2,Completed
S0001480,A000250,6,Documentation,Operations,2026-03-12,2026-03-15,3,Completed
S0001481,A000250,7,Disbursement,Operations,2026-03-15,2026-03-17,2,Completed
S0001482,A000251,1,Application Received,SME Sales,2024-06-07,2024-06-07,0,Completed
S0001483,A000251,2,Initial Screening,SME Sales,2024-06-07,2024-06-08,1,Completed
S0001484,A000251,3,Credit Assessment,Credit,2024-06-08,2024-06-14,6,Completed
S0001485,A000252,1,Application Received,SME Sales,2026-06-08,2026-06-09,1,Completed
S0001486,A000252,2,Initial Screening,SME Sales,2026-06-09,2026-06-12,3,Completed
S0001487,A000252,3,Credit Assessment,Credit,2026-06-12,2026-06-21,9,Completed
S0001488,A000252,4,Risk Review,Risk,2026-06-21,2026-06-23,2,Completed
S0001489,A000252,5,Approval Committee,Credit,2026-06-23,2026-06-26,3,Completed
S0001490,A000252,6,Documentation,Operations,2026-06-26,2026-06-30,4,Completed
S0001491,A000252,7,Disbursement,Operations,2026-06-30,2026-07-02,2,Completed
S0001492,A000253,1,Application Received,SME Sales,2026-08-06,2026-08-06,0,Completed
S0001493,A000253,2,Initial Screening,SME Sales,2026-08-06,2026-08-08,2,Completed
S0001494,A000253,3,Credit Assessment,Credit,2026-08-08,2026-08-14,6,Completed
S0001495,A000253,4,Risk Review,Risk,2026-08-14,2026-08-18,4,Completed
S0001496,A000253,5,Approval Committee,Credit,2026-08-18,2026-08-19,1,Completed
S0001497,A000253,6,Documentation,Operations,2026-08-19,2026-08-24,5,Completed
S0001498,A000253,7,Disbursement,Operations,2026-08-24,2026-08-25,1,Completed
S0001499,A000254,1,Application Received,SME Sales,2024-08-29,2024-08-29,0,Completed
S0001500,A000254,2,Initial Screening,SME Sales,2024-08-29,2024-08-30,1,Completed
S0001501,A000254,3,Credit Assessment,Credit,2024-08-30,2024-09-06,7,Completed
S0001502,A000254,4,Risk Review,Risk,2024-09-06,2024-09-10,4,Completed
S0001503,A000254,5,Approval Committee,Credit,2024-09-10,2024-09-13,3,Completed
S0001504,A000254,6,Documentation,Operations,2024-09-13,2024-09-15,2,Completed
S0001505,A000254,7,Disbursement,Operations,2024-09-15,2024-09-16,1,Completed
S0001506,A000255,1,Application Received,SME Sales,2026-01-12,2026-01-13,1,Completed
S0001507,A000255,2,Initial Screening,SME Sales,2026-01-13,2026-01-14,1,Completed
S0001508,A000255,3,Credit Assessment,Credit,2026-01-14,2026-01-20,6,Completed
S0001509,A000255,4,Risk Review,Risk,2026-01-20,2026-01-22,2,Completed
S0001510,A000255,5,Approval Committee,Credit,2026-01-22,2026-01-25,3,Completed
S0001511,A000255,6,Documentation,Operations,2026-01-25,2026-01-30,5,Completed
S0001512,A000255,7,Disbursement,Operations,2026-01-30,2026-02-01,2,Completed
S0001513,A000256,1,Application Received,SME Sales,2025-04-02,2025-04-03,1,Completed
S0001514,A000256,2,Initial Screening,SME Sales,2025-04-03,2025-04-05,2,Completed
S0001515,A000256,3,Credit Assessment,Credit,2025-04-05,2025-04-12,7,Completed
S0001516,A000257,1,Application Received,SME Sales,2024-08-07,2024-08-08,1,Completed
S0001517,A000257,2,Initial Screening,SME Sales,2024-08-08,2024-08-09,1,Completed
S0001518,A000257,3,Credit Assessment,Credit,2024-08-09,2024-08-14,5,Completed
S0001519,A000257,4,Risk Review,Risk,2024-08-14,2024-08-16,2,Completed
S0001520,A000258,1,Application Received,SME Sales,2026-03-20,2026-03-20,0,Completed
S0001521,A000258,2,Initial Screening,SME Sales,2026-03-20,2026-03-22,2,Completed
S0001522,A000258,3,Credit Assessment,Credit,2026-03-22,2026-03-27,5,Completed
S0001523,A000258,4,Risk Review,Risk,2026-03-27,2026-03-30,3,Completed
S0001524,A000258,5,Approval Committee,Credit,2026-03-30,2026-03-31,1,Completed
S0001525,A000258,6,Documentation,Operations,2026-03-31,2026-04-03,3,Completed
S0001526,A000258,7,Disbursement,Operations,2026-04-03,2026-04-04,1,Completed
S0001527,A000259,1,Application Received,SME Sales,2024-08-03,2024-08-04,1,Completed
S0001528,A000259,2,Initial Screening,SME Sales,2024-08-04,2024-08-07,3,Completed
S0001529,A000259,3,Credit Assessment,Credit,2024-08-07,2024-08-12,5,Completed
S0001530,A000259,4,Risk Review,Risk,2024-08-12,2024-08-16,4,Completed
S0001531,A000259,5,Approval Committee,Credit,2024-08-16,2024-08-17,1,Completed
S0001532,A000260,1,Application Received,SME Sales,2024-08-29,2024-08-29,0,Completed
S0001533,A000260,2,Initial Screening,SME Sales,2024-08-29,2024-08-31,2,Completed
S0001534,A000260,3,Credit Assessment,Credit,2024-08-31,2024-09-03,3,Completed
S0001535,A000260,4,Risk Review,Risk,2024-09-03,2024-09-06,3,Completed
S0001536,A000260,5,Approval Committee,Credit,2024-09-06,2024-09-07,1,Completed
S0001537,A000260,6,Documentation,Operations,2024-09-07,2024-09-10,3,Completed
S0001538,A000260,7,Disbursement,Operations,2024-09-10,2024-09-12,2,Completed
S0001539,A000261,1,Application Received,SME Sales,2024-06-01,2024-06-01,0,Completed
S0001540,A000261,2,Initial Screening,SME Sales,2024-06-01,2024-06-03,2,Completed
S0001541,A000261,3,Credit Assessment,Credit,2024-06-03,2024-06-07,4,Completed
S0001542,A000261,4,Risk Review,Risk,2024-06-07,2024-06-08,1,Completed
S0001543,A000261,5,Approval Committee,Credit,2024-06-08,2024-06-10,2,Completed
S0001544,A000261,6,Documentation,Operations,2024-06-10,2024-06-15,5,Completed
S0001545,A000261,7,Disbursement,Operations,2024-06-15,2024-06-16,1,Completed
S0001546,A000262,1,Application Received,SME Sales,2024-07-20,2024-07-20,0,Completed
S0001547,A000262,2,Initial Screening,SME Sales,2024-07-20,2024-07-22,2,Completed
S0001548,A000262,3,Credit Assessment,Credit,2024-07-22,2024-07-24,2,Completed
S0001549,A000262,4,Risk Review,Risk,2024-07-24,2024-07-25,1,Completed
S0001550,A000262,5,Approval Committee,Credit,2024-07-25,2024-07-27,2,Completed
S0001551,A000262,6,Documentation,Operations,2024-07-27,2024-07-30,3,Completed
S0001552,A000262,7,Disbursement,Operations,2024-07-30,2024-07-31,1,Completed
S0001553,A000263,1,Application Received,SME Sales,2024-04-30,2024-05-01,1,Completed
S0001554,A000263,2,Initial Screening,SME Sales,2024-05-01,2024-05-04,3,Completed
S0001555,A000263,3,Credit Assessment,Credit,2024-05-04,2024-05-07,3,Completed
S0001556,A000263,4,Risk Review,Risk,2024-05-07,2024-05-10,3,Completed
S0001557,A000264,1,Application Received,SME Sales,2026-07-24,2026-07-25,1,Completed
S0001558,A000264,2,Initial Screening,SME Sales,2026-07-25,2026-07-26,1,Completed
S0001559,A000264,3,Credit Assessment,Credit,2026-07-26,2026-08-01,6,Completed
S0001560,A000264,4,Risk Review,Risk,2026-08-01,2026-08-05,4,Completed
S0001561,A000264,5,Approval Committee,Credit,2026-08-05,2026-08-06,1,Completed
S0001562,A000265,1,Application Received,SME Sales,2025-08-08,2025-08-09,1,Completed
S0001563,A000265,2,Initial Screening,SME Sales,2025-08-09,2025-08-10,1,Completed
S0001564,A000265,3,Credit Assessment,Credit,2025-08-10,2025-08-14,4,Completed
S0001565,A000265,4,Risk Review,Risk,2025-08-14,2025-08-17,3,Completed
S0001566,A000265,5,Approval Committee,Credit,2025-08-17,2025-08-19,2,Completed
S0001567,A000265,6,Documentation,Operations,2025-08-19,2025-08-21,2,Completed
S0001568,A000265,7,Disbursement,Operations,2025-08-21,2025-08-23,2,Completed
S0001569,A000266,1,Application Received,SME Sales,2024-01-24,2024-01-25,1,Completed
S0001570,A000266,2,Initial Screening,SME Sales,2024-01-25,2024-01-27,2,Completed
S0001571,A000266,3,Credit Assessment,Credit,2024-01-27,2024-02-02,6,Completed
S0001572,A000266,4,Risk Review,Risk,2024-02-02,2024-02-03,1,Completed
S0001573,A000266,5,Approval Committee,Credit,2024-02-03,2024-02-06,3,Completed
S0001574,A000266,6,Documentation,Operations,2024-02-06,2024-02-10,4,Completed
S0001575,A000266,7,Disbursement,Operations,2024-02-10,2024-02-11,1,Completed
S0001576,A000267,1,Application Received,SME Sales,2025-01-10,2025-01-11,1,Completed
S0001577,A000267,2,Initial Screening,SME Sales,2025-01-11,2025-01-13,2,Completed
S0001578,A000267,3,Credit Assessment,Credit,2025-01-13,2025-01-16,3,Completed
S0001579,A000267,4,Risk Review,Risk,2025-01-16,2025-01-17,1,Completed
S0001580,A000267,5,Approval Committee,Credit,2025-01-17,2025-01-18,1,Completed
S0001581,A000267,6,Documentation,Operations,2025-01-18,2025-01-20,2,Completed
S0001582,A000267,7,Disbursement,Operations,2025-01-20,2025-01-22,2,Completed
S0001583,A000268,1,Application Received,SME Sales,2026-03-05,2026-03-06,1,Completed
S0001584,A000268,2,Initial Screening,SME Sales,2026-03-06,2026-03-08,2,Completed
S0001585,A000268,3,Credit Assessment,Credit,2026-03-08,2026-03-14,6,Completed
S0001586,A000268,4,Risk Review,Risk,2026-03-14,2026-03-17,3,Completed
S0001587,A000268,5,Approval Committee,Credit,2026-03-17,2026-03-19,2,Completed
S0001588,A000268,6,Documentation,Operations,2026-03-19,2026-03-23,4,Completed
S0001589,A000268,7,Disbursement,Operations,2026-03-23,2026-03-25,2,Completed
S0001590,A000269,1,Application Received,SME Sales,2024-03-17,2024-03-18,1,Completed
S0001591,A000269,2,Initial Screening,SME Sales,2024-03-18,2024-03-19,1,Completed
S0001592,A000269,3,Credit Assessment,Credit,2024-03-19,2024-03-24,5,Completed
S0001593,A000269,4,Risk Review,Risk,2024-03-24,2024-03-27,3,Completed
S0001594,A000269,5,Approval Committee,Credit,2024-03-27,2024-03-28,1,Completed
S0001595,A000269,6,Documentation,Operations,2024-03-28,2024-04-01,4,Completed
S0001596,A000269,7,Disbursement,Operations,2024-04-01,2024-04-03,2,Completed
S0001597,A000270,1,Application Received,SME Sales,2026-01-08,2026-01-08,0,Completed
S0001598,A000270,2,Initial Screening,SME Sales,2026-01-08,2026-01-10,2,Completed
S0001599,A000270,3,Credit Assessment,Credit,2026-01-10,2026-01-12,2,Completed
S0001600,A000271,1,Application Received,SME Sales,2025-12-01,2025-12-01,0,Completed
S0001601,A000271,2,Initial Screening,SME Sales,2025-12-01,2025-12-02,1,Completed
S0001602,A000271,3,Credit Assessment,Credit,2025-12-02,2025-12-07,5,Completed
S0001603,A000272,1,Application Received,SME Sales,2026-07-03,2026-07-04,1,Completed
S0001604,A000272,2,Initial Screening,SME Sales,2026-07-04,2026-07-07,3,Completed
S0001605,A000272,3,Credit Assessment,Credit,2026-07-07,2026-07-13,6,Completed
S0001606,A000272,4,Risk Review,Risk,2026-07-13,2026-07-15,2,Completed
S0001607,A000273,1,Application Received,SME Sales,2026-04-09,2026-04-10,1,Completed
S0001608,A000273,2,Initial Screening,SME Sales,2026-04-10,2026-04-12,2,Completed
S0001609,A000273,3,Credit Assessment,Credit,2026-04-12,2026-04-18,6,Completed
S0001610,A000273,4,Risk Review,Risk,2026-04-18,2026-04-22,4,Completed
S0001611,A000274,1,Application Received,SME Sales,2024-04-12,2024-04-12,0,Completed
S0001612,A000274,2,Initial Screening,SME Sales,2024-04-12,2024-04-14,2,Completed
S0001613,A000274,3,Credit Assessment,Credit,2024-04-14,2024-04-19,5,Completed
S0001614,A000274,4,Risk Review,Risk,2024-04-19,2024-04-21,2,Completed
S0001615,A000274,5,Approval Committee,Credit,2024-04-21,2024-04-23,2,Completed
S0001616,A000274,6,Documentation,Operations,2024-04-23,2024-04-26,3,Completed
S0001617,A000274,7,Disbursement,Operations,2024-04-26,2024-04-28,2,Completed
S0001618,A000275,1,Application Received,SME Sales,2024-04-20,2024-04-21,1,Completed
S0001619,A000275,2,Initial Screening,SME Sales,2024-04-21,2024-04-24,3,Completed
S0001620,A000275,3,Credit Assessment,Credit,2024-04-24,2024-04-30,6,Completed
S0001621,A000275,4,Risk Review,Risk,2024-04-30,2024-05-01,1,Completed
S0001622,A000275,5,Approval Committee,Credit,2024-05-01,2024-05-03,2,Completed
S0001623,A000275,6,Documentation,Operations,2024-05-03,2024-05-06,3,Completed
S0001624,A000275,7,Disbursement,Operations,2024-05-06,2024-05-07,1,Completed
S0001625,A000276,1,Application Received,SME Sales,2025-06-27,2025-06-27,0,Completed
S0001626,A000276,2,Initial Screening,SME Sales,2025-06-27,2025-06-29,2,Completed
S0001627,A000276,3,Credit Assessment,Credit,2025-06-29,2025-07-03,4,Completed
S0001628,A000276,4,Risk Review,Risk,2025-07-03,2025-07-04,1,Completed
S0001629,A000276,5,Approval Committee,Credit,2025-07-04,2025-07-06,2,Completed
S0001630,A000276,6,Documentation,Operations,2025-07-06,2025-07-10,4,Completed
S0001631,A000276,7,Disbursement,Operations,2025-07-10,2025-07-11,1,Completed
S0001632,A000277,1,Application Received,SME Sales,2025-03-15,2025-03-15,0,Completed
S0001633,A000277,2,Initial Screening,SME Sales,2025-03-15,2025-03-17,2,Completed
S0001634,A000277,3,Credit Assessment,Credit,2025-03-17,2025-03-22,5,Completed
S0001635,A000277,4,Risk Review,Risk,2025-03-22,2025-03-24,2,Completed
S0001636,A000277,5,Approval Committee,Credit,2025-03-24,2025-03-27,3,Completed
S0001637,A000277,6,Documentation,Operations,2025-03-27,2025-03-30,3,Completed
S0001638,A000277,7,Disbursement,Operations,2025-03-30,2025-03-31,1,Completed
S0001639,A000278,1,Application Received,SME Sales,2026-06-29,2026-06-30,1,Completed
S0001640,A000278,2,Initial Screening,SME Sales,2026-06-30,2026-07-02,2,Completed
S0001641,A000278,3,Credit Assessment,Credit,2026-07-02,2026-07-08,6,Completed
S0001642,A000278,4,Risk Review,Risk,2026-07-08,2026-07-10,2,Completed
S0001643,A000278,5,Approval Committee,Credit,2026-07-10,2026-07-12,2,Completed
S0001644,A000278,6,Documentation,Operations,2026-07-12,2026-07-16,4,Completed
S0001645,A000278,7,Disbursement,Operations,2026-07-16,2026-07-17,1,Completed
S0001646,A000279,1,Application Received,SME Sales,2026-09-15,2026-09-15,0,Completed
S0001647,A000279,2,Initial Screening,SME Sales,2026-09-15,,,In Progress
S0001648,A000280,1,Application Received,SME Sales,2024-09-25,2024-09-25,0,Completed
S0001649,A000280,2,Initial Screening,SME Sales,2024-09-25,2024-09-26,1,Completed
S0001650,A000280,3,Credit Assessment,Credit,2024-09-26,2024-10-02,6,Completed
S0001651,A000280,4,Risk Review,Risk,2024-10-02,2024-10-05,3,Completed
S0001652,A000280,5,Approval Committee,Credit,2024-10-05,2024-10-06,1,Completed
S0001653,A000280,6,Documentation,Operations,2024-10-06,2024-10-11,5,Completed
S0001654,A000280,7,Disbursement,Operations,2024-10-11,2024-10-13,2,Completed
S0001655,A000281,1,Application Received,SME Sales,2024-06-25,2024-06-25,0,Completed
S0001656,A000281,2,Initial Screening,SME Sales,2024-06-25,2024-06-27,2,Completed
S0001657,A000281,3,Credit Assessment,Credit,2024-06-27,2024-07-03,6,Completed
S0001658,A000281,4,Risk Review,Risk,2024-07-03,2024-07-04,1,Completed
S0001659,A000281,5,Approval Committee,Credit,2024-07-04,2024-07-07,3,Completed
S0001660,A000281,6,Documentation,Operations,2024-07-07,2024-07-09,2,Completed
S0001661,A000281,7,Disbursement,Operations,2024-07-09,2024-07-11,2,Completed
S0001662,A000282,1,Application Received,SME Sales,2024-07-22,2024-07-23,1,Completed
S0001663,A000282,2,Initial Screening,SME Sales,2024-07-23,2024-07-24,1,Completed
S0001664,A000282,3,Credit Assessment,Credit,2024-07-24,2024-07-29,5,Completed
S0001665,A000282,4,Risk Review,Risk,2024-07-29,2024-08-02,4,Completed
S0001666,A000282,5,Approval Committee,Credit,2024-08-02,2024-08-05,3,Completed
S0001667,A000283,1,Application Received,SME Sales,2025-05-11,2025-05-12,1,Completed
S0001668,A000283,2,Initial Screening,SME Sales,2025-05-12,2025-05-13,1,Completed
S0001669,A000283,3,Credit Assessment,Credit,2025-05-13,2025-05-15,2,Completed
S0001670,A000283,4,Risk Review,Risk,2025-05-15,2025-05-19,4,Completed
S0001671,A000283,5,Approval Committee,Credit,2025-05-19,2025-05-22,3,Completed
S0001672,A000283,6,Documentation,Operations,2025-05-22,2025-05-27,5,Completed
S0001673,A000283,7,Disbursement,Operations,2025-05-27,2025-05-28,1,Completed
S0001674,A000284,1,Application Received,SME Sales,2025-04-01,2025-04-02,1,Completed
S0001675,A000284,2,Initial Screening,SME Sales,2025-04-02,2025-04-04,2,Completed
S0001676,A000284,3,Credit Assessment,Credit,2025-04-04,2025-04-10,6,Completed
S0001677,A000284,4,Risk Review,Risk,2025-04-10,2025-04-11,1,Completed
S0001678,A000284,5,Approval Committee,Credit,2025-04-11,2025-04-12,1,Completed
S0001679,A000284,6,Documentation,Operations,2025-04-12,2025-04-14,2,Completed
S0001680,A000284,7,Disbursement,Operations,2025-04-14,2025-04-16,2,Completed
S0001681,A000285,1,Application Received,SME Sales,2025-02-24,2025-02-24,0,Completed
S0001682,A000285,2,Initial Screening,SME Sales,2025-02-24,2025-02-26,2,Completed
S0001683,A000285,3,Credit Assessment,Credit,2025-02-26,2025-03-03,5,Completed
S0001684,A000285,4,Risk Review,Risk,2025-03-03,2025-03-07,4,Completed
S0001685,A000285,5,Approval Committee,Credit,2025-03-07,2025-03-08,1,Completed
S0001686,A000286,1,Application Received,SME Sales,2026-07-07,2026-07-08,1,Completed
S0001687,A000286,2,Initial Screening,SME Sales,2026-07-08,2026-07-10,2,Completed
S0001688,A000286,3,Credit Assessment,Credit,2026-07-10,2026-07-12,2,Completed
S0001689,A000286,4,Risk Review,Risk,2026-07-12,2026-07-15,3,Completed
S0001690,A000286,5,Approval Committee,Credit,2026-07-15,2026-07-18,3,Completed
S0001691,A000286,6,Documentation,Operations,2026-07-18,2026-07-20,2,Completed
S0001692,A000286,7,Disbursement,Operations,2026-07-20,2026-07-21,1,Completed
S0001693,A000287,1,Application Received,SME Sales,2024-11-07,2024-11-07,0,Completed
S0001694,A000287,2,Initial Screening,SME Sales,2024-11-07,2024-11-09,2,Completed
S0001695,A000287,3,Credit Assessment,Credit,2024-11-09,2024-11-11,2,Completed
S0001696,A000288,1,Application Received,SME Sales,2024-03-04,2024-03-04,0,Completed
S0001697,A000288,2,Initial Screening,SME Sales,2024-03-04,2024-03-07,3,Completed
S0001698,A000288,3,Credit Assessment,Credit,2024-03-07,2024-03-11,4,Completed
S0001699,A000288,4,Risk Review,Risk,2024-03-11,2024-03-15,4,Completed
S0001700,A000288,5,Approval Committee,Credit,2024-03-15,2024-03-16,1,Completed
S0001701,A000288,6,Documentation,Operations,2024-03-16,2024-03-18,2,Completed
S0001702,A000288,7,Disbursement,Operations,2024-03-18,2024-03-20,2,Completed
S0001703,A000289,1,Application Received,SME Sales,2025-11-15,2025-11-15,0,Completed
S0001704,A000289,2,Initial Screening,SME Sales,2025-11-15,2025-11-17,2,Completed
S0001705,A000289,3,Credit Assessment,Credit,2025-11-17,2025-11-20,3,Completed
S0001706,A000290,1,Application Received,SME Sales,2025-11-17,2025-11-18,1,Completed
S0001707,A000290,2,Initial Screening,SME Sales,2025-11-18,2025-11-21,3,Completed
S0001708,A000290,3,Credit Assessment,Credit,2025-11-21,2025-11-24,3,Completed
S0001709,A000290,4,Risk Review,Risk,2025-11-24,2025-11-26,2,Completed
S0001710,A000290,5,Approval Committee,Credit,2025-11-26,2025-11-27,1,Completed
S0001711,A000290,6,Documentation,Operations,2025-11-27,2025-11-30,3,Completed
S0001712,A000290,7,Disbursement,Operations,2025-11-30,2025-12-01,1,Completed
S0001713,A000291,1,Application Received,SME Sales,2026-07-10,2026-07-11,1,Completed
S0001714,A000291,2,Initial Screening,SME Sales,2026-07-11,2026-07-12,1,Completed
S0001715,A000291,3,Credit Assessment,Credit,2026-07-12,2026-07-19,7,Completed
S0001716,A000291,4,Risk Review,Risk,2026-07-19,2026-07-22,3,Completed
S0001717,A000291,5,Approval Committee,Credit,2026-07-22,2026-07-23,1,Completed
S0001718,A000291,6,Documentation,Operations,2026-07-23,2026-07-27,4,Completed
S0001719,A000291,7,Disbursement,Operations,2026-07-27,2026-07-28,1,Completed
S0001720,A000292,1,Application Received,SME Sales,2025-10-17,2025-10-18,1,Completed
S0001721,A000292,2,Initial Screening,SME Sales,2025-10-18,2025-10-20,2,Completed
S0001722,A000292,3,Credit Assessment,Credit,2025-10-20,2025-10-26,6,Completed
S0001723,A000292,4,Risk Review,Risk,2025-10-26,2025-10-30,4,Completed
S0001724,A000293,1,Application Received,SME Sales,2024-06-04,2024-06-05,1,Completed
S0001725,A000293,2,Initial Screening,SME Sales,2024-06-05,2024-06-06,1,Completed
S0001726,A000293,3,Credit Assessment,Credit,2024-06-06,2024-06-08,2,Completed
S0001727,A000293,4,Risk Review,Risk,2024-06-08,2024-06-09,1,Completed
S0001728,A000293,5,Approval Committee,Credit,2024-06-09,2024-06-12,3,Completed
S0001729,A000293,6,Documentation,Operations,2024-06-12,2024-06-14,2,Completed
S0001730,A000293,7,Disbursement,Operations,2024-06-14,2024-06-16,2,Completed
S0001731,A000294,1,Application Received,SME Sales,2026-09-17,2026-09-17,0,Completed
S0001732,A000294,2,Initial Screening,SME Sales,2026-09-17,2026-09-19,2,Completed
S0001733,A000294,3,Credit Assessment,Credit,2026-09-19,2026-09-24,5,Completed
S0001734,A000294,4,Risk Review,Risk,2026-09-24,2026-09-27,3,Completed
S0001735,A000294,5,Approval Committee,Credit,2026-09-27,2026-09-29,2,Completed
S0001736,A000294,6,Documentation,Operations,2026-09-29,2026-09-30,1,Completed
S0001737,A000294,7,Disbursement,Operations,2026-09-30,2026-09-30,0,Completed
S0001738,A000295,1,Application Received,SME Sales,2025-09-30,2025-09-30,0,Completed
S0001739,A000295,2,Initial Screening,SME Sales,2025-09-30,2025-10-02,2,Completed
S0001740,A000295,3,Credit Assessment,Credit,2025-10-02,2025-10-05,3,Completed
S0001741,A000295,4,Risk Review,Risk,2025-10-05,2025-10-07,2,Completed
S0001742,A000295,5,Approval Committee,Credit,2025-10-07,2025-10-10,3,Completed
S0001743,A000295,6,Documentation,Operations,2025-10-10,2025-10-15,5,Completed
S0001744,A000295,7,Disbursement,Operations,2025-10-15,2025-10-16,1,Completed
S0001745,A000296,1,Application Received,SME Sales,2026-06-13,2026-06-14,1,Completed
S0001746,A000296,2,Initial Screening,SME Sales,2026-06-14,2026-06-17,3,Completed
S0001747,A000296,3,Credit Assessment,Credit,2026-06-17,2026-06-21,4,Completed
S0001748,A000296,4,Risk Review,Risk,2026-06-21,2026-06-23,2,Completed
S0001749,A000296,5,Approval Committee,Credit,2026-06-23,2026-06-26,3,Completed
S0001750,A000297,1,Application Received,SME Sales,2026-03-09,2026-03-10,1,Completed
S0001751,A000297,2,Initial Screening,SME Sales,2026-03-10,2026-03-13,3,Completed
S0001752,A000297,3,Credit Assessment,Credit,2026-03-13,2026-03-22,9,Completed
S0001753,A000297,4,Risk Review,Risk,2026-03-22,2026-03-25,3,Completed
S0001754,A000297,5,Approval Committee,Credit,2026-03-25,2026-03-27,2,Completed
S0001755,A000297,6,Documentation,Operations,2026-03-27,2026-03-31,4,Completed
S0001756,A000297,7,Disbursement,Operations,2026-03-31,2026-04-02,2,Completed
S0001757,A000298,1,Application Received,SME Sales,2024-10-07,2024-10-08,1,Completed
S0001758,A000298,2,Initial Screening,SME Sales,2024-10-08,2024-10-09,1,Completed
S0001759,A000298,3,Credit Assessment,Credit,2024-10-09,2024-10-14,5,Completed
S0001760,A000298,4,Risk Review,Risk,2024-10-14,2024-10-16,2,Completed
S0001761,A000298,5,Approval Committee,Credit,2024-10-16,2024-10-19,3,Completed
S0001762,A000298,6,Documentation,Operations,2024-10-19,2024-10-22,3,Completed
S0001763,A000298,7,Disbursement,Operations,2024-10-22,2024-10-23,1,Completed
S0001764,A000299,1,Application Received,SME Sales,2026-09-06,2026-09-07,1,Completed
S0001765,A000299,2,Initial Screening,SME Sales,2026-09-07,2026-09-09,2,Completed
S0001766,A000299,3,Credit Assessment,Credit,2026-09-09,2026-09-14,5,Completed
S0001767,A000299,4,Risk Review,Risk,2026-09-14,2026-09-18,4,Completed
S0001768,A000299,5,Approval Committee,Credit,2026-09-18,2026-09-21,3,Completed
S0001769,A000299,6,Documentation,Operations,2026-09-21,2026-09-26,5,Completed
S0001770,A000299,7,Disbursement,Operations,2026-09-26,2026-09-27,1,Completed
S0001771,A000300,1,Application Received,SME Sales,2025-10-03,2025-10-04,1,Completed
S0001772,A000300,2,Initial Screening,SME Sales,2025-10-04,2025-10-06,2,Completed
S0001773,A000300,3,Credit Assessment,Credit,2025-10-06,2025-10-11,5,Completed
S0001774,A000300,4,Risk Review,Risk,2025-10-11,2025-10-12,1,Completed
S0001775,A000300,5,Approval Committee,Credit,2025-10-12,2025-10-14,2,Completed
S0001776,A000300,6,Documentation,Operations,2025-10-14,2025-10-18,4,Completed
S0001777,A000300,7,Disbursement,Operations,2025-10-18,2025-10-19,1,Completed
S0001778,A000301,1,Application Received,SME Sales,2025-12-06,2025-12-07,1,Completed
S0001779,A000301,2,Initial Screening,SME Sales,2025-12-07,2025-12-10,3,Completed
S0001780,A000301,3,Credit Assessment,Credit,2025-12-10,2025-12-13,3,Completed
S0001781,A000302,1,Application Received,SME Sales,2024-09-09,2024-09-10,1,Completed
S0001782,A000302,2,Initial Screening,SME Sales,2024-09-10,2024-09-13,3,Completed
S0001783,A000302,3,Credit Assessment,Credit,2024-09-13,2024-09-19,6,Completed
S0001784,A000302,4,Risk Review,Risk,2024-09-19,2024-09-20,1,Completed
S0001785,A000302,5,Approval Committee,Credit,2024-09-20,2024-09-22,2,Completed
S0001786,A000303,1,Application Received,SME Sales,2024-11-17,2024-11-17,0,Completed
S0001787,A000303,2,Initial Screening,SME Sales,2024-11-17,2024-11-19,2,Completed
S0001788,A000303,3,Credit Assessment,Credit,2024-11-19,2024-11-22,3,Completed
S0001789,A000303,4,Risk Review,Risk,2024-11-22,2024-11-23,1,Completed
S0001790,A000303,5,Approval Committee,Credit,2024-11-23,2024-11-24,1,Completed
S0001791,A000303,6,Documentation,Operations,2024-11-24,2024-11-28,4,Completed
S0001792,A000303,7,Disbursement,Operations,2024-11-28,2024-11-30,2,Completed
S0001793,A000304,1,Application Received,SME Sales,2024-11-01,2024-11-01,0,Completed
S0001794,A000304,2,Initial Screening,SME Sales,2024-11-01,2024-11-02,1,Completed
S0001795,A000304,3,Credit Assessment,Credit,2024-11-02,2024-11-08,6,Completed
S0001796,A000304,4,Risk Review,Risk,2024-11-08,2024-11-11,3,Completed
S0001797,A000304,5,Approval Committee,Credit,2024-11-11,2024-11-14,3,Completed
S0001798,A000304,6,Documentation,Operations,2024-11-14,2024-11-19,5,Completed
S0001799,A000304,7,Disbursement,Operations,2024-11-19,2024-11-21,2,Completed
S0001800,A000305,1,Application Received,SME Sales,2024-11-30,2024-12-01,1,Completed
S0001801,A000305,2,Initial Screening,SME Sales,2024-12-01,2024-12-04,3,Completed
S0001802,A000305,3,Credit Assessment,Credit,2024-12-04,2024-12-06,2,Completed
S0001803,A000305,4,Risk Review,Risk,2024-12-06,2024-12-10,4,Completed
S0001804,A000305,5,Approval Committee,Credit,2024-12-10,2024-12-11,1,Completed
S0001805,A000305,6,Documentation,Operations,2024-12-11,2024-12-15,4,Completed
S0001806,A000305,7,Disbursement,Operations,2024-12-15,2024-12-17,2,Completed
S0001807,A000306,1,Application Received,SME Sales,2026-09-14,2026-09-15,1,Completed
S0001808,A000306,2,Initial Screening,SME Sales,2026-09-15,2026-09-17,2,Completed
S0001809,A000306,3,Credit Assessment,Credit,2026-09-17,2026-09-19,2,Completed
S0001810,A000306,4,Risk Review,Risk,2026-09-19,2026-09-23,4,Completed
S0001811,A000306,5,Approval Committee,Credit,2026-09-23,2026-09-25,2,Completed
S0001812,A000307,1,Application Received,SME Sales,2025-02-10,2025-02-10,0,Completed
S0001813,A000307,2,Initial Screening,SME Sales,2025-02-10,2025-02-11,1,Completed
S0001814,A000307,3,Credit Assessment,Credit,2025-02-11,2025-02-14,3,Completed
S0001815,A000307,4,Risk Review,Risk,2025-02-14,2025-02-15,1,Completed
S0001816,A000307,5,Approval Committee,Credit,2025-02-15,2025-02-18,3,Completed
S0001817,A000307,6,Documentation,Operations,2025-02-18,2025-02-22,4,Completed
S0001818,A000307,7,Disbursement,Operations,2025-02-22,2025-02-23,1,Completed
S0001819,A000308,1,Application Received,SME Sales,2026-06-21,2026-06-22,1,Completed
S0001820,A000308,2,Initial Screening,SME Sales,2026-06-22,2026-06-23,1,Completed
S0001821,A000308,3,Credit Assessment,Credit,2026-06-23,2026-06-26,3,Completed
S0001822,A000308,4,Risk Review,Risk,2026-06-26,2026-06-30,4,Completed
S0001823,A000308,5,Approval Committee,Credit,2026-06-30,2026-07-02,2,Completed
S0001824,A000308,6,Documentation,Operations,2026-07-02,2026-07-06,4,Completed
S0001825,A000308,7,Disbursement,Operations,2026-07-06,2026-07-07,1,Completed
S0001826,A000309,1,Application Received,SME Sales,2025-06-13,2025-06-13,0,Completed
S0001827,A000309,2,Initial Screening,SME Sales,2025-06-13,2025-06-14,1,Completed
S0001828,A000309,3,Credit Assessment,Credit,2025-06-14,2025-06-18,4,Completed
S0001829,A000309,4,Risk Review,Risk,2025-06-18,2025-06-21,3,Completed
S0001830,A000309,5,Approval Committee,Credit,2025-06-21,2025-06-24,3,Completed
S0001831,A000309,6,Documentation,Operations,2025-06-24,2025-06-28,4,Completed
S0001832,A000309,7,Disbursement,Operations,2025-06-28,2025-06-29,1,Completed
S0001833,A000310,1,Application Received,SME Sales,2024-06-26,2024-06-27,1,Completed
S0001834,A000310,2,Initial Screening,SME Sales,2024-06-27,2024-06-30,3,Completed
S0001835,A000310,3,Credit Assessment,Credit,2024-06-30,2024-07-03,3,Completed
S0001836,A000310,4,Risk Review,Risk,2024-07-03,2024-07-06,3,Completed
S0001837,A000310,5,Approval Committee,Credit,2024-07-06,2024-07-08,2,Completed
S0001838,A000310,6,Documentation,Operations,2024-07-08,2024-07-12,4,Completed
S0001839,A000310,7,Disbursement,Operations,2024-07-12,2024-07-13,1,Completed
S0001840,A000311,1,Application Received,SME Sales,2026-01-17,2026-01-18,1,Completed
S0001841,A000311,2,Initial Screening,SME Sales,2026-01-18,2026-01-19,1,Completed
S0001842,A000311,3,Credit Assessment,Credit,2026-01-19,2026-01-26,7,Completed
S0001843,A000311,4,Risk Review,Risk,2026-01-26,2026-01-28,2,Completed
S0001844,A000311,5,Approval Committee,Credit,2026-01-28,2026-01-30,2,Completed
S0001845,A000311,6,Documentation,Operations,2026-01-30,2026-02-04,5,Completed
S0001846,A000311,7,Disbursement,Operations,2026-02-04,2026-02-06,2,Completed
S0001847,A000312,1,Application Received,SME Sales,2026-04-18,2026-04-18,0,Completed
S0001848,A000312,2,Initial Screening,SME Sales,2026-04-18,2026-04-20,2,Completed
S0001849,A000312,3,Credit Assessment,Credit,2026-04-20,2026-04-25,5,Completed
S0001850,A000312,4,Risk Review,Risk,2026-04-25,2026-04-28,3,Completed
S0001851,A000312,5,Approval Committee,Credit,2026-04-28,2026-04-30,2,Completed
S0001852,A000312,6,Documentation,Operations,2026-04-30,2026-05-05,5,Completed
S0001853,A000312,7,Disbursement,Operations,2026-05-05,2026-05-06,1,Completed
S0001854,A000313,1,Application Received,SME Sales,2025-11-23,2025-11-24,1,Completed
S0001855,A000313,2,Initial Screening,SME Sales,2025-11-24,2025-11-26,2,Completed
S0001856,A000313,3,Credit Assessment,Credit,2025-11-26,2025-12-05,9,Completed
S0001857,A000313,4,Risk Review,Risk,2025-12-05,2025-12-08,3,Completed
S0001858,A000313,5,Approval Committee,Credit,2025-12-08,2025-12-11,3,Completed
S0001859,A000313,6,Documentation,Operations,2025-12-11,2025-12-14,3,Completed
S0001860,A000313,7,Disbursement,Operations,2025-12-14,2025-12-16,2,Completed
S0001861,A000314,1,Application Received,SME Sales,2025-07-04,2025-07-04,0,Completed
S0001862,A000314,2,Initial Screening,SME Sales,2025-07-04,2025-07-05,1,Completed
S0001863,A000314,3,Credit Assessment,Credit,2025-07-05,2025-07-09,4,Completed
S0001864,A000315,1,Application Received,SME Sales,2025-11-25,2025-11-26,1,Completed
S0001865,A000315,2,Initial Screening,SME Sales,2025-11-26,2025-11-28,2,Completed
S0001866,A000315,3,Credit Assessment,Credit,2025-11-28,2025-12-03,5,Completed
S0001867,A000315,4,Risk Review,Risk,2025-12-03,2025-12-04,1,Completed
S0001868,A000315,5,Approval Committee,Credit,2025-12-04,2025-12-05,1,Completed
S0001869,A000315,6,Documentation,Operations,2025-12-05,2025-12-10,5,Completed
S0001870,A000315,7,Disbursement,Operations,2025-12-10,2025-12-12,2,Completed
S0001871,A000316,1,Application Received,SME Sales,2024-03-09,2024-03-09,0,Completed
S0001872,A000316,2,Initial Screening,SME Sales,2024-03-09,2024-03-11,2,Completed
S0001873,A000316,3,Credit Assessment,Credit,2024-03-11,2024-03-20,9,Completed
S0001874,A000317,1,Application Received,SME Sales,2026-07-04,2026-07-04,0,Completed
S0001875,A000317,2,Initial Screening,SME Sales,2026-07-04,2026-07-07,3,Completed
S0001876,A000317,3,Credit Assessment,Credit,2026-07-07,2026-07-11,4,Completed
S0001877,A000317,4,Risk Review,Risk,2026-07-11,2026-07-15,4,Completed
S0001878,A000317,5,Approval Committee,Credit,2026-07-15,2026-07-17,2,Completed
S0001879,A000317,6,Documentation,Operations,2026-07-17,2026-07-20,3,Completed
S0001880,A000317,7,Disbursement,Operations,2026-07-20,2026-07-21,1,Completed
S0001881,A000318,1,Application Received,SME Sales,2025-06-10,2025-06-11,1,Completed
S0001882,A000318,2,Initial Screening,SME Sales,2025-06-11,2025-06-13,2,Completed
S0001883,A000318,3,Credit Assessment,Credit,2025-06-13,2025-06-17,4,Completed
S0001884,A000318,4,Risk Review,Risk,2025-06-17,2025-06-18,1,Completed
S0001885,A000318,5,Approval Committee,Credit,2025-06-18,2025-06-19,1,Completed
S0001886,A000318,6,Documentation,Operations,2025-06-19,2025-06-21,2,Completed
S0001887,A000318,7,Disbursement,Operations,2025-06-21,2025-06-22,1,Completed
S0001888,A000319,1,Application Received,SME Sales,2025-05-01,2025-05-02,1,Completed
S0001889,A000319,2,Initial Screening,SME Sales,2025-05-02,2025-05-04,2,Completed
S0001890,A000319,3,Credit Assessment,Credit,2025-05-04,2025-05-06,2,Completed
S0001891,A000319,4,Risk Review,Risk,2025-05-06,2025-05-10,4,Completed
S0001892,A000319,5,Approval Committee,Credit,2025-05-10,2025-05-11,1,Completed
S0001893,A000319,6,Documentation,Operations,2025-05-11,2025-05-13,2,Completed
S0001894,A000319,7,Disbursement,Operations,2025-05-13,2025-05-15,2,Completed
S0001895,A000320,1,Application Received,SME Sales,2026-09-10,2026-09-10,0,Completed
S0001896,A000320,2,Initial Screening,SME Sales,2026-09-10,2026-09-12,2,Completed
S0001897,A000320,3,Credit Assessment,Credit,2026-09-12,2026-09-18,6,Completed
S0001898,A000320,4,Risk Review,Risk,2026-09-18,2026-09-19,1,Completed
S0001899,A000320,5,Approval Committee,Credit,2026-09-19,2026-09-20,1,Completed
S0001900,A000320,6,Documentation,Operations,2026-09-20,2026-09-24,4,Completed
S0001901,A000320,7,Disbursement,Operations,2026-09-24,2026-09-25,1,Completed
S0001902,A000321,1,Application Received,SME Sales,2024-11-18,2024-11-19,1,Completed
S0001903,A000321,2,Initial Screening,SME Sales,2024-11-19,2024-11-21,2,Completed
S0001904,A000321,3,Credit Assessment,Credit,2024-11-21,2024-11-26,5,Completed
S0001905,A000321,4,Risk Review,Risk,2024-11-26,2024-11-29,3,Completed
S0001906,A000322,1,Application Received,SME Sales,2026-07-15,2026-07-15,0,Completed
S0001907,A000322,2,Initial Screening,SME Sales,2026-07-15,2026-07-18,3,Completed
S0001908,A000322,3,Credit Assessment,Credit,2026-07-18,2026-07-21,3,Completed
S0001909,A000322,4,Risk Review,Risk,2026-07-21,2026-07-25,4,Completed
S0001910,A000322,5,Approval Committee,Credit,2026-07-25,2026-07-27,2,Completed
S0001911,A000322,6,Documentation,Operations,2026-07-27,2026-07-30,3,Completed
S0001912,A000322,7,Disbursement,Operations,2026-07-30,2026-08-01,2,Completed
S0001913,A000323,1,Application Received,SME Sales,2026-04-16,2026-04-16,0,Completed
S0001914,A000323,2,Initial Screening,SME Sales,2026-04-16,2026-04-19,3,Completed
S0001915,A000323,3,Credit Assessment,Credit,2026-04-19,2026-04-25,6,Completed
S0001916,A000323,4,Risk Review,Risk,2026-04-25,2026-04-26,1,Completed
S0001917,A000323,5,Approval Committee,Credit,2026-04-26,2026-04-28,2,Completed
S0001918,A000323,6,Documentation,Operations,2026-04-28,2026-05-01,3,Completed
S0001919,A000323,7,Disbursement,Operations,2026-05-01,2026-05-03,2,Completed
S0001920,A000324,1,Application Received,SME Sales,2024-08-23,2024-08-23,0,Completed
S0001921,A000324,2,Initial Screening,SME Sales,2024-08-23,2024-08-25,2,Completed
S0001922,A000324,3,Credit Assessment,Credit,2024-08-25,2024-08-30,5,Completed
S0001923,A000325,1,Application Received,SME Sales,2024-05-04,2024-05-05,1,Completed
S0001924,A000325,2,Initial Screening,SME Sales,2024-05-05,2024-05-06,1,Completed
S0001925,A000325,3,Credit Assessment,Credit,2024-05-06,2024-05-08,2,Completed
S0001926,A000325,4,Risk Review,Risk,2024-05-08,2024-05-12,4,Completed
S0001927,A000325,5,Approval Committee,Credit,2024-05-12,2024-05-13,1,Completed
S0001928,A000325,6,Documentation,Operations,2024-05-13,2024-05-16,3,Completed
S0001929,A000325,7,Disbursement,Operations,2024-05-16,2024-05-18,2,Completed
S0001930,A000326,1,Application Received,SME Sales,2026-02-12,2026-02-12,0,Completed
S0001931,A000326,2,Initial Screening,SME Sales,2026-02-12,2026-02-13,1,Completed
S0001932,A000326,3,Credit Assessment,Credit,2026-02-13,2026-02-22,9,Completed
S0001933,A000326,4,Risk Review,Risk,2026-02-22,2026-02-26,4,Completed
S0001934,A000327,1,Application Received,SME Sales,2024-07-22,2024-07-23,1,Completed
S0001935,A000327,2,Initial Screening,SME Sales,2024-07-23,2024-07-24,1,Completed
S0001936,A000327,3,Credit Assessment,Credit,2024-07-24,2024-07-30,6,Completed
S0001937,A000327,4,Risk Review,Risk,2024-07-30,2024-08-01,2,Completed
S0001938,A000327,5,Approval Committee,Credit,2024-08-01,2024-08-04,3,Completed
S0001939,A000327,6,Documentation,Operations,2024-08-04,2024-08-09,5,Completed
S0001940,A000327,7,Disbursement,Operations,2024-08-09,2024-08-11,2,Completed
S0001941,A000328,1,Application Received,SME Sales,2026-07-13,2026-07-13,0,Completed
S0001942,A000328,2,Initial Screening,SME Sales,2026-07-13,2026-07-16,3,Completed
S0001943,A000328,3,Credit Assessment,Credit,2026-07-16,2026-07-22,6,Completed
S0001944,A000328,4,Risk Review,Risk,2026-07-22,2026-07-23,1,Completed
S0001945,A000328,5,Approval Committee,Credit,2026-07-23,2026-07-25,2,Completed
S0001946,A000329,1,Application Received,SME Sales,2026-07-02,2026-07-02,0,Completed
S0001947,A000329,2,Initial Screening,SME Sales,2026-07-02,2026-07-05,3,Completed
S0001948,A000329,3,Credit Assessment,Credit,2026-07-05,2026-07-11,6,Completed
S0001949,A000329,4,Risk Review,Risk,2026-07-11,2026-07-12,1,Completed
S0001950,A000329,5,Approval Committee,Credit,2026-07-12,2026-07-14,2,Completed
S0001951,A000329,6,Documentation,Operations,2026-07-14,2026-07-16,2,Completed
S0001952,A000329,7,Disbursement,Operations,2026-07-16,2026-07-18,2,Completed
S0001953,A000330,1,Application Received,SME Sales,2025-07-29,2025-07-29,0,Completed
S0001954,A000330,2,Initial Screening,SME Sales,2025-07-29,2025-07-30,1,Completed
S0001955,A000330,3,Credit Assessment,Credit,2025-07-30,2025-08-05,6,Completed
S0001956,A000330,4,Risk Review,Risk,2025-08-05,2025-08-07,2,Completed
S0001957,A000330,5,Approval Committee,Credit,2025-08-07,2025-08-08,1,Completed
S0001958,A000330,6,Documentation,Operations,2025-08-08,2025-08-12,4,Completed
S0001959,A000330,7,Disbursement,Operations,2025-08-12,2025-08-14,2,Completed
S0001960,A000331,1,Application Received,SME Sales,2025-07-25,2025-07-25,0,Completed
S0001961,A000331,2,Initial Screening,SME Sales,2025-07-25,2025-07-28,3,Completed
S0001962,A000331,3,Credit Assessment,Credit,2025-07-28,2025-08-01,4,Completed
S0001963,A000331,4,Risk Review,Risk,2025-08-01,2025-08-03,2,Completed
S0001964,A000332,1,Application Received,SME Sales,2026-05-14,2026-05-15,1,Completed
S0001965,A000332,2,Initial Screening,SME Sales,2026-05-15,2026-05-18,3,Completed
S0001966,A000332,3,Credit Assessment,Credit,2026-05-18,2026-05-23,5,Completed
S0001967,A000332,4,Risk Review,Risk,2026-05-23,2026-05-24,1,Completed
S0001968,A000332,5,Approval Committee,Credit,2026-05-24,2026-05-27,3,Completed
S0001969,A000332,6,Documentation,Operations,2026-05-27,2026-05-30,3,Completed
S0001970,A000332,7,Disbursement,Operations,2026-05-30,2026-05-31,1,Completed
S0001971,A000333,1,Application Received,SME Sales,2024-11-05,2024-11-05,0,Completed
S0001972,A000333,2,Initial Screening,SME Sales,2024-11-05,2024-11-06,1,Completed
S0001973,A000333,3,Credit Assessment,Credit,2024-11-06,2024-11-09,3,Completed
S0001974,A000333,4,Risk Review,Risk,2024-11-09,2024-11-13,4,Completed
S0001975,A000333,5,Approval Committee,Credit,2024-11-13,2024-11-16,3,Completed
S0001976,A000333,6,Documentation,Operations,2024-11-16,2024-11-18,2,Completed
S0001977,A000333,7,Disbursement,Operations,2024-11-18,2024-11-19,1,Completed
S0001978,A000334,1,Application Received,SME Sales,2025-04-12,2025-04-12,0,Completed
S0001979,A000334,2,Initial Screening,SME Sales,2025-04-12,2025-04-13,1,Completed
S0001980,A000334,3,Credit Assessment,Credit,2025-04-13,2025-04-19,6,Completed
S0001981,A000334,4,Risk Review,Risk,2025-04-19,2025-04-21,2,Completed
S0001982,A000334,5,Approval Committee,Credit,2025-04-21,2025-04-23,2,Completed
S0001983,A000335,1,Application Received,SME Sales,2025-03-22,2025-03-23,1,Completed
S0001984,A000335,2,Initial Screening,SME Sales,2025-03-23,2025-03-25,2,Completed
S0001985,A000335,3,Credit Assessment,Credit,2025-03-25,2025-03-30,5,Completed
S0001986,A000335,4,Risk Review,Risk,2025-03-30,2025-04-03,4,Completed
S0001987,A000336,1,Application Received,SME Sales,2024-05-15,2024-05-16,1,Completed
S0001988,A000336,2,Initial Screening,SME Sales,2024-05-16,2024-05-17,1,Completed
S0001989,A000336,3,Credit Assessment,Credit,2024-05-17,2024-05-22,5,Completed
S0001990,A000336,4,Risk Review,Risk,2024-05-22,2024-05-25,3,Completed
S0001991,A000336,5,Approval Committee,Credit,2024-05-25,2024-05-27,2,Completed
S0001992,A000336,6,Documentation,Operations,2024-05-27,2024-06-01,5,Completed
S0001993,A000336,7,Disbursement,Operations,2024-06-01,2024-06-03,2,Completed
S0001994,A000337,1,Application Received,SME Sales,2024-01-01,2024-01-02,1,Completed
S0001995,A000337,2,Initial Screening,SME Sales,2024-01-02,2024-01-04,2,Completed
S0001996,A000337,3,Credit Assessment,Credit,2024-01-04,2024-01-08,4,Completed
S0001997,A000337,4,Risk Review,Risk,2024-01-08,2024-01-09,1,Completed
S0001998,A000338,1,Application Received,SME Sales,2026-06-04,2026-06-05,1,Completed
S0001999,A000338,2,Initial Screening,SME Sales,2026-06-05,2026-06-08,3,Completed
S0002000,A000338,3,Credit Assessment,Credit,2026-06-08,2026-06-10,2,Completed
S0002001,A000339,1,Application Received,SME Sales,2024-09-25,2024-09-26,1,Completed
S0002002,A000339,2,Initial Screening,SME Sales,2024-09-26,2024-09-29,3,Completed
S0002003,A000339,3,Credit Assessment,Credit,2024-09-29,2024-10-03,4,Completed
S0002004,A000339,4,Risk Review,Risk,2024-10-03,2024-10-05,2,Completed
S0002005,A000339,5,Approval Committee,Credit,2024-10-05,2024-10-07,2,Completed
S0002006,A000339,6,Documentation,Operations,2024-10-07,2024-10-09,2,Completed
S0002007,A000339,7,Disbursement,Operations,2024-10-09,2024-10-10,1,Completed
S0002008,A000340,1,Application Received,SME Sales,2025-10-18,2025-10-18,0,Completed
S0002009,A000340,2,Initial Screening,SME Sales,2025-10-18,2025-10-19,1,Completed
S0002010,A000340,3,Credit Assessment,Credit,2025-10-19,2025-10-24,5,Completed
S0002011,A000340,4,Risk Review,Risk,2025-10-24,2025-10-26,2,Completed
S0002012,A000340,5,Approval Committee,Credit,2025-10-26,2025-10-29,3,Completed
S0002013,A000340,6,Documentation,Operations,2025-10-29,2025-11-02,4,Completed
S0002014,A000340,7,Disbursement,Operations,2025-11-02,2025-11-04,2,Completed
S0002015,A000341,1,Application Received,SME Sales,2026-02-04,2026-02-04,0,Completed
S0002016,A000341,2,Initial Screening,SME Sales,2026-02-04,2026-02-05,1,Completed
S0002017,A000341,3,Credit Assessment,Credit,2026-02-05,2026-02-07,2,Completed
S0002018,A000341,4,Risk Review,Risk,2026-02-07,2026-02-09,2,Completed
S0002019,A000341,5,Approval Committee,Credit,2026-02-09,2026-02-10,1,Completed
S0002020,A000341,6,Documentation,Operations,2026-02-10,2026-02-13,3,Completed
S0002021,A000341,7,Disbursement,Operations,2026-02-13,2026-02-14,1,Completed
S0002022,A000342,1,Application Received,SME Sales,2024-01-05,2024-01-05,0,Completed
S0002023,A000342,2,Initial Screening,SME Sales,2024-01-05,2024-01-06,1,Completed
S0002024,A000342,3,Credit Assessment,Credit,2024-01-06,2024-01-10,4,Completed
S0002025,A000342,4,Risk Review,Risk,2024-01-10,2024-01-11,1,Completed
S0002026,A000342,5,Approval Committee,Credit,2024-01-11,2024-01-13,2,Completed
S0002027,A000342,6,Documentation,Operations,2024-01-13,2024-01-17,4,Completed
S0002028,A000342,7,Disbursement,Operations,2024-01-17,2024-01-19,2,Completed
S0002029,A000343,1,Application Received,SME Sales,2025-07-22,2025-07-22,0,Completed
S0002030,A000343,2,Initial Screening,SME Sales,2025-07-22,2025-07-24,2,Completed
S0002031,A000343,3,Credit Assessment,Credit,2025-07-24,2025-07-26,2,Completed
S0002032,A000343,4,Risk Review,Risk,2025-07-26,2025-07-28,2,Completed
S0002033,A000343,5,Approval Committee,Credit,2025-07-28,2025-07-30,2,Completed
S0002034,A000343,6,Documentation,Operations,2025-07-30,2025-08-03,4,Completed
S0002035,A000343,7,Disbursement,Operations,2025-08-03,2025-08-04,1,Completed
S0002036,A000344,1,Application Received,SME Sales,2024-07-26,2024-07-26,0,Completed
S0002037,A000344,2,Initial Screening,SME Sales,2024-07-26,2024-07-28,2,Completed
S0002038,A000344,3,Credit Assessment,Credit,2024-07-28,2024-07-30,2,Completed
S0002039,A000344,4,Risk Review,Risk,2024-07-30,2024-08-03,4,Completed
S0002040,A000344,5,Approval Committee,Credit,2024-08-03,2024-08-05,2,Completed
S0002041,A000345,1,Application Received,SME Sales,2024-07-06,2024-07-06,0,Completed
S0002042,A000345,2,Initial Screening,SME Sales,2024-07-06,2024-07-08,2,Completed
S0002043,A000345,3,Credit Assessment,Credit,2024-07-08,2024-07-10,2,Completed
S0002044,A000345,4,Risk Review,Risk,2024-07-10,2024-07-13,3,Completed
S0002045,A000346,1,Application Received,SME Sales,2024-10-06,2024-10-07,1,Completed
S0002046,A000346,2,Initial Screening,SME Sales,2024-10-07,2024-10-10,3,Completed
S0002047,A000346,3,Credit Assessment,Credit,2024-10-10,2024-10-17,7,Completed
S0002048,A000346,4,Risk Review,Risk,2024-10-17,2024-10-19,2,Completed
S0002049,A000346,5,Approval Committee,Credit,2024-10-19,2024-10-20,1,Completed
S0002050,A000346,6,Documentation,Operations,2024-10-20,2024-10-25,5,Completed
S0002051,A000346,7,Disbursement,Operations,2024-10-25,2024-10-27,2,Completed
S0002052,A000347,1,Application Received,SME Sales,2024-11-21,2024-11-21,0,Completed
S0002053,A000347,2,Initial Screening,SME Sales,2024-11-21,2024-11-24,3,Completed
S0002054,A000347,3,Credit Assessment,Credit,2024-11-24,2024-11-28,4,Completed
S0002055,A000347,4,Risk Review,Risk,2024-11-28,2024-11-30,2,Completed
S0002056,A000347,5,Approval Committee,Credit,2024-11-30,2024-12-02,2,Completed
S0002057,A000347,6,Documentation,Operations,2024-12-02,2024-12-07,5,Completed
S0002058,A000347,7,Disbursement,Operations,2024-12-07,2024-12-08,1,Completed
S0002059,A000348,1,Application Received,SME Sales,2025-02-06,2025-02-06,0,Completed
S0002060,A000348,2,Initial Screening,SME Sales,2025-02-06,2025-02-07,1,Completed
S0002061,A000348,3,Credit Assessment,Credit,2025-02-07,2025-02-13,6,Completed
S0002062,A000348,4,Risk Review,Risk,2025-02-13,2025-02-16,3,Completed
S0002063,A000348,5,Approval Committee,Credit,2025-02-16,2025-02-17,1,Completed
S0002064,A000348,6,Documentation,Operations,2025-02-17,2025-02-22,5,Completed
S0002065,A000348,7,Disbursement,Operations,2025-02-22,2025-02-24,2,Completed
S0002066,A000349,1,Application Received,SME Sales,2025-05-20,2025-05-21,1,Completed
S0002067,A000349,2,Initial Screening,SME Sales,2025-05-21,2025-05-22,1,Completed
S0002068,A000349,3,Credit Assessment,Credit,2025-05-22,2025-05-27,5,Completed
S0002069,A000349,4,Risk Review,Risk,2025-05-27,2025-05-28,1,Completed
S0002070,A000349,5,Approval Committee,Credit,2025-05-28,2025-05-29,1,Completed
S0002071,A000349,6,Documentation,Operations,2025-05-29,2025-06-01,3,Completed
S0002072,A000349,7,Disbursement,Operations,2025-06-01,2025-06-03,2,Completed
S0002073,A000350,1,Application Received,SME Sales,2026-04-04,2026-04-04,0,Completed
S0002074,A000350,2,Initial Screening,SME Sales,2026-04-04,2026-04-06,2,Completed
S0002075,A000350,3,Credit Assessment,Credit,2026-04-06,2026-04-12,6,Completed
S0002076,A000350,4,Risk Review,Risk,2026-04-12,2026-04-14,2,Completed
S0002077,A000350,5,Approval Committee,Credit,2026-04-14,2026-04-16,2,Completed
S0002078,A000350,6,Documentation,Operations,2026-04-16,2026-04-19,3,Completed
S0002079,A000350,7,Disbursement,Operations,2026-04-19,2026-04-21,2,Completed
S0002080,A000351,1,Application Received,SME Sales,2024-01-01,2024-01-01,0,Completed
S0002081,A000351,2,Initial Screening,SME Sales,2024-01-01,2024-01-04,3,Completed
S0002082,A000351,3,Credit Assessment,Credit,2024-01-04,2024-01-10,6,Completed
S0002083,A000351,4,Risk Review,Risk,2024-01-10,2024-01-13,3,Completed
S0002084,A000351,5,Approval Committee,Credit,2024-01-13,2024-01-16,3,Completed
S0002085,A000351,6,Documentation,Operations,2024-01-16,2024-01-20,4,Completed
S0002086,A000351,7,Disbursement,Operations,2024-01-20,2024-01-21,1,Completed
S0002087,A000352,1,Application Received,SME Sales,2024-04-23,2024-04-24,1,Completed
S0002088,A000352,2,Initial Screening,SME Sales,2024-04-24,2024-04-27,3,Completed
S0002089,A000352,3,Credit Assessment,Credit,2024-04-27,2024-05-04,7,Completed
S0002090,A000352,4,Risk Review,Risk,2024-05-04,2024-05-05,1,Completed
S0002091,A000352,5,Approval Committee,Credit,2024-05-05,2024-05-08,3,Completed
S0002092,A000352,6,Documentation,Operations,2024-05-08,2024-05-12,4,Completed
S0002093,A000352,7,Disbursement,Operations,2024-05-12,2024-05-14,2,Completed
S0002094,A000353,1,Application Received,SME Sales,2026-09-05,2026-09-06,1,Completed
S0002095,A000353,2,Initial Screening,SME Sales,2026-09-06,2026-09-09,3,Completed
S0002096,A000353,3,Credit Assessment,Credit,2026-09-09,2026-09-13,4,Completed
S0002097,A000353,4,Risk Review,Risk,2026-09-13,2026-09-16,3,Completed
S0002098,A000353,5,Approval Committee,Credit,2026-09-16,2026-09-18,2,Completed
S0002099,A000353,6,Documentation,Operations,2026-09-18,2026-09-22,4,Completed
S0002100,A000353,7,Disbursement,Operations,2026-09-22,2026-09-24,2,Completed
S0002101,A000354,1,Application Received,SME Sales,2025-02-06,2025-02-06,0,Completed
S0002102,A000354,2,Initial Screening,SME Sales,2025-02-06,2025-02-07,1,Completed
S0002103,A000354,3,Credit Assessment,Credit,2025-02-07,2025-02-14,7,Completed
S0002104,A000354,4,Risk Review,Risk,2025-02-14,2025-02-15,1,Completed
S0002105,A000354,5,Approval Committee,Credit,2025-02-15,2025-02-17,2,Completed
S0002106,A000354,6,Documentation,Operations,2025-02-17,2025-02-19,2,Completed
S0002107,A000354,7,Disbursement,Operations,2025-02-19,2025-02-21,2,Completed
S0002108,A000355,1,Application Received,SME Sales,2025-06-02,2025-06-03,1,Completed
S0002109,A000355,2,Initial Screening,SME Sales,2025-06-03,2025-06-04,1,Completed
S0002110,A000355,3,Credit Assessment,Credit,2025-06-04,2025-06-10,6,Completed
S0002111,A000356,1,Application Received,SME Sales,2024-09-06,2024-09-07,1,Completed
S0002112,A000356,2,Initial Screening,SME Sales,2024-09-07,2024-09-10,3,Completed
S0002113,A000356,3,Credit Assessment,Credit,2024-09-10,2024-09-14,4,Completed
S0002114,A000356,4,Risk Review,Risk,2024-09-14,2024-09-17,3,Completed
S0002115,A000357,1,Application Received,SME Sales,2026-08-23,2026-08-24,1,Completed
S0002116,A000357,2,Initial Screening,SME Sales,2026-08-24,2026-08-26,2,Completed
S0002117,A000357,3,Credit Assessment,Credit,2026-08-26,2026-08-28,2,Completed
S0002118,A000357,4,Risk Review,Risk,2026-08-28,2026-08-29,1,Completed
S0002119,A000357,5,Approval Committee,Credit,2026-08-29,2026-09-01,3,Completed
S0002120,A000357,6,Documentation,Operations,2026-09-01,2026-09-06,5,Completed
S0002121,A000357,7,Disbursement,Operations,2026-09-06,2026-09-08,2,Completed
S0002122,A000358,1,Application Received,SME Sales,2025-08-06,2025-08-07,1,Completed
S0002123,A000358,2,Initial Screening,SME Sales,2025-08-07,2025-08-08,1,Completed
S0002124,A000358,3,Credit Assessment,Credit,2025-08-08,2025-08-10,2,Completed
S0002125,A000358,4,Risk Review,Risk,2025-08-10,2025-08-13,3,Completed
S0002126,A000358,5,Approval Committee,Credit,2025-08-13,2025-08-15,2,Completed
S0002127,A000358,6,Documentation,Operations,2025-08-15,2025-08-20,5,Completed
S0002128,A000358,7,Disbursement,Operations,2025-08-20,2025-08-21,1,Completed
S0002129,A000359,1,Application Received,SME Sales,2025-10-10,2025-10-10,0,Completed
S0002130,A000359,2,Initial Screening,SME Sales,2025-10-10,2025-10-12,2,Completed
S0002131,A000359,3,Credit Assessment,Credit,2025-10-12,2025-10-17,5,Completed
S0002132,A000359,4,Risk Review,Risk,2025-10-17,2025-10-19,2,Completed
S0002133,A000359,5,Approval Committee,Credit,2025-10-19,2025-10-22,3,Completed
S0002134,A000359,6,Documentation,Operations,2025-10-22,2025-10-26,4,Completed
S0002135,A000359,7,Disbursement,Operations,2025-10-26,2025-10-27,1,Completed
S0002136,A000360,1,Application Received,SME Sales,2025-08-09,2025-08-09,0,Completed
S0002137,A000360,2,Initial Screening,SME Sales,2025-08-09,2025-08-10,1,Completed
S0002138,A000360,3,Credit Assessment,Credit,2025-08-10,2025-08-14,4,Completed
S0002139,A000361,1,Application Received,SME Sales,2024-02-17,2024-02-17,0,Completed
S0002140,A000361,2,Initial Screening,SME Sales,2024-02-17,2024-02-19,2,Completed
S0002141,A000361,3,Credit Assessment,Credit,2024-02-19,2024-02-24,5,Completed
S0002142,A000361,4,Risk Review,Risk,2024-02-24,2024-02-25,1,Completed
S0002143,A000361,5,Approval Committee,Credit,2024-02-25,2024-02-28,3,Completed
S0002144,A000362,1,Application Received,SME Sales,2024-05-19,2024-05-20,1,Completed
S0002145,A000362,2,Initial Screening,SME Sales,2024-05-20,2024-05-21,1,Completed
S0002146,A000362,3,Credit Assessment,Credit,2024-05-21,2024-05-25,4,Completed
S0002147,A000362,4,Risk Review,Risk,2024-05-25,2024-05-29,4,Completed
S0002148,A000362,5,Approval Committee,Credit,2024-05-29,2024-05-30,1,Completed
S0002149,A000362,6,Documentation,Operations,2024-05-30,2024-06-02,3,Completed
S0002150,A000362,7,Disbursement,Operations,2024-06-02,2024-06-03,1,Completed
S0002151,A000363,1,Application Received,SME Sales,2026-05-31,2026-06-01,1,Completed
S0002152,A000363,2,Initial Screening,SME Sales,2026-06-01,2026-06-02,1,Completed
S0002153,A000363,3,Credit Assessment,Credit,2026-06-02,2026-06-05,3,Completed
S0002154,A000363,4,Risk Review,Risk,2026-06-05,2026-06-08,3,Completed
S0002155,A000363,5,Approval Committee,Credit,2026-06-08,2026-06-09,1,Completed
S0002156,A000363,6,Documentation,Operations,2026-06-09,2026-06-14,5,Completed
S0002157,A000363,7,Disbursement,Operations,2026-06-14,2026-06-15,1,Completed
S0002158,A000364,1,Application Received,SME Sales,2024-05-24,2024-05-24,0,Completed
S0002159,A000364,2,Initial Screening,SME Sales,2024-05-24,2024-05-26,2,Completed
S0002160,A000364,3,Credit Assessment,Credit,2024-05-26,2024-06-01,6,Completed
S0002161,A000364,4,Risk Review,Risk,2024-06-01,2024-06-05,4,Completed
S0002162,A000364,5,Approval Committee,Credit,2024-06-05,2024-06-07,2,Completed
S0002163,A000365,1,Application Received,SME Sales,2024-08-19,2024-08-19,0,Completed
S0002164,A000365,2,Initial Screening,SME Sales,2024-08-19,2024-08-21,2,Completed
S0002165,A000365,3,Credit Assessment,Credit,2024-08-21,2024-08-25,4,Completed
S0002166,A000365,4,Risk Review,Risk,2024-08-25,2024-08-28,3,Completed
S0002167,A000365,5,Approval Committee,Credit,2024-08-28,2024-08-31,3,Completed
S0002168,A000365,6,Documentation,Operations,2024-08-31,2024-09-03,3,Completed
S0002169,A000365,7,Disbursement,Operations,2024-09-03,2024-09-04,1,Completed
S0002170,A000366,1,Application Received,SME Sales,2026-07-20,2026-07-20,0,Completed
S0002171,A000366,2,Initial Screening,SME Sales,2026-07-20,2026-07-23,3,Completed
S0002172,A000366,3,Credit Assessment,Credit,2026-07-23,2026-07-28,5,Completed
S0002173,A000366,4,Risk Review,Risk,2026-07-28,2026-08-01,4,Completed
S0002174,A000366,5,Approval Committee,Credit,2026-08-01,2026-08-04,3,Completed
S0002175,A000366,6,Documentation,Operations,2026-08-04,2026-08-08,4,Completed
S0002176,A000366,7,Disbursement,Operations,2026-08-08,2026-08-09,1,Completed
S0002177,A000367,1,Application Received,SME Sales,2025-04-19,2025-04-20,1,Completed
S0002178,A000367,2,Initial Screening,SME Sales,2025-04-20,2025-04-23,3,Completed
S0002179,A000367,3,Credit Assessment,Credit,2025-04-23,2025-04-25,2,Completed
S0002180,A000367,4,Risk Review,Risk,2025-04-25,2025-04-29,4,Completed
S0002181,A000367,5,Approval Committee,Credit,2025-04-29,2025-05-01,2,Completed
S0002182,A000367,6,Documentation,Operations,2025-05-01,2025-05-03,2,Completed
S0002183,A000367,7,Disbursement,Operations,2025-05-03,2025-05-05,2,Completed
S0002184,A000368,1,Application Received,SME Sales,2025-01-19,2025-01-20,1,Completed
S0002185,A000368,2,Initial Screening,SME Sales,2025-01-20,2025-01-21,1,Completed
S0002186,A000368,3,Credit Assessment,Credit,2025-01-21,2025-01-27,6,Completed
S0002187,A000368,4,Risk Review,Risk,2025-01-27,2025-01-31,4,Completed
S0002188,A000369,1,Application Received,SME Sales,2026-02-11,2026-02-12,1,Completed
S0002189,A000369,2,Initial Screening,SME Sales,2026-02-12,2026-02-13,1,Completed
S0002190,A000369,3,Credit Assessment,Credit,2026-02-13,2026-02-18,5,Completed
S0002191,A000369,4,Risk Review,Risk,2026-02-18,2026-02-22,4,Completed
S0002192,A000369,5,Approval Committee,Credit,2026-02-22,2026-02-25,3,Completed
S0002193,A000369,6,Documentation,Operations,2026-02-25,2026-03-01,4,Completed
S0002194,A000369,7,Disbursement,Operations,2026-03-01,2026-03-02,1,Completed
S0002195,A000370,1,Application Received,SME Sales,2025-05-13,2025-05-13,0,Completed
S0002196,A000370,2,Initial Screening,SME Sales,2025-05-13,2025-05-15,2,Completed
S0002197,A000370,3,Credit Assessment,Credit,2025-05-15,2025-05-18,3,Completed
S0002198,A000370,4,Risk Review,Risk,2025-05-18,2025-05-22,4,Completed
S0002199,A000370,5,Approval Committee,Credit,2025-05-22,2025-05-24,2,Completed
S0002200,A000371,1,Application Received,SME Sales,2026-01-22,2026-01-23,1,Completed
S0002201,A000371,2,Initial Screening,SME Sales,2026-01-23,2026-01-26,3,Completed
S0002202,A000371,3,Credit Assessment,Credit,2026-01-26,2026-01-28,2,Completed
S0002203,A000371,4,Risk Review,Risk,2026-01-28,2026-01-31,3,Completed
S0002204,A000371,5,Approval Committee,Credit,2026-01-31,2026-02-03,3,Completed
S0002205,A000371,6,Documentation,Operations,2026-02-03,2026-02-07,4,Completed
S0002206,A000371,7,Disbursement,Operations,2026-02-07,2026-02-09,2,Completed
S0002207,A000372,1,Application Received,SME Sales,2026-01-05,2026-01-05,0,Completed
S0002208,A000372,2,Initial Screening,SME Sales,2026-01-05,2026-01-08,3,Completed
S0002209,A000372,3,Credit Assessment,Credit,2026-01-08,2026-01-13,5,Completed
S0002210,A000372,4,Risk Review,Risk,2026-01-13,2026-01-14,1,Completed
S0002211,A000372,5,Approval Committee,Credit,2026-01-14,2026-01-15,1,Completed
S0002212,A000372,6,Documentation,Operations,2026-01-15,2026-01-18,3,Completed
S0002213,A000372,7,Disbursement,Operations,2026-01-18,2026-01-19,1,Completed
S0002214,A000373,1,Application Received,SME Sales,2025-03-26,2025-03-27,1,Completed
S0002215,A000373,2,Initial Screening,SME Sales,2025-03-27,2025-03-28,1,Completed
S0002216,A000373,3,Credit Assessment,Credit,2025-03-28,2025-03-31,3,Completed
S0002217,A000373,4,Risk Review,Risk,2025-03-31,2025-04-02,2,Completed
S0002218,A000374,1,Application Received,SME Sales,2026-04-12,2026-04-13,1,Completed
S0002219,A000374,2,Initial Screening,SME Sales,2026-04-13,2026-04-15,2,Completed
S0002220,A000374,3,Credit Assessment,Credit,2026-04-15,2026-04-17,2,Completed
S0002221,A000374,4,Risk Review,Risk,2026-04-17,2026-04-19,2,Completed
S0002222,A000374,5,Approval Committee,Credit,2026-04-19,2026-04-21,2,Completed
S0002223,A000374,6,Documentation,Operations,2026-04-21,2026-04-26,5,Completed
S0002224,A000374,7,Disbursement,Operations,2026-04-26,2026-04-28,2,Completed
S0002225,A000375,1,Application Received,SME Sales,2026-01-29,2026-01-29,0,Completed
S0002226,A000375,2,Initial Screening,SME Sales,2026-01-29,2026-02-01,3,Completed
S0002227,A000375,3,Credit Assessment,Credit,2026-02-01,2026-02-04,3,Completed
S0002228,A000375,4,Risk Review,Risk,2026-02-04,2026-02-05,1,Completed
S0002229,A000375,5,Approval Committee,Credit,2026-02-05,2026-02-06,1,Completed
S0002230,A000375,6,Documentation,Operations,2026-02-06,2026-02-11,5,Completed
S0002231,A000375,7,Disbursement,Operations,2026-02-11,2026-02-13,2,Completed
S0002232,A000376,1,Application Received,SME Sales,2025-01-12,2025-01-13,1,Completed
S0002233,A000376,2,Initial Screening,SME Sales,2025-01-13,2025-01-16,3,Completed
S0002234,A000376,3,Credit Assessment,Credit,2025-01-16,2025-01-21,5,Completed
S0002235,A000376,4,Risk Review,Risk,2025-01-21,2025-01-25,4,Completed
S0002236,A000376,5,Approval Committee,Credit,2025-01-25,2025-01-28,3,Completed
S0002237,A000376,6,Documentation,Operations,2025-01-28,2025-02-01,4,Completed
S0002238,A000376,7,Disbursement,Operations,2025-02-01,2025-02-03,2,Completed
S0002239,A000377,1,Application Received,SME Sales,2024-03-02,2024-03-03,1,Completed
S0002240,A000377,2,Initial Screening,SME Sales,2024-03-03,2024-03-06,3,Completed
S0002241,A000377,3,Credit Assessment,Credit,2024-03-06,2024-03-09,3,Completed
S0002242,A000377,4,Risk Review,Risk,2024-03-09,2024-03-10,1,Completed
S0002243,A000377,5,Approval Committee,Credit,2024-03-10,2024-03-13,3,Completed
S0002244,A000378,1,Application Received,SME Sales,2024-11-05,2024-11-06,1,Completed
S0002245,A000378,2,Initial Screening,SME Sales,2024-11-06,2024-11-07,1,Completed
S0002246,A000378,3,Credit Assessment,Credit,2024-11-07,2024-11-09,2,Completed
S0002247,A000378,4,Risk Review,Risk,2024-11-09,2024-11-12,3,Completed
S0002248,A000378,5,Approval Committee,Credit,2024-11-12,2024-11-13,1,Completed
S0002249,A000378,6,Documentation,Operations,2024-11-13,2024-11-18,5,Completed
S0002250,A000378,7,Disbursement,Operations,2024-11-18,2024-11-19,1,Completed
S0002251,A000379,1,Application Received,SME Sales,2026-07-30,2026-07-31,1,Completed
S0002252,A000379,2,Initial Screening,SME Sales,2026-07-31,2026-08-03,3,Completed
S0002253,A000379,3,Credit Assessment,Credit,2026-08-03,2026-08-06,3,Completed
S0002254,A000379,4,Risk Review,Risk,2026-08-06,2026-08-10,4,Completed
S0002255,A000379,5,Approval Committee,Credit,2026-08-10,2026-08-13,3,Completed
S0002256,A000379,6,Documentation,Operations,2026-08-13,2026-08-16,3,Completed
S0002257,A000379,7,Disbursement,Operations,2026-08-16,2026-08-17,1,Completed
S0002258,A000380,1,Application Received,SME Sales,2025-08-31,2025-09-01,1,Completed
S0002259,A000380,2,Initial Screening,SME Sales,2025-09-01,2025-09-04,3,Completed
S0002260,A000380,3,Credit Assessment,Credit,2025-09-04,2025-09-06,2,Completed
S0002261,A000380,4,Risk Review,Risk,2025-09-06,2025-09-10,4,Completed
S0002262,A000380,5,Approval Committee,Credit,2025-09-10,2025-09-12,2,Completed
S0002263,A000380,6,Documentation,Operations,2025-09-12,2025-09-15,3,Completed
S0002264,A000380,7,Disbursement,Operations,2025-09-15,2025-09-16,1,Completed
S0002265,A000381,1,Application Received,SME Sales,2025-07-27,2025-07-27,0,Completed
S0002266,A000381,2,Initial Screening,SME Sales,2025-07-27,2025-07-28,1,Completed
S0002267,A000381,3,Credit Assessment,Credit,2025-07-28,2025-07-31,3,Completed
S0002268,A000381,4,Risk Review,Risk,2025-07-31,2025-08-04,4,Completed
S0002269,A000381,5,Approval Committee,Credit,2025-08-04,2025-08-06,2,Completed
S0002270,A000381,6,Documentation,Operations,2025-08-06,2025-08-11,5,Completed
S0002271,A000381,7,Disbursement,Operations,2025-08-11,2025-08-12,1,Completed
S0002272,A000382,1,Application Received,SME Sales,2026-08-30,2026-08-30,0,Completed
S0002273,A000382,2,Initial Screening,SME Sales,2026-08-30,2026-09-01,2,Completed
S0002274,A000382,3,Credit Assessment,Credit,2026-09-01,2026-09-06,5,Completed
S0002275,A000382,4,Risk Review,Risk,2026-09-06,2026-09-08,2,Completed
S0002276,A000382,5,Approval Committee,Credit,2026-09-08,2026-09-09,1,Completed
S0002277,A000382,6,Documentation,Operations,2026-09-09,2026-09-11,2,Completed
S0002278,A000382,7,Disbursement,Operations,2026-09-11,2026-09-13,2,Completed
S0002279,A000383,1,Application Received,SME Sales,2025-02-03,2025-02-03,0,Completed
S0002280,A000383,2,Initial Screening,SME Sales,2025-02-03,2025-02-05,2,Completed
S0002281,A000383,3,Credit Assessment,Credit,2025-02-05,2025-02-07,2,Completed
S0002282,A000383,4,Risk Review,Risk,2025-02-07,2025-02-10,3,Completed
S0002283,A000383,5,Approval Committee,Credit,2025-02-10,2025-02-13,3,Completed
S0002284,A000383,6,Documentation,Operations,2025-02-13,2025-02-17,4,Completed
S0002285,A000383,7,Disbursement,Operations,2025-02-17,2025-02-18,1,Completed
S0002286,A000384,1,Application Received,SME Sales,2024-09-02,2024-09-03,1,Completed
S0002287,A000384,2,Initial Screening,SME Sales,2024-09-03,2024-09-04,1,Completed
S0002288,A000384,3,Credit Assessment,Credit,2024-09-04,2024-09-09,5,Completed
S0002289,A000384,4,Risk Review,Risk,2024-09-09,2024-09-11,2,Completed
S0002290,A000384,5,Approval Committee,Credit,2024-09-11,2024-09-12,1,Completed
S0002291,A000384,6,Documentation,Operations,2024-09-12,2024-09-15,3,Completed
S0002292,A000384,7,Disbursement,Operations,2024-09-15,2024-09-16,1,Completed
S0002293,A000385,1,Application Received,SME Sales,2024-10-19,2024-10-20,1,Completed
S0002294,A000385,2,Initial Screening,SME Sales,2024-10-20,2024-10-21,1,Completed
S0002295,A000385,3,Credit Assessment,Credit,2024-10-21,2024-10-27,6,Completed
S0002296,A000385,4,Risk Review,Risk,2024-10-27,2024-10-31,4,Completed
S0002297,A000385,5,Approval Committee,Credit,2024-10-31,2024-11-01,1,Completed
S0002298,A000385,6,Documentation,Operations,2024-11-01,2024-11-05,4,Completed
S0002299,A000385,7,Disbursement,Operations,2024-11-05,2024-11-07,2,Completed
S0002300,A000386,1,Application Received,SME Sales,2026-08-20,2026-08-21,1,Completed
S0002301,A000386,2,Initial Screening,SME Sales,2026-08-21,2026-08-23,2,Completed
S0002302,A000386,3,Credit Assessment,Credit,2026-08-23,2026-08-28,5,Completed
S0002303,A000386,4,Risk Review,Risk,2026-08-28,2026-08-31,3,Completed
S0002304,A000386,5,Approval Committee,Credit,2026-08-31,2026-09-01,1,Completed
S0002305,A000386,6,Documentation,Operations,2026-09-01,2026-09-05,4,Completed
S0002306,A000386,7,Disbursement,Operations,2026-09-05,2026-09-06,1,Completed
S0002307,A000387,1,Application Received,SME Sales,2024-05-05,2024-05-06,1,Completed
S0002308,A000387,2,Initial Screening,SME Sales,2024-05-06,2024-05-07,1,Completed
S0002309,A000387,3,Credit Assessment,Credit,2024-05-07,2024-05-09,2,Completed
S0002310,A000388,1,Application Received,SME Sales,2024-08-06,2024-08-06,0,Completed
S0002311,A000388,2,Initial Screening,SME Sales,2024-08-06,2024-08-09,3,Completed
S0002312,A000388,3,Credit Assessment,Credit,2024-08-09,2024-08-12,3,Completed
S0002313,A000388,4,Risk Review,Risk,2024-08-12,2024-08-16,4,Completed
S0002314,A000388,5,Approval Committee,Credit,2024-08-16,2024-08-17,1,Completed
S0002315,A000388,6,Documentation,Operations,2024-08-17,2024-08-19,2,Completed
S0002316,A000388,7,Disbursement,Operations,2024-08-19,2024-08-20,1,Completed
S0002317,A000389,1,Application Received,SME Sales,2025-06-27,2025-06-27,0,Completed
S0002318,A000389,2,Initial Screening,SME Sales,2025-06-27,2025-06-29,2,Completed
S0002319,A000389,3,Credit Assessment,Credit,2025-06-29,2025-07-05,6,Completed
S0002320,A000389,4,Risk Review,Risk,2025-07-05,2025-07-07,2,Completed
S0002321,A000389,5,Approval Committee,Credit,2025-07-07,2025-07-10,3,Completed
S0002322,A000389,6,Documentation,Operations,2025-07-10,2025-07-15,5,Completed
S0002323,A000389,7,Disbursement,Operations,2025-07-15,2025-07-17,2,Completed
S0002324,A000390,1,Application Received,SME Sales,2024-06-29,2024-06-29,0,Completed
S0002325,A000390,2,Initial Screening,SME Sales,2024-06-29,2024-07-02,3,Completed
S0002326,A000390,3,Credit Assessment,Credit,2024-07-02,2024-07-06,4,Completed
S0002327,A000390,4,Risk Review,Risk,2024-07-06,2024-07-08,2,Completed
S0002328,A000390,5,Approval Committee,Credit,2024-07-08,2024-07-11,3,Completed
S0002329,A000391,1,Application Received,SME Sales,2026-08-14,2026-08-14,0,Completed
S0002330,A000391,2,Initial Screening,SME Sales,2026-08-14,2026-08-16,2,Completed
S0002331,A000391,3,Credit Assessment,Credit,2026-08-16,2026-08-21,5,Completed
S0002332,A000391,4,Risk Review,Risk,2026-08-21,2026-08-22,1,Completed
S0002333,A000391,5,Approval Committee,Credit,2026-08-22,2026-08-23,1,Completed
S0002334,A000391,6,Documentation,Operations,2026-08-23,2026-08-26,3,Completed
S0002335,A000391,7,Disbursement,Operations,2026-08-26,2026-08-27,1,Completed
S0002336,A000392,1,Application Received,SME Sales,2024-07-18,2024-07-18,0,Completed
S0002337,A000392,2,Initial Screening,SME Sales,2024-07-18,2024-07-21,3,Completed
S0002338,A000392,3,Credit Assessment,Credit,2024-07-21,2024-07-26,5,Completed
S0002339,A000393,1,Application Received,SME Sales,2025-06-15,2025-06-16,1,Completed
S0002340,A000393,2,Initial Screening,SME Sales,2025-06-16,2025-06-19,3,Completed
S0002341,A000393,3,Credit Assessment,Credit,2025-06-19,2025-06-24,5,Completed
S0002342,A000393,4,Risk Review,Risk,2025-06-24,2025-06-26,2,Completed
S0002343,A000393,5,Approval Committee,Credit,2025-06-26,2025-06-29,3,Completed
S0002344,A000393,6,Documentation,Operations,2025-06-29,2025-07-01,2,Completed
S0002345,A000393,7,Disbursement,Operations,2025-07-01,2025-07-03,2,Completed
S0002346,A000394,1,Application Received,SME Sales,2024-11-04,2024-11-04,0,Completed
S0002347,A000394,2,Initial Screening,SME Sales,2024-11-04,2024-11-07,3,Completed
S0002348,A000394,3,Credit Assessment,Credit,2024-11-07,2024-11-12,5,Completed
S0002349,A000394,4,Risk Review,Risk,2024-11-12,2024-11-13,1,Completed
S0002350,A000394,5,Approval Committee,Credit,2024-11-13,2024-11-14,1,Completed
S0002351,A000394,6,Documentation,Operations,2024-11-14,2024-11-17,3,Completed
S0002352,A000394,7,Disbursement,Operations,2024-11-17,2024-11-18,1,Completed
S0002353,A000395,1,Application Received,SME Sales,2025-09-29,2025-09-30,1,Completed
S0002354,A000395,2,Initial Screening,SME Sales,2025-09-30,2025-10-03,3,Completed
S0002355,A000395,3,Credit Assessment,Credit,2025-10-03,2025-10-06,3,Completed
S0002356,A000395,4,Risk Review,Risk,2025-10-06,2025-10-10,4,Completed
S0002357,A000396,1,Application Received,SME Sales,2026-09-16,2026-09-17,1,Completed
S0002358,A000396,2,Initial Screening,SME Sales,2026-09-17,2026-09-19,2,Completed
S0002359,A000396,3,Credit Assessment,Credit,2026-09-19,2026-09-24,5,Completed
S0002360,A000396,4,Risk Review,Risk,2026-09-24,2026-09-26,2,Completed
S0002361,A000396,5,Approval Committee,Credit,2026-09-26,2026-09-28,2,Completed
S0002362,A000396,6,Documentation,Operations,2026-09-28,2026-09-30,2,Completed
S0002363,A000396,7,Disbursement,Operations,2026-09-30,2026-09-30,0,Completed
S0002364,A000397,1,Application Received,SME Sales,2025-01-07,2025-01-07,0,Completed
S0002365,A000397,2,Initial Screening,SME Sales,2025-01-07,2025-01-10,3,Completed
S0002366,A000397,3,Credit Assessment,Credit,2025-01-10,2025-01-15,5,Completed
S0002367,A000397,4,Risk Review,Risk,2025-01-15,2025-01-17,2,Completed
S0002368,A000397,5,Approval Committee,Credit,2025-01-17,2025-01-18,1,Completed
S0002369,A000397,6,Documentation,Operations,2025-01-18,2025-01-23,5,Completed
S0002370,A000397,7,Disbursement,Operations,2025-01-23,2025-01-25,2,Completed
S0002371,A000398,1,Application Received,SME Sales,2024-02-20,2024-02-21,1,Completed
S0002372,A000398,2,Initial Screening,SME Sales,2024-02-21,2024-02-23,2,Completed
S0002373,A000398,3,Credit Assessment,Credit,2024-02-23,2024-02-26,3,Completed
S0002374,A000398,4,Risk Review,Risk,2024-02-26,2024-02-28,2,Completed
S0002375,A000398,5,Approval Committee,Credit,2024-02-28,2024-03-02,3,Completed
S0002376,A000399,1,Application Received,SME Sales,2024-05-07,2024-05-08,1,Completed
S0002377,A000399,2,Initial Screening,SME Sales,2024-05-08,2024-05-11,3,Completed
S0002378,A000399,3,Credit Assessment,Credit,2024-05-11,2024-05-16,5,Completed
S0002379,A000399,4,Risk Review,Risk,2024-05-16,2024-05-18,2,Completed
S0002380,A000399,5,Approval Committee,Credit,2024-05-18,2024-05-21,3,Completed
S0002381,A000399,6,Documentation,Operations,2024-05-21,2024-05-25,4,Completed
S0002382,A000399,7,Disbursement,Operations,2024-05-25,2024-05-26,1,Completed
S0002383,A000400,1,Application Received,SME Sales,2026-05-12,2026-05-12,0,Completed
S0002384,A000400,2,Initial Screening,SME Sales,2026-05-12,2026-05-14,2,Completed
S0002385,A000400,3,Credit Assessment,Credit,2026-05-14,2026-05-18,4,Completed
S0002386,A000400,4,Risk Review,Risk,2026-05-18,2026-05-20,2,Completed
S0002387,A000400,5,Approval Committee,Credit,2026-05-20,2026-05-22,2,Completed
S0002388,A000400,6,Documentation,Operations,2026-05-22,2026-05-25,3,Completed
S0002389,A000400,7,Disbursement,Operations,2026-05-25,2026-05-26,1,Completed
S0002390,A000401,1,Application Received,SME Sales,2024-06-14,2024-06-14,0,Completed
S0002391,A000401,2,Initial Screening,SME Sales,2024-06-14,2024-06-15,1,Completed
S0002392,A000401,3,Credit Assessment,Credit,2024-06-15,2024-06-19,4,Completed
S0002393,A000401,4,Risk Review,Risk,2024-06-19,2024-06-22,3,Completed
S0002394,A000401,5,Approval Committee,Credit,2024-06-22,2024-06-23,1,Completed
S0002395,A000401,6,Documentation,Operations,2024-06-23,2024-06-28,5,Completed
S0002396,A000401,7,Disbursement,Operations,2024-06-28,2024-06-30,2,Completed
S0002397,A000402,1,Application Received,SME Sales,2026-09-08,2026-09-09,1,Completed
S0002398,A000402,2,Initial Screening,SME Sales,2026-09-09,2026-09-10,1,Completed
S0002399,A000402,3,Credit Assessment,Credit,2026-09-10,2026-09-16,6,Completed
S0002400,A000402,4,Risk Review,Risk,2026-09-16,2026-09-19,3,Completed
S0002401,A000402,5,Approval Committee,Credit,2026-09-19,,,In Progress
S0002402,A000403,1,Application Received,SME Sales,2024-09-07,2024-09-07,0,Completed
S0002403,A000403,2,Initial Screening,SME Sales,2024-09-07,2024-09-08,1,Completed
S0002404,A000403,3,Credit Assessment,Credit,2024-09-08,2024-09-12,4,Completed
S0002405,A000403,4,Risk Review,Risk,2024-09-12,2024-09-16,4,Completed
S0002406,A000403,5,Approval Committee,Credit,2024-09-16,2024-09-19,3,Completed
S0002407,A000403,6,Documentation,Operations,2024-09-19,2024-09-24,5,Completed
S0002408,A000403,7,Disbursement,Operations,2024-09-24,2024-09-25,1,Completed
S0002409,A000404,1,Application Received,SME Sales,2025-10-30,2025-10-31,1,Completed
S0002410,A000404,2,Initial Screening,SME Sales,2025-10-31,2025-11-01,1,Completed
S0002411,A000404,3,Credit Assessment,Credit,2025-11-01,2025-11-04,3,Completed
S0002412,A000404,4,Risk Review,Risk,2025-11-04,2025-11-08,4,Completed
S0002413,A000404,5,Approval Committee,Credit,2025-11-08,2025-11-10,2,Completed
S0002414,A000404,6,Documentation,Operations,2025-11-10,2025-11-13,3,Completed
S0002415,A000404,7,Disbursement,Operations,2025-11-13,2025-11-15,2,Completed
S0002416,A000405,1,Application Received,SME Sales,2025-01-30,2025-01-31,1,Completed
S0002417,A000405,2,Initial Screening,SME Sales,2025-01-31,2025-02-03,3,Completed
S0002418,A000405,3,Credit Assessment,Credit,2025-02-03,2025-02-09,6,Completed
S0002419,A000405,4,Risk Review,Risk,2025-02-09,2025-02-10,1,Completed
S0002420,A000405,5,Approval Committee,Credit,2025-02-10,2025-02-13,3,Completed
S0002421,A000405,6,Documentation,Operations,2025-02-13,2025-02-17,4,Completed
S0002422,A000405,7,Disbursement,Operations,2025-02-17,2025-02-18,1,Completed
S0002423,A000406,1,Application Received,SME Sales,2025-08-02,2025-08-02,0,Completed
S0002424,A000406,2,Initial Screening,SME Sales,2025-08-02,2025-08-05,3,Completed
S0002425,A000406,3,Credit Assessment,Credit,2025-08-05,2025-08-12,7,Completed
S0002426,A000406,4,Risk Review,Risk,2025-08-12,2025-08-13,1,Completed
S0002427,A000406,5,Approval Committee,Credit,2025-08-13,2025-08-16,3,Completed
S0002428,A000407,1,Application Received,SME Sales,2024-07-08,2024-07-09,1,Completed
S0002429,A000407,2,Initial Screening,SME Sales,2024-07-09,2024-07-10,1,Completed
S0002430,A000407,3,Credit Assessment,Credit,2024-07-10,2024-07-14,4,Completed
S0002431,A000408,1,Application Received,SME Sales,2024-03-16,2024-03-17,1,Completed
S0002432,A000408,2,Initial Screening,SME Sales,2024-03-17,2024-03-19,2,Completed
S0002433,A000408,3,Credit Assessment,Credit,2024-03-19,2024-03-26,7,Completed
S0002434,A000408,4,Risk Review,Risk,2024-03-26,2024-03-29,3,Completed
S0002435,A000408,5,Approval Committee,Credit,2024-03-29,2024-04-01,3,Completed
S0002436,A000408,6,Documentation,Operations,2024-04-01,2024-04-03,2,Completed
S0002437,A000408,7,Disbursement,Operations,2024-04-03,2024-04-04,1,Completed
S0002438,A000409,1,Application Received,SME Sales,2025-03-12,2025-03-13,1,Completed
S0002439,A000409,2,Initial Screening,SME Sales,2025-03-13,2025-03-16,3,Completed
S0002440,A000409,3,Credit Assessment,Credit,2025-03-16,2025-03-20,4,Completed
S0002441,A000409,4,Risk Review,Risk,2025-03-20,2025-03-23,3,Completed
S0002442,A000409,5,Approval Committee,Credit,2025-03-23,2025-03-25,2,Completed
S0002443,A000409,6,Documentation,Operations,2025-03-25,2025-03-30,5,Completed
S0002444,A000409,7,Disbursement,Operations,2025-03-30,2025-04-01,2,Completed
S0002445,A000410,1,Application Received,SME Sales,2025-03-06,2025-03-06,0,Completed
S0002446,A000410,2,Initial Screening,SME Sales,2025-03-06,2025-03-09,3,Completed
S0002447,A000410,3,Credit Assessment,Credit,2025-03-09,2025-03-12,3,Completed
S0002448,A000410,4,Risk Review,Risk,2025-03-12,2025-03-14,2,Completed
S0002449,A000410,5,Approval Committee,Credit,2025-03-14,2025-03-17,3,Completed
S0002450,A000410,6,Documentation,Operations,2025-03-17,2025-03-22,5,Completed
S0002451,A000410,7,Disbursement,Operations,2025-03-22,2025-03-23,1,Completed
S0002452,A000411,1,Application Received,SME Sales,2026-09-03,2026-09-04,1,Completed
S0002453,A000411,2,Initial Screening,SME Sales,2026-09-04,2026-09-07,3,Completed
S0002454,A000411,3,Credit Assessment,Credit,2026-09-07,2026-09-11,4,Completed
S0002455,A000411,4,Risk Review,Risk,2026-09-11,2026-09-12,1,Completed
S0002456,A000411,5,Approval Committee,Credit,2026-09-12,2026-09-13,1,Completed
S0002457,A000411,6,Documentation,Operations,2026-09-13,2026-09-17,4,Completed
S0002458,A000411,7,Disbursement,Operations,2026-09-17,2026-09-19,2,Completed
S0002459,A000412,1,Application Received,SME Sales,2025-04-12,2025-04-13,1,Completed
S0002460,A000412,2,Initial Screening,SME Sales,2025-04-13,2025-04-14,1,Completed
S0002461,A000412,3,Credit Assessment,Credit,2025-04-14,2025-04-18,4,Completed
S0002462,A000412,4,Risk Review,Risk,2025-04-18,2025-04-21,3,Completed
S0002463,A000412,5,Approval Committee,Credit,2025-04-21,2025-04-23,2,Completed
S0002464,A000412,6,Documentation,Operations,2025-04-23,2025-04-28,5,Completed
S0002465,A000412,7,Disbursement,Operations,2025-04-28,2025-04-30,2,Completed
S0002466,A000413,1,Application Received,SME Sales,2025-08-30,2025-08-31,1,Completed
S0002467,A000413,2,Initial Screening,SME Sales,2025-08-31,2025-09-01,1,Completed
S0002468,A000413,3,Credit Assessment,Credit,2025-09-01,2025-09-04,3,Completed
S0002469,A000413,4,Risk Review,Risk,2025-09-04,2025-09-08,4,Completed
S0002470,A000413,5,Approval Committee,Credit,2025-09-08,2025-09-10,2,Completed
S0002471,A000413,6,Documentation,Operations,2025-09-10,2025-09-14,4,Completed
S0002472,A000413,7,Disbursement,Operations,2025-09-14,2025-09-15,1,Completed
S0002473,A000414,1,Application Received,SME Sales,2025-12-16,2025-12-16,0,Completed
S0002474,A000414,2,Initial Screening,SME Sales,2025-12-16,2025-12-19,3,Completed
S0002475,A000414,3,Credit Assessment,Credit,2025-12-19,2025-12-25,6,Completed
S0002476,A000414,4,Risk Review,Risk,2025-12-25,2025-12-26,1,Completed
S0002477,A000414,5,Approval Committee,Credit,2025-12-26,2025-12-29,3,Completed
S0002478,A000414,6,Documentation,Operations,2025-12-29,2026-01-02,4,Completed
S0002479,A000414,7,Disbursement,Operations,2026-01-02,2026-01-04,2,Completed
S0002480,A000415,1,Application Received,SME Sales,2025-12-13,2025-12-14,1,Completed
S0002481,A000415,2,Initial Screening,SME Sales,2025-12-14,2025-12-17,3,Completed
S0002482,A000415,3,Credit Assessment,Credit,2025-12-17,2025-12-22,5,Completed
S0002483,A000415,4,Risk Review,Risk,2025-12-22,2025-12-24,2,Completed
S0002484,A000415,5,Approval Committee,Credit,2025-12-24,2025-12-25,1,Completed
S0002485,A000415,6,Documentation,Operations,2025-12-25,2025-12-28,3,Completed
S0002486,A000415,7,Disbursement,Operations,2025-12-28,2025-12-30,2,Completed
S0002487,A000416,1,Application Received,SME Sales,2024-03-21,2024-03-21,0,Completed
S0002488,A000416,2,Initial Screening,SME Sales,2024-03-21,2024-03-23,2,Completed
S0002489,A000416,3,Credit Assessment,Credit,2024-03-23,2024-03-25,2,Completed
S0002490,A000416,4,Risk Review,Risk,2024-03-25,2024-03-26,1,Completed
S0002491,A000416,5,Approval Committee,Credit,2024-03-26,2024-03-29,3,Completed
S0002492,A000417,1,Application Received,SME Sales,2024-12-04,2024-12-05,1,Completed
S0002493,A000417,2,Initial Screening,SME Sales,2024-12-05,2024-12-06,1,Completed
S0002494,A000417,3,Credit Assessment,Credit,2024-12-06,2024-12-09,3,Completed
S0002495,A000417,4,Risk Review,Risk,2024-12-09,2024-12-13,4,Completed
S0002496,A000417,5,Approval Committee,Credit,2024-12-13,2024-12-14,1,Completed
S0002497,A000417,6,Documentation,Operations,2024-12-14,2024-12-19,5,Completed
S0002498,A000417,7,Disbursement,Operations,2024-12-19,2024-12-21,2,Completed
S0002499,A000418,1,Application Received,SME Sales,2024-09-05,2024-09-05,0,Completed
S0002500,A000418,2,Initial Screening,SME Sales,2024-09-05,2024-09-08,3,Completed
S0002501,A000418,3,Credit Assessment,Credit,2024-09-08,2024-09-12,4,Completed
S0002502,A000418,4,Risk Review,Risk,2024-09-12,2024-09-14,2,Completed
S0002503,A000418,5,Approval Committee,Credit,2024-09-14,2024-09-16,2,Completed
S0002504,A000418,6,Documentation,Operations,2024-09-16,2024-09-18,2,Completed
S0002505,A000418,7,Disbursement,Operations,2024-09-18,2024-09-20,2,Completed
S0002506,A000419,1,Application Received,SME Sales,2024-02-18,2024-02-18,0,Completed
S0002507,A000419,2,Initial Screening,SME Sales,2024-02-18,2024-02-20,2,Completed
S0002508,A000419,3,Credit Assessment,Credit,2024-02-20,2024-02-23,3,Completed
S0002509,A000419,4,Risk Review,Risk,2024-02-23,2024-02-24,1,Completed
S0002510,A000419,5,Approval Committee,Credit,2024-02-24,2024-02-27,3,Completed
S0002511,A000419,6,Documentation,Operations,2024-02-27,2024-03-01,3,Completed
S0002512,A000419,7,Disbursement,Operations,2024-03-01,2024-03-02,1,Completed
S0002513,A000420,1,Application Received,SME Sales,2024-06-10,2024-06-10,0,Completed
S0002514,A000420,2,Initial Screening,SME Sales,2024-06-10,2024-06-13,3,Completed
S0002515,A000420,3,Credit Assessment,Credit,2024-06-13,2024-06-19,6,Completed
S0002516,A000420,4,Risk Review,Risk,2024-06-19,2024-06-20,1,Completed
S0002517,A000420,5,Approval Committee,Credit,2024-06-20,2024-06-21,1,Completed
S0002518,A000420,6,Documentation,Operations,2024-06-21,2024-06-24,3,Completed
S0002519,A000420,7,Disbursement,Operations,2024-06-24,2024-06-25,1,Completed
S0002520,A000421,1,Application Received,SME Sales,2025-12-27,2025-12-28,1,Completed
S0002521,A000421,2,Initial Screening,SME Sales,2025-12-28,2025-12-30,2,Completed
S0002522,A000421,3,Credit Assessment,Credit,2025-12-30,2026-01-04,5,Completed
S0002523,A000421,4,Risk Review,Risk,2026-01-04,2026-01-06,2,Completed
S0002524,A000421,5,Approval Committee,Credit,2026-01-06,2026-01-08,2,Completed
S0002525,A000422,1,Application Received,SME Sales,2024-03-06,2024-03-06,0,Completed
S0002526,A000422,2,Initial Screening,SME Sales,2024-03-06,2024-03-07,1,Completed
S0002527,A000422,3,Credit Assessment,Credit,2024-03-07,2024-03-10,3,Completed
S0002528,A000422,4,Risk Review,Risk,2024-03-10,2024-03-14,4,Completed
S0002529,A000422,5,Approval Committee,Credit,2024-03-14,2024-03-15,1,Completed
S0002530,A000422,6,Documentation,Operations,2024-03-15,2024-03-19,4,Completed
S0002531,A000422,7,Disbursement,Operations,2024-03-19,2024-03-21,2,Completed
S0002532,A000423,1,Application Received,SME Sales,2025-06-25,2025-06-25,0,Completed
S0002533,A000423,2,Initial Screening,SME Sales,2025-06-25,2025-06-27,2,Completed
S0002534,A000423,3,Credit Assessment,Credit,2025-06-27,2025-07-01,4,Completed
S0002535,A000423,4,Risk Review,Risk,2025-07-01,2025-07-05,4,Completed
S0002536,A000423,5,Approval Committee,Credit,2025-07-05,2025-07-07,2,Completed
S0002537,A000424,1,Application Received,SME Sales,2024-09-24,2024-09-24,0,Completed
S0002538,A000424,2,Initial Screening,SME Sales,2024-09-24,2024-09-26,2,Completed
S0002539,A000424,3,Credit Assessment,Credit,2024-09-26,2024-09-28,2,Completed
S0002540,A000424,4,Risk Review,Risk,2024-09-28,2024-09-29,1,Completed
S0002541,A000424,5,Approval Committee,Credit,2024-09-29,2024-10-01,2,Completed
S0002542,A000424,6,Documentation,Operations,2024-10-01,2024-10-06,5,Completed
S0002543,A000424,7,Disbursement,Operations,2024-10-06,2024-10-08,2,Completed
S0002544,A000425,1,Application Received,SME Sales,2025-02-21,2025-02-22,1,Completed
S0002545,A000425,2,Initial Screening,SME Sales,2025-02-22,2025-02-23,1,Completed
S0002546,A000425,3,Credit Assessment,Credit,2025-02-23,2025-03-01,6,Completed
S0002547,A000425,4,Risk Review,Risk,2025-03-01,2025-03-05,4,Completed
S0002548,A000426,1,Application Received,SME Sales,2025-03-01,2025-03-02,1,Completed
S0002549,A000426,2,Initial Screening,SME Sales,2025-03-02,2025-03-03,1,Completed
S0002550,A000426,3,Credit Assessment,Credit,2025-03-03,2025-03-07,4,Completed
S0002551,A000426,4,Risk Review,Risk,2025-03-07,2025-03-10,3,Completed
S0002552,A000427,1,Application Received,SME Sales,2024-10-14,2024-10-15,1,Completed
S0002553,A000427,2,Initial Screening,SME Sales,2024-10-15,2024-10-17,2,Completed
S0002554,A000427,3,Credit Assessment,Credit,2024-10-17,2024-10-20,3,Completed
S0002555,A000427,4,Risk Review,Risk,2024-10-20,2024-10-22,2,Completed
S0002556,A000427,5,Approval Committee,Credit,2024-10-22,2024-10-23,1,Completed
S0002557,A000427,6,Documentation,Operations,2024-10-23,2024-10-28,5,Completed
S0002558,A000427,7,Disbursement,Operations,2024-10-28,2024-10-30,2,Completed
S0002559,A000428,1,Application Received,SME Sales,2024-11-22,2024-11-22,0,Completed
S0002560,A000428,2,Initial Screening,SME Sales,2024-11-22,2024-11-25,3,Completed
S0002561,A000428,3,Credit Assessment,Credit,2024-11-25,2024-11-29,4,Completed
S0002562,A000428,4,Risk Review,Risk,2024-11-29,2024-12-02,3,Completed
S0002563,A000428,5,Approval Committee,Credit,2024-12-02,2024-12-04,2,Completed
S0002564,A000428,6,Documentation,Operations,2024-12-04,2024-12-09,5,Completed
S0002565,A000428,7,Disbursement,Operations,2024-12-09,2024-12-10,1,Completed
S0002566,A000429,1,Application Received,SME Sales,2026-02-10,2026-02-11,1,Completed
S0002567,A000429,2,Initial Screening,SME Sales,2026-02-11,2026-02-14,3,Completed
S0002568,A000430,1,Application Received,SME Sales,2026-06-17,2026-06-18,1,Completed
S0002569,A000430,2,Initial Screening,SME Sales,2026-06-18,2026-06-21,3,Completed
S0002570,A000430,3,Credit Assessment,Credit,2026-06-21,2026-06-24,3,Completed
S0002571,A000430,4,Risk Review,Risk,2026-06-24,2026-06-26,2,Completed
S0002572,A000430,5,Approval Committee,Credit,2026-06-26,2026-06-28,2,Completed
S0002573,A000431,1,Application Received,SME Sales,2025-05-04,2025-05-04,0,Completed
S0002574,A000431,2,Initial Screening,SME Sales,2025-05-04,2025-05-05,1,Completed
S0002575,A000431,3,Credit Assessment,Credit,2025-05-05,2025-05-08,3,Completed
S0002576,A000431,4,Risk Review,Risk,2025-05-08,2025-05-10,2,Completed
S0002577,A000431,5,Approval Committee,Credit,2025-05-10,2025-05-12,2,Completed
S0002578,A000431,6,Documentation,Operations,2025-05-12,2025-05-17,5,Completed
S0002579,A000431,7,Disbursement,Operations,2025-05-17,2025-05-18,1,Completed
S0002580,A000432,1,Application Received,SME Sales,2024-06-23,2024-06-24,1,Completed
S0002581,A000432,2,Initial Screening,SME Sales,2024-06-24,2024-06-26,2,Completed
S0002582,A000432,3,Credit Assessment,Credit,2024-06-26,2024-07-02,6,Completed
S0002583,A000432,4,Risk Review,Risk,2024-07-02,2024-07-03,1,Completed
S0002584,A000433,1,Application Received,SME Sales,2026-01-04,2026-01-04,0,Completed
S0002585,A000433,2,Initial Screening,SME Sales,2026-01-04,2026-01-07,3,Completed
S0002586,A000433,3,Credit Assessment,Credit,2026-01-07,2026-01-14,7,Completed
S0002587,A000433,4,Risk Review,Risk,2026-01-14,2026-01-15,1,Completed
S0002588,A000433,5,Approval Committee,Credit,2026-01-15,2026-01-17,2,Completed
S0002589,A000434,1,Application Received,SME Sales,2026-09-08,2026-09-08,0,Completed
S0002590,A000434,2,Initial Screening,SME Sales,2026-09-08,2026-09-10,2,Completed
S0002591,A000434,3,Credit Assessment,Credit,2026-09-10,2026-09-15,5,Completed
S0002592,A000435,1,Application Received,SME Sales,2024-08-20,2024-08-20,0,Completed
S0002593,A000435,2,Initial Screening,SME Sales,2024-08-20,2024-08-22,2,Completed
S0002594,A000435,3,Credit Assessment,Credit,2024-08-22,2024-08-28,6,Completed
S0002595,A000435,4,Risk Review,Risk,2024-08-28,2024-09-01,4,Completed
S0002596,A000435,5,Approval Committee,Credit,2024-09-01,2024-09-04,3,Completed
S0002597,A000435,6,Documentation,Operations,2024-09-04,2024-09-06,2,Completed
S0002598,A000435,7,Disbursement,Operations,2024-09-06,2024-09-07,1,Completed
S0002599,A000436,1,Application Received,SME Sales,2026-02-15,2026-02-15,0,Completed
S0002600,A000436,2,Initial Screening,SME Sales,2026-02-15,2026-02-18,3,Completed
S0002601,A000436,3,Credit Assessment,Credit,2026-02-18,2026-02-20,2,Completed
S0002602,A000437,1,Application Received,SME Sales,2024-02-18,2024-02-18,0,Completed
S0002603,A000437,2,Initial Screening,SME Sales,2024-02-18,2024-02-20,2,Completed
S0002604,A000437,3,Credit Assessment,Credit,2024-02-20,2024-02-26,6,Completed
S0002605,A000437,4,Risk Review,Risk,2024-02-26,2024-02-29,3,Completed
S0002606,A000437,5,Approval Committee,Credit,2024-02-29,2024-03-02,2,Completed
S0002607,A000437,6,Documentation,Operations,2024-03-02,2024-03-07,5,Completed
S0002608,A000437,7,Disbursement,Operations,2024-03-07,2024-03-09,2,Completed
S0002609,A000438,1,Application Received,SME Sales,2025-05-11,2025-05-11,0,Completed
S0002610,A000438,2,Initial Screening,SME Sales,2025-05-11,2025-05-14,3,Completed
S0002611,A000438,3,Credit Assessment,Credit,2025-05-14,2025-05-21,7,Completed
S0002612,A000438,4,Risk Review,Risk,2025-05-21,2025-05-25,4,Completed
S0002613,A000438,5,Approval Committee,Credit,2025-05-25,2025-05-27,2,Completed
S0002614,A000438,6,Documentation,Operations,2025-05-27,2025-05-30,3,Completed
S0002615,A000438,7,Disbursement,Operations,2025-05-30,2025-06-01,2,Completed
S0002616,A000439,1,Application Received,SME Sales,2024-06-25,2024-06-25,0,Completed
S0002617,A000439,2,Initial Screening,SME Sales,2024-06-25,2024-06-28,3,Completed
S0002618,A000439,3,Credit Assessment,Credit,2024-06-28,2024-07-04,6,Completed
S0002619,A000440,1,Application Received,SME Sales,2025-01-20,2025-01-21,1,Completed
S0002620,A000440,2,Initial Screening,SME Sales,2025-01-21,2025-01-22,1,Completed
S0002621,A000440,3,Credit Assessment,Credit,2025-01-22,2025-01-26,4,Completed
S0002622,A000440,4,Risk Review,Risk,2025-01-26,2025-01-29,3,Completed
S0002623,A000440,5,Approval Committee,Credit,2025-01-29,2025-02-01,3,Completed
S0002624,A000440,6,Documentation,Operations,2025-02-01,2025-02-06,5,Completed
S0002625,A000440,7,Disbursement,Operations,2025-02-06,2025-02-08,2,Completed
S0002626,A000441,1,Application Received,SME Sales,2025-03-29,2025-03-29,0,Completed
S0002627,A000441,2,Initial Screening,SME Sales,2025-03-29,2025-03-30,1,Completed
S0002628,A000442,1,Application Received,SME Sales,2025-01-18,2025-01-18,0,Completed
S0002629,A000442,2,Initial Screening,SME Sales,2025-01-18,2025-01-19,1,Completed
S0002630,A000442,3,Credit Assessment,Credit,2025-01-19,2025-01-23,4,Completed
S0002631,A000442,4,Risk Review,Risk,2025-01-23,2025-01-26,3,Completed
S0002632,A000442,5,Approval Committee,Credit,2025-01-26,2025-01-27,1,Completed
S0002633,A000442,6,Documentation,Operations,2025-01-27,2025-01-31,4,Completed
S0002634,A000442,7,Disbursement,Operations,2025-01-31,2025-02-01,1,Completed
S0002635,A000443,1,Application Received,SME Sales,2024-08-02,2024-08-03,1,Completed
S0002636,A000443,2,Initial Screening,SME Sales,2024-08-03,2024-08-06,3,Completed
S0002637,A000443,3,Credit Assessment,Credit,2024-08-06,2024-08-08,2,Completed
S0002638,A000443,4,Risk Review,Risk,2024-08-08,2024-08-09,1,Completed
S0002639,A000443,5,Approval Committee,Credit,2024-08-09,2024-08-10,1,Completed
S0002640,A000443,6,Documentation,Operations,2024-08-10,2024-08-12,2,Completed
S0002641,A000443,7,Disbursement,Operations,2024-08-12,2024-08-13,1,Completed
S0002642,A000444,1,Application Received,SME Sales,2026-06-26,2026-06-27,1,Completed
S0002643,A000444,2,Initial Screening,SME Sales,2026-06-27,2026-06-30,3,Completed
S0002644,A000444,3,Credit Assessment,Credit,2026-06-30,2026-07-04,4,Completed
S0002645,A000444,4,Risk Review,Risk,2026-07-04,2026-07-05,1,Completed
S0002646,A000444,5,Approval Committee,Credit,2026-07-05,2026-07-08,3,Completed
S0002647,A000444,6,Documentation,Operations,2026-07-08,2026-07-12,4,Completed
S0002648,A000444,7,Disbursement,Operations,2026-07-12,2026-07-13,1,Completed
S0002649,A000445,1,Application Received,SME Sales,2024-06-04,2024-06-05,1,Completed
S0002650,A000445,2,Initial Screening,SME Sales,2024-06-05,2024-06-06,1,Completed
S0002651,A000445,3,Credit Assessment,Credit,2024-06-06,2024-06-09,3,Completed
S0002652,A000445,4,Risk Review,Risk,2024-06-09,2024-06-12,3,Completed
S0002653,A000445,5,Approval Committee,Credit,2024-06-12,2024-06-15,3,Completed
S0002654,A000445,6,Documentation,Operations,2024-06-15,2024-06-20,5,Completed
S0002655,A000445,7,Disbursement,Operations,2024-06-20,2024-06-21,1,Completed
S0002656,A000446,1,Application Received,SME Sales,2026-09-03,2026-09-03,0,Completed
S0002657,A000446,2,Initial Screening,SME Sales,2026-09-03,2026-09-04,1,Completed
S0002658,A000446,3,Credit Assessment,Credit,2026-09-04,2026-09-07,3,Completed
S0002659,A000446,4,Risk Review,Risk,2026-09-07,2026-09-11,4,Completed
S0002660,A000446,5,Approval Committee,Credit,2026-09-11,2026-09-14,3,Completed
S0002661,A000447,1,Application Received,SME Sales,2025-08-10,2025-08-11,1,Completed
S0002662,A000447,2,Initial Screening,SME Sales,2025-08-11,2025-08-13,2,Completed
S0002663,A000447,3,Credit Assessment,Credit,2025-08-13,2025-08-19,6,Completed
S0002664,A000447,4,Risk Review,Risk,2025-08-19,2025-08-23,4,Completed
S0002665,A000448,1,Application Received,SME Sales,2026-07-22,2026-07-22,0,Completed
S0002666,A000448,2,Initial Screening,SME Sales,2026-07-22,2026-07-25,3,Completed
S0002667,A000448,3,Credit Assessment,Credit,2026-07-25,2026-07-31,6,Completed
S0002668,A000448,4,Risk Review,Risk,2026-07-31,2026-08-03,3,Completed
S0002669,A000448,5,Approval Committee,Credit,2026-08-03,2026-08-04,1,Completed
S0002670,A000448,6,Documentation,Operations,2026-08-04,2026-08-07,3,Completed
S0002671,A000448,7,Disbursement,Operations,2026-08-07,2026-08-09,2,Completed
S0002672,A000449,1,Application Received,SME Sales,2025-07-04,2025-07-04,0,Completed
S0002673,A000449,2,Initial Screening,SME Sales,2025-07-04,2025-07-07,3,Completed
S0002674,A000449,3,Credit Assessment,Credit,2025-07-07,2025-07-13,6,Completed
S0002675,A000450,1,Application Received,SME Sales,2024-11-17,2024-11-18,1,Completed
S0002676,A000450,2,Initial Screening,SME Sales,2024-11-18,2024-11-21,3,Completed
S0002677,A000450,3,Credit Assessment,Credit,2024-11-21,2024-11-24,3,Completed
S0002678,A000450,4,Risk Review,Risk,2024-11-24,2024-11-28,4,Completed
S0002679,A000450,5,Approval Committee,Credit,2024-11-28,2024-11-30,2,Completed
S0002680,A000450,6,Documentation,Operations,2024-11-30,2024-12-04,4,Completed
S0002681,A000450,7,Disbursement,Operations,2024-12-04,2024-12-05,1,Completed
S0002682,A000451,1,Application Received,SME Sales,2024-04-24,2024-04-24,0,Completed
S0002683,A000451,2,Initial Screening,SME Sales,2024-04-24,2024-04-27,3,Completed
S0002684,A000451,3,Credit Assessment,Credit,2024-04-27,2024-04-29,2,Completed
S0002685,A000451,4,Risk Review,Risk,2024-04-29,2024-05-01,2,Completed
S0002686,A000451,5,Approval Committee,Credit,2024-05-01,2024-05-03,2,Completed
S0002687,A000451,6,Documentation,Operations,2024-05-03,2024-05-06,3,Completed
S0002688,A000451,7,Disbursement,Operations,2024-05-06,2024-05-07,1,Completed
S0002689,A000452,1,Application Received,SME Sales,2025-05-12,2025-05-12,0,Completed
S0002690,A000452,2,Initial Screening,SME Sales,2025-05-12,2025-05-15,3,Completed
S0002691,A000452,3,Credit Assessment,Credit,2025-05-15,2025-05-21,6,Completed
S0002692,A000452,4,Risk Review,Risk,2025-05-21,2025-05-25,4,Completed
S0002693,A000452,5,Approval Committee,Credit,2025-05-25,2025-05-28,3,Completed
S0002694,A000453,1,Application Received,SME Sales,2025-06-23,2025-06-23,0,Completed
S0002695,A000453,2,Initial Screening,SME Sales,2025-06-23,2025-06-24,1,Completed
S0002696,A000453,3,Credit Assessment,Credit,2025-06-24,2025-06-29,5,Completed
S0002697,A000453,4,Risk Review,Risk,2025-06-29,2025-07-03,4,Completed
S0002698,A000453,5,Approval Committee,Credit,2025-07-03,2025-07-04,1,Completed
S0002699,A000453,6,Documentation,Operations,2025-07-04,2025-07-07,3,Completed
S0002700,A000453,7,Disbursement,Operations,2025-07-07,2025-07-08,1,Completed
S0002701,A000454,1,Application Received,SME Sales,2024-12-22,2024-12-22,0,Completed
S0002702,A000454,2,Initial Screening,SME Sales,2024-12-22,2024-12-24,2,Completed
S0002703,A000454,3,Credit Assessment,Credit,2024-12-24,2024-12-31,7,Completed
S0002704,A000454,4,Risk Review,Risk,2024-12-31,2025-01-01,1,Completed
S0002705,A000455,1,Application Received,SME Sales,2024-01-02,2024-01-03,1,Completed
S0002706,A000455,2,Initial Screening,SME Sales,2024-01-03,2024-01-04,1,Completed
S0002707,A000455,3,Credit Assessment,Credit,2024-01-04,2024-01-07,3,Completed
S0002708,A000455,4,Risk Review,Risk,2024-01-07,2024-01-09,2,Completed
S0002709,A000455,5,Approval Committee,Credit,2024-01-09,2024-01-10,1,Completed
S0002710,A000455,6,Documentation,Operations,2024-01-10,2024-01-12,2,Completed
S0002711,A000455,7,Disbursement,Operations,2024-01-12,2024-01-14,2,Completed
S0002712,A000456,1,Application Received,SME Sales,2025-04-13,2025-04-14,1,Completed
S0002713,A000456,2,Initial Screening,SME Sales,2025-04-14,2025-04-15,1,Completed
S0002714,A000456,3,Credit Assessment,Credit,2025-04-15,2025-04-19,4,Completed
S0002715,A000456,4,Risk Review,Risk,2025-04-19,2025-04-23,4,Completed
S0002716,A000456,5,Approval Committee,Credit,2025-04-23,2025-04-25,2,Completed
S0002717,A000457,1,Application Received,SME Sales,2026-02-03,2026-02-04,1,Completed
S0002718,A000457,2,Initial Screening,SME Sales,2026-02-04,2026-02-06,2,Completed
S0002719,A000457,3,Credit Assessment,Credit,2026-02-06,2026-02-11,5,Completed
S0002720,A000457,4,Risk Review,Risk,2026-02-11,2026-02-12,1,Completed
S0002721,A000457,5,Approval Committee,Credit,2026-02-12,2026-02-15,3,Completed
S0002722,A000457,6,Documentation,Operations,2026-02-15,2026-02-18,3,Completed
S0002723,A000457,7,Disbursement,Operations,2026-02-18,2026-02-19,1,Completed
S0002724,A000458,1,Application Received,SME Sales,2024-04-21,2024-04-21,0,Completed
S0002725,A000458,2,Initial Screening,SME Sales,2024-04-21,2024-04-22,1,Completed
S0002726,A000458,3,Credit Assessment,Credit,2024-04-22,2024-04-24,2,Completed
S0002727,A000458,4,Risk Review,Risk,2024-04-24,2024-04-26,2,Completed
S0002728,A000458,5,Approval Committee,Credit,2024-04-26,2024-04-29,3,Completed
S0002729,A000458,6,Documentation,Operations,2024-04-29,2024-05-04,5,Completed
S0002730,A000458,7,Disbursement,Operations,2024-05-04,2024-05-06,2,Completed
S0002731,A000459,1,Application Received,SME Sales,2024-07-10,2024-07-11,1,Completed
S0002732,A000459,2,Initial Screening,SME Sales,2024-07-11,2024-07-13,2,Completed
S0002733,A000459,3,Credit Assessment,Credit,2024-07-13,2024-07-15,2,Completed
S0002734,A000459,4,Risk Review,Risk,2024-07-15,2024-07-18,3,Completed
S0002735,A000459,5,Approval Committee,Credit,2024-07-18,2024-07-21,3,Completed
S0002736,A000459,6,Documentation,Operations,2024-07-21,2024-07-24,3,Completed
S0002737,A000459,7,Disbursement,Operations,2024-07-24,2024-07-25,1,Completed
S0002738,A000460,1,Application Received,SME Sales,2025-03-08,2025-03-08,0,Completed
S0002739,A000460,2,Initial Screening,SME Sales,2025-03-08,2025-03-09,1,Completed
S0002740,A000460,3,Credit Assessment,Credit,2025-03-09,2025-03-14,5,Completed
S0002741,A000460,4,Risk Review,Risk,2025-03-14,2025-03-15,1,Completed
S0002742,A000460,5,Approval Committee,Credit,2025-03-15,2025-03-17,2,Completed
S0002743,A000461,1,Application Received,SME Sales,2025-03-31,2025-04-01,1,Completed
S0002744,A000461,2,Initial Screening,SME Sales,2025-04-01,2025-04-03,2,Completed
S0002745,A000461,3,Credit Assessment,Credit,2025-04-03,2025-04-09,6,Completed
S0002746,A000461,4,Risk Review,Risk,2025-04-09,2025-04-13,4,Completed
S0002747,A000461,5,Approval Committee,Credit,2025-04-13,2025-04-14,1,Completed
S0002748,A000461,6,Documentation,Operations,2025-04-14,2025-04-17,3,Completed
S0002749,A000461,7,Disbursement,Operations,2025-04-17,2025-04-19,2,Completed
S0002750,A000462,1,Application Received,SME Sales,2025-11-22,2025-11-23,1,Completed
S0002751,A000462,2,Initial Screening,SME Sales,2025-11-23,2025-11-26,3,Completed
S0002752,A000462,3,Credit Assessment,Credit,2025-11-26,2025-11-29,3,Completed
S0002753,A000462,4,Risk Review,Risk,2025-11-29,2025-12-03,4,Completed
S0002754,A000462,5,Approval Committee,Credit,2025-12-03,2025-12-05,2,Completed
S0002755,A000462,6,Documentation,Operations,2025-12-05,2025-12-09,4,Completed
S0002756,A000462,7,Disbursement,Operations,2025-12-09,2025-12-11,2,Completed
S0002757,A000463,1,Application Received,SME Sales,2025-04-03,2025-04-03,0,Completed
S0002758,A000463,2,Initial Screening,SME Sales,2025-04-03,2025-04-04,1,Completed
S0002759,A000463,3,Credit Assessment,Credit,2025-04-04,2025-04-11,7,Completed
S0002760,A000463,4,Risk Review,Risk,2025-04-11,2025-04-15,4,Completed
S0002761,A000463,5,Approval Committee,Credit,2025-04-15,2025-04-17,2,Completed
S0002762,A000463,6,Documentation,Operations,2025-04-17,2025-04-21,4,Completed
S0002763,A000463,7,Disbursement,Operations,2025-04-21,2025-04-23,2,Completed
S0002764,A000464,1,Application Received,SME Sales,2025-08-16,2025-08-16,0,Completed
S0002765,A000464,2,Initial Screening,SME Sales,2025-08-16,2025-08-19,3,Completed
S0002766,A000464,3,Credit Assessment,Credit,2025-08-19,2025-08-23,4,Completed
S0002767,A000464,4,Risk Review,Risk,2025-08-23,2025-08-26,3,Completed
S0002768,A000464,5,Approval Committee,Credit,2025-08-26,2025-08-27,1,Completed
S0002769,A000464,6,Documentation,Operations,2025-08-27,2025-09-01,5,Completed
S0002770,A000464,7,Disbursement,Operations,2025-09-01,2025-09-03,2,Completed
S0002771,A000465,1,Application Received,SME Sales,2024-01-04,2024-01-04,0,Completed
S0002772,A000465,2,Initial Screening,SME Sales,2024-01-04,2024-01-06,2,Completed
S0002773,A000465,3,Credit Assessment,Credit,2024-01-06,2024-01-14,8,Completed
S0002774,A000465,4,Risk Review,Risk,2024-01-14,2024-01-17,3,Completed
S0002775,A000465,5,Approval Committee,Credit,2024-01-17,2024-01-19,2,Completed
S0002776,A000465,6,Documentation,Operations,2024-01-19,2024-01-22,3,Completed
S0002777,A000465,7,Disbursement,Operations,2024-01-22,2024-01-24,2,Completed
S0002778,A000466,1,Application Received,SME Sales,2025-04-18,2025-04-19,1,Completed
S0002779,A000466,2,Initial Screening,SME Sales,2025-04-19,2025-04-22,3,Completed
S0002780,A000466,3,Credit Assessment,Credit,2025-04-22,2025-05-01,9,Completed
S0002781,A000467,1,Application Received,SME Sales,2024-11-19,2024-11-19,0,Completed
S0002782,A000467,2,Initial Screening,SME Sales,2024-11-19,2024-11-22,3,Completed
S0002783,A000467,3,Credit Assessment,Credit,2024-11-22,2024-11-27,5,Completed
S0002784,A000467,4,Risk Review,Risk,2024-11-27,2024-11-30,3,Completed
S0002785,A000467,5,Approval Committee,Credit,2024-11-30,2024-12-01,1,Completed
S0002786,A000467,6,Documentation,Operations,2024-12-01,2024-12-03,2,Completed
S0002787,A000467,7,Disbursement,Operations,2024-12-03,2024-12-04,1,Completed
S0002788,A000468,1,Application Received,SME Sales,2025-02-13,2025-02-14,1,Completed
S0002789,A000468,2,Initial Screening,SME Sales,2025-02-14,2025-02-17,3,Completed
S0002790,A000468,3,Credit Assessment,Credit,2025-02-17,2025-02-24,7,Completed
S0002791,A000468,4,Risk Review,Risk,2025-02-24,2025-02-26,2,Completed
S0002792,A000468,5,Approval Committee,Credit,2025-02-26,2025-02-27,1,Completed
S0002793,A000468,6,Documentation,Operations,2025-02-27,2025-03-03,4,Completed
S0002794,A000468,7,Disbursement,Operations,2025-03-03,2025-03-04,1,Completed
S0002795,A000469,1,Application Received,SME Sales,2026-04-03,2026-04-04,1,Completed
S0002796,A000469,2,Initial Screening,SME Sales,2026-04-04,2026-04-06,2,Completed
S0002797,A000469,3,Credit Assessment,Credit,2026-04-06,2026-04-11,5,Completed
S0002798,A000469,4,Risk Review,Risk,2026-04-11,2026-04-14,3,Completed
S0002799,A000469,5,Approval Committee,Credit,2026-04-14,2026-04-17,3,Completed
S0002800,A000469,6,Documentation,Operations,2026-04-17,2026-04-22,5,Completed
S0002801,A000469,7,Disbursement,Operations,2026-04-22,2026-04-24,2,Completed
S0002802,A000470,1,Application Received,SME Sales,2026-08-05,2026-08-05,0,Completed
S0002803,A000470,2,Initial Screening,SME Sales,2026-08-05,2026-08-08,3,Completed
S0002804,A000470,3,Credit Assessment,Credit,2026-08-08,2026-08-13,5,Completed
S0002805,A000470,4,Risk Review,Risk,2026-08-13,2026-08-17,4,Completed
S0002806,A000470,5,Approval Committee,Credit,2026-08-17,2026-08-20,3,Completed
S0002807,A000470,6,Documentation,Operations,2026-08-20,2026-08-22,2,Completed
S0002808,A000470,7,Disbursement,Operations,2026-08-22,2026-08-23,1,Completed
S0002809,A000471,1,Application Received,SME Sales,2026-09-18,2026-09-18,0,Completed
S0002810,A000471,2,Initial Screening,SME Sales,2026-09-18,2026-09-19,1,Completed
S0002811,A000471,3,Credit Assessment,Credit,2026-09-19,2026-09-26,7,Completed
S0002812,A000471,4,Risk Review,Risk,2026-09-26,2026-09-29,3,Completed
S0002813,A000471,5,Approval Committee,Credit,2026-09-29,2026-09-30,1,Completed
S0002814,A000471,6,Documentation,Operations,2026-09-30,2026-09-30,0,Completed
S0002815,A000471,7,Disbursement,Operations,2026-09-30,2026-09-30,0,Completed
S0002816,A000472,1,Application Received,SME Sales,2026-07-23,2026-07-23,0,Completed
S0002817,A000472,2,Initial Screening,SME Sales,2026-07-23,2026-07-25,2,Completed
S0002818,A000472,3,Credit Assessment,Credit,2026-07-25,2026-07-29,4,Completed
S0002819,A000472,4,Risk Review,Risk,2026-07-29,2026-08-02,4,Completed
S0002820,A000472,5,Approval Committee,Credit,2026-08-02,2026-08-03,1,Completed
S0002821,A000472,6,Documentation,Operations,2026-08-03,2026-08-06,3,Completed
S0002822,A000472,7,Disbursement,Operations,2026-08-06,2026-08-08,2,Completed
S0002823,A000473,1,Application Received,SME Sales,2024-10-29,2024-10-30,1,Completed
S0002824,A000473,2,Initial Screening,SME Sales,2024-10-30,2024-11-01,2,Completed
S0002825,A000473,3,Credit Assessment,Credit,2024-11-01,2024-11-04,3,Completed
S0002826,A000473,4,Risk Review,Risk,2024-11-04,2024-11-06,2,Completed
S0002827,A000473,5,Approval Committee,Credit,2024-11-06,2024-11-07,1,Completed
S0002828,A000474,1,Application Received,SME Sales,2025-01-21,2025-01-21,0,Completed
S0002829,A000474,2,Initial Screening,SME Sales,2025-01-21,2025-01-22,1,Completed
S0002830,A000474,3,Credit Assessment,Credit,2025-01-22,2025-01-26,4,Completed
S0002831,A000474,4,Risk Review,Risk,2025-01-26,2025-01-29,3,Completed
S0002832,A000474,5,Approval Committee,Credit,2025-01-29,2025-01-30,1,Completed
S0002833,A000474,6,Documentation,Operations,2025-01-30,2025-02-03,4,Completed
S0002834,A000474,7,Disbursement,Operations,2025-02-03,2025-02-05,2,Completed
S0002835,A000475,1,Application Received,SME Sales,2024-08-08,2024-08-09,1,Completed
S0002836,A000475,2,Initial Screening,SME Sales,2024-08-09,2024-08-10,1,Completed
S0002837,A000475,3,Credit Assessment,Credit,2024-08-10,2024-08-15,5,Completed
S0002838,A000475,4,Risk Review,Risk,2024-08-15,2024-08-18,3,Completed
S0002839,A000475,5,Approval Committee,Credit,2024-08-18,2024-08-20,2,Completed
S0002840,A000475,6,Documentation,Operations,2024-08-20,2024-08-25,5,Completed
S0002841,A000475,7,Disbursement,Operations,2024-08-25,2024-08-26,1,Completed
S0002842,A000476,1,Application Received,SME Sales,2024-11-30,2024-12-01,1,Completed
S0002843,A000476,2,Initial Screening,SME Sales,2024-12-01,2024-12-02,1,Completed
S0002844,A000476,3,Credit Assessment,Credit,2024-12-02,2024-12-08,6,Completed
S0002845,A000476,4,Risk Review,Risk,2024-12-08,2024-12-09,1,Completed
S0002846,A000476,5,Approval Committee,Credit,2024-12-09,2024-12-12,3,Completed
S0002847,A000476,6,Documentation,Operations,2024-12-12,2024-12-15,3,Completed
S0002848,A000476,7,Disbursement,Operations,2024-12-15,2024-12-16,1,Completed
S0002849,A000477,1,Application Received,SME Sales,2024-09-12,2024-09-12,0,Completed
S0002850,A000477,2,Initial Screening,SME Sales,2024-09-12,2024-09-14,2,Completed
S0002851,A000477,3,Credit Assessment,Credit,2024-09-14,2024-09-18,4,Completed
S0002852,A000477,4,Risk Review,Risk,2024-09-18,2024-09-19,1,Completed
S0002853,A000478,1,Application Received,SME Sales,2025-07-02,2025-07-03,1,Completed
S0002854,A000478,2,Initial Screening,SME Sales,2025-07-03,2025-07-04,1,Completed
S0002855,A000478,3,Credit Assessment,Credit,2025-07-04,2025-07-10,6,Completed
S0002856,A000478,4,Risk Review,Risk,2025-07-10,2025-07-14,4,Completed
S0002857,A000478,5,Approval Committee,Credit,2025-07-14,2025-07-17,3,Completed
S0002858,A000479,1,Application Received,SME Sales,2026-05-29,2026-05-30,1,Completed
S0002859,A000479,2,Initial Screening,SME Sales,2026-05-30,2026-06-02,3,Completed
S0002860,A000479,3,Credit Assessment,Credit,2026-06-02,2026-06-06,4,Completed
S0002861,A000479,4,Risk Review,Risk,2026-06-06,2026-06-10,4,Completed
S0002862,A000479,5,Approval Committee,Credit,2026-06-10,2026-06-12,2,Completed
S0002863,A000479,6,Documentation,Operations,2026-06-12,2026-06-15,3,Completed
S0002864,A000479,7,Disbursement,Operations,2026-06-15,2026-06-16,1,Completed
S0002865,A000480,1,Application Received,SME Sales,2024-09-21,2024-09-22,1,Completed
S0002866,A000480,2,Initial Screening,SME Sales,2024-09-22,2024-09-23,1,Completed
S0002867,A000480,3,Credit Assessment,Credit,2024-09-23,2024-09-26,3,Completed
S0002868,A000480,4,Risk Review,Risk,2024-09-26,2024-09-29,3,Completed
S0002869,A000480,5,Approval Committee,Credit,2024-09-29,2024-10-02,3,Completed
S0002870,A000480,6,Documentation,Operations,2024-10-02,2024-10-06,4,Completed
S0002871,A000480,7,Disbursement,Operations,2024-10-06,2024-10-08,2,Completed
S0002872,A000481,1,Application Received,SME Sales,2026-05-14,2026-05-15,1,Completed
S0002873,A000481,2,Initial Screening,SME Sales,2026-05-15,2026-05-18,3,Completed
S0002874,A000481,3,Credit Assessment,Credit,2026-05-18,2026-05-21,3,Completed
S0002875,A000481,4,Risk Review,Risk,2026-05-21,2026-05-25,4,Completed
S0002876,A000481,5,Approval Committee,Credit,2026-05-25,2026-05-28,3,Completed
S0002877,A000481,6,Documentation,Operations,2026-05-28,2026-05-30,2,Completed
S0002878,A000481,7,Disbursement,Operations,2026-05-30,2026-05-31,1,Completed
S0002879,A000482,1,Application Received,SME Sales,2024-05-07,2024-05-07,0,Completed
S0002880,A000482,2,Initial Screening,SME Sales,2024-05-07,2024-05-10,3,Completed
S0002881,A000482,3,Credit Assessment,Credit,2024-05-10,2024-05-14,4,Completed
S0002882,A000482,4,Risk Review,Risk,2024-05-14,2024-05-17,3,Completed
S0002883,A000482,5,Approval Committee,Credit,2024-05-17,2024-05-18,1,Completed
S0002884,A000482,6,Documentation,Operations,2024-05-18,2024-05-21,3,Completed
S0002885,A000482,7,Disbursement,Operations,2024-05-21,2024-05-22,1,Completed
S0002886,A000483,1,Application Received,SME Sales,2025-07-24,2025-07-24,0,Completed
S0002887,A000483,2,Initial Screening,SME Sales,2025-07-24,2025-07-27,3,Completed
S0002888,A000483,3,Credit Assessment,Credit,2025-07-27,2025-07-29,2,Completed
S0002889,A000483,4,Risk Review,Risk,2025-07-29,2025-08-02,4,Completed
S0002890,A000483,5,Approval Committee,Credit,2025-08-02,2025-08-03,1,Completed
S0002891,A000483,6,Documentation,Operations,2025-08-03,2025-08-07,4,Completed
S0002892,A000483,7,Disbursement,Operations,2025-08-07,2025-08-08,1,Completed
S0002893,A000484,1,Application Received,SME Sales,2026-05-01,2026-05-02,1,Completed
S0002894,A000484,2,Initial Screening,SME Sales,2026-05-02,2026-05-05,3,Completed
S0002895,A000484,3,Credit Assessment,Credit,2026-05-05,2026-05-07,2,Completed
S0002896,A000484,4,Risk Review,Risk,2026-05-07,2026-05-10,3,Completed
S0002897,A000484,5,Approval Committee,Credit,2026-05-10,2026-05-12,2,Completed
S0002898,A000484,6,Documentation,Operations,2026-05-12,2026-05-16,4,Completed
S0002899,A000484,7,Disbursement,Operations,2026-05-16,2026-05-18,2,Completed
S0002900,A000485,1,Application Received,SME Sales,2025-01-25,2025-01-26,1,Completed
S0002901,A000485,2,Initial Screening,SME Sales,2025-01-26,2025-01-27,1,Completed
S0002902,A000485,3,Credit Assessment,Credit,2025-01-27,2025-02-02,6,Completed
S0002903,A000485,4,Risk Review,Risk,2025-02-02,2025-02-04,2,Completed
S0002904,A000485,5,Approval Committee,Credit,2025-02-04,2025-02-06,2,Completed
S0002905,A000485,6,Documentation,Operations,2025-02-06,2025-02-09,3,Completed
S0002906,A000485,7,Disbursement,Operations,2025-02-09,2025-02-10,1,Completed
S0002907,A000486,1,Application Received,SME Sales,2025-10-06,2025-10-06,0,Completed
S0002908,A000486,2,Initial Screening,SME Sales,2025-10-06,2025-10-07,1,Completed
S0002909,A000486,3,Credit Assessment,Credit,2025-10-07,2025-10-10,3,Completed
S0002910,A000486,4,Risk Review,Risk,2025-10-10,2025-10-13,3,Completed
S0002911,A000487,1,Application Received,SME Sales,2025-08-14,2025-08-14,0,Completed
S0002912,A000487,2,Initial Screening,SME Sales,2025-08-14,2025-08-15,1,Completed
S0002913,A000487,3,Credit Assessment,Credit,2025-08-15,2025-08-18,3,Completed
S0002914,A000487,4,Risk Review,Risk,2025-08-18,2025-08-20,2,Completed
S0002915,A000488,1,Application Received,SME Sales,2026-01-23,2026-01-23,0,Completed
S0002916,A000488,2,Initial Screening,SME Sales,2026-01-23,2026-01-25,2,Completed
S0002917,A000488,3,Credit Assessment,Credit,2026-01-25,2026-01-30,5,Completed
S0002918,A000488,4,Risk Review,Risk,2026-01-30,2026-02-01,2,Completed
S0002919,A000488,5,Approval Committee,Credit,2026-02-01,2026-02-03,2,Completed
S0002920,A000488,6,Documentation,Operations,2026-02-03,2026-02-07,4,Completed
S0002921,A000488,7,Disbursement,Operations,2026-02-07,2026-02-08,1,Completed
S0002922,A000489,1,Application Received,SME Sales,2025-12-28,2025-12-29,1,Completed
S0002923,A000489,2,Initial Screening,SME Sales,2025-12-29,2026-01-01,3,Completed
S0002924,A000489,3,Credit Assessment,Credit,2026-01-01,2026-01-07,6,Completed
S0002925,A000489,4,Risk Review,Risk,2026-01-07,2026-01-11,4,Completed
S0002926,A000490,1,Application Received,SME Sales,2024-11-02,2024-11-03,1,Completed
S0002927,A000490,2,Initial Screening,SME Sales,2024-11-03,2024-11-05,2,Completed
S0002928,A000490,3,Credit Assessment,Credit,2024-11-05,2024-11-07,2,Completed
S0002929,A000490,4,Risk Review,Risk,2024-11-07,2024-11-11,4,Completed
S0002930,A000490,5,Approval Committee,Credit,2024-11-11,2024-11-14,3,Completed
S0002931,A000490,6,Documentation,Operations,2024-11-14,2024-11-19,5,Completed
S0002932,A000490,7,Disbursement,Operations,2024-11-19,2024-11-20,1,Completed
S0002933,A000491,1,Application Received,SME Sales,2026-03-19,2026-03-19,0,Completed
S0002934,A000491,2,Initial Screening,SME Sales,2026-03-19,2026-03-20,1,Completed
S0002935,A000491,3,Credit Assessment,Credit,2026-03-20,2026-03-23,3,Completed
S0002936,A000491,4,Risk Review,Risk,2026-03-23,2026-03-26,3,Completed
S0002937,A000491,5,Approval Committee,Credit,2026-03-26,2026-03-27,1,Completed
S0002938,A000491,6,Documentation,Operations,2026-03-27,2026-04-01,5,Completed
S0002939,A000491,7,Disbursement,Operations,2026-04-01,2026-04-02,1,Completed
S0002940,A000492,1,Application Received,SME Sales,2026-05-19,2026-05-20,1,Completed
S0002941,A000492,2,Initial Screening,SME Sales,2026-05-20,2026-05-23,3,Completed
S0002942,A000492,3,Credit Assessment,Credit,2026-05-23,2026-05-27,4,Completed
S0002943,A000492,4,Risk Review,Risk,2026-05-27,2026-05-31,4,Completed
S0002944,A000492,5,Approval Committee,Credit,2026-05-31,2026-06-02,2,Completed
S0002945,A000492,6,Documentation,Operations,2026-06-02,2026-06-05,3,Completed
S0002946,A000492,7,Disbursement,Operations,2026-06-05,2026-06-07,2,Completed
S0002947,A000493,1,Application Received,SME Sales,2025-03-31,2025-04-01,1,Completed
S0002948,A000493,2,Initial Screening,SME Sales,2025-04-01,2025-04-03,2,Completed
S0002949,A000493,3,Credit Assessment,Credit,2025-04-03,2025-04-05,2,Completed
S0002950,A000493,4,Risk Review,Risk,2025-04-05,2025-04-07,2,Completed
S0002951,A000493,5,Approval Committee,Credit,2025-04-07,2025-04-08,1,Completed
S0002952,A000493,6,Documentation,Operations,2025-04-08,2025-04-10,2,Completed
S0002953,A000493,7,Disbursement,Operations,2025-04-10,2025-04-11,1,Completed
S0002954,A000494,1,Application Received,SME Sales,2025-04-20,2025-04-21,1,Completed
S0002955,A000494,2,Initial Screening,SME Sales,2025-04-21,2025-04-24,3,Completed
S0002956,A000494,3,Credit Assessment,Credit,2025-04-24,2025-04-29,5,Completed
S0002957,A000494,4,Risk Review,Risk,2025-04-29,2025-05-01,2,Completed
S0002958,A000494,5,Approval Committee,Credit,2025-05-01,2025-05-04,3,Completed
S0002959,A000494,6,Documentation,Operations,2025-05-04,2025-05-08,4,Completed
S0002960,A000494,7,Disbursement,Operations,2025-05-08,2025-05-10,2,Completed
S0002961,A000495,1,Application Received,SME Sales,2025-06-29,2025-06-30,1,Completed
S0002962,A000495,2,Initial Screening,SME Sales,2025-06-30,2025-07-03,3,Completed
S0002963,A000495,3,Credit Assessment,Credit,2025-07-03,2025-07-06,3,Completed
S0002964,A000495,4,Risk Review,Risk,2025-07-06,2025-07-10,4,Completed
S0002965,A000495,5,Approval Committee,Credit,2025-07-10,2025-07-11,1,Completed
S0002966,A000495,6,Documentation,Operations,2025-07-11,2025-07-13,2,Completed
S0002967,A000495,7,Disbursement,Operations,2025-07-13,2025-07-15,2,Completed
S0002968,A000496,1,Application Received,SME Sales,2026-01-04,2026-01-04,0,Completed
S0002969,A000496,2,Initial Screening,SME Sales,2026-01-04,2026-01-05,1,Completed
S0002970,A000496,3,Credit Assessment,Credit,2026-01-05,2026-01-11,6,Completed
S0002971,A000497,1,Application Received,SME Sales,2024-05-23,2024-05-24,1,Completed
S0002972,A000497,2,Initial Screening,SME Sales,2024-05-24,2024-05-26,2,Completed
S0002973,A000497,3,Credit Assessment,Credit,2024-05-26,2024-05-28,2,Completed
S0002974,A000497,4,Risk Review,Risk,2024-05-28,2024-05-29,1,Completed
S0002975,A000497,5,Approval Committee,Credit,2024-05-29,2024-05-31,2,Completed
S0002976,A000497,6,Documentation,Operations,2024-05-31,2024-06-03,3,Completed
S0002977,A000497,7,Disbursement,Operations,2024-06-03,2024-06-05,2,Completed
S0002978,A000498,1,Application Received,SME Sales,2026-02-08,2026-02-08,0,Completed
S0002979,A000498,2,Initial Screening,SME Sales,2026-02-08,2026-02-09,1,Completed
S0002980,A000498,3,Credit Assessment,Credit,2026-02-09,2026-02-12,3,Completed
S0002981,A000499,1,Application Received,SME Sales,2026-03-19,2026-03-20,1,Completed
S0002982,A000499,2,Initial Screening,SME Sales,2026-03-20,2026-03-22,2,Completed
S0002983,A000499,3,Credit Assessment,Credit,2026-03-22,2026-03-28,6,Completed
S0002984,A000499,4,Risk Review,Risk,2026-03-28,2026-03-29,1,Completed
S0002985,A000499,5,Approval Committee,Credit,2026-03-29,2026-04-01,3,Completed
S0002986,A000499,6,Documentation,Operations,2026-04-01,2026-04-05,4,Completed
S0002987,A000499,7,Disbursement,Operations,2026-04-05,2026-04-07,2,Completed
S0002988,A000500,1,Application Received,SME Sales,2025-03-07,2025-03-08,1,Completed
S0002989,A000500,2,Initial Screening,SME Sales,2025-03-08,2025-03-11,3,Completed
S0002990,A000500,3,Credit Assessment,Credit,2025-03-11,2025-03-13,2,Completed
S0002991,A000500,4,Risk Review,Risk,2025-03-13,2025-03-14,1,Completed
S0002992,A000500,5,Approval Committee,Credit,2025-03-14,2025-03-16,2,Completed
S0002993,A000500,6,Documentation,Operations,2025-03-16,2025-03-19,3,Completed
S0002994,A000500,7,Disbursement,Operations,2025-03-19,2025-03-21,2,Completed
S0002995,A000501,1,Application Received,SME Sales,2024-04-17,2024-04-17,0,Completed
S0002996,A000501,2,Initial Screening,SME Sales,2024-04-17,2024-04-20,3,Completed
S0002997,A000501,3,Credit Assessment,Credit,2024-04-20,2024-04-23,3,Completed
S0002998,A000501,4,Risk Review,Risk,2024-04-23,2024-04-24,1,Completed
S0002999,A000501,5,Approval Committee,Credit,2024-04-24,2024-04-25,1,Completed
S0003000,A000501,6,Documentation,Operations,2024-04-25,2024-04-27,2,Completed
S0003001,A000501,7,Disbursement,Operations,2024-04-27,2024-04-29,2,Completed
S0003002,A000502,1,Application Received,SME Sales,2024-02-08,2024-02-09,1,Completed
S0003003,A000502,2,Initial Screening,SME Sales,2024-02-09,2024-02-10,1,Completed
S0003004,A000502,3,Credit Assessment,Credit,2024-02-10,2024-02-15,5,Completed
S0003005,A000502,4,Risk Review,Risk,2024-02-15,2024-02-19,4,Completed
S0003006,A000502,5,Approval Committee,Credit,2024-02-19,2024-02-20,1,Completed
S0003007,A000502,6,Documentation,Operations,2024-02-20,2024-02-23,3,Completed
S0003008,A000502,7,Disbursement,Operations,2024-02-23,2024-02-25,2,Completed
S0003009,A000503,1,Application Received,SME Sales,2025-04-09,2025-04-10,1,Completed
S0003010,A000503,2,Initial Screening,SME Sales,2025-04-10,2025-04-12,2,Completed
S0003011,A000503,3,Credit Assessment,Credit,2025-04-12,2025-04-16,4,Completed
S0003012,A000503,4,Risk Review,Risk,2025-04-16,2025-04-17,1,Completed
S0003013,A000503,5,Approval Committee,Credit,2025-04-17,2025-04-19,2,Completed
S0003014,A000503,6,Documentation,Operations,2025-04-19,2025-04-21,2,Completed
S0003015,A000503,7,Disbursement,Operations,2025-04-21,2025-04-23,2,Completed
S0003016,A000504,1,Application Received,SME Sales,2024-06-26,2024-06-27,1,Completed
S0003017,A000504,2,Initial Screening,SME Sales,2024-06-27,2024-06-30,3,Completed
S0003018,A000504,3,Credit Assessment,Credit,2024-06-30,2024-07-05,5,Completed
S0003019,A000504,4,Risk Review,Risk,2024-07-05,2024-07-07,2,Completed
S0003020,A000504,5,Approval Committee,Credit,2024-07-07,2024-07-08,1,Completed
S0003021,A000504,6,Documentation,Operations,2024-07-08,2024-07-12,4,Completed
S0003022,A000504,7,Disbursement,Operations,2024-07-12,2024-07-13,1,Completed
S0003023,A000505,1,Application Received,SME Sales,2025-05-17,2025-05-17,0,Completed
S0003024,A000505,2,Initial Screening,SME Sales,2025-05-17,2025-05-20,3,Completed
S0003025,A000505,3,Credit Assessment,Credit,2025-05-20,2025-05-22,2,Completed
S0003026,A000505,4,Risk Review,Risk,2025-05-22,2025-05-25,3,Completed
S0003027,A000505,5,Approval Committee,Credit,2025-05-25,2025-05-28,3,Completed
S0003028,A000505,6,Documentation,Operations,2025-05-28,2025-06-02,5,Completed
S0003029,A000505,7,Disbursement,Operations,2025-06-02,2025-06-03,1,Completed
S0003030,A000506,1,Application Received,SME Sales,2026-08-27,2026-08-27,0,Completed
S0003031,A000506,2,Initial Screening,SME Sales,2026-08-27,2026-08-29,2,Completed
S0003032,A000506,3,Credit Assessment,Credit,2026-08-29,2026-09-03,5,Completed
S0003033,A000506,4,Risk Review,Risk,2026-09-03,2026-09-04,1,Completed
S0003034,A000506,5,Approval Committee,Credit,2026-09-04,2026-09-07,3,Completed
S0003035,A000506,6,Documentation,Operations,2026-09-07,2026-09-09,2,Completed
S0003036,A000506,7,Disbursement,Operations,2026-09-09,2026-09-10,1,Completed
S0003037,A000507,1,Application Received,SME Sales,2026-04-29,2026-04-30,1,Completed
S0003038,A000507,2,Initial Screening,SME Sales,2026-04-30,2026-05-01,1,Completed
S0003039,A000507,3,Credit Assessment,Credit,2026-05-01,2026-05-05,4,Completed
S0003040,A000507,4,Risk Review,Risk,2026-05-05,2026-05-09,4,Completed
S0003041,A000507,5,Approval Committee,Credit,2026-05-09,2026-05-12,3,Completed
S0003042,A000507,6,Documentation,Operations,2026-05-12,2026-05-14,2,Completed
S0003043,A000507,7,Disbursement,Operations,2026-05-14,2026-05-15,1,Completed
S0003044,A000508,1,Application Received,SME Sales,2024-12-23,2024-12-24,1,Completed
S0003045,A000508,2,Initial Screening,SME Sales,2024-12-24,2024-12-26,2,Completed
S0003046,A000508,3,Credit Assessment,Credit,2024-12-26,2025-01-01,6,Completed
S0003047,A000508,4,Risk Review,Risk,2025-01-01,2025-01-04,3,Completed
S0003048,A000508,5,Approval Committee,Credit,2025-01-04,2025-01-05,1,Completed
S0003049,A000508,6,Documentation,Operations,2025-01-05,2025-01-07,2,Completed
S0003050,A000508,7,Disbursement,Operations,2025-01-07,2025-01-09,2,Completed
S0003051,A000509,1,Application Received,SME Sales,2024-10-01,2024-10-01,0,Completed
S0003052,A000509,2,Initial Screening,SME Sales,2024-10-01,2024-10-03,2,Completed
S0003053,A000509,3,Credit Assessment,Credit,2024-10-03,2024-10-07,4,Completed
S0003054,A000509,4,Risk Review,Risk,2024-10-07,2024-10-08,1,Completed
S0003055,A000509,5,Approval Committee,Credit,2024-10-08,2024-10-09,1,Completed
S0003056,A000509,6,Documentation,Operations,2024-10-09,2024-10-14,5,Completed
S0003057,A000509,7,Disbursement,Operations,2024-10-14,2024-10-16,2,Completed
S0003058,A000510,1,Application Received,SME Sales,2025-05-09,2025-05-10,1,Completed
S0003059,A000510,2,Initial Screening,SME Sales,2025-05-10,2025-05-12,2,Completed
S0003060,A000510,3,Credit Assessment,Credit,2025-05-12,2025-05-18,6,Completed
S0003061,A000510,4,Risk Review,Risk,2025-05-18,2025-05-20,2,Completed
S0003062,A000510,5,Approval Committee,Credit,2025-05-20,2025-05-21,1,Completed
S0003063,A000511,1,Application Received,SME Sales,2025-02-03,2025-02-04,1,Completed
S0003064,A000511,2,Initial Screening,SME Sales,2025-02-04,2025-02-06,2,Completed
S0003065,A000511,3,Credit Assessment,Credit,2025-02-06,2025-02-08,2,Completed
S0003066,A000511,4,Risk Review,Risk,2025-02-08,2025-02-10,2,Completed
S0003067,A000511,5,Approval Committee,Credit,2025-02-10,2025-02-13,3,Completed
S0003068,A000511,6,Documentation,Operations,2025-02-13,2025-02-17,4,Completed
S0003069,A000511,7,Disbursement,Operations,2025-02-17,2025-02-18,1,Completed
S0003070,A000512,1,Application Received,SME Sales,2024-04-12,2024-04-12,0,Completed
S0003071,A000512,2,Initial Screening,SME Sales,2024-04-12,2024-04-15,3,Completed
S0003072,A000512,3,Credit Assessment,Credit,2024-04-15,2024-04-21,6,Completed
S0003073,A000512,4,Risk Review,Risk,2024-04-21,2024-04-23,2,Completed
S0003074,A000512,5,Approval Committee,Credit,2024-04-23,2024-04-25,2,Completed
S0003075,A000512,6,Documentation,Operations,2024-04-25,2024-04-29,4,Completed
S0003076,A000512,7,Disbursement,Operations,2024-04-29,2024-05-01,2,Completed
S0003077,A000513,1,Application Received,SME Sales,2026-08-10,2026-08-11,1,Completed
S0003078,A000513,2,Initial Screening,SME Sales,2026-08-11,2026-08-12,1,Completed
S0003079,A000513,3,Credit Assessment,Credit,2026-08-12,2026-08-17,5,Completed
S0003080,A000514,1,Application Received,SME Sales,2025-04-21,2025-04-22,1,Completed
S0003081,A000514,2,Initial Screening,SME Sales,2025-04-22,2025-04-23,1,Completed
S0003082,A000515,1,Application Received,SME Sales,2026-02-09,2026-02-10,1,Completed
S0003083,A000515,2,Initial Screening,SME Sales,2026-02-10,2026-02-11,1,Completed
S0003084,A000515,3,Credit Assessment,Credit,2026-02-11,2026-02-15,4,Completed
S0003085,A000515,4,Risk Review,Risk,2026-02-15,2026-02-16,1,Completed
S0003086,A000515,5,Approval Committee,Credit,2026-02-16,2026-02-18,2,Completed
S0003087,A000516,1,Application Received,SME Sales,2024-05-02,2024-05-02,0,Completed
S0003088,A000516,2,Initial Screening,SME Sales,2024-05-02,2024-05-04,2,Completed
S0003089,A000516,3,Credit Assessment,Credit,2024-05-04,2024-05-09,5,Completed
S0003090,A000516,4,Risk Review,Risk,2024-05-09,2024-05-13,4,Completed
S0003091,A000516,5,Approval Committee,Credit,2024-05-13,2024-05-14,1,Completed
S0003092,A000516,6,Documentation,Operations,2024-05-14,2024-05-18,4,Completed
S0003093,A000516,7,Disbursement,Operations,2024-05-18,2024-05-20,2,Completed
S0003094,A000517,1,Application Received,SME Sales,2024-11-09,2024-11-09,0,Completed
S0003095,A000517,2,Initial Screening,SME Sales,2024-11-09,2024-11-10,1,Completed
S0003096,A000517,3,Credit Assessment,Credit,2024-11-10,2024-11-13,3,Completed
S0003097,A000517,4,Risk Review,Risk,2024-11-13,2024-11-14,1,Completed
S0003098,A000517,5,Approval Committee,Credit,2024-11-14,2024-11-16,2,Completed
S0003099,A000517,6,Documentation,Operations,2024-11-16,2024-11-18,2,Completed
S0003100,A000517,7,Disbursement,Operations,2024-11-18,2024-11-20,2,Completed
S0003101,A000518,1,Application Received,SME Sales,2024-07-04,2024-07-05,1,Completed
S0003102,A000518,2,Initial Screening,SME Sales,2024-07-05,2024-07-08,3,Completed
S0003103,A000518,3,Credit Assessment,Credit,2024-07-08,2024-07-12,4,Completed
S0003104,A000518,4,Risk Review,Risk,2024-07-12,2024-07-15,3,Completed
S0003105,A000518,5,Approval Committee,Credit,2024-07-15,2024-07-17,2,Completed
S0003106,A000518,6,Documentation,Operations,2024-07-17,2024-07-19,2,Completed
S0003107,A000518,7,Disbursement,Operations,2024-07-19,2024-07-20,1,Completed
S0003108,A000519,1,Application Received,SME Sales,2024-01-24,2024-01-24,0,Completed
S0003109,A000519,2,Initial Screening,SME Sales,2024-01-24,2024-01-26,2,Completed
S0003110,A000519,3,Credit Assessment,Credit,2024-01-26,2024-02-01,6,Completed
S0003111,A000519,4,Risk Review,Risk,2024-02-01,2024-02-03,2,Completed
S0003112,A000519,5,Approval Committee,Credit,2024-02-03,2024-02-04,1,Completed
S0003113,A000519,6,Documentation,Operations,2024-02-04,2024-02-06,2,Completed
S0003114,A000519,7,Disbursement,Operations,2024-02-06,2024-02-07,1,Completed
S0003115,A000520,1,Application Received,SME Sales,2025-11-24,2025-11-24,0,Completed
S0003116,A000520,2,Initial Screening,SME Sales,2025-11-24,2025-11-26,2,Completed
S0003117,A000520,3,Credit Assessment,Credit,2025-11-26,2025-11-30,4,Completed
S0003118,A000520,4,Risk Review,Risk,2025-11-30,2025-12-03,3,Completed
S0003119,A000520,5,Approval Committee,Credit,2025-12-03,2025-12-04,1,Completed
S0003120,A000521,1,Application Received,SME Sales,2025-03-16,2025-03-16,0,Completed
S0003121,A000521,2,Initial Screening,SME Sales,2025-03-16,2025-03-18,2,Completed
S0003122,A000521,3,Credit Assessment,Credit,2025-03-18,2025-03-23,5,Completed
S0003123,A000521,4,Risk Review,Risk,2025-03-23,2025-03-24,1,Completed
S0003124,A000521,5,Approval Committee,Credit,2025-03-24,2025-03-25,1,Completed
S0003125,A000521,6,Documentation,Operations,2025-03-25,2025-03-28,3,Completed
S0003126,A000521,7,Disbursement,Operations,2025-03-28,2025-03-30,2,Completed
S0003127,A000522,1,Application Received,SME Sales,2025-04-19,2025-04-20,1,Completed
S0003128,A000522,2,Initial Screening,SME Sales,2025-04-20,2025-04-21,1,Completed
S0003129,A000522,3,Credit Assessment,Credit,2025-04-21,2025-04-25,4,Completed
S0003130,A000522,4,Risk Review,Risk,2025-04-25,2025-04-26,1,Completed
S0003131,A000522,5,Approval Committee,Credit,2025-04-26,2025-04-28,2,Completed
S0003132,A000523,1,Application Received,SME Sales,2025-05-17,2025-05-18,1,Completed
S0003133,A000523,2,Initial Screening,SME Sales,2025-05-18,2025-05-21,3,Completed
S0003134,A000523,3,Credit Assessment,Credit,2025-05-21,2025-05-27,6,Completed
S0003135,A000524,1,Application Received,SME Sales,2026-03-15,2026-03-15,0,Completed
S0003136,A000524,2,Initial Screening,SME Sales,2026-03-15,2026-03-17,2,Completed
S0003137,A000524,3,Credit Assessment,Credit,2026-03-17,2026-03-23,6,Completed
S0003138,A000524,4,Risk Review,Risk,2026-03-23,2026-03-24,1,Completed
S0003139,A000524,5,Approval Committee,Credit,2026-03-24,2026-03-25,1,Completed
S0003140,A000524,6,Documentation,Operations,2026-03-25,2026-03-29,4,Completed
S0003141,A000524,7,Disbursement,Operations,2026-03-29,2026-03-30,1,Completed
S0003142,A000525,1,Application Received,SME Sales,2024-05-31,2024-05-31,0,Completed
S0003143,A000525,2,Initial Screening,SME Sales,2024-05-31,2024-06-01,1,Completed
S0003144,A000525,3,Credit Assessment,Credit,2024-06-01,2024-06-04,3,Completed
S0003145,A000525,4,Risk Review,Risk,2024-06-04,2024-06-07,3,Completed
S0003146,A000525,5,Approval Committee,Credit,2024-06-07,2024-06-08,1,Completed
S0003147,A000525,6,Documentation,Operations,2024-06-08,2024-06-11,3,Completed
S0003148,A000525,7,Disbursement,Operations,2024-06-11,2024-06-13,2,Completed
S0003149,A000526,1,Application Received,SME Sales,2024-01-03,2024-01-04,1,Completed
S0003150,A000526,2,Initial Screening,SME Sales,2024-01-04,2024-01-07,3,Completed
S0003151,A000526,3,Credit Assessment,Credit,2024-01-07,2024-01-12,5,Completed
S0003152,A000526,4,Risk Review,Risk,2024-01-12,2024-01-14,2,Completed
S0003153,A000526,5,Approval Committee,Credit,2024-01-14,2024-01-15,1,Completed
S0003154,A000526,6,Documentation,Operations,2024-01-15,2024-01-18,3,Completed
S0003155,A000526,7,Disbursement,Operations,2024-01-18,2024-01-20,2,Completed
S0003156,A000527,1,Application Received,SME Sales,2024-05-01,2024-05-02,1,Completed
S0003157,A000527,2,Initial Screening,SME Sales,2024-05-02,2024-05-03,1,Completed
S0003158,A000527,3,Credit Assessment,Credit,2024-05-03,2024-05-06,3,Completed
S0003159,A000527,4,Risk Review,Risk,2024-05-06,2024-05-10,4,Completed
S0003160,A000527,5,Approval Committee,Credit,2024-05-10,2024-05-13,3,Completed
S0003161,A000527,6,Documentation,Operations,2024-05-13,2024-05-18,5,Completed
S0003162,A000527,7,Disbursement,Operations,2024-05-18,2024-05-20,2,Completed
S0003163,A000528,1,Application Received,SME Sales,2025-08-18,2025-08-19,1,Completed
S0003164,A000528,2,Initial Screening,SME Sales,2025-08-19,2025-08-20,1,Completed
S0003165,A000528,3,Credit Assessment,Credit,2025-08-20,2025-08-26,6,Completed
S0003166,A000528,4,Risk Review,Risk,2025-08-26,2025-08-29,3,Completed
S0003167,A000528,5,Approval Committee,Credit,2025-08-29,2025-08-30,1,Completed
S0003168,A000528,6,Documentation,Operations,2025-08-30,2025-09-03,4,Completed
S0003169,A000528,7,Disbursement,Operations,2025-09-03,2025-09-04,1,Completed
S0003170,A000529,1,Application Received,SME Sales,2024-09-21,2024-09-21,0,Completed
S0003171,A000529,2,Initial Screening,SME Sales,2024-09-21,2024-09-22,1,Completed
S0003172,A000529,3,Credit Assessment,Credit,2024-09-22,2024-09-24,2,Completed
S0003173,A000529,4,Risk Review,Risk,2024-09-24,2024-09-28,4,Completed
S0003174,A000529,5,Approval Committee,Credit,2024-09-28,2024-10-01,3,Completed
S0003175,A000529,6,Documentation,Operations,2024-10-01,2024-10-05,4,Completed
S0003176,A000529,7,Disbursement,Operations,2024-10-05,2024-10-06,1,Completed
S0003177,A000530,1,Application Received,SME Sales,2024-03-25,2024-03-26,1,Completed
S0003178,A000530,2,Initial Screening,SME Sales,2024-03-26,2024-03-29,3,Completed
S0003179,A000530,3,Credit Assessment,Credit,2024-03-29,2024-04-03,5,Completed
S0003180,A000530,4,Risk Review,Risk,2024-04-03,2024-04-05,2,Completed
S0003181,A000530,5,Approval Committee,Credit,2024-04-05,2024-04-06,1,Completed
S0003182,A000530,6,Documentation,Operations,2024-04-06,2024-04-08,2,Completed
S0003183,A000530,7,Disbursement,Operations,2024-04-08,2024-04-10,2,Completed
S0003184,A000531,1,Application Received,SME Sales,2024-09-23,2024-09-23,0,Completed
S0003185,A000531,2,Initial Screening,SME Sales,2024-09-23,2024-09-25,2,Completed
S0003186,A000531,3,Credit Assessment,Credit,2024-09-25,2024-09-27,2,Completed
S0003187,A000531,4,Risk Review,Risk,2024-09-27,2024-09-30,3,Completed
S0003188,A000531,5,Approval Committee,Credit,2024-09-30,2024-10-03,3,Completed
S0003189,A000531,6,Documentation,Operations,2024-10-03,2024-10-08,5,Completed
S0003190,A000531,7,Disbursement,Operations,2024-10-08,2024-10-09,1,Completed
S0003191,A000532,1,Application Received,SME Sales,2025-12-21,2025-12-22,1,Completed
S0003192,A000532,2,Initial Screening,SME Sales,2025-12-22,2025-12-25,3,Completed
S0003193,A000532,3,Credit Assessment,Credit,2025-12-25,2025-12-27,2,Completed
S0003194,A000532,4,Risk Review,Risk,2025-12-27,2025-12-30,3,Completed
S0003195,A000532,5,Approval Committee,Credit,2025-12-30,2025-12-31,1,Completed
S0003196,A000532,6,Documentation,Operations,2025-12-31,2026-01-03,3,Completed
S0003197,A000532,7,Disbursement,Operations,2026-01-03,2026-01-04,1,Completed
S0003198,A000533,1,Application Received,SME Sales,2024-06-04,2024-06-05,1,Completed
S0003199,A000533,2,Initial Screening,SME Sales,2024-06-05,2024-06-07,2,Completed
S0003200,A000533,3,Credit Assessment,Credit,2024-06-07,2024-06-11,4,Completed
S0003201,A000533,4,Risk Review,Risk,2024-06-11,2024-06-12,1,Completed
S0003202,A000533,5,Approval Committee,Credit,2024-06-12,2024-06-15,3,Completed
S0003203,A000533,6,Documentation,Operations,2024-06-15,2024-06-17,2,Completed
S0003204,A000533,7,Disbursement,Operations,2024-06-17,2024-06-19,2,Completed
S0003205,A000534,1,Application Received,SME Sales,2025-12-06,2025-12-07,1,Completed
S0003206,A000534,2,Initial Screening,SME Sales,2025-12-07,2025-12-09,2,Completed
S0003207,A000534,3,Credit Assessment,Credit,2025-12-09,2025-12-15,6,Completed
S0003208,A000534,4,Risk Review,Risk,2025-12-15,2025-12-17,2,Completed
S0003209,A000534,5,Approval Committee,Credit,2025-12-17,2025-12-20,3,Completed
S0003210,A000534,6,Documentation,Operations,2025-12-20,2025-12-22,2,Completed
S0003211,A000534,7,Disbursement,Operations,2025-12-22,2025-12-23,1,Completed
S0003212,A000535,1,Application Received,SME Sales,2025-09-26,2025-09-27,1,Completed
S0003213,A000535,2,Initial Screening,SME Sales,2025-09-27,2025-09-28,1,Completed
S0003214,A000535,3,Credit Assessment,Credit,2025-09-28,2025-10-05,7,Completed
S0003215,A000535,4,Risk Review,Risk,2025-10-05,2025-10-06,1,Completed
S0003216,A000535,5,Approval Committee,Credit,2025-10-06,2025-10-07,1,Completed
S0003217,A000535,6,Documentation,Operations,2025-10-07,2025-10-10,3,Completed
S0003218,A000535,7,Disbursement,Operations,2025-10-10,2025-10-12,2,Completed
S0003219,A000536,1,Application Received,SME Sales,2026-06-06,2026-06-07,1,Completed
S0003220,A000536,2,Initial Screening,SME Sales,2026-06-07,2026-06-10,3,Completed
S0003221,A000536,3,Credit Assessment,Credit,2026-06-10,2026-06-16,6,Completed
S0003222,A000536,4,Risk Review,Risk,2026-06-16,2026-06-19,3,Completed
S0003223,A000537,1,Application Received,SME Sales,2025-04-14,2025-04-15,1,Completed
S0003224,A000537,2,Initial Screening,SME Sales,2025-04-15,2025-04-17,2,Completed
S0003225,A000537,3,Credit Assessment,Credit,2025-04-17,2025-04-22,5,Completed
S0003226,A000537,4,Risk Review,Risk,2025-04-22,2025-04-24,2,Completed
S0003227,A000537,5,Approval Committee,Credit,2025-04-24,2025-04-26,2,Completed
S0003228,A000537,6,Documentation,Operations,2025-04-26,2025-04-30,4,Completed
S0003229,A000537,7,Disbursement,Operations,2025-04-30,2025-05-02,2,Completed
S0003230,A000538,1,Application Received,SME Sales,2024-09-27,2024-09-28,1,Completed
S0003231,A000538,2,Initial Screening,SME Sales,2024-09-28,2024-09-30,2,Completed
S0003232,A000538,3,Credit Assessment,Credit,2024-09-30,2024-10-06,6,Completed
S0003233,A000538,4,Risk Review,Risk,2024-10-06,2024-10-10,4,Completed
S0003234,A000538,5,Approval Committee,Credit,2024-10-10,2024-10-11,1,Completed
S0003235,A000539,1,Application Received,SME Sales,2024-11-08,2024-11-08,0,Completed
S0003236,A000539,2,Initial Screening,SME Sales,2024-11-08,2024-11-10,2,Completed
S0003237,A000539,3,Credit Assessment,Credit,2024-11-10,2024-11-15,5,Completed
S0003238,A000539,4,Risk Review,Risk,2024-11-15,2024-11-16,1,Completed
S0003239,A000539,5,Approval Committee,Credit,2024-11-16,2024-11-18,2,Completed
S0003240,A000539,6,Documentation,Operations,2024-11-18,2024-11-23,5,Completed
S0003241,A000539,7,Disbursement,Operations,2024-11-23,2024-11-25,2,Completed
S0003242,A000540,1,Application Received,SME Sales,2026-01-31,2026-01-31,0,Completed
S0003243,A000540,2,Initial Screening,SME Sales,2026-01-31,2026-02-01,1,Completed
S0003244,A000540,3,Credit Assessment,Credit,2026-02-01,2026-02-03,2,Completed
S0003245,A000540,4,Risk Review,Risk,2026-02-03,2026-02-04,1,Completed
S0003246,A000540,5,Approval Committee,Credit,2026-02-04,2026-02-07,3,Completed
S0003247,A000540,6,Documentation,Operations,2026-02-07,2026-02-09,2,Completed
S0003248,A000540,7,Disbursement,Operations,2026-02-09,2026-02-10,1,Completed
S0003249,A000541,1,Application Received,SME Sales,2026-02-14,2026-02-15,1,Completed
S0003250,A000541,2,Initial Screening,SME Sales,2026-02-15,2026-02-18,3,Completed
S0003251,A000541,3,Credit Assessment,Credit,2026-02-18,2026-02-24,6,Completed
S0003252,A000541,4,Risk Review,Risk,2026-02-24,2026-02-26,2,Completed
S0003253,A000541,5,Approval Committee,Credit,2026-02-26,2026-03-01,3,Completed
S0003254,A000541,6,Documentation,Operations,2026-03-01,2026-03-04,3,Completed
S0003255,A000541,7,Disbursement,Operations,2026-03-04,2026-03-06,2,Completed
S0003256,A000542,1,Application Received,SME Sales,2026-05-26,2026-05-27,1,Completed
S0003257,A000542,2,Initial Screening,SME Sales,2026-05-27,2026-05-28,1,Completed
S0003258,A000542,3,Credit Assessment,Credit,2026-05-28,2026-06-01,4,Completed
S0003259,A000543,1,Application Received,SME Sales,2024-03-23,2024-03-23,0,Completed
S0003260,A000543,2,Initial Screening,SME Sales,2024-03-23,2024-03-26,3,Completed
S0003261,A000543,3,Credit Assessment,Credit,2024-03-26,2024-03-29,3,Completed
S0003262,A000543,4,Risk Review,Risk,2024-03-29,2024-04-01,3,Completed
S0003263,A000543,5,Approval Committee,Credit,2024-04-01,2024-04-02,1,Completed
S0003264,A000543,6,Documentation,Operations,2024-04-02,2024-04-07,5,Completed
S0003265,A000543,7,Disbursement,Operations,2024-04-07,2024-04-08,1,Completed
S0003266,A000544,1,Application Received,SME Sales,2024-11-16,2024-11-16,0,Completed
S0003267,A000544,2,Initial Screening,SME Sales,2024-11-16,2024-11-18,2,Completed
S0003268,A000544,3,Credit Assessment,Credit,2024-11-18,2024-11-24,6,Completed
S0003269,A000544,4,Risk Review,Risk,2024-11-24,2024-11-27,3,Completed
S0003270,A000544,5,Approval Committee,Credit,2024-11-27,2024-11-29,2,Completed
S0003271,A000544,6,Documentation,Operations,2024-11-29,2024-12-04,5,Completed
S0003272,A000544,7,Disbursement,Operations,2024-12-04,2024-12-06,2,Completed
S0003273,A000545,1,Application Received,SME Sales,2026-02-08,2026-02-08,0,Completed
S0003274,A000545,2,Initial Screening,SME Sales,2026-02-08,2026-02-11,3,Completed
S0003275,A000545,3,Credit Assessment,Credit,2026-02-11,2026-02-16,5,Completed
S0003276,A000545,4,Risk Review,Risk,2026-02-16,2026-02-20,4,Completed
S0003277,A000545,5,Approval Committee,Credit,2026-02-20,2026-02-23,3,Completed
S0003278,A000545,6,Documentation,Operations,2026-02-23,2026-02-27,4,Completed
S0003279,A000545,7,Disbursement,Operations,2026-02-27,2026-02-28,1,Completed
S0003280,A000546,1,Application Received,SME Sales,2025-07-13,2025-07-13,0,Completed
S0003281,A000546,2,Initial Screening,SME Sales,2025-07-13,2025-07-15,2,Completed
S0003282,A000546,3,Credit Assessment,Credit,2025-07-15,2025-07-18,3,Completed
S0003283,A000547,1,Application Received,SME Sales,2025-03-05,2025-03-06,1,Completed
S0003284,A000547,2,Initial Screening,SME Sales,2025-03-06,2025-03-08,2,Completed
S0003285,A000547,3,Credit Assessment,Credit,2025-03-08,2025-03-14,6,Completed
S0003286,A000547,4,Risk Review,Risk,2025-03-14,2025-03-15,1,Completed
S0003287,A000547,5,Approval Committee,Credit,2025-03-15,2025-03-17,2,Completed
S0003288,A000547,6,Documentation,Operations,2025-03-17,2025-03-21,4,Completed
S0003289,A000547,7,Disbursement,Operations,2025-03-21,2025-03-22,1,Completed
S0003290,A000548,1,Application Received,SME Sales,2024-10-12,2024-10-13,1,Completed
S0003291,A000548,2,Initial Screening,SME Sales,2024-10-13,2024-10-16,3,Completed
S0003292,A000548,3,Credit Assessment,Credit,2024-10-16,2024-10-22,6,Completed
S0003293,A000548,4,Risk Review,Risk,2024-10-22,2024-10-23,1,Completed
S0003294,A000548,5,Approval Committee,Credit,2024-10-23,2024-10-24,1,Completed
S0003295,A000548,6,Documentation,Operations,2024-10-24,2024-10-28,4,Completed
S0003296,A000548,7,Disbursement,Operations,2024-10-28,2024-10-29,1,Completed
S0003297,A000549,1,Application Received,SME Sales,2026-01-17,2026-01-18,1,Completed
S0003298,A000549,2,Initial Screening,SME Sales,2026-01-18,2026-01-20,2,Completed
S0003299,A000549,3,Credit Assessment,Credit,2026-01-20,2026-01-25,5,Completed
S0003300,A000549,4,Risk Review,Risk,2026-01-25,2026-01-27,2,Completed
S0003301,A000549,5,Approval Committee,Credit,2026-01-27,2026-01-30,3,Completed
S0003302,A000549,6,Documentation,Operations,2026-01-30,2026-02-02,3,Completed
S0003303,A000549,7,Disbursement,Operations,2026-02-02,2026-02-03,1,Completed
S0003304,A000550,1,Application Received,SME Sales,2026-04-06,2026-04-07,1,Completed
S0003305,A000550,2,Initial Screening,SME Sales,2026-04-07,2026-04-08,1,Completed
S0003306,A000550,3,Credit Assessment,Credit,2026-04-08,2026-04-16,8,Completed
S0003307,A000551,1,Application Received,SME Sales,2026-02-06,2026-02-07,1,Completed
S0003308,A000551,2,Initial Screening,SME Sales,2026-02-07,2026-02-08,1,Completed
S0003309,A000551,3,Credit Assessment,Credit,2026-02-08,2026-02-17,9,Completed
S0003310,A000552,1,Application Received,SME Sales,2025-10-25,2025-10-26,1,Completed
S0003311,A000552,2,Initial Screening,SME Sales,2025-10-26,2025-10-27,1,Completed
S0003312,A000552,3,Credit Assessment,Credit,2025-10-27,2025-11-02,6,Completed
S0003313,A000552,4,Risk Review,Risk,2025-11-02,2025-11-06,4,Completed
S0003314,A000552,5,Approval Committee,Credit,2025-11-06,2025-11-07,1,Completed
S0003315,A000553,1,Application Received,SME Sales,2024-01-24,2024-01-25,1,Completed
S0003316,A000553,2,Initial Screening,SME Sales,2024-01-25,2024-01-28,3,Completed
S0003317,A000553,3,Credit Assessment,Credit,2024-01-28,2024-01-30,2,Completed
S0003318,A000553,4,Risk Review,Risk,2024-01-30,2024-01-31,1,Completed
S0003319,A000553,5,Approval Committee,Credit,2024-01-31,2024-02-01,1,Completed
S0003320,A000553,6,Documentation,Operations,2024-02-01,2024-02-05,4,Completed
S0003321,A000553,7,Disbursement,Operations,2024-02-05,2024-02-07,2,Completed
S0003322,A000554,1,Application Received,SME Sales,2024-04-18,2024-04-19,1,Completed
S0003323,A000554,2,Initial Screening,SME Sales,2024-04-19,2024-04-21,2,Completed
S0003324,A000554,3,Credit Assessment,Credit,2024-04-21,2024-04-27,6,Completed
S0003325,A000554,4,Risk Review,Risk,2024-04-27,2024-05-01,4,Completed
S0003326,A000554,5,Approval Committee,Credit,2024-05-01,2024-05-02,1,Completed
S0003327,A000554,6,Documentation,Operations,2024-05-02,2024-05-07,5,Completed
S0003328,A000554,7,Disbursement,Operations,2024-05-07,2024-05-09,2,Completed
S0003329,A000555,1,Application Received,SME Sales,2026-03-04,2026-03-04,0,Completed
S0003330,A000555,2,Initial Screening,SME Sales,2026-03-04,2026-03-06,2,Completed
S0003331,A000555,3,Credit Assessment,Credit,2026-03-06,2026-03-12,6,Completed
S0003332,A000555,4,Risk Review,Risk,2026-03-12,2026-03-13,1,Completed
S0003333,A000555,5,Approval Committee,Credit,2026-03-13,2026-03-16,3,Completed
S0003334,A000555,6,Documentation,Operations,2026-03-16,2026-03-21,5,Completed
S0003335,A000555,7,Disbursement,Operations,2026-03-21,2026-03-23,2,Completed
S0003336,A000556,1,Application Received,SME Sales,2025-04-21,2025-04-21,0,Completed
S0003337,A000556,2,Initial Screening,SME Sales,2025-04-21,2025-04-24,3,Completed
S0003338,A000556,3,Credit Assessment,Credit,2025-04-24,2025-04-28,4,Completed
S0003339,A000556,4,Risk Review,Risk,2025-04-28,2025-05-01,3,Completed
S0003340,A000556,5,Approval Committee,Credit,2025-05-01,2025-05-03,2,Completed
S0003341,A000557,1,Application Received,SME Sales,2024-02-08,2024-02-09,1,Completed
S0003342,A000557,2,Initial Screening,SME Sales,2024-02-09,2024-02-12,3,Completed
S0003343,A000557,3,Credit Assessment,Credit,2024-02-12,2024-02-17,5,Completed
S0003344,A000557,4,Risk Review,Risk,2024-02-17,2024-02-21,4,Completed
S0003345,A000557,5,Approval Committee,Credit,2024-02-21,2024-02-22,1,Completed
S0003346,A000557,6,Documentation,Operations,2024-02-22,2024-02-27,5,Completed
S0003347,A000557,7,Disbursement,Operations,2024-02-27,2024-02-28,1,Completed
S0003348,A000558,1,Application Received,SME Sales,2025-12-07,2025-12-07,0,Completed
S0003349,A000558,2,Initial Screening,SME Sales,2025-12-07,2025-12-10,3,Completed
S0003350,A000558,3,Credit Assessment,Credit,2025-12-10,2025-12-13,3,Completed
S0003351,A000558,4,Risk Review,Risk,2025-12-13,2025-12-16,3,Completed
S0003352,A000558,5,Approval Committee,Credit,2025-12-16,2025-12-17,1,Completed
S0003353,A000558,6,Documentation,Operations,2025-12-17,2025-12-21,4,Completed
S0003354,A000558,7,Disbursement,Operations,2025-12-21,2025-12-23,2,Completed
S0003355,A000559,1,Application Received,SME Sales,2025-02-01,2025-02-01,0,Completed
S0003356,A000559,2,Initial Screening,SME Sales,2025-02-01,2025-02-03,2,Completed
S0003357,A000559,3,Credit Assessment,Credit,2025-02-03,2025-02-09,6,Completed
S0003358,A000559,4,Risk Review,Risk,2025-02-09,2025-02-10,1,Completed
S0003359,A000559,5,Approval Committee,Credit,2025-02-10,2025-02-11,1,Completed
S0003360,A000559,6,Documentation,Operations,2025-02-11,2025-02-13,2,Completed
S0003361,A000559,7,Disbursement,Operations,2025-02-13,2025-02-15,2,Completed
S0003362,A000560,1,Application Received,SME Sales,2025-12-12,2025-12-13,1,Completed
S0003363,A000560,2,Initial Screening,SME Sales,2025-12-13,2025-12-15,2,Completed
S0003364,A000561,1,Application Received,SME Sales,2026-04-08,2026-04-09,1,Completed
S0003365,A000561,2,Initial Screening,SME Sales,2026-04-09,2026-04-10,1,Completed
S0003366,A000561,3,Credit Assessment,Credit,2026-04-10,2026-04-12,2,Completed
S0003367,A000561,4,Risk Review,Risk,2026-04-12,2026-04-16,4,Completed
S0003368,A000562,1,Application Received,SME Sales,2024-09-07,2024-09-07,0,Completed
S0003369,A000562,2,Initial Screening,SME Sales,2024-09-07,2024-09-10,3,Completed
S0003370,A000562,3,Credit Assessment,Credit,2024-09-10,2024-09-16,6,Completed
S0003371,A000563,1,Application Received,SME Sales,2026-02-26,2026-02-27,1,Completed
S0003372,A000563,2,Initial Screening,SME Sales,2026-02-27,2026-03-02,3,Completed
S0003373,A000563,3,Credit Assessment,Credit,2026-03-02,2026-03-07,5,Completed
S0003374,A000563,4,Risk Review,Risk,2026-03-07,2026-03-08,1,Completed
S0003375,A000563,5,Approval Committee,Credit,2026-03-08,2026-03-11,3,Completed
S0003376,A000563,6,Documentation,Operations,2026-03-11,2026-03-16,5,Completed
S0003377,A000563,7,Disbursement,Operations,2026-03-16,2026-03-17,1,Completed
S0003378,A000564,1,Application Received,SME Sales,2026-07-18,2026-07-19,1,Completed
S0003379,A000564,2,Initial Screening,SME Sales,2026-07-19,2026-07-21,2,Completed
S0003380,A000564,3,Credit Assessment,Credit,2026-07-21,2026-07-27,6,Completed
S0003381,A000564,4,Risk Review,Risk,2026-07-27,2026-07-31,4,Completed
S0003382,A000564,5,Approval Committee,Credit,2026-07-31,2026-08-01,1,Completed
S0003383,A000564,6,Documentation,Operations,2026-08-01,2026-08-04,3,Completed
S0003384,A000564,7,Disbursement,Operations,2026-08-04,2026-08-06,2,Completed
S0003385,A000565,1,Application Received,SME Sales,2026-01-21,2026-01-21,0,Completed
S0003386,A000565,2,Initial Screening,SME Sales,2026-01-21,2026-01-23,2,Completed
S0003387,A000565,3,Credit Assessment,Credit,2026-01-23,2026-01-25,2,Completed
S0003388,A000565,4,Risk Review,Risk,2026-01-25,2026-01-26,1,Completed
S0003389,A000565,5,Approval Committee,Credit,2026-01-26,2026-01-27,1,Completed
S0003390,A000565,6,Documentation,Operations,2026-01-27,2026-01-31,4,Completed
S0003391,A000565,7,Disbursement,Operations,2026-01-31,2026-02-02,2,Completed
S0003392,A000566,1,Application Received,SME Sales,2025-04-16,2025-04-17,1,Completed
S0003393,A000566,2,Initial Screening,SME Sales,2025-04-17,2025-04-19,2,Completed
S0003394,A000566,3,Credit Assessment,Credit,2025-04-19,2025-04-22,3,Completed
S0003395,A000566,4,Risk Review,Risk,2025-04-22,2025-04-26,4,Completed
S0003396,A000567,1,Application Received,SME Sales,2025-05-13,2025-05-14,1,Completed
S0003397,A000567,2,Initial Screening,SME Sales,2025-05-14,2025-05-17,3,Completed
S0003398,A000567,3,Credit Assessment,Credit,2025-05-17,2025-05-20,3,Completed
S0003399,A000567,4,Risk Review,Risk,2025-05-20,2025-05-21,1,Completed
S0003400,A000568,1,Application Received,SME Sales,2024-06-14,2024-06-14,0,Completed
S0003401,A000568,2,Initial Screening,SME Sales,2024-06-14,2024-06-17,3,Completed
S0003402,A000568,3,Credit Assessment,Credit,2024-06-17,2024-06-19,2,Completed
S0003403,A000568,4,Risk Review,Risk,2024-06-19,2024-06-21,2,Completed
S0003404,A000568,5,Approval Committee,Credit,2024-06-21,2024-06-23,2,Completed
S0003405,A000568,6,Documentation,Operations,2024-06-23,2024-06-27,4,Completed
S0003406,A000568,7,Disbursement,Operations,2024-06-27,2024-06-28,1,Completed
S0003407,A000569,1,Application Received,SME Sales,2024-05-19,2024-05-19,0,Completed
S0003408,A000569,2,Initial Screening,SME Sales,2024-05-19,2024-05-22,3,Completed
S0003409,A000569,3,Credit Assessment,Credit,2024-05-22,2024-05-27,5,Completed
S0003410,A000569,4,Risk Review,Risk,2024-05-27,2024-05-28,1,Completed
S0003411,A000570,1,Application Received,SME Sales,2024-05-08,2024-05-08,0,Completed
S0003412,A000570,2,Initial Screening,SME Sales,2024-05-08,2024-05-11,3,Completed
S0003413,A000570,3,Credit Assessment,Credit,2024-05-11,2024-05-15,4,Completed
S0003414,A000570,4,Risk Review,Risk,2024-05-15,2024-05-18,3,Completed
S0003415,A000571,1,Application Received,SME Sales,2024-08-27,2024-08-27,0,Completed
S0003416,A000571,2,Initial Screening,SME Sales,2024-08-27,2024-08-29,2,Completed
S0003417,A000571,3,Credit Assessment,Credit,2024-08-29,2024-09-01,3,Completed
S0003418,A000571,4,Risk Review,Risk,2024-09-01,2024-09-02,1,Completed
S0003419,A000572,1,Application Received,SME Sales,2026-09-06,2026-09-07,1,Completed
S0003420,A000572,2,Initial Screening,SME Sales,2026-09-07,2026-09-08,1,Completed
S0003421,A000572,3,Credit Assessment,Credit,2026-09-08,2026-09-13,5,Completed
S0003422,A000572,4,Risk Review,Risk,2026-09-13,2026-09-17,4,Completed
S0003423,A000572,5,Approval Committee,Credit,2026-09-17,2026-09-18,1,Completed
S0003424,A000572,6,Documentation,Operations,2026-09-18,2026-09-20,2,Completed
S0003425,A000572,7,Disbursement,Operations,2026-09-20,2026-09-22,2,Completed
S0003426,A000573,1,Application Received,SME Sales,2024-12-13,2024-12-14,1,Completed
S0003427,A000573,2,Initial Screening,SME Sales,2024-12-14,2024-12-16,2,Completed
S0003428,A000573,3,Credit Assessment,Credit,2024-12-16,2024-12-18,2,Completed
S0003429,A000573,4,Risk Review,Risk,2024-12-18,2024-12-22,4,Completed
S0003430,A000574,1,Application Received,SME Sales,2024-05-13,2024-05-14,1,Completed
S0003431,A000574,2,Initial Screening,SME Sales,2024-05-14,2024-05-17,3,Completed
S0003432,A000574,3,Credit Assessment,Credit,2024-05-17,2024-05-21,4,Completed
S0003433,A000575,1,Application Received,SME Sales,2024-05-03,2024-05-03,0,Completed
S0003434,A000575,2,Initial Screening,SME Sales,2024-05-03,2024-05-05,2,Completed
S0003435,A000575,3,Credit Assessment,Credit,2024-05-05,2024-05-09,4,Completed
S0003436,A000575,4,Risk Review,Risk,2024-05-09,2024-05-10,1,Completed
S0003437,A000576,1,Application Received,SME Sales,2024-06-28,2024-06-28,0,Completed
S0003438,A000576,2,Initial Screening,SME Sales,2024-06-28,2024-07-01,3,Completed
S0003439,A000576,3,Credit Assessment,Credit,2024-07-01,2024-07-06,5,Completed
S0003440,A000577,1,Application Received,SME Sales,2025-02-11,2025-02-12,1,Completed
S0003441,A000577,2,Initial Screening,SME Sales,2025-02-12,2025-02-14,2,Completed
S0003442,A000577,3,Credit Assessment,Credit,2025-02-14,2025-02-16,2,Completed
S0003443,A000577,4,Risk Review,Risk,2025-02-16,2025-02-18,2,Completed
S0003444,A000578,1,Application Received,SME Sales,2026-03-08,2026-03-08,0,Completed
S0003445,A000578,2,Initial Screening,SME Sales,2026-03-08,2026-03-09,1,Completed
S0003446,A000578,3,Credit Assessment,Credit,2026-03-09,2026-03-11,2,Completed
S0003447,A000578,4,Risk Review,Risk,2026-03-11,2026-03-15,4,Completed
S0003448,A000578,5,Approval Committee,Credit,2026-03-15,2026-03-17,2,Completed
S0003449,A000578,6,Documentation,Operations,2026-03-17,2026-03-19,2,Completed
S0003450,A000578,7,Disbursement,Operations,2026-03-19,2026-03-21,2,Completed
S0003451,A000579,1,Application Received,SME Sales,2025-03-27,2025-03-28,1,Completed
S0003452,A000579,2,Initial Screening,SME Sales,2025-03-28,2025-03-29,1,Completed
S0003453,A000579,3,Credit Assessment,Credit,2025-03-29,2025-04-04,6,Completed
S0003454,A000579,4,Risk Review,Risk,2025-04-04,2025-04-08,4,Completed
S0003455,A000579,5,Approval Committee,Credit,2025-04-08,2025-04-11,3,Completed
S0003456,A000580,1,Application Received,SME Sales,2025-09-22,2025-09-22,0,Completed
S0003457,A000580,2,Initial Screening,SME Sales,2025-09-22,2025-09-23,1,Completed
S0003458,A000580,3,Credit Assessment,Credit,2025-09-23,2025-09-29,6,Completed
S0003459,A000580,4,Risk Review,Risk,2025-09-29,2025-10-02,3,Completed
S0003460,A000580,5,Approval Committee,Credit,2025-10-02,2025-10-05,3,Completed
S0003461,A000580,6,Documentation,Operations,2025-10-05,2025-10-09,4,Completed
S0003462,A000580,7,Disbursement,Operations,2025-10-09,2025-10-10,1,Completed
S0003463,A000581,1,Application Received,SME Sales,2025-08-09,2025-08-10,1,Completed
S0003464,A000581,2,Initial Screening,SME Sales,2025-08-10,2025-08-11,1,Completed
S0003465,A000581,3,Credit Assessment,Credit,2025-08-11,2025-08-15,4,Completed
S0003466,A000581,4,Risk Review,Risk,2025-08-15,2025-08-18,3,Completed
S0003467,A000581,5,Approval Committee,Credit,2025-08-18,2025-08-21,3,Completed
S0003468,A000581,6,Documentation,Operations,2025-08-21,2025-08-26,5,Completed
S0003469,A000581,7,Disbursement,Operations,2025-08-26,2025-08-27,1,Completed
S0003470,A000582,1,Application Received,SME Sales,2025-04-09,2025-04-10,1,Completed
S0003471,A000582,2,Initial Screening,SME Sales,2025-04-10,2025-04-11,1,Completed
S0003472,A000582,3,Credit Assessment,Credit,2025-04-11,2025-04-17,6,Completed
S0003473,A000582,4,Risk Review,Risk,2025-04-17,2025-04-21,4,Completed
S0003474,A000582,5,Approval Committee,Credit,2025-04-21,2025-04-24,3,Completed
S0003475,A000582,6,Documentation,Operations,2025-04-24,2025-04-27,3,Completed
S0003476,A000582,7,Disbursement,Operations,2025-04-27,2025-04-29,2,Completed
S0003477,A000583,1,Application Received,SME Sales,2024-01-03,2024-01-04,1,Completed
S0003478,A000583,2,Initial Screening,SME Sales,2024-01-04,2024-01-06,2,Completed
S0003479,A000583,3,Credit Assessment,Credit,2024-01-06,2024-01-11,5,Completed
S0003480,A000583,4,Risk Review,Risk,2024-01-11,2024-01-14,3,Completed
S0003481,A000584,1,Application Received,SME Sales,2026-03-01,2026-03-02,1,Completed
S0003482,A000584,2,Initial Screening,SME Sales,2026-03-02,2026-03-05,3,Completed
S0003483,A000584,3,Credit Assessment,Credit,2026-03-05,2026-03-11,6,Completed
S0003484,A000584,4,Risk Review,Risk,2026-03-11,2026-03-15,4,Completed
S0003485,A000584,5,Approval Committee,Credit,2026-03-15,2026-03-16,1,Completed
S0003486,A000585,1,Application Received,SME Sales,2024-07-16,2024-07-16,0,Completed
S0003487,A000585,2,Initial Screening,SME Sales,2024-07-16,2024-07-19,3,Completed
S0003488,A000585,3,Credit Assessment,Credit,2024-07-19,2024-07-23,4,Completed
S0003489,A000585,4,Risk Review,Risk,2024-07-23,2024-07-25,2,Completed
S0003490,A000585,5,Approval Committee,Credit,2024-07-25,2024-07-28,3,Completed
S0003491,A000585,6,Documentation,Operations,2024-07-28,2024-07-31,3,Completed
S0003492,A000585,7,Disbursement,Operations,2024-07-31,2024-08-02,2,Completed
S0003493,A000586,1,Application Received,SME Sales,2024-10-17,2024-10-17,0,Completed
S0003494,A000586,2,Initial Screening,SME Sales,2024-10-17,2024-10-19,2,Completed
S0003495,A000586,3,Credit Assessment,Credit,2024-10-19,2024-10-24,5,Completed
S0003496,A000586,4,Risk Review,Risk,2024-10-24,2024-10-28,4,Completed
S0003497,A000586,5,Approval Committee,Credit,2024-10-28,2024-10-29,1,Completed
S0003498,A000587,1,Application Received,SME Sales,2024-06-15,2024-06-16,1,Completed
S0003499,A000587,2,Initial Screening,SME Sales,2024-06-16,2024-06-17,1,Completed
S0003500,A000587,3,Credit Assessment,Credit,2024-06-17,2024-06-22,5,Completed
S0003501,A000587,4,Risk Review,Risk,2024-06-22,2024-06-23,1,Completed
S0003502,A000587,5,Approval Committee,Credit,2024-06-23,2024-06-26,3,Completed
S0003503,A000587,6,Documentation,Operations,2024-06-26,2024-06-28,2,Completed
S0003504,A000587,7,Disbursement,Operations,2024-06-28,2024-06-30,2,Completed
S0003505,A000588,1,Application Received,SME Sales,2026-03-18,2026-03-19,1,Completed
S0003506,A000588,2,Initial Screening,SME Sales,2026-03-19,2026-03-20,1,Completed
S0003507,A000588,3,Credit Assessment,Credit,2026-03-20,2026-03-22,2,Completed
S0003508,A000588,4,Risk Review,Risk,2026-03-22,2026-03-25,3,Completed
S0003509,A000588,5,Approval Committee,Credit,2026-03-25,2026-03-26,1,Completed
S0003510,A000588,6,Documentation,Operations,2026-03-26,2026-03-29,3,Completed
S0003511,A000588,7,Disbursement,Operations,2026-03-29,2026-03-31,2,Completed
S0003512,A000589,1,Application Received,SME Sales,2024-09-05,2024-09-05,0,Completed
S0003513,A000589,2,Initial Screening,SME Sales,2024-09-05,2024-09-06,1,Completed
S0003514,A000589,3,Credit Assessment,Credit,2024-09-06,2024-09-11,5,Completed
S0003515,A000589,4,Risk Review,Risk,2024-09-11,2024-09-13,2,Completed
S0003516,A000589,5,Approval Committee,Credit,2024-09-13,2024-09-14,1,Completed
S0003517,A000590,1,Application Received,SME Sales,2025-08-02,2025-08-03,1,Completed
S0003518,A000590,2,Initial Screening,SME Sales,2025-08-03,2025-08-06,3,Completed
S0003519,A000590,3,Credit Assessment,Credit,2025-08-06,2025-08-11,5,Completed
S0003520,A000590,4,Risk Review,Risk,2025-08-11,2025-08-15,4,Completed
S0003521,A000590,5,Approval Committee,Credit,2025-08-15,2025-08-17,2,Completed
S0003522,A000590,6,Documentation,Operations,2025-08-17,2025-08-21,4,Completed
S0003523,A000590,7,Disbursement,Operations,2025-08-21,2025-08-22,1,Completed
S0003524,A000591,1,Application Received,SME Sales,2026-05-25,2026-05-26,1,Completed
S0003525,A000591,2,Initial Screening,SME Sales,2026-05-26,2026-05-27,1,Completed
S0003526,A000591,3,Credit Assessment,Credit,2026-05-27,2026-06-01,5,Completed
S0003527,A000591,4,Risk Review,Risk,2026-06-01,2026-06-02,1,Completed
S0003528,A000591,5,Approval Committee,Credit,2026-06-02,2026-06-03,1,Completed
S0003529,A000591,6,Documentation,Operations,2026-06-03,2026-06-08,5,Completed
S0003530,A000591,7,Disbursement,Operations,2026-06-08,2026-06-10,2,Completed
S0003531,A000592,1,Application Received,SME Sales,2026-02-23,2026-02-23,0,Completed
S0003532,A000592,2,Initial Screening,SME Sales,2026-02-23,2026-02-25,2,Completed
S0003533,A000592,3,Credit Assessment,Credit,2026-02-25,2026-03-02,5,Completed
S0003534,A000592,4,Risk Review,Risk,2026-03-02,2026-03-04,2,Completed
S0003535,A000592,5,Approval Committee,Credit,2026-03-04,2026-03-07,3,Completed
S0003536,A000592,6,Documentation,Operations,2026-03-07,2026-03-11,4,Completed
S0003537,A000592,7,Disbursement,Operations,2026-03-11,2026-03-12,1,Completed
S0003538,A000593,1,Application Received,SME Sales,2026-05-30,2026-05-31,1,Completed
S0003539,A000593,2,Initial Screening,SME Sales,2026-05-31,2026-06-02,2,Completed
S0003540,A000593,3,Credit Assessment,Credit,2026-06-02,2026-06-05,3,Completed
S0003541,A000593,4,Risk Review,Risk,2026-06-05,2026-06-09,4,Completed
S0003542,A000593,5,Approval Committee,Credit,2026-06-09,2026-06-10,1,Completed
S0003543,A000593,6,Documentation,Operations,2026-06-10,2026-06-12,2,Completed
S0003544,A000593,7,Disbursement,Operations,2026-06-12,2026-06-14,2,Completed
S0003545,A000594,1,Application Received,SME Sales,2024-09-24,2024-09-24,0,Completed
S0003546,A000594,2,Initial Screening,SME Sales,2024-09-24,2024-09-26,2,Completed
S0003547,A000594,3,Credit Assessment,Credit,2024-09-26,2024-10-01,5,Completed
S0003548,A000595,1,Application Received,SME Sales,2025-07-06,2025-07-07,1,Completed
S0003549,A000595,2,Initial Screening,SME Sales,2025-07-07,2025-07-09,2,Completed
S0003550,A000595,3,Credit Assessment,Credit,2025-07-09,2025-07-12,3,Completed
S0003551,A000595,4,Risk Review,Risk,2025-07-12,2025-07-14,2,Completed
S0003552,A000595,5,Approval Committee,Credit,2025-07-14,2025-07-16,2,Completed
S0003553,A000595,6,Documentation,Operations,2025-07-16,2025-07-18,2,Completed
S0003554,A000595,7,Disbursement,Operations,2025-07-18,2025-07-19,1,Completed
S0003555,A000596,1,Application Received,SME Sales,2026-02-14,2026-02-15,1,Completed
S0003556,A000596,2,Initial Screening,SME Sales,2026-02-15,2026-02-17,2,Completed
S0003557,A000596,3,Credit Assessment,Credit,2026-02-17,2026-02-20,3,Completed
S0003558,A000596,4,Risk Review,Risk,2026-02-20,2026-02-21,1,Completed
S0003559,A000596,5,Approval Committee,Credit,2026-02-21,2026-02-23,2,Completed
S0003560,A000597,1,Application Received,SME Sales,2024-12-07,2024-12-07,0,Completed
S0003561,A000597,2,Initial Screening,SME Sales,2024-12-07,2024-12-10,3,Completed
S0003562,A000597,3,Credit Assessment,Credit,2024-12-10,2024-12-14,4,Completed
S0003563,A000597,4,Risk Review,Risk,2024-12-14,2024-12-17,3,Completed
S0003564,A000597,5,Approval Committee,Credit,2024-12-17,2024-12-19,2,Completed
S0003565,A000598,1,Application Received,SME Sales,2024-01-19,2024-01-20,1,Completed
S0003566,A000598,2,Initial Screening,SME Sales,2024-01-20,2024-01-22,2,Completed
S0003567,A000598,3,Credit Assessment,Credit,2024-01-22,2024-01-25,3,Completed
S0003568,A000598,4,Risk Review,Risk,2024-01-25,2024-01-28,3,Completed
S0003569,A000598,5,Approval Committee,Credit,2024-01-28,2024-01-30,2,Completed
S0003570,A000598,6,Documentation,Operations,2024-01-30,2024-02-01,2,Completed
S0003571,A000598,7,Disbursement,Operations,2024-02-01,2024-02-03,2,Completed
S0003572,A000599,1,Application Received,SME Sales,2024-06-11,2024-06-12,1,Completed
S0003573,A000599,2,Initial Screening,SME Sales,2024-06-12,2024-06-14,2,Completed
S0003574,A000599,3,Credit Assessment,Credit,2024-06-14,2024-06-20,6,Completed
S0003575,A000599,4,Risk Review,Risk,2024-06-20,2024-06-22,2,Completed
S0003576,A000599,5,Approval Committee,Credit,2024-06-22,2024-06-25,3,Completed
S0003577,A000599,6,Documentation,Operations,2024-06-25,2024-06-27,2,Completed
S0003578,A000599,7,Disbursement,Operations,2024-06-27,2024-06-28,1,Completed
S0003579,A000600,1,Application Received,SME Sales,2024-07-12,2024-07-13,1,Completed
S0003580,A000600,2,Initial Screening,SME Sales,2024-07-13,2024-07-16,3,Completed
S0003581,A000600,3,Credit Assessment,Credit,2024-07-16,2024-07-18,2,Completed
S0003582,A000600,4,Risk Review,Risk,2024-07-18,2024-07-22,4,Completed
S0003583,A000600,5,Approval Committee,Credit,2024-07-22,2024-07-25,3,Completed
S0003584,A000600,6,Documentation,Operations,2024-07-25,2024-07-27,2,Completed
S0003585,A000600,7,Disbursement,Operations,2024-07-27,2024-07-29,2,Completed
S0003586,A000601,1,Application Received,SME Sales,2025-09-12,2025-09-13,1,Completed
S0003587,A000601,2,Initial Screening,SME Sales,2025-09-13,2025-09-14,1,Completed
S0003588,A000601,3,Credit Assessment,Credit,2025-09-14,2025-09-17,3,Completed
S0003589,A000601,4,Risk Review,Risk,2025-09-17,2025-09-21,4,Completed
S0003590,A000601,5,Approval Committee,Credit,2025-09-21,2025-09-22,1,Completed
S0003591,A000602,1,Application Received,SME Sales,2024-03-09,2024-03-09,0,Completed
S0003592,A000602,2,Initial Screening,SME Sales,2024-03-09,2024-03-11,2,Completed
S0003593,A000602,3,Credit Assessment,Credit,2024-03-11,2024-03-13,2,Completed
S0003594,A000602,4,Risk Review,Risk,2024-03-13,2024-03-17,4,Completed
S0003595,A000602,5,Approval Committee,Credit,2024-03-17,2024-03-18,1,Completed
S0003596,A000602,6,Documentation,Operations,2024-03-18,2024-03-20,2,Completed
S0003597,A000602,7,Disbursement,Operations,2024-03-20,2024-03-21,1,Completed
S0003598,A000603,1,Application Received,SME Sales,2024-11-01,2024-11-01,0,Completed
S0003599,A000603,2,Initial Screening,SME Sales,2024-11-01,2024-11-04,3,Completed
S0003600,A000603,3,Credit Assessment,Credit,2024-11-04,2024-11-09,5,Completed
S0003601,A000604,1,Application Received,SME Sales,2024-11-24,2024-11-25,1,Completed
S0003602,A000604,2,Initial Screening,SME Sales,2024-11-25,2024-11-27,2,Completed
S0003603,A000604,3,Credit Assessment,Credit,2024-11-27,2024-12-02,5,Completed
S0003604,A000604,4,Risk Review,Risk,2024-12-02,2024-12-06,4,Completed
S0003605,A000604,5,Approval Committee,Credit,2024-12-06,2024-12-08,2,Completed
S0003606,A000604,6,Documentation,Operations,2024-12-08,2024-12-12,4,Completed
S0003607,A000604,7,Disbursement,Operations,2024-12-12,2024-12-13,1,Completed
S0003608,A000605,1,Application Received,SME Sales,2025-08-09,2025-08-10,1,Completed
S0003609,A000605,2,Initial Screening,SME Sales,2025-08-10,2025-08-11,1,Completed
S0003610,A000605,3,Credit Assessment,Credit,2025-08-11,2025-08-16,5,Completed
S0003611,A000605,4,Risk Review,Risk,2025-08-16,2025-08-18,2,Completed
S0003612,A000605,5,Approval Committee,Credit,2025-08-18,2025-08-21,3,Completed
S0003613,A000605,6,Documentation,Operations,2025-08-21,2025-08-23,2,Completed
S0003614,A000605,7,Disbursement,Operations,2025-08-23,2025-08-25,2,Completed
S0003615,A000606,1,Application Received,SME Sales,2025-10-20,2025-10-21,1,Completed
S0003616,A000606,2,Initial Screening,SME Sales,2025-10-21,2025-10-22,1,Completed
S0003617,A000606,3,Credit Assessment,Credit,2025-10-22,2025-10-27,5,Completed
S0003618,A000606,4,Risk Review,Risk,2025-10-27,2025-10-29,2,Completed
S0003619,A000606,5,Approval Committee,Credit,2025-10-29,2025-11-01,3,Completed
S0003620,A000606,6,Documentation,Operations,2025-11-01,2025-11-06,5,Completed
S0003621,A000606,7,Disbursement,Operations,2025-11-06,2025-11-07,1,Completed
S0003622,A000607,1,Application Received,SME Sales,2025-04-20,2025-04-21,1,Completed
S0003623,A000607,2,Initial Screening,SME Sales,2025-04-21,2025-04-24,3,Completed
S0003624,A000607,3,Credit Assessment,Credit,2025-04-24,2025-04-26,2,Completed
S0003625,A000607,4,Risk Review,Risk,2025-04-26,2025-04-29,3,Completed
S0003626,A000607,5,Approval Committee,Credit,2025-04-29,2025-05-02,3,Completed
S0003627,A000607,6,Documentation,Operations,2025-05-02,2025-05-04,2,Completed
S0003628,A000607,7,Disbursement,Operations,2025-05-04,2025-05-05,1,Completed
S0003629,A000608,1,Application Received,SME Sales,2026-06-20,2026-06-20,0,Completed
S0003630,A000608,2,Initial Screening,SME Sales,2026-06-20,2026-06-22,2,Completed
S0003631,A000608,3,Credit Assessment,Credit,2026-06-22,2026-06-28,6,Completed
S0003632,A000608,4,Risk Review,Risk,2026-06-28,2026-06-30,2,Completed
S0003633,A000608,5,Approval Committee,Credit,2026-06-30,2026-07-01,1,Completed
S0003634,A000608,6,Documentation,Operations,2026-07-01,2026-07-04,3,Completed
S0003635,A000608,7,Disbursement,Operations,2026-07-04,2026-07-06,2,Completed
S0003636,A000609,1,Application Received,SME Sales,2024-02-12,2024-02-13,1,Completed
S0003637,A000609,2,Initial Screening,SME Sales,2024-02-13,2024-02-16,3,Completed
S0003638,A000609,3,Credit Assessment,Credit,2024-02-16,2024-02-22,6,Completed
S0003639,A000609,4,Risk Review,Risk,2024-02-22,2024-02-26,4,Completed
S0003640,A000609,5,Approval Committee,Credit,2024-02-26,2024-02-28,2,Completed
S0003641,A000609,6,Documentation,Operations,2024-02-28,2024-03-03,4,Completed
S0003642,A000609,7,Disbursement,Operations,2024-03-03,2024-03-05,2,Completed
S0003643,A000610,1,Application Received,SME Sales,2025-04-04,2025-04-05,1,Completed
S0003644,A000610,2,Initial Screening,SME Sales,2025-04-05,2025-04-06,1,Completed
S0003645,A000610,3,Credit Assessment,Credit,2025-04-06,2025-04-11,5,Completed
S0003646,A000610,4,Risk Review,Risk,2025-04-11,2025-04-12,1,Completed
S0003647,A000610,5,Approval Committee,Credit,2025-04-12,2025-04-14,2,Completed
S0003648,A000610,6,Documentation,Operations,2025-04-14,2025-04-16,2,Completed
S0003649,A000610,7,Disbursement,Operations,2025-04-16,2025-04-17,1,Completed
S0003650,A000611,1,Application Received,SME Sales,2025-06-12,2025-06-12,0,Completed
S0003651,A000611,2,Initial Screening,SME Sales,2025-06-12,2025-06-15,3,Completed
S0003652,A000611,3,Credit Assessment,Credit,2025-06-15,2025-06-19,4,Completed
S0003653,A000611,4,Risk Review,Risk,2025-06-19,2025-06-22,3,Completed
S0003654,A000612,1,Application Received,SME Sales,2025-02-04,2025-02-05,1,Completed
S0003655,A000612,2,Initial Screening,SME Sales,2025-02-05,2025-02-06,1,Completed
S0003656,A000612,3,Credit Assessment,Credit,2025-02-06,2025-02-10,4,Completed
S0003657,A000612,4,Risk Review,Risk,2025-02-10,2025-02-12,2,Completed
S0003658,A000612,5,Approval Committee,Credit,2025-02-12,2025-02-15,3,Completed
S0003659,A000612,6,Documentation,Operations,2025-02-15,2025-02-19,4,Completed
S0003660,A000612,7,Disbursement,Operations,2025-02-19,2025-02-20,1,Completed
S0003661,A000613,1,Application Received,SME Sales,2025-10-12,2025-10-13,1,Completed
S0003662,A000613,2,Initial Screening,SME Sales,2025-10-13,2025-10-15,2,Completed
S0003663,A000613,3,Credit Assessment,Credit,2025-10-15,2025-10-19,4,Completed
S0003664,A000613,4,Risk Review,Risk,2025-10-19,2025-10-20,1,Completed
S0003665,A000613,5,Approval Committee,Credit,2025-10-20,2025-10-21,1,Completed
S0003666,A000614,1,Application Received,SME Sales,2026-09-13,2026-09-14,1,Completed
S0003667,A000614,2,Initial Screening,SME Sales,2026-09-14,2026-09-17,3,Completed
S0003668,A000614,3,Credit Assessment,Credit,2026-09-17,2026-09-23,6,Completed
S0003669,A000615,1,Application Received,SME Sales,2024-03-30,2024-03-31,1,Completed
S0003670,A000615,2,Initial Screening,SME Sales,2024-03-31,2024-04-03,3,Completed
S0003671,A000615,3,Credit Assessment,Credit,2024-04-03,2024-04-06,3,Completed
S0003672,A000615,4,Risk Review,Risk,2024-04-06,2024-04-09,3,Completed
S0003673,A000615,5,Approval Committee,Credit,2024-04-09,2024-04-12,3,Completed
S0003674,A000616,1,Application Received,SME Sales,2025-12-15,2025-12-16,1,Completed
S0003675,A000616,2,Initial Screening,SME Sales,2025-12-16,2025-12-19,3,Completed
S0003676,A000616,3,Credit Assessment,Credit,2025-12-19,2025-12-22,3,Completed
S0003677,A000616,4,Risk Review,Risk,2025-12-22,2025-12-26,4,Completed
S0003678,A000616,5,Approval Committee,Credit,2025-12-26,2025-12-27,1,Completed
S0003679,A000616,6,Documentation,Operations,2025-12-27,2025-12-31,4,Completed
S0003680,A000616,7,Disbursement,Operations,2025-12-31,2026-01-02,2,Completed
S0003681,A000617,1,Application Received,SME Sales,2025-03-11,2025-03-11,0,Completed
S0003682,A000617,2,Initial Screening,SME Sales,2025-03-11,2025-03-12,1,Completed
S0003683,A000617,3,Credit Assessment,Credit,2025-03-12,2025-03-17,5,Completed
S0003684,A000617,4,Risk Review,Risk,2025-03-17,2025-03-19,2,Completed
S0003685,A000617,5,Approval Committee,Credit,2025-03-19,2025-03-21,2,Completed
S0003686,A000617,6,Documentation,Operations,2025-03-21,2025-03-25,4,Completed
S0003687,A000617,7,Disbursement,Operations,2025-03-25,2025-03-26,1,Completed
S0003688,A000618,1,Application Received,SME Sales,2024-07-06,2024-07-07,1,Completed
S0003689,A000618,2,Initial Screening,SME Sales,2024-07-07,2024-07-08,1,Completed
S0003690,A000618,3,Credit Assessment,Credit,2024-07-08,2024-07-13,5,Completed
S0003691,A000618,4,Risk Review,Risk,2024-07-13,2024-07-17,4,Completed
S0003692,A000618,5,Approval Committee,Credit,2024-07-17,2024-07-20,3,Completed
S0003693,A000618,6,Documentation,Operations,2024-07-20,2024-07-24,4,Completed
S0003694,A000618,7,Disbursement,Operations,2024-07-24,2024-07-25,1,Completed
S0003695,A000619,1,Application Received,SME Sales,2026-04-07,2026-04-07,0,Completed
S0003696,A000619,2,Initial Screening,SME Sales,2026-04-07,2026-04-09,2,Completed
S0003697,A000619,3,Credit Assessment,Credit,2026-04-09,2026-04-15,6,Completed
S0003698,A000619,4,Risk Review,Risk,2026-04-15,2026-04-18,3,Completed
S0003699,A000619,5,Approval Committee,Credit,2026-04-18,2026-04-21,3,Completed
S0003700,A000619,6,Documentation,Operations,2026-04-21,2026-04-25,4,Completed
S0003701,A000619,7,Disbursement,Operations,2026-04-25,2026-04-26,1,Completed
S0003702,A000620,1,Application Received,SME Sales,2024-11-18,2024-11-18,0,Completed
S0003703,A000620,2,Initial Screening,SME Sales,2024-11-18,2024-11-19,1,Completed
S0003704,A000620,3,Credit Assessment,Credit,2024-11-19,2024-11-24,5,Completed
S0003705,A000620,4,Risk Review,Risk,2024-11-24,2024-11-26,2,Completed
S0003706,A000620,5,Approval Committee,Credit,2024-11-26,2024-11-28,2,Completed
S0003707,A000620,6,Documentation,Operations,2024-11-28,2024-12-02,4,Completed
S0003708,A000620,7,Disbursement,Operations,2024-12-02,2024-12-04,2,Completed
S0003709,A000621,1,Application Received,SME Sales,2025-02-15,2025-02-15,0,Completed
S0003710,A000621,2,Initial Screening,SME Sales,2025-02-15,2025-02-18,3,Completed
S0003711,A000621,3,Credit Assessment,Credit,2025-02-18,2025-02-20,2,Completed
S0003712,A000621,4,Risk Review,Risk,2025-02-20,2025-02-24,4,Completed
S0003713,A000621,5,Approval Committee,Credit,2025-02-24,2025-02-26,2,Completed
S0003714,A000622,1,Application Received,SME Sales,2025-08-17,2025-08-17,0,Completed
S0003715,A000622,2,Initial Screening,SME Sales,2025-08-17,2025-08-18,1,Completed
S0003716,A000622,3,Credit Assessment,Credit,2025-08-18,2025-08-21,3,Completed
S0003717,A000622,4,Risk Review,Risk,2025-08-21,2025-08-24,3,Completed
S0003718,A000622,5,Approval Committee,Credit,2025-08-24,2025-08-26,2,Completed
S0003719,A000622,6,Documentation,Operations,2025-08-26,2025-08-28,2,Completed
S0003720,A000622,7,Disbursement,Operations,2025-08-28,2025-08-30,2,Completed
S0003721,A000623,1,Application Received,SME Sales,2024-08-26,2024-08-27,1,Completed
S0003722,A000623,2,Initial Screening,SME Sales,2024-08-27,2024-08-30,3,Completed
S0003723,A000623,3,Credit Assessment,Credit,2024-08-30,2024-09-04,5,Completed
S0003724,A000623,4,Risk Review,Risk,2024-09-04,2024-09-05,1,Completed
S0003725,A000623,5,Approval Committee,Credit,2024-09-05,2024-09-07,2,Completed
S0003726,A000623,6,Documentation,Operations,2024-09-07,2024-09-10,3,Completed
S0003727,A000623,7,Disbursement,Operations,2024-09-10,2024-09-12,2,Completed
S0003728,A000624,1,Application Received,SME Sales,2024-03-30,2024-03-31,1,Completed
S0003729,A000624,2,Initial Screening,SME Sales,2024-03-31,2024-04-01,1,Completed
S0003730,A000624,3,Credit Assessment,Credit,2024-04-01,2024-04-04,3,Completed
S0003731,A000624,4,Risk Review,Risk,2024-04-04,2024-04-06,2,Completed
S0003732,A000624,5,Approval Committee,Credit,2024-04-06,2024-04-07,1,Completed
S0003733,A000624,6,Documentation,Operations,2024-04-07,2024-04-11,4,Completed
S0003734,A000624,7,Disbursement,Operations,2024-04-11,2024-04-13,2,Completed
S0003735,A000625,1,Application Received,SME Sales,2024-03-06,2024-03-06,0,Completed
S0003736,A000625,2,Initial Screening,SME Sales,2024-03-06,2024-03-09,3,Completed
S0003737,A000625,3,Credit Assessment,Credit,2024-03-09,2024-03-15,6,Completed
S0003738,A000625,4,Risk Review,Risk,2024-03-15,2024-03-16,1,Completed
S0003739,A000625,5,Approval Committee,Credit,2024-03-16,2024-03-17,1,Completed
S0003740,A000625,6,Documentation,Operations,2024-03-17,2024-03-19,2,Completed
S0003741,A000625,7,Disbursement,Operations,2024-03-19,2024-03-21,2,Completed
S0003742,A000626,1,Application Received,SME Sales,2024-09-08,2024-09-08,0,Completed
S0003743,A000626,2,Initial Screening,SME Sales,2024-09-08,2024-09-09,1,Completed
S0003744,A000626,3,Credit Assessment,Credit,2024-09-09,2024-09-15,6,Completed
S0003745,A000626,4,Risk Review,Risk,2024-09-15,2024-09-19,4,Completed
S0003746,A000626,5,Approval Committee,Credit,2024-09-19,2024-09-20,1,Completed
S0003747,A000627,1,Application Received,SME Sales,2024-10-04,2024-10-04,0,Completed
S0003748,A000627,2,Initial Screening,SME Sales,2024-10-04,2024-10-07,3,Completed
S0003749,A000627,3,Credit Assessment,Credit,2024-10-07,2024-10-13,6,Completed
S0003750,A000627,4,Risk Review,Risk,2024-10-13,2024-10-16,3,Completed
S0003751,A000628,1,Application Received,SME Sales,2025-08-17,2025-08-17,0,Completed
S0003752,A000628,2,Initial Screening,SME Sales,2025-08-17,2025-08-19,2,Completed
S0003753,A000628,3,Credit Assessment,Credit,2025-08-19,2025-08-23,4,Completed
S0003754,A000628,4,Risk Review,Risk,2025-08-23,2025-08-24,1,Completed
S0003755,A000628,5,Approval Committee,Credit,2025-08-24,2025-08-25,1,Completed
S0003756,A000628,6,Documentation,Operations,2025-08-25,2025-08-30,5,Completed
S0003757,A000628,7,Disbursement,Operations,2025-08-30,2025-08-31,1,Completed
S0003758,A000629,1,Application Received,SME Sales,2024-02-13,2024-02-14,1,Completed
S0003759,A000629,2,Initial Screening,SME Sales,2024-02-14,2024-02-17,3,Completed
S0003760,A000629,3,Credit Assessment,Credit,2024-02-17,2024-02-20,3,Completed
S0003761,A000629,4,Risk Review,Risk,2024-02-20,2024-02-21,1,Completed
S0003762,A000629,5,Approval Committee,Credit,2024-02-21,2024-02-24,3,Completed
S0003763,A000629,6,Documentation,Operations,2024-02-24,2024-02-26,2,Completed
S0003764,A000629,7,Disbursement,Operations,2024-02-26,2024-02-27,1,Completed
S0003765,A000630,1,Application Received,SME Sales,2025-10-28,2025-10-29,1,Completed
S0003766,A000630,2,Initial Screening,SME Sales,2025-10-29,2025-11-01,3,Completed
S0003767,A000630,3,Credit Assessment,Credit,2025-11-01,2025-11-07,6,Completed
S0003768,A000630,4,Risk Review,Risk,2025-11-07,2025-11-08,1,Completed
S0003769,A000630,5,Approval Committee,Credit,2025-11-08,2025-11-10,2,Completed
S0003770,A000630,6,Documentation,Operations,2025-11-10,2025-11-12,2,Completed
S0003771,A000630,7,Disbursement,Operations,2025-11-12,2025-11-13,1,Completed
S0003772,A000631,1,Application Received,SME Sales,2025-04-23,2025-04-24,1,Completed
S0003773,A000631,2,Initial Screening,SME Sales,2025-04-24,2025-04-25,1,Completed
S0003774,A000631,3,Credit Assessment,Credit,2025-04-25,2025-04-28,3,Completed
S0003775,A000631,4,Risk Review,Risk,2025-04-28,2025-04-30,2,Completed
S0003776,A000631,5,Approval Committee,Credit,2025-04-30,2025-05-02,2,Completed
S0003777,A000631,6,Documentation,Operations,2025-05-02,2025-05-04,2,Completed
S0003778,A000631,7,Disbursement,Operations,2025-05-04,2025-05-06,2,Completed
S0003779,A000632,1,Application Received,SME Sales,2025-07-24,2025-07-24,0,Completed
S0003780,A000632,2,Initial Screening,SME Sales,2025-07-24,2025-07-27,3,Completed
S0003781,A000632,3,Credit Assessment,Credit,2025-07-27,2025-07-29,2,Completed
S0003782,A000632,4,Risk Review,Risk,2025-07-29,2025-07-30,1,Completed
S0003783,A000632,5,Approval Committee,Credit,2025-07-30,2025-08-01,2,Completed
S0003784,A000632,6,Documentation,Operations,2025-08-01,2025-08-06,5,Completed
S0003785,A000632,7,Disbursement,Operations,2025-08-06,2025-08-07,1,Completed
S0003786,A000633,1,Application Received,SME Sales,2026-04-02,2026-04-03,1,Completed
S0003787,A000633,2,Initial Screening,SME Sales,2026-04-03,2026-04-06,3,Completed
S0003788,A000633,3,Credit Assessment,Credit,2026-04-06,2026-04-12,6,Completed
S0003789,A000633,4,Risk Review,Risk,2026-04-12,2026-04-16,4,Completed
S0003790,A000633,5,Approval Committee,Credit,2026-04-16,2026-04-19,3,Completed
S0003791,A000633,6,Documentation,Operations,2026-04-19,2026-04-21,2,Completed
S0003792,A000633,7,Disbursement,Operations,2026-04-21,2026-04-22,1,Completed
S0003793,A000634,1,Application Received,SME Sales,2025-11-04,2025-11-04,0,Completed
S0003794,A000634,2,Initial Screening,SME Sales,2025-11-04,2025-11-05,1,Completed
S0003795,A000634,3,Credit Assessment,Credit,2025-11-05,2025-11-07,2,Completed
S0003796,A000634,4,Risk Review,Risk,2025-11-07,2025-11-08,1,Completed
S0003797,A000634,5,Approval Committee,Credit,2025-11-08,2025-11-10,2,Completed
S0003798,A000634,6,Documentation,Operations,2025-11-10,2025-11-15,5,Completed
S0003799,A000634,7,Disbursement,Operations,2025-11-15,2025-11-17,2,Completed
S0003800,A000635,1,Application Received,SME Sales,2026-04-15,2026-04-16,1,Completed
S0003801,A000635,2,Initial Screening,SME Sales,2026-04-16,2026-04-17,1,Completed
S0003802,A000635,3,Credit Assessment,Credit,2026-04-17,2026-04-20,3,Completed
S0003803,A000635,4,Risk Review,Risk,2026-04-20,2026-04-21,1,Completed
S0003804,A000635,5,Approval Committee,Credit,2026-04-21,2026-04-22,1,Completed
S0003805,A000635,6,Documentation,Operations,2026-04-22,2026-04-26,4,Completed
S0003806,A000635,7,Disbursement,Operations,2026-04-26,2026-04-28,2,Completed
S0003807,A000636,1,Application Received,SME Sales,2024-08-15,2024-08-16,1,Completed
S0003808,A000636,2,Initial Screening,SME Sales,2024-08-16,2024-08-18,2,Completed
S0003809,A000636,3,Credit Assessment,Credit,2024-08-18,2024-08-24,6,Completed
S0003810,A000636,4,Risk Review,Risk,2024-08-24,2024-08-25,1,Completed
S0003811,A000637,1,Application Received,SME Sales,2026-07-09,2026-07-09,0,Completed
S0003812,A000637,2,Initial Screening,SME Sales,2026-07-09,2026-07-12,3,Completed
S0003813,A000637,3,Credit Assessment,Credit,2026-07-12,2026-07-16,4,Completed
S0003814,A000637,4,Risk Review,Risk,2026-07-16,2026-07-18,2,Completed
S0003815,A000637,5,Approval Committee,Credit,2026-07-18,2026-07-20,2,Completed
S0003816,A000637,6,Documentation,Operations,2026-07-20,2026-07-23,3,Completed
S0003817,A000637,7,Disbursement,Operations,2026-07-23,2026-07-24,1,Completed
S0003818,A000638,1,Application Received,SME Sales,2024-02-09,2024-02-10,1,Completed
S0003819,A000638,2,Initial Screening,SME Sales,2024-02-10,2024-02-12,2,Completed
S0003820,A000638,3,Credit Assessment,Credit,2024-02-12,2024-02-18,6,Completed
S0003821,A000638,4,Risk Review,Risk,2024-02-18,2024-02-21,3,Completed
S0003822,A000638,5,Approval Committee,Credit,2024-02-21,2024-02-24,3,Completed
S0003823,A000638,6,Documentation,Operations,2024-02-24,2024-02-28,4,Completed
S0003824,A000638,7,Disbursement,Operations,2024-02-28,2024-02-29,1,Completed
S0003825,A000639,1,Application Received,SME Sales,2024-02-21,2024-02-21,0,Completed
S0003826,A000639,2,Initial Screening,SME Sales,2024-02-21,2024-02-23,2,Completed
S0003827,A000639,3,Credit Assessment,Credit,2024-02-23,2024-02-25,2,Completed
S0003828,A000639,4,Risk Review,Risk,2024-02-25,2024-02-27,2,Completed
S0003829,A000639,5,Approval Committee,Credit,2024-02-27,2024-02-28,1,Completed
S0003830,A000639,6,Documentation,Operations,2024-02-28,2024-03-02,3,Completed
S0003831,A000639,7,Disbursement,Operations,2024-03-02,2024-03-03,1,Completed
S0003832,A000640,1,Application Received,SME Sales,2026-07-02,2026-07-02,0,Completed
S0003833,A000640,2,Initial Screening,SME Sales,2026-07-02,2026-07-05,3,Completed
S0003834,A000640,3,Credit Assessment,Credit,2026-07-05,2026-07-09,4,Completed
S0003835,A000640,4,Risk Review,Risk,2026-07-09,2026-07-13,4,Completed
S0003836,A000640,5,Approval Committee,Credit,2026-07-13,2026-07-15,2,Completed
S0003837,A000640,6,Documentation,Operations,2026-07-15,2026-07-20,5,Completed
S0003838,A000640,7,Disbursement,Operations,2026-07-20,2026-07-22,2,Completed
S0003839,A000641,1,Application Received,SME Sales,2026-01-22,2026-01-23,1,Completed
S0003840,A000641,2,Initial Screening,SME Sales,2026-01-23,2026-01-26,3,Completed
S0003841,A000641,3,Credit Assessment,Credit,2026-01-26,2026-01-28,2,Completed
S0003842,A000641,4,Risk Review,Risk,2026-01-28,2026-02-01,4,Completed
S0003843,A000641,5,Approval Committee,Credit,2026-02-01,2026-02-03,2,Completed
S0003844,A000641,6,Documentation,Operations,2026-02-03,2026-02-07,4,Completed
S0003845,A000641,7,Disbursement,Operations,2026-02-07,2026-02-09,2,Completed
S0003846,A000642,1,Application Received,SME Sales,2026-08-28,2026-08-28,0,Completed
S0003847,A000642,2,Initial Screening,SME Sales,2026-08-28,2026-08-29,1,Completed
S0003848,A000642,3,Credit Assessment,Credit,2026-08-29,2026-09-02,4,Completed
S0003849,A000642,4,Risk Review,Risk,2026-09-02,2026-09-05,3,Completed
S0003850,A000642,5,Approval Committee,Credit,2026-09-05,2026-09-06,1,Completed
S0003851,A000642,6,Documentation,Operations,2026-09-06,2026-09-10,4,Completed
S0003852,A000642,7,Disbursement,Operations,2026-09-10,2026-09-11,1,Completed
S0003853,A000643,1,Application Received,SME Sales,2024-10-23,2024-10-24,1,Completed
S0003854,A000643,2,Initial Screening,SME Sales,2024-10-24,2024-10-26,2,Completed
S0003855,A000643,3,Credit Assessment,Credit,2024-10-26,2024-10-28,2,Completed
S0003856,A000643,4,Risk Review,Risk,2024-10-28,2024-11-01,4,Completed
S0003857,A000643,5,Approval Committee,Credit,2024-11-01,2024-11-03,2,Completed
S0003858,A000644,1,Application Received,SME Sales,2026-06-10,2026-06-10,0,Completed
S0003859,A000644,2,Initial Screening,SME Sales,2026-06-10,2026-06-13,3,Completed
S0003860,A000644,3,Credit Assessment,Credit,2026-06-13,2026-06-18,5,Completed
S0003861,A000644,4,Risk Review,Risk,2026-06-18,2026-06-20,2,Completed
S0003862,A000645,1,Application Received,SME Sales,2025-07-07,2025-07-08,1,Completed
S0003863,A000645,2,Initial Screening,SME Sales,2025-07-08,2025-07-09,1,Completed
S0003864,A000645,3,Credit Assessment,Credit,2025-07-09,2025-07-12,3,Completed
S0003865,A000645,4,Risk Review,Risk,2025-07-12,2025-07-14,2,Completed
S0003866,A000645,5,Approval Committee,Credit,2025-07-14,2025-07-15,1,Completed
S0003867,A000645,6,Documentation,Operations,2025-07-15,2025-07-17,2,Completed
S0003868,A000645,7,Disbursement,Operations,2025-07-17,2025-07-19,2,Completed
S0003869,A000646,1,Application Received,SME Sales,2024-07-06,2024-07-07,1,Completed
S0003870,A000646,2,Initial Screening,SME Sales,2024-07-07,2024-07-10,3,Completed
S0003871,A000646,3,Credit Assessment,Credit,2024-07-10,2024-07-18,8,Completed
S0003872,A000647,1,Application Received,SME Sales,2026-05-27,2026-05-28,1,Completed
S0003873,A000647,2,Initial Screening,SME Sales,2026-05-28,2026-05-30,2,Completed
S0003874,A000647,3,Credit Assessment,Credit,2026-05-30,2026-06-02,3,Completed
S0003875,A000647,4,Risk Review,Risk,2026-06-02,2026-06-06,4,Completed
S0003876,A000647,5,Approval Committee,Credit,2026-06-06,2026-06-07,1,Completed
S0003877,A000647,6,Documentation,Operations,2026-06-07,2026-06-10,3,Completed
S0003878,A000647,7,Disbursement,Operations,2026-06-10,2026-06-12,2,Completed
S0003879,A000648,1,Application Received,SME Sales,2024-06-05,2024-06-06,1,Completed
S0003880,A000648,2,Initial Screening,SME Sales,2024-06-06,2024-06-08,2,Completed
S0003881,A000648,3,Credit Assessment,Credit,2024-06-08,2024-06-12,4,Completed
S0003882,A000648,4,Risk Review,Risk,2024-06-12,2024-06-15,3,Completed
S0003883,A000648,5,Approval Committee,Credit,2024-06-15,2024-06-18,3,Completed
S0003884,A000648,6,Documentation,Operations,2024-06-18,2024-06-23,5,Completed
S0003885,A000648,7,Disbursement,Operations,2024-06-23,2024-06-24,1,Completed
S0003886,A000649,1,Application Received,SME Sales,2024-03-15,2024-03-15,0,Completed
S0003887,A000649,2,Initial Screening,SME Sales,2024-03-15,2024-03-18,3,Completed
S0003888,A000649,3,Credit Assessment,Credit,2024-03-18,2024-03-22,4,Completed
S0003889,A000649,4,Risk Review,Risk,2024-03-22,2024-03-24,2,Completed
S0003890,A000649,5,Approval Committee,Credit,2024-03-24,2024-03-27,3,Completed
S0003891,A000649,6,Documentation,Operations,2024-03-27,2024-03-30,3,Completed
S0003892,A000649,7,Disbursement,Operations,2024-03-30,2024-04-01,2,Completed
S0003893,A000650,1,Application Received,SME Sales,2026-02-14,2026-02-14,0,Completed
S0003894,A000650,2,Initial Screening,SME Sales,2026-02-14,2026-02-17,3,Completed
S0003895,A000650,3,Credit Assessment,Credit,2026-02-17,2026-02-20,3,Completed
S0003896,A000650,4,Risk Review,Risk,2026-02-20,2026-02-23,3,Completed
S0003897,A000650,5,Approval Committee,Credit,2026-02-23,2026-02-25,2,Completed
S0003898,A000650,6,Documentation,Operations,2026-02-25,2026-03-01,4,Completed
S0003899,A000650,7,Disbursement,Operations,2026-03-01,2026-03-02,1,Completed
S0003900,A000651,1,Application Received,SME Sales,2024-07-13,2024-07-14,1,Completed
S0003901,A000651,2,Initial Screening,SME Sales,2024-07-14,2024-07-17,3,Completed
S0003902,A000651,3,Credit Assessment,Credit,2024-07-17,2024-07-23,6,Completed
S0003903,A000651,4,Risk Review,Risk,2024-07-23,2024-07-24,1,Completed
S0003904,A000651,5,Approval Committee,Credit,2024-07-24,2024-07-27,3,Completed
S0003905,A000652,1,Application Received,SME Sales,2026-09-08,2026-09-08,0,Completed
S0003906,A000652,2,Initial Screening,SME Sales,2026-09-08,2026-09-09,1,Completed
S0003907,A000652,3,Credit Assessment,Credit,2026-09-09,2026-09-14,5,Completed
S0003908,A000652,4,Risk Review,Risk,2026-09-14,2026-09-18,4,Completed
S0003909,A000652,5,Approval Committee,Credit,2026-09-18,2026-09-20,2,Completed
S0003910,A000652,6,Documentation,Operations,2026-09-20,2026-09-25,5,Completed
S0003911,A000652,7,Disbursement,Operations,2026-09-25,2026-09-26,1,Completed
S0003912,A000653,1,Application Received,SME Sales,2026-07-29,2026-07-29,0,Completed
S0003913,A000653,2,Initial Screening,SME Sales,2026-07-29,2026-07-31,2,Completed
S0003914,A000653,3,Credit Assessment,Credit,2026-07-31,2026-08-06,6,Completed
S0003915,A000653,4,Risk Review,Risk,2026-08-06,2026-08-10,4,Completed
S0003916,A000653,5,Approval Committee,Credit,2026-08-10,2026-08-11,1,Completed
S0003917,A000653,6,Documentation,Operations,2026-08-11,2026-08-16,5,Completed
S0003918,A000653,7,Disbursement,Operations,2026-08-16,2026-08-18,2,Completed
S0003919,A000654,1,Application Received,SME Sales,2026-04-13,2026-04-13,0,Completed
S0003920,A000654,2,Initial Screening,SME Sales,2026-04-13,2026-04-14,1,Completed
S0003921,A000654,3,Credit Assessment,Credit,2026-04-14,2026-04-19,5,Completed
S0003922,A000654,4,Risk Review,Risk,2026-04-19,2026-04-21,2,Completed
S0003923,A000654,5,Approval Committee,Credit,2026-04-21,2026-04-22,1,Completed
S0003924,A000655,1,Application Received,SME Sales,2024-09-11,2024-09-12,1,Completed
S0003925,A000655,2,Initial Screening,SME Sales,2024-09-12,2024-09-14,2,Completed
S0003926,A000655,3,Credit Assessment,Credit,2024-09-14,2024-09-17,3,Completed
S0003927,A000656,1,Application Received,SME Sales,2024-04-30,2024-05-01,1,Completed
S0003928,A000656,2,Initial Screening,SME Sales,2024-05-01,2024-05-02,1,Completed
S0003929,A000656,3,Credit Assessment,Credit,2024-05-02,2024-05-08,6,Completed
S0003930,A000656,4,Risk Review,Risk,2024-05-08,2024-05-10,2,Completed
S0003931,A000656,5,Approval Committee,Credit,2024-05-10,2024-05-13,3,Completed
S0003932,A000656,6,Documentation,Operations,2024-05-13,2024-05-17,4,Completed
S0003933,A000656,7,Disbursement,Operations,2024-05-17,2024-05-19,2,Completed
S0003934,A000657,1,Application Received,SME Sales,2026-02-24,2026-02-25,1,Completed
S0003935,A000657,2,Initial Screening,SME Sales,2026-02-25,2026-02-28,3,Completed
S0003936,A000657,3,Credit Assessment,Credit,2026-02-28,2026-03-02,2,Completed
S0003937,A000657,4,Risk Review,Risk,2026-03-02,2026-03-04,2,Completed
S0003938,A000657,5,Approval Committee,Credit,2026-03-04,2026-03-05,1,Completed
S0003939,A000658,1,Application Received,SME Sales,2024-11-25,2024-11-25,0,Completed
S0003940,A000658,2,Initial Screening,SME Sales,2024-11-25,2024-11-26,1,Completed
S0003941,A000658,3,Credit Assessment,Credit,2024-11-26,2024-12-01,5,Completed
S0003942,A000658,4,Risk Review,Risk,2024-12-01,2024-12-05,4,Completed
S0003943,A000658,5,Approval Committee,Credit,2024-12-05,2024-12-06,1,Completed
S0003944,A000659,1,Application Received,SME Sales,2026-08-12,2026-08-12,0,Completed
S0003945,A000659,2,Initial Screening,SME Sales,2026-08-12,2026-08-14,2,Completed
S0003946,A000659,3,Credit Assessment,Credit,2026-08-14,2026-08-17,3,Completed
S0003947,A000659,4,Risk Review,Risk,2026-08-17,2026-08-20,3,Completed
S0003948,A000659,5,Approval Committee,Credit,2026-08-20,2026-08-22,2,Completed
S0003949,A000659,6,Documentation,Operations,2026-08-22,2026-08-24,2,Completed
S0003950,A000659,7,Disbursement,Operations,2026-08-24,2026-08-25,1,Completed
S0003951,A000660,1,Application Received,SME Sales,2024-02-13,2024-02-14,1,Completed
S0003952,A000660,2,Initial Screening,SME Sales,2024-02-14,2024-02-17,3,Completed
S0003953,A000660,3,Credit Assessment,Credit,2024-02-17,2024-02-23,6,Completed
S0003954,A000660,4,Risk Review,Risk,2024-02-23,2024-02-26,3,Completed
S0003955,A000660,5,Approval Committee,Credit,2024-02-26,2024-02-28,2,Completed
S0003956,A000660,6,Documentation,Operations,2024-02-28,2024-03-04,5,Completed
S0003957,A000660,7,Disbursement,Operations,2024-03-04,2024-03-05,1,Completed
S0003958,A000661,1,Application Received,SME Sales,2026-05-26,2026-05-26,0,Completed
S0003959,A000661,2,Initial Screening,SME Sales,2026-05-26,2026-05-28,2,Completed
S0003960,A000661,3,Credit Assessment,Credit,2026-05-28,2026-06-02,5,Completed
S0003961,A000661,4,Risk Review,Risk,2026-06-02,2026-06-05,3,Completed
S0003962,A000662,1,Application Received,SME Sales,2025-11-02,2025-11-02,0,Completed
S0003963,A000662,2,Initial Screening,SME Sales,2025-11-02,2025-11-05,3,Completed
S0003964,A000662,3,Credit Assessment,Credit,2025-11-05,2025-11-08,3,Completed
S0003965,A000662,4,Risk Review,Risk,2025-11-08,2025-11-10,2,Completed
S0003966,A000662,5,Approval Committee,Credit,2025-11-10,2025-11-11,1,Completed
S0003967,A000662,6,Documentation,Operations,2025-11-11,2025-11-14,3,Completed
S0003968,A000662,7,Disbursement,Operations,2025-11-14,2025-11-15,1,Completed
S0003969,A000663,1,Application Received,SME Sales,2024-10-12,2024-10-13,1,Completed
S0003970,A000663,2,Initial Screening,SME Sales,2024-10-13,2024-10-16,3,Completed
S0003971,A000663,3,Credit Assessment,Credit,2024-10-16,2024-10-21,5,Completed
S0003972,A000663,4,Risk Review,Risk,2024-10-21,2024-10-25,4,Completed
S0003973,A000663,5,Approval Committee,Credit,2024-10-25,2024-10-28,3,Completed
S0003974,A000664,1,Application Received,SME Sales,2026-02-02,2026-02-02,0,Completed
S0003975,A000664,2,Initial Screening,SME Sales,2026-02-02,2026-02-04,2,Completed
S0003976,A000664,3,Credit Assessment,Credit,2026-02-04,2026-02-12,8,Completed
S0003977,A000664,4,Risk Review,Risk,2026-02-12,2026-02-16,4,Completed
S0003978,A000664,5,Approval Committee,Credit,2026-02-16,2026-02-19,3,Completed
S0003979,A000664,6,Documentation,Operations,2026-02-19,2026-02-23,4,Completed
S0003980,A000664,7,Disbursement,Operations,2026-02-23,2026-02-25,2,Completed
S0003981,A000665,1,Application Received,SME Sales,2025-08-13,2025-08-13,0,Completed
S0003982,A000665,2,Initial Screening,SME Sales,2025-08-13,2025-08-14,1,Completed
S0003983,A000665,3,Credit Assessment,Credit,2025-08-14,2025-08-16,2,Completed
S0003984,A000665,4,Risk Review,Risk,2025-08-16,2025-08-17,1,Completed
S0003985,A000665,5,Approval Committee,Credit,2025-08-17,2025-08-20,3,Completed
S0003986,A000666,1,Application Received,SME Sales,2026-07-17,2026-07-17,0,Completed
S0003987,A000666,2,Initial Screening,SME Sales,2026-07-17,2026-07-19,2,Completed
S0003988,A000666,3,Credit Assessment,Credit,2026-07-19,2026-07-24,5,Completed
S0003989,A000666,4,Risk Review,Risk,2026-07-24,2026-07-26,2,Completed
S0003990,A000666,5,Approval Committee,Credit,2026-07-26,2026-07-29,3,Completed
S0003991,A000666,6,Documentation,Operations,2026-07-29,2026-08-02,4,Completed
S0003992,A000666,7,Disbursement,Operations,2026-08-02,2026-08-03,1,Completed
S0003993,A000667,1,Application Received,SME Sales,2025-03-15,2025-03-16,1,Completed
S0003994,A000667,2,Initial Screening,SME Sales,2025-03-16,2025-03-19,3,Completed
S0003995,A000667,3,Credit Assessment,Credit,2025-03-19,2025-03-22,3,Completed
S0003996,A000667,4,Risk Review,Risk,2025-03-22,2025-03-26,4,Completed
S0003997,A000667,5,Approval Committee,Credit,2025-03-26,2025-03-27,1,Completed
S0003998,A000667,6,Documentation,Operations,2025-03-27,2025-03-29,2,Completed
S0003999,A000667,7,Disbursement,Operations,2025-03-29,2025-03-31,2,Completed
S0004000,A000668,1,Application Received,SME Sales,2024-01-24,2024-01-25,1,Completed
S0004001,A000668,2,Initial Screening,SME Sales,2024-01-25,2024-01-28,3,Completed
S0004002,A000668,3,Credit Assessment,Credit,2024-01-28,2024-02-02,5,Completed
S0004003,A000668,4,Risk Review,Risk,2024-02-02,2024-02-05,3,Completed
S0004004,A000668,5,Approval Committee,Credit,2024-02-05,2024-02-08,3,Completed
S0004005,A000668,6,Documentation,Operations,2024-02-08,2024-02-11,3,Completed
S0004006,A000668,7,Disbursement,Operations,2024-02-11,2024-02-12,1,Completed
S0004007,A000669,1,Application Received,SME Sales,2024-02-12,2024-02-13,1,Completed
S0004008,A000669,2,Initial Screening,SME Sales,2024-02-13,2024-02-14,1,Completed
S0004009,A000669,3,Credit Assessment,Credit,2024-02-14,2024-02-17,3,Completed
S0004010,A000669,4,Risk Review,Risk,2024-02-17,2024-02-20,3,Completed
S0004011,A000669,5,Approval Committee,Credit,2024-02-20,2024-02-21,1,Completed
S0004012,A000669,6,Documentation,Operations,2024-02-21,2024-02-24,3,Completed
S0004013,A000669,7,Disbursement,Operations,2024-02-24,2024-02-25,1,Completed
S0004014,A000670,1,Application Received,SME Sales,2024-10-19,2024-10-20,1,Completed
S0004015,A000670,2,Initial Screening,SME Sales,2024-10-20,2024-10-21,1,Completed
S0004016,A000670,3,Credit Assessment,Credit,2024-10-21,2024-10-27,6,Completed
S0004017,A000671,1,Application Received,SME Sales,2024-12-24,2024-12-25,1,Completed
S0004018,A000671,2,Initial Screening,SME Sales,2024-12-25,2024-12-27,2,Completed
S0004019,A000671,3,Credit Assessment,Credit,2024-12-27,2024-12-30,3,Completed
S0004020,A000671,4,Risk Review,Risk,2024-12-30,2025-01-03,4,Completed
S0004021,A000671,5,Approval Committee,Credit,2025-01-03,2025-01-05,2,Completed
S0004022,A000671,6,Documentation,Operations,2025-01-05,2025-01-09,4,Completed
S0004023,A000671,7,Disbursement,Operations,2025-01-09,2025-01-11,2,Completed
S0004024,A000672,1,Application Received,SME Sales,2025-12-17,2025-12-18,1,Completed
S0004025,A000672,2,Initial Screening,SME Sales,2025-12-18,2025-12-21,3,Completed
S0004026,A000672,3,Credit Assessment,Credit,2025-12-21,2025-12-26,5,Completed
S0004027,A000672,4,Risk Review,Risk,2025-12-26,2025-12-28,2,Completed
S0004028,A000672,5,Approval Committee,Credit,2025-12-28,2025-12-29,1,Completed
S0004029,A000672,6,Documentation,Operations,2025-12-29,2026-01-02,4,Completed
S0004030,A000672,7,Disbursement,Operations,2026-01-02,2026-01-03,1,Completed
S0004031,A000673,1,Application Received,SME Sales,2025-02-19,2025-02-19,0,Completed
S0004032,A000673,2,Initial Screening,SME Sales,2025-02-19,2025-02-20,1,Completed
S0004033,A000673,3,Credit Assessment,Credit,2025-02-20,2025-02-24,4,Completed
S0004034,A000673,4,Risk Review,Risk,2025-02-24,2025-02-27,3,Completed
S0004035,A000673,5,Approval Committee,Credit,2025-02-27,2025-03-01,2,Completed
S0004036,A000673,6,Documentation,Operations,2025-03-01,2025-03-03,2,Completed
S0004037,A000673,7,Disbursement,Operations,2025-03-03,2025-03-04,1,Completed
S0004038,A000674,1,Application Received,SME Sales,2026-04-08,2026-04-09,1,Completed
S0004039,A000674,2,Initial Screening,SME Sales,2026-04-09,2026-04-10,1,Completed
S0004040,A000674,3,Credit Assessment,Credit,2026-04-10,2026-04-16,6,Completed
S0004041,A000674,4,Risk Review,Risk,2026-04-16,2026-04-18,2,Completed
S0004042,A000674,5,Approval Committee,Credit,2026-04-18,2026-04-21,3,Completed
S0004043,A000674,6,Documentation,Operations,2026-04-21,2026-04-26,5,Completed
S0004044,A000674,7,Disbursement,Operations,2026-04-26,2026-04-28,2,Completed
S0004045,A000675,1,Application Received,SME Sales,2025-01-19,2025-01-20,1,Completed
S0004046,A000675,2,Initial Screening,SME Sales,2025-01-20,2025-01-21,1,Completed
S0004047,A000675,3,Credit Assessment,Credit,2025-01-21,2025-01-26,5,Completed
S0004048,A000675,4,Risk Review,Risk,2025-01-26,2025-01-29,3,Completed
S0004049,A000675,5,Approval Committee,Credit,2025-01-29,2025-01-31,2,Completed
S0004050,A000675,6,Documentation,Operations,2025-01-31,2025-02-04,4,Completed
S0004051,A000675,7,Disbursement,Operations,2025-02-04,2025-02-05,1,Completed
S0004052,A000676,1,Application Received,SME Sales,2026-08-12,2026-08-13,1,Completed
S0004053,A000676,2,Initial Screening,SME Sales,2026-08-13,2026-08-16,3,Completed
S0004054,A000676,3,Credit Assessment,Credit,2026-08-16,2026-08-22,6,Completed
S0004055,A000676,4,Risk Review,Risk,2026-08-22,2026-08-25,3,Completed
S0004056,A000676,5,Approval Committee,Credit,2026-08-25,2026-08-27,2,Completed
S0004057,A000676,6,Documentation,Operations,2026-08-27,2026-09-01,5,Completed
S0004058,A000676,7,Disbursement,Operations,2026-09-01,2026-09-02,1,Completed
S0004059,A000677,1,Application Received,SME Sales,2025-12-31,2025-12-31,0,Completed
S0004060,A000677,2,Initial Screening,SME Sales,2025-12-31,2026-01-03,3,Completed
S0004061,A000677,3,Credit Assessment,Credit,2026-01-03,2026-01-09,6,Completed
S0004062,A000677,4,Risk Review,Risk,2026-01-09,2026-01-11,2,Completed
S0004063,A000677,5,Approval Committee,Credit,2026-01-11,2026-01-14,3,Completed
S0004064,A000678,1,Application Received,SME Sales,2026-03-31,2026-04-01,1,Completed
S0004065,A000678,2,Initial Screening,SME Sales,2026-04-01,2026-04-02,1,Completed
S0004066,A000678,3,Credit Assessment,Credit,2026-04-02,2026-04-05,3,Completed
S0004067,A000678,4,Risk Review,Risk,2026-04-05,2026-04-06,1,Completed
S0004068,A000678,5,Approval Committee,Credit,2026-04-06,2026-04-07,1,Completed
S0004069,A000678,6,Documentation,Operations,2026-04-07,2026-04-11,4,Completed
S0004070,A000678,7,Disbursement,Operations,2026-04-11,2026-04-13,2,Completed
S0004071,A000679,1,Application Received,SME Sales,2025-09-10,2025-09-11,1,Completed
S0004072,A000679,2,Initial Screening,SME Sales,2025-09-11,2025-09-12,1,Completed
S0004073,A000679,3,Credit Assessment,Credit,2025-09-12,2025-09-17,5,Completed
S0004074,A000679,4,Risk Review,Risk,2025-09-17,2025-09-21,4,Completed
S0004075,A000679,5,Approval Committee,Credit,2025-09-21,2025-09-24,3,Completed
S0004076,A000679,6,Documentation,Operations,2025-09-24,2025-09-28,4,Completed
S0004077,A000679,7,Disbursement,Operations,2025-09-28,2025-09-30,2,Completed
S0004078,A000680,1,Application Received,SME Sales,2026-08-15,2026-08-16,1,Completed
S0004079,A000680,2,Initial Screening,SME Sales,2026-08-16,2026-08-19,3,Completed
S0004080,A000680,3,Credit Assessment,Credit,2026-08-19,2026-08-24,5,Completed
S0004081,A000680,4,Risk Review,Risk,2026-08-24,2026-08-25,1,Completed
S0004082,A000680,5,Approval Committee,Credit,2026-08-25,2026-08-28,3,Completed
S0004083,A000681,1,Application Received,SME Sales,2024-02-17,2024-02-18,1,Completed
S0004084,A000681,2,Initial Screening,SME Sales,2024-02-18,2024-02-19,1,Completed
S0004085,A000681,3,Credit Assessment,Credit,2024-02-19,2024-02-24,5,Completed
S0004086,A000681,4,Risk Review,Risk,2024-02-24,2024-02-25,1,Completed
S0004087,A000681,5,Approval Committee,Credit,2024-02-25,2024-02-26,1,Completed
S0004088,A000682,1,Application Received,SME Sales,2026-09-11,2026-09-12,1,Completed
S0004089,A000682,2,Initial Screening,SME Sales,2026-09-12,2026-09-15,3,Completed
S0004090,A000682,3,Credit Assessment,Credit,2026-09-15,2026-09-19,4,Completed
S0004091,A000682,4,Risk Review,Risk,2026-09-19,2026-09-22,3,Completed
S0004092,A000682,5,Approval Committee,Credit,2026-09-22,2026-09-25,3,Completed
S0004093,A000682,6,Documentation,Operations,2026-09-25,2026-09-28,3,Completed
S0004094,A000682,7,Disbursement,Operations,2026-09-28,2026-09-29,1,Completed
S0004095,A000683,1,Application Received,SME Sales,2024-02-28,2024-02-28,0,Completed
S0004096,A000683,2,Initial Screening,SME Sales,2024-02-28,2024-03-02,3,Completed
S0004097,A000683,3,Credit Assessment,Credit,2024-03-02,2024-03-08,6,Completed
S0004098,A000683,4,Risk Review,Risk,2024-03-08,2024-03-11,3,Completed
S0004099,A000683,5,Approval Committee,Credit,2024-03-11,2024-03-14,3,Completed
S0004100,A000683,6,Documentation,Operations,2024-03-14,2024-03-19,5,Completed
S0004101,A000683,7,Disbursement,Operations,2024-03-19,2024-03-20,1,Completed
S0004102,A000684,1,Application Received,SME Sales,2024-07-07,2024-07-08,1,Completed
S0004103,A000684,2,Initial Screening,SME Sales,2024-07-08,2024-07-11,3,Completed
S0004104,A000684,3,Credit Assessment,Credit,2024-07-11,2024-07-13,2,Completed
S0004105,A000685,1,Application Received,SME Sales,2025-02-15,2025-02-15,0,Completed
S0004106,A000685,2,Initial Screening,SME Sales,2025-02-15,2025-02-18,3,Completed
S0004107,A000685,3,Credit Assessment,Credit,2025-02-18,2025-02-24,6,Completed
S0004108,A000685,4,Risk Review,Risk,2025-02-24,2025-02-26,2,Completed
S0004109,A000685,5,Approval Committee,Credit,2025-02-26,2025-02-28,2,Completed
S0004110,A000685,6,Documentation,Operations,2025-02-28,2025-03-05,5,Completed
S0004111,A000685,7,Disbursement,Operations,2025-03-05,2025-03-07,2,Completed
S0004112,A000686,1,Application Received,SME Sales,2024-10-21,2024-10-22,1,Completed
S0004113,A000686,2,Initial Screening,SME Sales,2024-10-22,2024-10-25,3,Completed
S0004114,A000686,3,Credit Assessment,Credit,2024-10-25,2024-10-28,3,Completed
S0004115,A000687,1,Application Received,SME Sales,2025-03-14,2025-03-15,1,Completed
S0004116,A000687,2,Initial Screening,SME Sales,2025-03-15,2025-03-17,2,Completed
S0004117,A000687,3,Credit Assessment,Credit,2025-03-17,2025-03-23,6,Completed
S0004118,A000687,4,Risk Review,Risk,2025-03-23,2025-03-27,4,Completed
S0004119,A000687,5,Approval Committee,Credit,2025-03-27,2025-03-30,3,Completed
S0004120,A000688,1,Application Received,SME Sales,2026-03-23,2026-03-23,0,Completed
S0004121,A000688,2,Initial Screening,SME Sales,2026-03-23,2026-03-26,3,Completed
S0004122,A000688,3,Credit Assessment,Credit,2026-03-26,2026-03-31,5,Completed
S0004123,A000688,4,Risk Review,Risk,2026-03-31,2026-04-02,2,Completed
S0004124,A000689,1,Application Received,SME Sales,2025-12-16,2025-12-16,0,Completed
S0004125,A000689,2,Initial Screening,SME Sales,2025-12-16,2025-12-17,1,Completed
S0004126,A000689,3,Credit Assessment,Credit,2025-12-17,2025-12-23,6,Completed
S0004127,A000690,1,Application Received,SME Sales,2024-01-15,2024-01-15,0,Completed
S0004128,A000690,2,Initial Screening,SME Sales,2024-01-15,2024-01-16,1,Completed
S0004129,A000690,3,Credit Assessment,Credit,2024-01-16,2024-01-18,2,Completed
S0004130,A000690,4,Risk Review,Risk,2024-01-18,2024-01-19,1,Completed
S0004131,A000690,5,Approval Committee,Credit,2024-01-19,2024-01-22,3,Completed
S0004132,A000690,6,Documentation,Operations,2024-01-22,2024-01-26,4,Completed
S0004133,A000690,7,Disbursement,Operations,2024-01-26,2024-01-27,1,Completed
S0004134,A000691,1,Application Received,SME Sales,2024-04-13,2024-04-14,1,Completed
S0004135,A000691,2,Initial Screening,SME Sales,2024-04-14,2024-04-17,3,Completed
S0004136,A000691,3,Credit Assessment,Credit,2024-04-17,2024-04-25,8,Completed
S0004137,A000691,4,Risk Review,Risk,2024-04-25,2024-04-26,1,Completed
S0004138,A000691,5,Approval Committee,Credit,2024-04-26,2024-04-28,2,Completed
S0004139,A000691,6,Documentation,Operations,2024-04-28,2024-05-01,3,Completed
S0004140,A000691,7,Disbursement,Operations,2024-05-01,2024-05-03,2,Completed
S0004141,A000692,1,Application Received,SME Sales,2025-12-17,2025-12-18,1,Completed
S0004142,A000692,2,Initial Screening,SME Sales,2025-12-18,2025-12-20,2,Completed
S0004143,A000692,3,Credit Assessment,Credit,2025-12-20,2025-12-27,7,Completed
S0004144,A000693,1,Application Received,SME Sales,2026-08-09,2026-08-10,1,Completed
S0004145,A000693,2,Initial Screening,SME Sales,2026-08-10,2026-08-11,1,Completed
S0004146,A000693,3,Credit Assessment,Credit,2026-08-11,2026-08-15,4,Completed
S0004147,A000693,4,Risk Review,Risk,2026-08-15,2026-08-16,1,Completed
S0004148,A000693,5,Approval Committee,Credit,2026-08-16,2026-08-19,3,Completed
S0004149,A000693,6,Documentation,Operations,2026-08-19,2026-08-24,5,Completed
S0004150,A000693,7,Disbursement,Operations,2026-08-24,2026-08-26,2,Completed
S0004151,A000694,1,Application Received,SME Sales,2025-11-04,2025-11-04,0,Completed
S0004152,A000694,2,Initial Screening,SME Sales,2025-11-04,2025-11-07,3,Completed
S0004153,A000694,3,Credit Assessment,Credit,2025-11-07,2025-11-12,5,Completed
S0004154,A000694,4,Risk Review,Risk,2025-11-12,2025-11-13,1,Completed
S0004155,A000694,5,Approval Committee,Credit,2025-11-13,2025-11-14,1,Completed
S0004156,A000694,6,Documentation,Operations,2025-11-14,2025-11-18,4,Completed
S0004157,A000694,7,Disbursement,Operations,2025-11-18,2025-11-20,2,Completed
S0004158,A000695,1,Application Received,SME Sales,2025-08-11,2025-08-12,1,Completed
S0004159,A000695,2,Initial Screening,SME Sales,2025-08-12,2025-08-13,1,Completed
S0004160,A000695,3,Credit Assessment,Credit,2025-08-13,2025-08-17,4,Completed
S0004161,A000695,4,Risk Review,Risk,2025-08-17,2025-08-19,2,Completed
S0004162,A000695,5,Approval Committee,Credit,2025-08-19,2025-08-22,3,Completed
S0004163,A000695,6,Documentation,Operations,2025-08-22,2025-08-25,3,Completed
S0004164,A000695,7,Disbursement,Operations,2025-08-25,2025-08-27,2,Completed
S0004165,A000696,1,Application Received,SME Sales,2026-05-26,2026-05-27,1,Completed
S0004166,A000696,2,Initial Screening,SME Sales,2026-05-27,2026-05-30,3,Completed
S0004167,A000696,3,Credit Assessment,Credit,2026-05-30,2026-06-05,6,Completed
S0004168,A000696,4,Risk Review,Risk,2026-06-05,2026-06-09,4,Completed
S0004169,A000696,5,Approval Committee,Credit,2026-06-09,2026-06-11,2,Completed
S0004170,A000696,6,Documentation,Operations,2026-06-11,2026-06-15,4,Completed
S0004171,A000696,7,Disbursement,Operations,2026-06-15,2026-06-16,1,Completed
S0004172,A000697,1,Application Received,SME Sales,2024-12-30,2024-12-31,1,Completed
S0004173,A000697,2,Initial Screening,SME Sales,2024-12-31,2025-01-03,3,Completed
S0004174,A000697,3,Credit Assessment,Credit,2025-01-03,2025-01-07,4,Completed
S0004175,A000697,4,Risk Review,Risk,2025-01-07,2025-01-10,3,Completed
S0004176,A000697,5,Approval Committee,Credit,2025-01-10,2025-01-11,1,Completed
S0004177,A000698,1,Application Received,SME Sales,2024-06-25,2024-06-25,0,Completed
S0004178,A000698,2,Initial Screening,SME Sales,2024-06-25,2024-06-28,3,Completed
S0004179,A000698,3,Credit Assessment,Credit,2024-06-28,2024-07-04,6,Completed
S0004180,A000698,4,Risk Review,Risk,2024-07-04,2024-07-07,3,Completed
S0004181,A000699,1,Application Received,SME Sales,2025-02-28,2025-02-28,0,Completed
S0004182,A000699,2,Initial Screening,SME Sales,2025-02-28,2025-03-01,1,Completed
S0004183,A000699,3,Credit Assessment,Credit,2025-03-01,2025-03-06,5,Completed
S0004184,A000699,4,Risk Review,Risk,2025-03-06,2025-03-08,2,Completed
S0004185,A000699,5,Approval Committee,Credit,2025-03-08,2025-03-09,1,Completed
S0004186,A000699,6,Documentation,Operations,2025-03-09,2025-03-13,4,Completed
S0004187,A000699,7,Disbursement,Operations,2025-03-13,2025-03-14,1,Completed
S0004188,A000700,1,Application Received,SME Sales,2025-02-20,2025-02-21,1,Completed
S0004189,A000700,2,Initial Screening,SME Sales,2025-02-21,2025-02-23,2,Completed
S0004190,A000700,3,Credit Assessment,Credit,2025-02-23,2025-02-27,4,Completed
S0004191,A000700,4,Risk Review,Risk,2025-02-27,2025-03-03,4,Completed
S0004192,A000700,5,Approval Committee,Credit,2025-03-03,2025-03-06,3,Completed
S0004193,A000700,6,Documentation,Operations,2025-03-06,2025-03-11,5,Completed
S0004194,A000700,7,Disbursement,Operations,2025-03-11,2025-03-13,2,Completed
S0004195,A000701,1,Application Received,SME Sales,2024-11-01,2024-11-02,1,Completed
S0004196,A000701,2,Initial Screening,SME Sales,2024-11-02,2024-11-03,1,Completed
S0004197,A000701,3,Credit Assessment,Credit,2024-11-03,2024-11-07,4,Completed
S0004198,A000701,4,Risk Review,Risk,2024-11-07,2024-11-09,2,Completed
S0004199,A000701,5,Approval Committee,Credit,2024-11-09,2024-11-11,2,Completed
S0004200,A000701,6,Documentation,Operations,2024-11-11,2024-11-15,4,Completed
S0004201,A000701,7,Disbursement,Operations,2024-11-15,2024-11-17,2,Completed
S0004202,A000702,1,Application Received,SME Sales,2026-03-06,2026-03-07,1,Completed
S0004203,A000702,2,Initial Screening,SME Sales,2026-03-07,2026-03-08,1,Completed
S0004204,A000702,3,Credit Assessment,Credit,2026-03-08,2026-03-11,3,Completed
S0004205,A000702,4,Risk Review,Risk,2026-03-11,2026-03-12,1,Completed
S0004206,A000702,5,Approval Committee,Credit,2026-03-12,2026-03-13,1,Completed
S0004207,A000702,6,Documentation,Operations,2026-03-13,2026-03-17,4,Completed
S0004208,A000702,7,Disbursement,Operations,2026-03-17,2026-03-19,2,Completed
S0004209,A000703,1,Application Received,SME Sales,2024-10-06,2024-10-06,0,Completed
S0004210,A000703,2,Initial Screening,SME Sales,2024-10-06,2024-10-08,2,Completed
S0004211,A000703,3,Credit Assessment,Credit,2024-10-08,2024-10-10,2,Completed
S0004212,A000703,4,Risk Review,Risk,2024-10-10,2024-10-14,4,Completed
S0004213,A000703,5,Approval Committee,Credit,2024-10-14,2024-10-16,2,Completed
S0004214,A000703,6,Documentation,Operations,2024-10-16,2024-10-18,2,Completed
S0004215,A000703,7,Disbursement,Operations,2024-10-18,2024-10-19,1,Completed
S0004216,A000704,1,Application Received,SME Sales,2025-06-05,2025-06-05,0,Completed
S0004217,A000704,2,Initial Screening,SME Sales,2025-06-05,2025-06-07,2,Completed
S0004218,A000704,3,Credit Assessment,Credit,2025-06-07,2025-06-09,2,Completed
S0004219,A000704,4,Risk Review,Risk,2025-06-09,2025-06-10,1,Completed
S0004220,A000704,5,Approval Committee,Credit,2025-06-10,2025-06-12,2,Completed
S0004221,A000705,1,Application Received,SME Sales,2026-01-04,2026-01-05,1,Completed
S0004222,A000705,2,Initial Screening,SME Sales,2026-01-05,2026-01-07,2,Completed
S0004223,A000705,3,Credit Assessment,Credit,2026-01-07,2026-01-15,8,Completed
S0004224,A000705,4,Risk Review,Risk,2026-01-15,2026-01-19,4,Completed
S0004225,A000705,5,Approval Committee,Credit,2026-01-19,2026-01-22,3,Completed
S0004226,A000705,6,Documentation,Operations,2026-01-22,2026-01-27,5,Completed
S0004227,A000705,7,Disbursement,Operations,2026-01-27,2026-01-29,2,Completed
S0004228,A000706,1,Application Received,SME Sales,2026-06-10,2026-06-11,1,Completed
S0004229,A000706,2,Initial Screening,SME Sales,2026-06-11,2026-06-12,1,Completed
S0004230,A000706,3,Credit Assessment,Credit,2026-06-12,2026-06-14,2,Completed
S0004231,A000706,4,Risk Review,Risk,2026-06-14,2026-06-18,4,Completed
S0004232,A000706,5,Approval Committee,Credit,2026-06-18,2026-06-19,1,Completed
S0004233,A000706,6,Documentation,Operations,2026-06-19,2026-06-22,3,Completed
S0004234,A000706,7,Disbursement,Operations,2026-06-22,2026-06-24,2,Completed
S0004235,A000707,1,Application Received,SME Sales,2024-03-09,2024-03-09,0,Completed
S0004236,A000707,2,Initial Screening,SME Sales,2024-03-09,2024-03-11,2,Completed
S0004237,A000707,3,Credit Assessment,Credit,2024-03-11,2024-03-18,7,Completed
S0004238,A000707,4,Risk Review,Risk,2024-03-18,2024-03-20,2,Completed
S0004239,A000707,5,Approval Committee,Credit,2024-03-20,2024-03-23,3,Completed
S0004240,A000707,6,Documentation,Operations,2024-03-23,2024-03-25,2,Completed
S0004241,A000707,7,Disbursement,Operations,2024-03-25,2024-03-26,1,Completed
S0004242,A000708,1,Application Received,SME Sales,2026-04-05,2026-04-06,1,Completed
S0004243,A000708,2,Initial Screening,SME Sales,2026-04-06,2026-04-07,1,Completed
S0004244,A000708,3,Credit Assessment,Credit,2026-04-07,2026-04-12,5,Completed
S0004245,A000709,1,Application Received,SME Sales,2026-02-13,2026-02-14,1,Completed
S0004246,A000709,2,Initial Screening,SME Sales,2026-02-14,2026-02-17,3,Completed
S0004247,A000709,3,Credit Assessment,Credit,2026-02-17,2026-02-20,3,Completed
S0004248,A000709,4,Risk Review,Risk,2026-02-20,2026-02-23,3,Completed
S0004249,A000709,5,Approval Committee,Credit,2026-02-23,2026-02-25,2,Completed
S0004250,A000709,6,Documentation,Operations,2026-02-25,2026-03-02,5,Completed
S0004251,A000709,7,Disbursement,Operations,2026-03-02,2026-03-04,2,Completed
S0004252,A000710,1,Application Received,SME Sales,2026-04-11,2026-04-12,1,Completed
S0004253,A000710,2,Initial Screening,SME Sales,2026-04-12,2026-04-13,1,Completed
S0004254,A000710,3,Credit Assessment,Credit,2026-04-13,2026-04-20,7,Completed
S0004255,A000710,4,Risk Review,Risk,2026-04-20,2026-04-21,1,Completed
S0004256,A000710,5,Approval Committee,Credit,2026-04-21,2026-04-23,2,Completed
S0004257,A000710,6,Documentation,Operations,2026-04-23,2026-04-25,2,Completed
S0004258,A000710,7,Disbursement,Operations,2026-04-25,2026-04-26,1,Completed
S0004259,A000711,1,Application Received,SME Sales,2026-08-08,2026-08-09,1,Completed
S0004260,A000711,2,Initial Screening,SME Sales,2026-08-09,2026-08-10,1,Completed
S0004261,A000711,3,Credit Assessment,Credit,2026-08-10,2026-08-16,6,Completed
S0004262,A000711,4,Risk Review,Risk,2026-08-16,2026-08-18,2,Completed
S0004263,A000711,5,Approval Committee,Credit,2026-08-18,2026-08-21,3,Completed
S0004264,A000712,1,Application Received,SME Sales,2026-04-12,2026-04-13,1,Completed
S0004265,A000712,2,Initial Screening,SME Sales,2026-04-13,2026-04-15,2,Completed
S0004266,A000712,3,Credit Assessment,Credit,2026-04-15,2026-04-22,7,Completed
S0004267,A000712,4,Risk Review,Risk,2026-04-22,2026-04-26,4,Completed
S0004268,A000713,1,Application Received,SME Sales,2025-08-17,2025-08-17,0,Completed
S0004269,A000713,2,Initial Screening,SME Sales,2025-08-17,2025-08-18,1,Completed
S0004270,A000713,3,Credit Assessment,Credit,2025-08-18,2025-08-23,5,Completed
S0004271,A000713,4,Risk Review,Risk,2025-08-23,2025-08-24,1,Completed
S0004272,A000713,5,Approval Committee,Credit,2025-08-24,2025-08-26,2,Completed
S0004273,A000713,6,Documentation,Operations,2025-08-26,2025-08-29,3,Completed
S0004274,A000713,7,Disbursement,Operations,2025-08-29,2025-08-31,2,Completed
S0004275,A000714,1,Application Received,SME Sales,2026-02-05,2026-02-05,0,Completed
S0004276,A000714,2,Initial Screening,SME Sales,2026-02-05,2026-02-06,1,Completed
S0004277,A000714,3,Credit Assessment,Credit,2026-02-06,2026-02-14,8,Completed
S0004278,A000714,4,Risk Review,Risk,2026-02-14,2026-02-16,2,Completed
S0004279,A000714,5,Approval Committee,Credit,2026-02-16,2026-02-18,2,Completed
S0004280,A000715,1,Application Received,SME Sales,2025-07-17,2025-07-18,1,Completed
S0004281,A000715,2,Initial Screening,SME Sales,2025-07-18,2025-07-20,2,Completed
S0004282,A000715,3,Credit Assessment,Credit,2025-07-20,2025-07-24,4,Completed
S0004283,A000715,4,Risk Review,Risk,2025-07-24,2025-07-27,3,Completed
S0004284,A000715,5,Approval Committee,Credit,2025-07-27,2025-07-28,1,Completed
S0004285,A000715,6,Documentation,Operations,2025-07-28,2025-07-30,2,Completed
S0004286,A000715,7,Disbursement,Operations,2025-07-30,2025-08-01,2,Completed
S0004287,A000716,1,Application Received,SME Sales,2026-08-16,2026-08-17,1,Completed
S0004288,A000716,2,Initial Screening,SME Sales,2026-08-17,2026-08-19,2,Completed
S0004289,A000716,3,Credit Assessment,Credit,2026-08-19,2026-08-24,5,Completed
S0004290,A000717,1,Application Received,SME Sales,2024-05-17,2024-05-17,0,Completed
S0004291,A000717,2,Initial Screening,SME Sales,2024-05-17,2024-05-18,1,Completed
S0004292,A000717,3,Credit Assessment,Credit,2024-05-18,2024-05-20,2,Completed
S0004293,A000717,4,Risk Review,Risk,2024-05-20,2024-05-24,4,Completed
S0004294,A000717,5,Approval Committee,Credit,2024-05-24,2024-05-25,1,Completed
S0004295,A000717,6,Documentation,Operations,2024-05-25,2024-05-30,5,Completed
S0004296,A000717,7,Disbursement,Operations,2024-05-30,2024-05-31,1,Completed
S0004297,A000718,1,Application Received,SME Sales,2024-05-30,2024-05-30,0,Completed
S0004298,A000718,2,Initial Screening,SME Sales,2024-05-30,2024-05-31,1,Completed
S0004299,A000718,3,Credit Assessment,Credit,2024-05-31,2024-06-04,4,Completed
S0004300,A000718,4,Risk Review,Risk,2024-06-04,2024-06-05,1,Completed
S0004301,A000718,5,Approval Committee,Credit,2024-06-05,2024-06-07,2,Completed
S0004302,A000718,6,Documentation,Operations,2024-06-07,2024-06-11,4,Completed
S0004303,A000718,7,Disbursement,Operations,2024-06-11,2024-06-12,1,Completed
S0004304,A000719,1,Application Received,SME Sales,2024-11-19,2024-11-20,1,Completed
S0004305,A000719,2,Initial Screening,SME Sales,2024-11-20,2024-11-23,3,Completed
S0004306,A000719,3,Credit Assessment,Credit,2024-11-23,2024-12-01,8,Completed
S0004307,A000719,4,Risk Review,Risk,2024-12-01,2024-12-02,1,Completed
S0004308,A000719,5,Approval Committee,Credit,2024-12-02,2024-12-04,2,Completed
S0004309,A000719,6,Documentation,Operations,2024-12-04,2024-12-06,2,Completed
S0004310,A000719,7,Disbursement,Operations,2024-12-06,2024-12-07,1,Completed
S0004311,A000720,1,Application Received,SME Sales,2026-01-27,2026-01-28,1,Completed
S0004312,A000720,2,Initial Screening,SME Sales,2026-01-28,2026-01-29,1,Completed
S0004313,A000720,3,Credit Assessment,Credit,2026-01-29,2026-02-03,5,Completed
S0004314,A000721,1,Application Received,SME Sales,2025-10-21,2025-10-21,0,Completed
S0004315,A000721,2,Initial Screening,SME Sales,2025-10-21,2025-10-24,3,Completed
S0004316,A000721,3,Credit Assessment,Credit,2025-10-24,2025-10-31,7,Completed
S0004317,A000721,4,Risk Review,Risk,2025-10-31,2025-11-02,2,Completed
S0004318,A000721,5,Approval Committee,Credit,2025-11-02,2025-11-04,2,Completed
S0004319,A000721,6,Documentation,Operations,2025-11-04,2025-11-07,3,Completed
S0004320,A000721,7,Disbursement,Operations,2025-11-07,2025-11-09,2,Completed
S0004321,A000722,1,Application Received,SME Sales,2024-11-14,2024-11-15,1,Completed
S0004322,A000722,2,Initial Screening,SME Sales,2024-11-15,2024-11-17,2,Completed
S0004323,A000722,3,Credit Assessment,Credit,2024-11-17,2024-11-24,7,Completed
S0004324,A000722,4,Risk Review,Risk,2024-11-24,2024-11-25,1,Completed
S0004325,A000722,5,Approval Committee,Credit,2024-11-25,2024-11-27,2,Completed
S0004326,A000723,1,Application Received,SME Sales,2025-10-04,2025-10-05,1,Completed
S0004327,A000723,2,Initial Screening,SME Sales,2025-10-05,2025-10-08,3,Completed
S0004328,A000723,3,Credit Assessment,Credit,2025-10-08,2025-10-17,9,Completed
S0004329,A000723,4,Risk Review,Risk,2025-10-17,2025-10-18,1,Completed
S0004330,A000724,1,Application Received,SME Sales,2025-10-04,2025-10-05,1,Completed
S0004331,A000724,2,Initial Screening,SME Sales,2025-10-05,2025-10-06,1,Completed
S0004332,A000724,3,Credit Assessment,Credit,2025-10-06,2025-10-09,3,Completed
S0004333,A000724,4,Risk Review,Risk,2025-10-09,2025-10-13,4,Completed
S0004334,A000724,5,Approval Committee,Credit,2025-10-13,2025-10-16,3,Completed
S0004335,A000724,6,Documentation,Operations,2025-10-16,2025-10-18,2,Completed
S0004336,A000724,7,Disbursement,Operations,2025-10-18,2025-10-20,2,Completed
S0004337,A000725,1,Application Received,SME Sales,2026-04-13,2026-04-14,1,Completed
S0004338,A000725,2,Initial Screening,SME Sales,2026-04-14,2026-04-17,3,Completed
S0004339,A000725,3,Credit Assessment,Credit,2026-04-17,2026-04-23,6,Completed
S0004340,A000725,4,Risk Review,Risk,2026-04-23,2026-04-25,2,Completed
S0004341,A000725,5,Approval Committee,Credit,2026-04-25,2026-04-27,2,Completed
S0004342,A000725,6,Documentation,Operations,2026-04-27,2026-04-29,2,Completed
S0004343,A000725,7,Disbursement,Operations,2026-04-29,2026-04-30,1,Completed
S0004344,A000726,1,Application Received,SME Sales,2024-06-13,2024-06-13,0,Completed
S0004345,A000726,2,Initial Screening,SME Sales,2024-06-13,2024-06-16,3,Completed
S0004346,A000726,3,Credit Assessment,Credit,2024-06-16,2024-06-19,3,Completed
S0004347,A000726,4,Risk Review,Risk,2024-06-19,2024-06-21,2,Completed
S0004348,A000726,5,Approval Committee,Credit,2024-06-21,2024-06-24,3,Completed
S0004349,A000727,1,Application Received,SME Sales,2025-01-12,2025-01-12,0,Completed
S0004350,A000727,2,Initial Screening,SME Sales,2025-01-12,2025-01-13,1,Completed
S0004351,A000727,3,Credit Assessment,Credit,2025-01-13,2025-01-18,5,Completed
S0004352,A000728,1,Application Received,SME Sales,2025-08-20,2025-08-20,0,Completed
S0004353,A000728,2,Initial Screening,SME Sales,2025-08-20,2025-08-22,2,Completed
S0004354,A000728,3,Credit Assessment,Credit,2025-08-22,2025-08-26,4,Completed
S0004355,A000728,4,Risk Review,Risk,2025-08-26,2025-08-30,4,Completed
S0004356,A000728,5,Approval Committee,Credit,2025-08-30,2025-08-31,1,Completed
S0004357,A000728,6,Documentation,Operations,2025-08-31,2025-09-03,3,Completed
S0004358,A000728,7,Disbursement,Operations,2025-09-03,2025-09-04,1,Completed
S0004359,A000729,1,Application Received,SME Sales,2025-10-27,2025-10-28,1,Completed
S0004360,A000729,2,Initial Screening,SME Sales,2025-10-28,2025-10-31,3,Completed
S0004361,A000729,3,Credit Assessment,Credit,2025-10-31,2025-11-06,6,Completed
S0004362,A000730,1,Application Received,SME Sales,2025-11-11,2025-11-11,0,Completed
S0004363,A000730,2,Initial Screening,SME Sales,2025-11-11,2025-11-13,2,Completed
S0004364,A000730,3,Credit Assessment,Credit,2025-11-13,2025-11-20,7,Completed
S0004365,A000730,4,Risk Review,Risk,2025-11-20,2025-11-21,1,Completed
S0004366,A000731,1,Application Received,SME Sales,2024-09-18,2024-09-18,0,Completed
S0004367,A000731,2,Initial Screening,SME Sales,2024-09-18,2024-09-21,3,Completed
S0004368,A000731,3,Credit Assessment,Credit,2024-09-21,2024-09-27,6,Completed
S0004369,A000731,4,Risk Review,Risk,2024-09-27,2024-09-28,1,Completed
S0004370,A000731,5,Approval Committee,Credit,2024-09-28,2024-10-01,3,Completed
S0004371,A000731,6,Documentation,Operations,2024-10-01,2024-10-05,4,Completed
S0004372,A000731,7,Disbursement,Operations,2024-10-05,2024-10-06,1,Completed
S0004373,A000732,1,Application Received,SME Sales,2026-02-28,2026-03-01,1,Completed
S0004374,A000732,2,Initial Screening,SME Sales,2026-03-01,2026-03-02,1,Completed
S0004375,A000732,3,Credit Assessment,Credit,2026-03-02,2026-03-08,6,Completed
S0004376,A000732,4,Risk Review,Risk,2026-03-08,2026-03-11,3,Completed
S0004377,A000732,5,Approval Committee,Credit,2026-03-11,2026-03-13,2,Completed
S0004378,A000732,6,Documentation,Operations,2026-03-13,2026-03-15,2,Completed
S0004379,A000732,7,Disbursement,Operations,2026-03-15,2026-03-17,2,Completed
S0004380,A000733,1,Application Received,SME Sales,2025-04-08,2025-04-09,1,Completed
S0004381,A000733,2,Initial Screening,SME Sales,2025-04-09,2025-04-12,3,Completed
S0004382,A000733,3,Credit Assessment,Credit,2025-04-12,2025-04-16,4,Completed
S0004383,A000733,4,Risk Review,Risk,2025-04-16,2025-04-19,3,Completed
S0004384,A000733,5,Approval Committee,Credit,2025-04-19,2025-04-22,3,Completed
S0004385,A000733,6,Documentation,Operations,2025-04-22,2025-04-25,3,Completed
S0004386,A000733,7,Disbursement,Operations,2025-04-25,2025-04-26,1,Completed
S0004387,A000734,1,Application Received,SME Sales,2026-05-19,2026-05-20,1,Completed
S0004388,A000734,2,Initial Screening,SME Sales,2026-05-20,2026-05-22,2,Completed
S0004389,A000734,3,Credit Assessment,Credit,2026-05-22,2026-05-25,3,Completed
S0004390,A000735,1,Application Received,SME Sales,2025-09-24,2025-09-25,1,Completed
S0004391,A000735,2,Initial Screening,SME Sales,2025-09-25,2025-09-28,3,Completed
S0004392,A000735,3,Credit Assessment,Credit,2025-09-28,2025-10-03,5,Completed
S0004393,A000735,4,Risk Review,Risk,2025-10-03,2025-10-04,1,Completed
S0004394,A000735,5,Approval Committee,Credit,2025-10-04,2025-10-06,2,Completed
S0004395,A000735,6,Documentation,Operations,2025-10-06,2025-10-09,3,Completed
S0004396,A000735,7,Disbursement,Operations,2025-10-09,2025-10-10,1,Completed
S0004397,A000736,1,Application Received,SME Sales,2024-12-24,2024-12-24,0,Completed
S0004398,A000736,2,Initial Screening,SME Sales,2024-12-24,2024-12-25,1,Completed
S0004399,A000736,3,Credit Assessment,Credit,2024-12-25,2024-12-31,6,Completed
S0004400,A000736,4,Risk Review,Risk,2024-12-31,2025-01-02,2,Completed
S0004401,A000736,5,Approval Committee,Credit,2025-01-02,2025-01-05,3,Completed
S0004402,A000736,6,Documentation,Operations,2025-01-05,2025-01-08,3,Completed
S0004403,A000736,7,Disbursement,Operations,2025-01-08,2025-01-09,1,Completed
S0004404,A000737,1,Application Received,SME Sales,2024-03-09,2024-03-10,1,Completed
S0004405,A000737,2,Initial Screening,SME Sales,2024-03-10,2024-03-11,1,Completed
S0004406,A000737,3,Credit Assessment,Credit,2024-03-11,2024-03-17,6,Completed
S0004407,A000737,4,Risk Review,Risk,2024-03-17,2024-03-21,4,Completed
S0004408,A000737,5,Approval Committee,Credit,2024-03-21,2024-03-24,3,Completed
S0004409,A000737,6,Documentation,Operations,2024-03-24,2024-03-29,5,Completed
S0004410,A000737,7,Disbursement,Operations,2024-03-29,2024-03-30,1,Completed
S0004411,A000738,1,Application Received,SME Sales,2024-09-26,2024-09-26,0,Completed
S0004412,A000738,2,Initial Screening,SME Sales,2024-09-26,2024-09-28,2,Completed
S0004413,A000738,3,Credit Assessment,Credit,2024-09-28,2024-10-04,6,Completed
S0004414,A000738,4,Risk Review,Risk,2024-10-04,2024-10-08,4,Completed
S0004415,A000739,1,Application Received,SME Sales,2026-03-11,2026-03-12,1,Completed
S0004416,A000739,2,Initial Screening,SME Sales,2026-03-12,2026-03-14,2,Completed
S0004417,A000739,3,Credit Assessment,Credit,2026-03-14,2026-03-17,3,Completed
S0004418,A000739,4,Risk Review,Risk,2026-03-17,2026-03-21,4,Completed
S0004419,A000739,5,Approval Committee,Credit,2026-03-21,2026-03-24,3,Completed
S0004420,A000739,6,Documentation,Operations,2026-03-24,2026-03-28,4,Completed
S0004421,A000739,7,Disbursement,Operations,2026-03-28,2026-03-30,2,Completed
S0004422,A000740,1,Application Received,SME Sales,2024-03-08,2024-03-09,1,Completed
S0004423,A000740,2,Initial Screening,SME Sales,2024-03-09,2024-03-11,2,Completed
S0004424,A000740,3,Credit Assessment,Credit,2024-03-11,2024-03-15,4,Completed
S0004425,A000740,4,Risk Review,Risk,2024-03-15,2024-03-18,3,Completed
S0004426,A000740,5,Approval Committee,Credit,2024-03-18,2024-03-20,2,Completed
S0004427,A000740,6,Documentation,Operations,2024-03-20,2024-03-22,2,Completed
S0004428,A000740,7,Disbursement,Operations,2024-03-22,2024-03-24,2,Completed
S0004429,A000741,1,Application Received,SME Sales,2025-04-22,2025-04-22,0,Completed
S0004430,A000741,2,Initial Screening,SME Sales,2025-04-22,2025-04-25,3,Completed
S0004431,A000741,3,Credit Assessment,Credit,2025-04-25,2025-04-28,3,Completed
S0004432,A000741,4,Risk Review,Risk,2025-04-28,2025-04-29,1,Completed
S0004433,A000741,5,Approval Committee,Credit,2025-04-29,2025-04-30,1,Completed
S0004434,A000741,6,Documentation,Operations,2025-04-30,2025-05-02,2,Completed
S0004435,A000741,7,Disbursement,Operations,2025-05-02,2025-05-04,2,Completed
S0004436,A000742,1,Application Received,SME Sales,2025-06-25,2025-06-25,0,Completed
S0004437,A000742,2,Initial Screening,SME Sales,2025-06-25,2025-06-28,3,Completed
S0004438,A000742,3,Credit Assessment,Credit,2025-06-28,2025-07-05,7,Completed
S0004439,A000742,4,Risk Review,Risk,2025-07-05,2025-07-09,4,Completed
S0004440,A000742,5,Approval Committee,Credit,2025-07-09,2025-07-11,2,Completed
S0004441,A000742,6,Documentation,Operations,2025-07-11,2025-07-16,5,Completed
S0004442,A000742,7,Disbursement,Operations,2025-07-16,2025-07-18,2,Completed
S0004443,A000743,1,Application Received,SME Sales,2025-07-01,2025-07-01,0,Completed
S0004444,A000743,2,Initial Screening,SME Sales,2025-07-01,2025-07-04,3,Completed
S0004445,A000743,3,Credit Assessment,Credit,2025-07-04,2025-07-08,4,Completed
S0004446,A000743,4,Risk Review,Risk,2025-07-08,2025-07-09,1,Completed
S0004447,A000744,1,Application Received,SME Sales,2024-05-11,2024-05-11,0,Completed
S0004448,A000744,2,Initial Screening,SME Sales,2024-05-11,2024-05-13,2,Completed
S0004449,A000744,3,Credit Assessment,Credit,2024-05-13,2024-05-19,6,Completed
S0004450,A000744,4,Risk Review,Risk,2024-05-19,2024-05-20,1,Completed
S0004451,A000744,5,Approval Committee,Credit,2024-05-20,2024-05-21,1,Completed
S0004452,A000744,6,Documentation,Operations,2024-05-21,2024-05-23,2,Completed
S0004453,A000744,7,Disbursement,Operations,2024-05-23,2024-05-25,2,Completed
S0004454,A000745,1,Application Received,SME Sales,2024-07-02,2024-07-03,1,Completed
S0004455,A000745,2,Initial Screening,SME Sales,2024-07-03,2024-07-05,2,Completed
S0004456,A000745,3,Credit Assessment,Credit,2024-07-05,2024-07-09,4,Completed
S0004457,A000745,4,Risk Review,Risk,2024-07-09,2024-07-13,4,Completed
S0004458,A000746,1,Application Received,SME Sales,2026-07-26,2026-07-26,0,Completed
S0004459,A000746,2,Initial Screening,SME Sales,2026-07-26,2026-07-29,3,Completed
S0004460,A000746,3,Credit Assessment,Credit,2026-07-29,2026-08-01,3,Completed
S0004461,A000746,4,Risk Review,Risk,2026-08-01,2026-08-05,4,Completed
S0004462,A000746,5,Approval Committee,Credit,2026-08-05,2026-08-08,3,Completed
S0004463,A000747,1,Application Received,SME Sales,2025-08-02,2025-08-03,1,Completed
S0004464,A000747,2,Initial Screening,SME Sales,2025-08-03,2025-08-05,2,Completed
S0004465,A000747,3,Credit Assessment,Credit,2025-08-05,2025-08-08,3,Completed
S0004466,A000747,4,Risk Review,Risk,2025-08-08,2025-08-12,4,Completed
S0004467,A000747,5,Approval Committee,Credit,2025-08-12,2025-08-15,3,Completed
S0004468,A000748,1,Application Received,SME Sales,2025-08-24,2025-08-25,1,Completed
S0004469,A000748,2,Initial Screening,SME Sales,2025-08-25,2025-08-27,2,Completed
S0004470,A000748,3,Credit Assessment,Credit,2025-08-27,2025-08-31,4,Completed
S0004471,A000748,4,Risk Review,Risk,2025-08-31,2025-09-02,2,Completed
S0004472,A000748,5,Approval Committee,Credit,2025-09-02,2025-09-03,1,Completed
S0004473,A000748,6,Documentation,Operations,2025-09-03,2025-09-06,3,Completed
S0004474,A000748,7,Disbursement,Operations,2025-09-06,2025-09-08,2,Completed
S0004475,A000749,1,Application Received,SME Sales,2025-08-12,2025-08-13,1,Completed
S0004476,A000749,2,Initial Screening,SME Sales,2025-08-13,2025-08-15,2,Completed
S0004477,A000749,3,Credit Assessment,Credit,2025-08-15,2025-08-21,6,Completed
S0004478,A000749,4,Risk Review,Risk,2025-08-21,2025-08-25,4,Completed
S0004479,A000750,1,Application Received,SME Sales,2024-12-07,2024-12-07,0,Completed
S0004480,A000750,2,Initial Screening,SME Sales,2024-12-07,2024-12-09,2,Completed
S0004481,A000750,3,Credit Assessment,Credit,2024-12-09,2024-12-15,6,Completed
S0004482,A000751,1,Application Received,SME Sales,2024-10-01,2024-10-01,0,Completed
S0004483,A000751,2,Initial Screening,SME Sales,2024-10-01,2024-10-04,3,Completed
S0004484,A000751,3,Credit Assessment,Credit,2024-10-04,2024-10-09,5,Completed
S0004485,A000752,1,Application Received,SME Sales,2025-04-28,2025-04-28,0,Completed
S0004486,A000752,2,Initial Screening,SME Sales,2025-04-28,2025-05-01,3,Completed
S0004487,A000752,3,Credit Assessment,Credit,2025-05-01,2025-05-03,2,Completed
S0004488,A000752,4,Risk Review,Risk,2025-05-03,2025-05-04,1,Completed
S0004489,A000752,5,Approval Committee,Credit,2025-05-04,2025-05-06,2,Completed
S0004490,A000752,6,Documentation,Operations,2025-05-06,2025-05-08,2,Completed
S0004491,A000752,7,Disbursement,Operations,2025-05-08,2025-05-09,1,Completed
S0004492,A000753,1,Application Received,SME Sales,2025-02-03,2025-02-03,0,Completed
S0004493,A000753,2,Initial Screening,SME Sales,2025-02-03,2025-02-05,2,Completed
S0004494,A000753,3,Credit Assessment,Credit,2025-02-05,2025-02-09,4,Completed
S0004495,A000753,4,Risk Review,Risk,2025-02-09,2025-02-11,2,Completed
S0004496,A000753,5,Approval Committee,Credit,2025-02-11,2025-02-14,3,Completed
S0004497,A000753,6,Documentation,Operations,2025-02-14,2025-02-19,5,Completed
S0004498,A000753,7,Disbursement,Operations,2025-02-19,2025-02-20,1,Completed
S0004499,A000754,1,Application Received,SME Sales,2025-12-15,2025-12-16,1,Completed
S0004500,A000754,2,Initial Screening,SME Sales,2025-12-16,2025-12-18,2,Completed
S0004501,A000754,3,Credit Assessment,Credit,2025-12-18,2025-12-20,2,Completed
S0004502,A000754,4,Risk Review,Risk,2025-12-20,2025-12-23,3,Completed
S0004503,A000754,5,Approval Committee,Credit,2025-12-23,2025-12-24,1,Completed
S0004504,A000754,6,Documentation,Operations,2025-12-24,2025-12-26,2,Completed
S0004505,A000754,7,Disbursement,Operations,2025-12-26,2025-12-28,2,Completed
S0004506,A000755,1,Application Received,SME Sales,2025-10-11,2025-10-11,0,Completed
S0004507,A000755,2,Initial Screening,SME Sales,2025-10-11,2025-10-13,2,Completed
S0004508,A000755,3,Credit Assessment,Credit,2025-10-13,2025-10-15,2,Completed
S0004509,A000755,4,Risk Review,Risk,2025-10-15,2025-10-18,3,Completed
S0004510,A000755,5,Approval Committee,Credit,2025-10-18,2025-10-20,2,Completed
S0004511,A000755,6,Documentation,Operations,2025-10-20,2025-10-23,3,Completed
S0004512,A000755,7,Disbursement,Operations,2025-10-23,2025-10-25,2,Completed
S0004513,A000756,1,Application Received,SME Sales,2024-03-24,2024-03-24,0,Completed
S0004514,A000756,2,Initial Screening,SME Sales,2024-03-24,2024-03-27,3,Completed
S0004515,A000756,3,Credit Assessment,Credit,2024-03-27,2024-04-01,5,Completed
S0004516,A000756,4,Risk Review,Risk,2024-04-01,2024-04-05,4,Completed
S0004517,A000756,5,Approval Committee,Credit,2024-04-05,2024-04-06,1,Completed
S0004518,A000756,6,Documentation,Operations,2024-04-06,2024-04-08,2,Completed
S0004519,A000756,7,Disbursement,Operations,2024-04-08,2024-04-10,2,Completed
S0004520,A000757,1,Application Received,SME Sales,2025-03-15,2025-03-16,1,Completed
S0004521,A000757,2,Initial Screening,SME Sales,2025-03-16,2025-03-19,3,Completed
S0004522,A000757,3,Credit Assessment,Credit,2025-03-19,2025-03-24,5,Completed
S0004523,A000757,4,Risk Review,Risk,2025-03-24,2025-03-28,4,Completed
S0004524,A000757,5,Approval Committee,Credit,2025-03-28,2025-03-29,1,Completed
S0004525,A000757,6,Documentation,Operations,2025-03-29,2025-04-03,5,Completed
S0004526,A000757,7,Disbursement,Operations,2025-04-03,2025-04-05,2,Completed
S0004527,A000758,1,Application Received,SME Sales,2024-12-28,2024-12-28,0,Completed
S0004528,A000758,2,Initial Screening,SME Sales,2024-12-28,2024-12-31,3,Completed
S0004529,A000758,3,Credit Assessment,Credit,2024-12-31,2025-01-06,6,Completed
S0004530,A000758,4,Risk Review,Risk,2025-01-06,2025-01-09,3,Completed
S0004531,A000758,5,Approval Committee,Credit,2025-01-09,2025-01-12,3,Completed
S0004532,A000758,6,Documentation,Operations,2025-01-12,2025-01-14,2,Completed
S0004533,A000758,7,Disbursement,Operations,2025-01-14,2025-01-15,1,Completed
S0004534,A000759,1,Application Received,SME Sales,2025-04-27,2025-04-28,1,Completed
S0004535,A000759,2,Initial Screening,SME Sales,2025-04-28,2025-04-30,2,Completed
S0004536,A000759,3,Credit Assessment,Credit,2025-04-30,2025-05-03,3,Completed
S0004537,A000759,4,Risk Review,Risk,2025-05-03,2025-05-07,4,Completed
S0004538,A000760,1,Application Received,SME Sales,2024-10-08,2024-10-09,1,Completed
S0004539,A000760,2,Initial Screening,SME Sales,2024-10-09,2024-10-11,2,Completed
S0004540,A000760,3,Credit Assessment,Credit,2024-10-11,2024-10-14,3,Completed
S0004541,A000760,4,Risk Review,Risk,2024-10-14,2024-10-18,4,Completed
S0004542,A000760,5,Approval Committee,Credit,2024-10-18,2024-10-21,3,Completed
S0004543,A000760,6,Documentation,Operations,2024-10-21,2024-10-25,4,Completed
S0004544,A000760,7,Disbursement,Operations,2024-10-25,2024-10-27,2,Completed
S0004545,A000761,1,Application Received,SME Sales,2026-05-01,2026-05-02,1,Completed
S0004546,A000761,2,Initial Screening,SME Sales,2026-05-02,2026-05-05,3,Completed
S0004547,A000761,3,Credit Assessment,Credit,2026-05-05,2026-05-11,6,Completed
S0004548,A000761,4,Risk Review,Risk,2026-05-11,2026-05-14,3,Completed
S0004549,A000761,5,Approval Committee,Credit,2026-05-14,2026-05-17,3,Completed
S0004550,A000761,6,Documentation,Operations,2026-05-17,2026-05-21,4,Completed
S0004551,A000761,7,Disbursement,Operations,2026-05-21,2026-05-23,2,Completed
S0004552,A000762,1,Application Received,SME Sales,2025-02-08,2025-02-08,0,Completed
S0004553,A000762,2,Initial Screening,SME Sales,2025-02-08,2025-02-09,1,Completed
S0004554,A000762,3,Credit Assessment,Credit,2025-02-09,2025-02-14,5,Completed
S0004555,A000762,4,Risk Review,Risk,2025-02-14,2025-02-17,3,Completed
S0004556,A000762,5,Approval Committee,Credit,2025-02-17,2025-02-19,2,Completed
S0004557,A000762,6,Documentation,Operations,2025-02-19,2025-02-23,4,Completed
S0004558,A000762,7,Disbursement,Operations,2025-02-23,2025-02-25,2,Completed
S0004559,A000763,1,Application Received,SME Sales,2025-11-19,2025-11-19,0,Completed
S0004560,A000763,2,Initial Screening,SME Sales,2025-11-19,2025-11-21,2,Completed
S0004561,A000763,3,Credit Assessment,Credit,2025-11-21,2025-11-24,3,Completed
S0004562,A000763,4,Risk Review,Risk,2025-11-24,2025-11-27,3,Completed
S0004563,A000763,5,Approval Committee,Credit,2025-11-27,2025-11-28,1,Completed
S0004564,A000763,6,Documentation,Operations,2025-11-28,2025-12-02,4,Completed
S0004565,A000763,7,Disbursement,Operations,2025-12-02,2025-12-04,2,Completed
S0004566,A000764,1,Application Received,SME Sales,2026-01-05,2026-01-06,1,Completed
S0004567,A000764,2,Initial Screening,SME Sales,2026-01-06,2026-01-08,2,Completed
S0004568,A000764,3,Credit Assessment,Credit,2026-01-08,2026-01-13,5,Completed
S0004569,A000764,4,Risk Review,Risk,2026-01-13,2026-01-17,4,Completed
S0004570,A000764,5,Approval Committee,Credit,2026-01-17,2026-01-19,2,Completed
S0004571,A000764,6,Documentation,Operations,2026-01-19,2026-01-22,3,Completed
S0004572,A000764,7,Disbursement,Operations,2026-01-22,2026-01-24,2,Completed
S0004573,A000765,1,Application Received,SME Sales,2024-07-29,2024-07-29,0,Completed
S0004574,A000765,2,Initial Screening,SME Sales,2024-07-29,2024-07-30,1,Completed
S0004575,A000765,3,Credit Assessment,Credit,2024-07-30,2024-08-02,3,Completed
S0004576,A000765,4,Risk Review,Risk,2024-08-02,2024-08-04,2,Completed
S0004577,A000765,5,Approval Committee,Credit,2024-08-04,2024-08-07,3,Completed
S0004578,A000765,6,Documentation,Operations,2024-08-07,2024-08-11,4,Completed
S0004579,A000765,7,Disbursement,Operations,2024-08-11,2024-08-13,2,Completed
S0004580,A000766,1,Application Received,SME Sales,2024-09-14,2024-09-15,1,Completed
S0004581,A000766,2,Initial Screening,SME Sales,2024-09-15,2024-09-17,2,Completed
S0004582,A000766,3,Credit Assessment,Credit,2024-09-17,2024-09-23,6,Completed
S0004583,A000766,4,Risk Review,Risk,2024-09-23,2024-09-24,1,Completed
S0004584,A000766,5,Approval Committee,Credit,2024-09-24,2024-09-27,3,Completed
S0004585,A000766,6,Documentation,Operations,2024-09-27,2024-10-02,5,Completed
S0004586,A000766,7,Disbursement,Operations,2024-10-02,2024-10-04,2,Completed
S0004587,A000767,1,Application Received,SME Sales,2024-02-09,2024-02-10,1,Completed
S0004588,A000767,2,Initial Screening,SME Sales,2024-02-10,2024-02-13,3,Completed
S0004589,A000767,3,Credit Assessment,Credit,2024-02-13,2024-02-19,6,Completed
S0004590,A000767,4,Risk Review,Risk,2024-02-19,2024-02-21,2,Completed
S0004591,A000768,1,Application Received,SME Sales,2024-05-27,2024-05-27,0,Completed
S0004592,A000768,2,Initial Screening,SME Sales,2024-05-27,2024-05-30,3,Completed
S0004593,A000768,3,Credit Assessment,Credit,2024-05-30,2024-06-04,5,Completed
S0004594,A000769,1,Application Received,SME Sales,2025-12-13,2025-12-13,0,Completed
S0004595,A000769,2,Initial Screening,SME Sales,2025-12-13,2025-12-14,1,Completed
S0004596,A000769,3,Credit Assessment,Credit,2025-12-14,2025-12-21,7,Completed
S0004597,A000769,4,Risk Review,Risk,2025-12-21,2025-12-22,1,Completed
S0004598,A000769,5,Approval Committee,Credit,2025-12-22,2025-12-24,2,Completed
S0004599,A000769,6,Documentation,Operations,2025-12-24,2025-12-28,4,Completed
S0004600,A000769,7,Disbursement,Operations,2025-12-28,2025-12-30,2,Completed
S0004601,A000770,1,Application Received,SME Sales,2024-04-28,2024-04-28,0,Completed
S0004602,A000770,2,Initial Screening,SME Sales,2024-04-28,2024-04-30,2,Completed
S0004603,A000770,3,Credit Assessment,Credit,2024-04-30,2024-05-05,5,Completed
S0004604,A000770,4,Risk Review,Risk,2024-05-05,2024-05-08,3,Completed
S0004605,A000770,5,Approval Committee,Credit,2024-05-08,2024-05-11,3,Completed
S0004606,A000771,1,Application Received,SME Sales,2024-05-02,2024-05-03,1,Completed
S0004607,A000771,2,Initial Screening,SME Sales,2024-05-03,2024-05-05,2,Completed
S0004608,A000771,3,Credit Assessment,Credit,2024-05-05,2024-05-07,2,Completed
S0004609,A000771,4,Risk Review,Risk,2024-05-07,2024-05-10,3,Completed
S0004610,A000771,5,Approval Committee,Credit,2024-05-10,2024-05-13,3,Completed
S0004611,A000771,6,Documentation,Operations,2024-05-13,2024-05-15,2,Completed
S0004612,A000771,7,Disbursement,Operations,2024-05-15,2024-05-16,1,Completed
S0004613,A000772,1,Application Received,SME Sales,2024-10-28,2024-10-29,1,Completed
S0004614,A000772,2,Initial Screening,SME Sales,2024-10-29,2024-10-30,1,Completed
S0004615,A000772,3,Credit Assessment,Credit,2024-10-30,2024-11-03,4,Completed
S0004616,A000772,4,Risk Review,Risk,2024-11-03,2024-11-07,4,Completed
S0004617,A000773,1,Application Received,SME Sales,2025-10-18,2025-10-19,1,Completed
S0004618,A000773,2,Initial Screening,SME Sales,2025-10-19,2025-10-20,1,Completed
S0004619,A000773,3,Credit Assessment,Credit,2025-10-20,2025-10-23,3,Completed
S0004620,A000774,1,Application Received,SME Sales,2025-02-20,2025-02-20,0,Completed
S0004621,A000774,2,Initial Screening,SME Sales,2025-02-20,2025-02-23,3,Completed
S0004622,A000774,3,Credit Assessment,Credit,2025-02-23,2025-02-26,3,Completed
S0004623,A000774,4,Risk Review,Risk,2025-02-26,2025-02-28,2,Completed
S0004624,A000774,5,Approval Committee,Credit,2025-02-28,2025-03-01,1,Completed
S0004625,A000774,6,Documentation,Operations,2025-03-01,2025-03-06,5,Completed
S0004626,A000774,7,Disbursement,Operations,2025-03-06,2025-03-08,2,Completed
S0004627,A000775,1,Application Received,SME Sales,2025-04-22,2025-04-22,0,Completed
S0004628,A000775,2,Initial Screening,SME Sales,2025-04-22,2025-04-23,1,Completed
S0004629,A000775,3,Credit Assessment,Credit,2025-04-23,2025-04-27,4,Completed
S0004630,A000775,4,Risk Review,Risk,2025-04-27,2025-04-29,2,Completed
S0004631,A000775,5,Approval Committee,Credit,2025-04-29,2025-05-02,3,Completed
S0004632,A000775,6,Documentation,Operations,2025-05-02,2025-05-06,4,Completed
S0004633,A000775,7,Disbursement,Operations,2025-05-06,2025-05-08,2,Completed
S0004634,A000776,1,Application Received,SME Sales,2025-08-28,2025-08-29,1,Completed
S0004635,A000776,2,Initial Screening,SME Sales,2025-08-29,2025-09-01,3,Completed
S0004636,A000776,3,Credit Assessment,Credit,2025-09-01,2025-09-07,6,Completed
S0004637,A000776,4,Risk Review,Risk,2025-09-07,2025-09-08,1,Completed
S0004638,A000776,5,Approval Committee,Credit,2025-09-08,2025-09-11,3,Completed
S0004639,A000776,6,Documentation,Operations,2025-09-11,2025-09-16,5,Completed
S0004640,A000776,7,Disbursement,Operations,2025-09-16,2025-09-17,1,Completed
S0004641,A000777,1,Application Received,SME Sales,2025-02-03,2025-02-03,0,Completed
S0004642,A000777,2,Initial Screening,SME Sales,2025-02-03,2025-02-06,3,Completed
S0004643,A000777,3,Credit Assessment,Credit,2025-02-06,2025-02-08,2,Completed
S0004644,A000777,4,Risk Review,Risk,2025-02-08,2025-02-12,4,Completed
S0004645,A000777,5,Approval Committee,Credit,2025-02-12,2025-02-13,1,Completed
S0004646,A000777,6,Documentation,Operations,2025-02-13,2025-02-18,5,Completed
S0004647,A000777,7,Disbursement,Operations,2025-02-18,2025-02-20,2,Completed
S0004648,A000778,1,Application Received,SME Sales,2024-08-15,2024-08-16,1,Completed
S0004649,A000778,2,Initial Screening,SME Sales,2024-08-16,2024-08-19,3,Completed
S0004650,A000778,3,Credit Assessment,Credit,2024-08-19,2024-08-27,8,Completed
S0004651,A000778,4,Risk Review,Risk,2024-08-27,2024-08-29,2,Completed
S0004652,A000778,5,Approval Committee,Credit,2024-08-29,2024-09-01,3,Completed
S0004653,A000778,6,Documentation,Operations,2024-09-01,2024-09-06,5,Completed
S0004654,A000778,7,Disbursement,Operations,2024-09-06,2024-09-07,1,Completed
S0004655,A000779,1,Application Received,SME Sales,2025-09-05,2025-09-06,1,Completed
S0004656,A000779,2,Initial Screening,SME Sales,2025-09-06,2025-09-08,2,Completed
S0004657,A000779,3,Credit Assessment,Credit,2025-09-08,2025-09-11,3,Completed
S0004658,A000779,4,Risk Review,Risk,2025-09-11,2025-09-12,1,Completed
S0004659,A000779,5,Approval Committee,Credit,2025-09-12,2025-09-15,3,Completed
S0004660,A000779,6,Documentation,Operations,2025-09-15,2025-09-20,5,Completed
S0004661,A000779,7,Disbursement,Operations,2025-09-20,2025-09-22,2,Completed
S0004662,A000780,1,Application Received,SME Sales,2024-05-26,2024-05-26,0,Completed
S0004663,A000780,2,Initial Screening,SME Sales,2024-05-26,2024-05-29,3,Completed
S0004664,A000780,3,Credit Assessment,Credit,2024-05-29,2024-06-04,6,Completed
S0004665,A000780,4,Risk Review,Risk,2024-06-04,2024-06-06,2,Completed
S0004666,A000780,5,Approval Committee,Credit,2024-06-06,2024-06-08,2,Completed
S0004667,A000780,6,Documentation,Operations,2024-06-08,2024-06-13,5,Completed
S0004668,A000780,7,Disbursement,Operations,2024-06-13,2024-06-15,2,Completed
S0004669,A000781,1,Application Received,SME Sales,2024-04-04,2024-04-05,1,Completed
S0004670,A000781,2,Initial Screening,SME Sales,2024-04-05,2024-04-08,3,Completed
S0004671,A000781,3,Credit Assessment,Credit,2024-04-08,2024-04-16,8,Completed
S0004672,A000782,1,Application Received,SME Sales,2026-09-17,2026-09-18,1,Completed
S0004673,A000782,2,Initial Screening,SME Sales,2026-09-18,2026-09-20,2,Completed
S0004674,A000782,3,Credit Assessment,Credit,2026-09-20,2026-09-22,2,Completed
S0004675,A000782,4,Risk Review,Risk,2026-09-22,2026-09-23,1,Completed
S0004676,A000782,5,Approval Committee,Credit,2026-09-23,2026-09-26,3,Completed
S0004677,A000782,6,Documentation,Operations,2026-09-26,2026-09-30,4,Completed
S0004678,A000782,7,Disbursement,Operations,2026-09-30,2026-09-30,0,Completed
S0004679,A000783,1,Application Received,SME Sales,2024-02-11,2024-02-12,1,Completed
S0004680,A000783,2,Initial Screening,SME Sales,2024-02-12,2024-02-15,3,Completed
S0004681,A000783,3,Credit Assessment,Credit,2024-02-15,2024-02-17,2,Completed
S0004682,A000783,4,Risk Review,Risk,2024-02-17,2024-02-21,4,Completed
S0004683,A000783,5,Approval Committee,Credit,2024-02-21,2024-02-24,3,Completed
S0004684,A000783,6,Documentation,Operations,2024-02-24,2024-02-27,3,Completed
S0004685,A000783,7,Disbursement,Operations,2024-02-27,2024-02-29,2,Completed
S0004686,A000784,1,Application Received,SME Sales,2024-03-20,2024-03-20,0,Completed
S0004687,A000784,2,Initial Screening,SME Sales,2024-03-20,2024-03-23,3,Completed
S0004688,A000784,3,Credit Assessment,Credit,2024-03-23,2024-03-25,2,Completed
S0004689,A000784,4,Risk Review,Risk,2024-03-25,2024-03-26,1,Completed
S0004690,A000784,5,Approval Committee,Credit,2024-03-26,2024-03-27,1,Completed
S0004691,A000784,6,Documentation,Operations,2024-03-27,2024-04-01,5,Completed
S0004692,A000784,7,Disbursement,Operations,2024-04-01,2024-04-02,1,Completed
S0004693,A000785,1,Application Received,SME Sales,2024-06-28,2024-06-28,0,Completed
S0004694,A000785,2,Initial Screening,SME Sales,2024-06-28,2024-07-01,3,Completed
S0004695,A000785,3,Credit Assessment,Credit,2024-07-01,2024-07-04,3,Completed
S0004696,A000785,4,Risk Review,Risk,2024-07-04,2024-07-08,4,Completed
S0004697,A000785,5,Approval Committee,Credit,2024-07-08,2024-07-10,2,Completed
S0004698,A000785,6,Documentation,Operations,2024-07-10,2024-07-13,3,Completed
S0004699,A000785,7,Disbursement,Operations,2024-07-13,2024-07-15,2,Completed
S0004700,A000786,1,Application Received,SME Sales,2025-08-22,2025-08-22,0,Completed
S0004701,A000786,2,Initial Screening,SME Sales,2025-08-22,2025-08-24,2,Completed
S0004702,A000786,3,Credit Assessment,Credit,2025-08-24,2025-08-28,4,Completed
S0004703,A000786,4,Risk Review,Risk,2025-08-28,2025-09-01,4,Completed
S0004704,A000786,5,Approval Committee,Credit,2025-09-01,2025-09-02,1,Completed
S0004705,A000787,1,Application Received,SME Sales,2024-12-05,2024-12-05,0,Completed
S0004706,A000787,2,Initial Screening,SME Sales,2024-12-05,2024-12-07,2,Completed
S0004707,A000787,3,Credit Assessment,Credit,2024-12-07,2024-12-13,6,Completed
S0004708,A000787,4,Risk Review,Risk,2024-12-13,2024-12-16,3,Completed
S0004709,A000787,5,Approval Committee,Credit,2024-12-16,2024-12-19,3,Completed
S0004710,A000787,6,Documentation,Operations,2024-12-19,2024-12-21,2,Completed
S0004711,A000787,7,Disbursement,Operations,2024-12-21,2024-12-23,2,Completed
S0004712,A000788,1,Application Received,SME Sales,2025-03-16,2025-03-17,1,Completed
S0004713,A000788,2,Initial Screening,SME Sales,2025-03-17,2025-03-18,1,Completed
S0004714,A000788,3,Credit Assessment,Credit,2025-03-18,2025-03-20,2,Completed
S0004715,A000788,4,Risk Review,Risk,2025-03-20,2025-03-24,4,Completed
S0004716,A000789,1,Application Received,SME Sales,2025-04-08,2025-04-09,1,Completed
S0004717,A000789,2,Initial Screening,SME Sales,2025-04-09,2025-04-10,1,Completed
S0004718,A000789,3,Credit Assessment,Credit,2025-04-10,2025-04-16,6,Completed
S0004719,A000789,4,Risk Review,Risk,2025-04-16,2025-04-20,4,Completed
S0004720,A000790,1,Application Received,SME Sales,2024-08-13,2024-08-13,0,Completed
S0004721,A000790,2,Initial Screening,SME Sales,2024-08-13,2024-08-15,2,Completed
S0004722,A000790,3,Credit Assessment,Credit,2024-08-15,2024-08-22,7,Completed
S0004723,A000790,4,Risk Review,Risk,2024-08-22,2024-08-23,1,Completed
S0004724,A000790,5,Approval Committee,Credit,2024-08-23,2024-08-26,3,Completed
S0004725,A000790,6,Documentation,Operations,2024-08-26,2024-08-31,5,Completed
S0004726,A000790,7,Disbursement,Operations,2024-08-31,2024-09-01,1,Completed
S0004727,A000791,1,Application Received,SME Sales,2026-06-16,2026-06-17,1,Completed
S0004728,A000791,2,Initial Screening,SME Sales,2026-06-17,2026-06-18,1,Completed
S0004729,A000791,3,Credit Assessment,Credit,2026-06-18,2026-06-23,5,Completed
S0004730,A000791,4,Risk Review,Risk,2026-06-23,2026-06-26,3,Completed
S0004731,A000791,5,Approval Committee,Credit,2026-06-26,2026-06-29,3,Completed
S0004732,A000791,6,Documentation,Operations,2026-06-29,2026-07-03,4,Completed
S0004733,A000791,7,Disbursement,Operations,2026-07-03,2026-07-04,1,Completed
S0004734,A000792,1,Application Received,SME Sales,2026-01-07,2026-01-07,0,Completed
S0004735,A000792,2,Initial Screening,SME Sales,2026-01-07,2026-01-09,2,Completed
S0004736,A000792,3,Credit Assessment,Credit,2026-01-09,2026-01-12,3,Completed
S0004737,A000792,4,Risk Review,Risk,2026-01-12,2026-01-16,4,Completed
S0004738,A000792,5,Approval Committee,Credit,2026-01-16,2026-01-18,2,Completed
S0004739,A000792,6,Documentation,Operations,2026-01-18,2026-01-23,5,Completed
S0004740,A000792,7,Disbursement,Operations,2026-01-23,2026-01-24,1,Completed
S0004741,A000793,1,Application Received,SME Sales,2025-01-22,2025-01-23,1,Completed
S0004742,A000793,2,Initial Screening,SME Sales,2025-01-23,2025-01-26,3,Completed
S0004743,A000793,3,Credit Assessment,Credit,2025-01-26,2025-01-29,3,Completed
S0004744,A000793,4,Risk Review,Risk,2025-01-29,2025-02-01,3,Completed
S0004745,A000793,5,Approval Committee,Credit,2025-02-01,2025-02-02,1,Completed
S0004746,A000793,6,Documentation,Operations,2025-02-02,2025-02-07,5,Completed
S0004747,A000793,7,Disbursement,Operations,2025-02-07,2025-02-08,1,Completed
S0004748,A000794,1,Application Received,SME Sales,2024-11-25,2024-11-26,1,Completed
S0004749,A000794,2,Initial Screening,SME Sales,2024-11-26,2024-11-27,1,Completed
S0004750,A000794,3,Credit Assessment,Credit,2024-11-27,2024-11-30,3,Completed
S0004751,A000794,4,Risk Review,Risk,2024-11-30,2024-12-01,1,Completed
S0004752,A000794,5,Approval Committee,Credit,2024-12-01,2024-12-03,2,Completed
S0004753,A000794,6,Documentation,Operations,2024-12-03,2024-12-08,5,Completed
S0004754,A000794,7,Disbursement,Operations,2024-12-08,2024-12-10,2,Completed
S0004755,A000795,1,Application Received,SME Sales,2024-04-11,2024-04-11,0,Completed
S0004756,A000795,2,Initial Screening,SME Sales,2024-04-11,2024-04-12,1,Completed
S0004757,A000795,3,Credit Assessment,Credit,2024-04-12,2024-04-18,6,Completed
S0004758,A000795,4,Risk Review,Risk,2024-04-18,2024-04-19,1,Completed
S0004759,A000795,5,Approval Committee,Credit,2024-04-19,2024-04-21,2,Completed
S0004760,A000795,6,Documentation,Operations,2024-04-21,2024-04-26,5,Completed
S0004761,A000795,7,Disbursement,Operations,2024-04-26,2024-04-27,1,Completed
S0004762,A000796,1,Application Received,SME Sales,2025-01-26,2025-01-26,0,Completed
S0004763,A000796,2,Initial Screening,SME Sales,2025-01-26,2025-01-27,1,Completed
S0004764,A000796,3,Credit Assessment,Credit,2025-01-27,2025-02-01,5,Completed
S0004765,A000796,4,Risk Review,Risk,2025-02-01,2025-02-04,3,Completed
S0004766,A000796,5,Approval Committee,Credit,2025-02-04,2025-02-05,1,Completed
S0004767,A000797,1,Application Received,SME Sales,2025-05-27,2025-05-28,1,Completed
S0004768,A000797,2,Initial Screening,SME Sales,2025-05-28,2025-05-31,3,Completed
S0004769,A000797,3,Credit Assessment,Credit,2025-05-31,2025-06-06,6,Completed
S0004770,A000797,4,Risk Review,Risk,2025-06-06,2025-06-08,2,Completed
S0004771,A000797,5,Approval Committee,Credit,2025-06-08,2025-06-09,1,Completed
S0004772,A000797,6,Documentation,Operations,2025-06-09,2025-06-13,4,Completed
S0004773,A000797,7,Disbursement,Operations,2025-06-13,2025-06-14,1,Completed
S0004774,A000798,1,Application Received,SME Sales,2025-05-16,2025-05-17,1,Completed
S0004775,A000798,2,Initial Screening,SME Sales,2025-05-17,2025-05-18,1,Completed
S0004776,A000798,3,Credit Assessment,Credit,2025-05-18,2025-05-21,3,Completed
S0004777,A000798,4,Risk Review,Risk,2025-05-21,2025-05-25,4,Completed
S0004778,A000798,5,Approval Committee,Credit,2025-05-25,2025-05-26,1,Completed
S0004779,A000798,6,Documentation,Operations,2025-05-26,2025-05-31,5,Completed
S0004780,A000798,7,Disbursement,Operations,2025-05-31,2025-06-01,1,Completed
S0004781,A000799,1,Application Received,SME Sales,2024-03-06,2024-03-06,0,Completed
S0004782,A000799,2,Initial Screening,SME Sales,2024-03-06,2024-03-08,2,Completed
S0004783,A000799,3,Credit Assessment,Credit,2024-03-08,2024-03-11,3,Completed
S0004784,A000799,4,Risk Review,Risk,2024-03-11,2024-03-12,1,Completed
S0004785,A000799,5,Approval Committee,Credit,2024-03-12,2024-03-15,3,Completed
S0004786,A000799,6,Documentation,Operations,2024-03-15,2024-03-19,4,Completed
S0004787,A000799,7,Disbursement,Operations,2024-03-19,2024-03-20,1,Completed
S0004788,A000800,1,Application Received,SME Sales,2024-08-27,2024-08-27,0,Completed
S0004789,A000800,2,Initial Screening,SME Sales,2024-08-27,2024-08-29,2,Completed
S0004790,A000800,3,Credit Assessment,Credit,2024-08-29,2024-09-04,6,Completed
S0004791,A000800,4,Risk Review,Risk,2024-09-04,2024-09-07,3,Completed
S0004792,A000800,5,Approval Committee,Credit,2024-09-07,2024-09-10,3,Completed
S0004793,A000800,6,Documentation,Operations,2024-09-10,2024-09-13,3,Completed
S0004794,A000800,7,Disbursement,Operations,2024-09-13,2024-09-15,2,Completed
S0004795,A000801,1,Application Received,SME Sales,2024-05-01,2024-05-01,0,Completed
S0004796,A000801,2,Initial Screening,SME Sales,2024-05-01,2024-05-03,2,Completed
S0004797,A000801,3,Credit Assessment,Credit,2024-05-03,2024-05-09,6,Completed
S0004798,A000801,4,Risk Review,Risk,2024-05-09,2024-05-11,2,Completed
S0004799,A000801,5,Approval Committee,Credit,2024-05-11,2024-05-14,3,Completed
S0004800,A000801,6,Documentation,Operations,2024-05-14,2024-05-19,5,Completed
S0004801,A000801,7,Disbursement,Operations,2024-05-19,2024-05-21,2,Completed
S0004802,A000802,1,Application Received,SME Sales,2024-06-30,2024-07-01,1,Completed
S0004803,A000802,2,Initial Screening,SME Sales,2024-07-01,2024-07-04,3,Completed
S0004804,A000802,3,Credit Assessment,Credit,2024-07-04,2024-07-10,6,Completed
S0004805,A000802,4,Risk Review,Risk,2024-07-10,2024-07-14,4,Completed
S0004806,A000802,5,Approval Committee,Credit,2024-07-14,2024-07-16,2,Completed
S0004807,A000802,6,Documentation,Operations,2024-07-16,2024-07-21,5,Completed
S0004808,A000802,7,Disbursement,Operations,2024-07-21,2024-07-23,2,Completed
S0004809,A000803,1,Application Received,SME Sales,2025-10-01,2025-10-02,1,Completed
S0004810,A000803,2,Initial Screening,SME Sales,2025-10-02,2025-10-04,2,Completed
S0004811,A000803,3,Credit Assessment,Credit,2025-10-04,2025-10-10,6,Completed
S0004812,A000803,4,Risk Review,Risk,2025-10-10,2025-10-13,3,Completed
S0004813,A000804,1,Application Received,SME Sales,2024-09-08,2024-09-09,1,Completed
S0004814,A000804,2,Initial Screening,SME Sales,2024-09-09,2024-09-10,1,Completed
S0004815,A000804,3,Credit Assessment,Credit,2024-09-10,2024-09-12,2,Completed
S0004816,A000804,4,Risk Review,Risk,2024-09-12,2024-09-15,3,Completed
S0004817,A000804,5,Approval Committee,Credit,2024-09-15,2024-09-18,3,Completed
S0004818,A000804,6,Documentation,Operations,2024-09-18,2024-09-23,5,Completed
S0004819,A000804,7,Disbursement,Operations,2024-09-23,2024-09-25,2,Completed
S0004820,A000805,1,Application Received,SME Sales,2025-05-24,2025-05-24,0,Completed
S0004821,A000805,2,Initial Screening,SME Sales,2025-05-24,2025-05-26,2,Completed
S0004822,A000805,3,Credit Assessment,Credit,2025-05-26,2025-05-28,2,Completed
S0004823,A000805,4,Risk Review,Risk,2025-05-28,2025-05-31,3,Completed
S0004824,A000805,5,Approval Committee,Credit,2025-05-31,2025-06-01,1,Completed
S0004825,A000805,6,Documentation,Operations,2025-06-01,2025-06-04,3,Completed
S0004826,A000805,7,Disbursement,Operations,2025-06-04,2025-06-06,2,Completed
S0004827,A000806,1,Application Received,SME Sales,2025-12-20,2025-12-20,0,Completed
S0004828,A000806,2,Initial Screening,SME Sales,2025-12-20,2025-12-21,1,Completed
S0004829,A000806,3,Credit Assessment,Credit,2025-12-21,2025-12-27,6,Completed
S0004830,A000806,4,Risk Review,Risk,2025-12-27,2025-12-30,3,Completed
S0004831,A000806,5,Approval Committee,Credit,2025-12-30,2026-01-01,2,Completed
S0004832,A000806,6,Documentation,Operations,2026-01-01,2026-01-06,5,Completed
S0004833,A000806,7,Disbursement,Operations,2026-01-06,2026-01-07,1,Completed
S0004834,A000807,1,Application Received,SME Sales,2025-11-05,2025-11-05,0,Completed
S0004835,A000807,2,Initial Screening,SME Sales,2025-11-05,2025-11-07,2,Completed
S0004836,A000807,3,Credit Assessment,Credit,2025-11-07,2025-11-15,8,Completed
S0004837,A000807,4,Risk Review,Risk,2025-11-15,2025-11-18,3,Completed
S0004838,A000807,5,Approval Committee,Credit,2025-11-18,2025-11-20,2,Completed
S0004839,A000807,6,Documentation,Operations,2025-11-20,2025-11-25,5,Completed
S0004840,A000807,7,Disbursement,Operations,2025-11-25,2025-11-26,1,Completed
S0004841,A000808,1,Application Received,SME Sales,2026-04-03,2026-04-03,0,Completed
S0004842,A000808,2,Initial Screening,SME Sales,2026-04-03,2026-04-06,3,Completed
S0004843,A000808,3,Credit Assessment,Credit,2026-04-06,2026-04-09,3,Completed
S0004844,A000808,4,Risk Review,Risk,2026-04-09,2026-04-12,3,Completed
S0004845,A000808,5,Approval Committee,Credit,2026-04-12,2026-04-13,1,Completed
S0004846,A000808,6,Documentation,Operations,2026-04-13,2026-04-15,2,Completed
S0004847,A000808,7,Disbursement,Operations,2026-04-15,2026-04-17,2,Completed
S0004848,A000809,1,Application Received,SME Sales,2024-08-13,2024-08-14,1,Completed
S0004849,A000809,2,Initial Screening,SME Sales,2024-08-14,2024-08-15,1,Completed
S0004850,A000809,3,Credit Assessment,Credit,2024-08-15,2024-08-20,5,Completed
S0004851,A000810,1,Application Received,SME Sales,2024-06-12,2024-06-13,1,Completed
S0004852,A000810,2,Initial Screening,SME Sales,2024-06-13,2024-06-16,3,Completed
S0004853,A000810,3,Credit Assessment,Credit,2024-06-16,2024-06-19,3,Completed
S0004854,A000810,4,Risk Review,Risk,2024-06-19,2024-06-20,1,Completed
S0004855,A000810,5,Approval Committee,Credit,2024-06-20,2024-06-22,2,Completed
S0004856,A000810,6,Documentation,Operations,2024-06-22,2024-06-27,5,Completed
S0004857,A000810,7,Disbursement,Operations,2024-06-27,2024-06-28,1,Completed
S0004858,A000811,1,Application Received,SME Sales,2025-06-30,2025-06-30,0,Completed
S0004859,A000811,2,Initial Screening,SME Sales,2025-06-30,2025-07-02,2,Completed
S0004860,A000811,3,Credit Assessment,Credit,2025-07-02,2025-07-04,2,Completed
S0004861,A000811,4,Risk Review,Risk,2025-07-04,2025-07-05,1,Completed
S0004862,A000811,5,Approval Committee,Credit,2025-07-05,2025-07-07,2,Completed
S0004863,A000811,6,Documentation,Operations,2025-07-07,2025-07-11,4,Completed
S0004864,A000811,7,Disbursement,Operations,2025-07-11,2025-07-13,2,Completed
S0004865,A000812,1,Application Received,SME Sales,2025-09-20,2025-09-20,0,Completed
S0004866,A000812,2,Initial Screening,SME Sales,2025-09-20,2025-09-21,1,Completed
S0004867,A000812,3,Credit Assessment,Credit,2025-09-21,2025-09-25,4,Completed
S0004868,A000812,4,Risk Review,Risk,2025-09-25,2025-09-26,1,Completed
S0004869,A000813,1,Application Received,SME Sales,2024-10-26,2024-10-27,1,Completed
S0004870,A000813,2,Initial Screening,SME Sales,2024-10-27,2024-10-29,2,Completed
S0004871,A000813,3,Credit Assessment,Credit,2024-10-29,2024-11-02,4,Completed
S0004872,A000813,4,Risk Review,Risk,2024-11-02,2024-11-03,1,Completed
S0004873,A000813,5,Approval Committee,Credit,2024-11-03,2024-11-04,1,Completed
S0004874,A000813,6,Documentation,Operations,2024-11-04,2024-11-06,2,Completed
S0004875,A000813,7,Disbursement,Operations,2024-11-06,2024-11-08,2,Completed
S0004876,A000814,1,Application Received,SME Sales,2026-06-03,2026-06-04,1,Completed
S0004877,A000814,2,Initial Screening,SME Sales,2026-06-04,2026-06-05,1,Completed
S0004878,A000814,3,Credit Assessment,Credit,2026-06-05,2026-06-11,6,Completed
S0004879,A000814,4,Risk Review,Risk,2026-06-11,2026-06-13,2,Completed
S0004880,A000815,1,Application Received,SME Sales,2026-06-20,2026-06-20,0,Completed
S0004881,A000815,2,Initial Screening,SME Sales,2026-06-20,2026-06-23,3,Completed
S0004882,A000815,3,Credit Assessment,Credit,2026-06-23,2026-06-28,5,Completed
S0004883,A000815,4,Risk Review,Risk,2026-06-28,2026-06-29,1,Completed
S0004884,A000815,5,Approval Committee,Credit,2026-06-29,2026-07-01,2,Completed
S0004885,A000815,6,Documentation,Operations,2026-07-01,2026-07-03,2,Completed
S0004886,A000815,7,Disbursement,Operations,2026-07-03,2026-07-05,2,Completed
S0004887,A000816,1,Application Received,SME Sales,2026-05-19,2026-05-20,1,Completed
S0004888,A000816,2,Initial Screening,SME Sales,2026-05-20,2026-05-23,3,Completed
S0004889,A000816,3,Credit Assessment,Credit,2026-05-23,2026-05-27,4,Completed
S0004890,A000816,4,Risk Review,Risk,2026-05-27,2026-05-29,2,Completed
S0004891,A000816,5,Approval Committee,Credit,2026-05-29,2026-05-31,2,Completed
S0004892,A000816,6,Documentation,Operations,2026-05-31,2026-06-05,5,Completed
S0004893,A000816,7,Disbursement,Operations,2026-06-05,2026-06-07,2,Completed
S0004894,A000817,1,Application Received,SME Sales,2024-10-01,2024-10-01,0,Completed
S0004895,A000817,2,Initial Screening,SME Sales,2024-10-01,2024-10-04,3,Completed
S0004896,A000817,3,Credit Assessment,Credit,2024-10-04,2024-10-07,3,Completed
S0004897,A000817,4,Risk Review,Risk,2024-10-07,2024-10-11,4,Completed
S0004898,A000817,5,Approval Committee,Credit,2024-10-11,2024-10-12,1,Completed
S0004899,A000818,1,Application Received,SME Sales,2025-12-08,2025-12-08,0,Completed
S0004900,A000818,2,Initial Screening,SME Sales,2025-12-08,2025-12-10,2,Completed
S0004901,A000818,3,Credit Assessment,Credit,2025-12-10,2025-12-14,4,Completed
S0004902,A000818,4,Risk Review,Risk,2025-12-14,2025-12-18,4,Completed
S0004903,A000818,5,Approval Committee,Credit,2025-12-18,2025-12-19,1,Completed
S0004904,A000818,6,Documentation,Operations,2025-12-19,2025-12-22,3,Completed
S0004905,A000818,7,Disbursement,Operations,2025-12-22,2025-12-24,2,Completed
S0004906,A000819,1,Application Received,SME Sales,2025-01-14,2025-01-15,1,Completed
S0004907,A000819,2,Initial Screening,SME Sales,2025-01-15,2025-01-17,2,Completed
S0004908,A000819,3,Credit Assessment,Credit,2025-01-17,2025-01-26,9,Completed
S0004909,A000819,4,Risk Review,Risk,2025-01-26,2025-01-27,1,Completed
S0004910,A000819,5,Approval Committee,Credit,2025-01-27,2025-01-29,2,Completed
S0004911,A000819,6,Documentation,Operations,2025-01-29,2025-01-31,2,Completed
S0004912,A000819,7,Disbursement,Operations,2025-01-31,2025-02-01,1,Completed
S0004913,A000820,1,Application Received,SME Sales,2026-09-19,2026-09-19,0,Completed
S0004914,A000820,2,Initial Screening,SME Sales,2026-09-19,2026-09-21,2,Completed
S0004915,A000820,3,Credit Assessment,Credit,2026-09-21,2026-09-25,4,Completed
S0004916,A000820,4,Risk Review,Risk,2026-09-25,2026-09-27,2,Completed
S0004917,A000820,5,Approval Committee,Credit,2026-09-27,2026-09-29,2,Completed
S0004918,A000820,6,Documentation,Operations,2026-09-29,2026-09-30,1,Completed
S0004919,A000820,7,Disbursement,Operations,2026-09-30,2026-09-30,0,Completed
S0004920,A000821,1,Application Received,SME Sales,2025-10-15,2025-10-15,0,Completed
S0004921,A000821,2,Initial Screening,SME Sales,2025-10-15,2025-10-18,3,Completed
S0004922,A000821,3,Credit Assessment,Credit,2025-10-18,2025-10-24,6,Completed
S0004923,A000821,4,Risk Review,Risk,2025-10-24,2025-10-25,1,Completed
S0004924,A000822,1,Application Received,SME Sales,2025-10-23,2025-10-23,0,Completed
S0004925,A000822,2,Initial Screening,SME Sales,2025-10-23,2025-10-26,3,Completed
S0004926,A000822,3,Credit Assessment,Credit,2025-10-26,2025-10-30,4,Completed
S0004927,A000822,4,Risk Review,Risk,2025-10-30,2025-11-02,3,Completed
S0004928,A000822,5,Approval Committee,Credit,2025-11-02,2025-11-03,1,Completed
S0004929,A000822,6,Documentation,Operations,2025-11-03,2025-11-05,2,Completed
S0004930,A000822,7,Disbursement,Operations,2025-11-05,2025-11-07,2,Completed
S0004931,A000823,1,Application Received,SME Sales,2026-04-15,2026-04-16,1,Completed
S0004932,A000823,2,Initial Screening,SME Sales,2026-04-16,2026-04-18,2,Completed
S0004933,A000823,3,Credit Assessment,Credit,2026-04-18,2026-04-21,3,Completed
S0004934,A000823,4,Risk Review,Risk,2026-04-21,2026-04-24,3,Completed
S0004935,A000823,5,Approval Committee,Credit,2026-04-24,2026-04-25,1,Completed
S0004936,A000823,6,Documentation,Operations,2026-04-25,2026-04-29,4,Completed
S0004937,A000823,7,Disbursement,Operations,2026-04-29,2026-04-30,1,Completed
S0004938,A000824,1,Application Received,SME Sales,2024-04-15,2024-04-16,1,Completed
S0004939,A000824,2,Initial Screening,SME Sales,2024-04-16,2024-04-17,1,Completed
S0004940,A000824,3,Credit Assessment,Credit,2024-04-17,2024-04-22,5,Completed
S0004941,A000824,4,Risk Review,Risk,2024-04-22,2024-04-23,1,Completed
S0004942,A000824,5,Approval Committee,Credit,2024-04-23,2024-04-26,3,Completed
S0004943,A000824,6,Documentation,Operations,2024-04-26,2024-05-01,5,Completed
S0004944,A000824,7,Disbursement,Operations,2024-05-01,2024-05-02,1,Completed
S0004945,A000825,1,Application Received,SME Sales,2025-12-30,2025-12-31,1,Completed
S0004946,A000825,2,Initial Screening,SME Sales,2025-12-31,2026-01-01,1,Completed
S0004947,A000825,3,Credit Assessment,Credit,2026-01-01,2026-01-07,6,Completed
S0004948,A000826,1,Application Received,SME Sales,2025-07-06,2025-07-06,0,Completed
S0004949,A000826,2,Initial Screening,SME Sales,2025-07-06,2025-07-08,2,Completed
S0004950,A000826,3,Credit Assessment,Credit,2025-07-08,2025-07-13,5,Completed
S0004951,A000826,4,Risk Review,Risk,2025-07-13,2025-07-14,1,Completed
S0004952,A000826,5,Approval Committee,Credit,2025-07-14,2025-07-15,1,Completed
S0004953,A000826,6,Documentation,Operations,2025-07-15,2025-07-17,2,Completed
S0004954,A000826,7,Disbursement,Operations,2025-07-17,2025-07-18,1,Completed
S0004955,A000827,1,Application Received,SME Sales,2025-02-13,2025-02-14,1,Completed
S0004956,A000827,2,Initial Screening,SME Sales,2025-02-14,2025-02-16,2,Completed
S0004957,A000827,3,Credit Assessment,Credit,2025-02-16,2025-02-22,6,Completed
S0004958,A000827,4,Risk Review,Risk,2025-02-22,2025-02-23,1,Completed
S0004959,A000827,5,Approval Committee,Credit,2025-02-23,2025-02-26,3,Completed
S0004960,A000827,6,Documentation,Operations,2025-02-26,2025-03-01,3,Completed
S0004961,A000827,7,Disbursement,Operations,2025-03-01,2025-03-02,1,Completed
S0004962,A000828,1,Application Received,SME Sales,2026-06-14,2026-06-15,1,Completed
S0004963,A000828,2,Initial Screening,SME Sales,2026-06-15,2026-06-16,1,Completed
S0004964,A000828,3,Credit Assessment,Credit,2026-06-16,2026-06-20,4,Completed
S0004965,A000828,4,Risk Review,Risk,2026-06-20,2026-06-23,3,Completed
S0004966,A000828,5,Approval Committee,Credit,2026-06-23,2026-06-25,2,Completed
S0004967,A000828,6,Documentation,Operations,2026-06-25,2026-06-29,4,Completed
S0004968,A000828,7,Disbursement,Operations,2026-06-29,2026-07-01,2,Completed
S0004969,A000829,1,Application Received,SME Sales,2025-10-15,2025-10-16,1,Completed
S0004970,A000829,2,Initial Screening,SME Sales,2025-10-16,2025-10-17,1,Completed
S0004971,A000829,3,Credit Assessment,Credit,2025-10-17,2025-10-21,4,Completed
S0004972,A000829,4,Risk Review,Risk,2025-10-21,2025-10-25,4,Completed
S0004973,A000829,5,Approval Committee,Credit,2025-10-25,2025-10-26,1,Completed
S0004974,A000829,6,Documentation,Operations,2025-10-26,2025-10-28,2,Completed
S0004975,A000829,7,Disbursement,Operations,2025-10-28,2025-10-29,1,Completed
S0004976,A000830,1,Application Received,SME Sales,2024-01-08,2024-01-08,0,Completed
S0004977,A000830,2,Initial Screening,SME Sales,2024-01-08,2024-01-10,2,Completed
S0004978,A000830,3,Credit Assessment,Credit,2024-01-10,2024-01-12,2,Completed
S0004979,A000830,4,Risk Review,Risk,2024-01-12,2024-01-14,2,Completed
S0004980,A000831,1,Application Received,SME Sales,2026-07-30,2026-07-31,1,Completed
S0004981,A000831,2,Initial Screening,SME Sales,2026-07-31,2026-08-02,2,Completed
S0004982,A000831,3,Credit Assessment,Credit,2026-08-02,2026-08-08,6,Completed
S0004983,A000831,4,Risk Review,Risk,2026-08-08,2026-08-12,4,Completed
S0004984,A000831,5,Approval Committee,Credit,2026-08-12,2026-08-14,2,Completed
S0004985,A000831,6,Documentation,Operations,2026-08-14,2026-08-17,3,Completed
S0004986,A000831,7,Disbursement,Operations,2026-08-17,2026-08-18,1,Completed
S0004987,A000832,1,Application Received,SME Sales,2026-07-18,2026-07-19,1,Completed
S0004988,A000832,2,Initial Screening,SME Sales,2026-07-19,2026-07-21,2,Completed
S0004989,A000832,3,Credit Assessment,Credit,2026-07-21,2026-07-29,8,Completed
S0004990,A000832,4,Risk Review,Risk,2026-07-29,2026-08-02,4,Completed
S0004991,A000832,5,Approval Committee,Credit,2026-08-02,2026-08-04,2,Completed
S0004992,A000832,6,Documentation,Operations,2026-08-04,2026-08-08,4,Completed
S0004993,A000832,7,Disbursement,Operations,2026-08-08,2026-08-09,1,Completed
S0004994,A000833,1,Application Received,SME Sales,2025-12-09,2025-12-09,0,Completed
S0004995,A000833,2,Initial Screening,SME Sales,2025-12-09,2025-12-12,3,Completed
S0004996,A000833,3,Credit Assessment,Credit,2025-12-12,2025-12-18,6,Completed
S0004997,A000833,4,Risk Review,Risk,2025-12-18,2025-12-22,4,Completed
S0004998,A000833,5,Approval Committee,Credit,2025-12-22,2025-12-23,1,Completed
S0004999,A000833,6,Documentation,Operations,2025-12-23,2025-12-28,5,Completed
S0005000,A000833,7,Disbursement,Operations,2025-12-28,2025-12-29,1,Completed
S0005001,A000834,1,Application Received,SME Sales,2025-03-20,2025-03-20,0,Completed
S0005002,A000834,2,Initial Screening,SME Sales,2025-03-20,2025-03-21,1,Completed
S0005003,A000834,3,Credit Assessment,Credit,2025-03-21,2025-03-25,4,Completed
S0005004,A000834,4,Risk Review,Risk,2025-03-25,2025-03-29,4,Completed
S0005005,A000834,5,Approval Committee,Credit,2025-03-29,2025-03-30,1,Completed
S0005006,A000834,6,Documentation,Operations,2025-03-30,2025-04-04,5,Completed
S0005007,A000834,7,Disbursement,Operations,2025-04-04,2025-04-05,1,Completed
S0005008,A000835,1,Application Received,SME Sales,2025-01-10,2025-01-10,0,Completed
S0005009,A000835,2,Initial Screening,SME Sales,2025-01-10,2025-01-12,2,Completed
S0005010,A000835,3,Credit Assessment,Credit,2025-01-12,2025-01-14,2,Completed
S0005011,A000835,4,Risk Review,Risk,2025-01-14,2025-01-17,3,Completed
S0005012,A000836,1,Application Received,SME Sales,2025-08-16,2025-08-17,1,Completed
S0005013,A000836,2,Initial Screening,SME Sales,2025-08-17,2025-08-19,2,Completed
S0005014,A000836,3,Credit Assessment,Credit,2025-08-19,2025-08-21,2,Completed
S0005015,A000836,4,Risk Review,Risk,2025-08-21,2025-08-25,4,Completed
S0005016,A000836,5,Approval Committee,Credit,2025-08-25,2025-08-27,2,Completed
S0005017,A000836,6,Documentation,Operations,2025-08-27,2025-08-29,2,Completed
S0005018,A000836,7,Disbursement,Operations,2025-08-29,2025-08-31,2,Completed
S0005019,A000837,1,Application Received,SME Sales,2026-08-25,2026-08-25,0,Completed
S0005020,A000837,2,Initial Screening,SME Sales,2026-08-25,2026-08-27,2,Completed
S0005021,A000837,3,Credit Assessment,Credit,2026-08-27,2026-09-01,5,Completed
S0005022,A000837,4,Risk Review,Risk,2026-09-01,,,In Progress
S0005023,A000838,1,Application Received,SME Sales,2025-08-08,2025-08-09,1,Completed
S0005024,A000838,2,Initial Screening,SME Sales,2025-08-09,2025-08-11,2,Completed
S0005025,A000838,3,Credit Assessment,Credit,2025-08-11,2025-08-17,6,Completed
S0005026,A000838,4,Risk Review,Risk,2025-08-17,2025-08-19,2,Completed
S0005027,A000838,5,Approval Committee,Credit,2025-08-19,2025-08-22,3,Completed
S0005028,A000838,6,Documentation,Operations,2025-08-22,2025-08-27,5,Completed
S0005029,A000838,7,Disbursement,Operations,2025-08-27,2025-08-29,2,Completed
S0005030,A000839,1,Application Received,SME Sales,2024-04-01,2024-04-02,1,Completed
S0005031,A000839,2,Initial Screening,SME Sales,2024-04-02,2024-04-04,2,Completed
S0005032,A000839,3,Credit Assessment,Credit,2024-04-04,2024-04-06,2,Completed
S0005033,A000839,4,Risk Review,Risk,2024-04-06,2024-04-07,1,Completed
S0005034,A000839,5,Approval Committee,Credit,2024-04-07,2024-04-08,1,Completed
S0005035,A000839,6,Documentation,Operations,2024-04-08,2024-04-13,5,Completed
S0005036,A000839,7,Disbursement,Operations,2024-04-13,2024-04-14,1,Completed
S0005037,A000840,1,Application Received,SME Sales,2024-09-02,2024-09-03,1,Completed
S0005038,A000840,2,Initial Screening,SME Sales,2024-09-03,2024-09-06,3,Completed
S0005039,A000840,3,Credit Assessment,Credit,2024-09-06,2024-09-12,6,Completed
S0005040,A000840,4,Risk Review,Risk,2024-09-12,2024-09-16,4,Completed
S0005041,A000840,5,Approval Committee,Credit,2024-09-16,2024-09-18,2,Completed
S0005042,A000840,6,Documentation,Operations,2024-09-18,2024-09-21,3,Completed
S0005043,A000840,7,Disbursement,Operations,2024-09-21,2024-09-22,1,Completed
S0005044,A000841,1,Application Received,SME Sales,2024-09-27,2024-09-27,0,Completed
S0005045,A000841,2,Initial Screening,SME Sales,2024-09-27,2024-09-29,2,Completed
S0005046,A000841,3,Credit Assessment,Credit,2024-09-29,2024-10-02,3,Completed
S0005047,A000842,1,Application Received,SME Sales,2025-02-04,2025-02-05,1,Completed
S0005048,A000842,2,Initial Screening,SME Sales,2025-02-05,2025-02-07,2,Completed
S0005049,A000842,3,Credit Assessment,Credit,2025-02-07,2025-02-12,5,Completed
S0005050,A000842,4,Risk Review,Risk,2025-02-12,2025-02-14,2,Completed
S0005051,A000842,5,Approval Committee,Credit,2025-02-14,2025-02-16,2,Completed
S0005052,A000842,6,Documentation,Operations,2025-02-16,2025-02-21,5,Completed
S0005053,A000842,7,Disbursement,Operations,2025-02-21,2025-02-22,1,Completed
S0005054,A000843,1,Application Received,SME Sales,2025-10-29,2025-10-30,1,Completed
S0005055,A000843,2,Initial Screening,SME Sales,2025-10-30,2025-11-01,2,Completed
S0005056,A000843,3,Credit Assessment,Credit,2025-11-01,2025-11-03,2,Completed
S0005057,A000843,4,Risk Review,Risk,2025-11-03,2025-11-06,3,Completed
S0005058,A000843,5,Approval Committee,Credit,2025-11-06,2025-11-08,2,Completed
S0005059,A000843,6,Documentation,Operations,2025-11-08,2025-11-12,4,Completed
S0005060,A000843,7,Disbursement,Operations,2025-11-12,2025-11-14,2,Completed
S0005061,A000844,1,Application Received,SME Sales,2024-02-29,2024-02-29,0,Completed
S0005062,A000844,2,Initial Screening,SME Sales,2024-02-29,2024-03-01,1,Completed
S0005063,A000844,3,Credit Assessment,Credit,2024-03-01,2024-03-09,8,Completed
S0005064,A000844,4,Risk Review,Risk,2024-03-09,2024-03-10,1,Completed
S0005065,A000844,5,Approval Committee,Credit,2024-03-10,2024-03-11,1,Completed
S0005066,A000844,6,Documentation,Operations,2024-03-11,2024-03-15,4,Completed
S0005067,A000844,7,Disbursement,Operations,2024-03-15,2024-03-16,1,Completed
S0005068,A000845,1,Application Received,SME Sales,2025-10-21,2025-10-22,1,Completed
S0005069,A000845,2,Initial Screening,SME Sales,2025-10-22,2025-10-23,1,Completed
S0005070,A000845,3,Credit Assessment,Credit,2025-10-23,2025-10-27,4,Completed
S0005071,A000845,4,Risk Review,Risk,2025-10-27,2025-10-30,3,Completed
S0005072,A000845,5,Approval Committee,Credit,2025-10-30,2025-11-01,2,Completed
S0005073,A000845,6,Documentation,Operations,2025-11-01,2025-11-06,5,Completed
S0005074,A000845,7,Disbursement,Operations,2025-11-06,2025-11-07,1,Completed
S0005075,A000846,1,Application Received,SME Sales,2025-10-10,2025-10-10,0,Completed
S0005076,A000846,2,Initial Screening,SME Sales,2025-10-10,2025-10-11,1,Completed
S0005077,A000846,3,Credit Assessment,Credit,2025-10-11,2025-10-16,5,Completed
S0005078,A000846,4,Risk Review,Risk,2025-10-16,2025-10-18,2,Completed
S0005079,A000846,5,Approval Committee,Credit,2025-10-18,2025-10-19,1,Completed
S0005080,A000846,6,Documentation,Operations,2025-10-19,2025-10-22,3,Completed
S0005081,A000846,7,Disbursement,Operations,2025-10-22,2025-10-24,2,Completed
S0005082,A000847,1,Application Received,SME Sales,2024-12-23,2024-12-24,1,Completed
S0005083,A000847,2,Initial Screening,SME Sales,2024-12-24,2024-12-26,2,Completed
S0005084,A000847,3,Credit Assessment,Credit,2024-12-26,2024-12-28,2,Completed
S0005085,A000848,1,Application Received,SME Sales,2024-12-23,2024-12-23,0,Completed
S0005086,A000848,2,Initial Screening,SME Sales,2024-12-23,2024-12-26,3,Completed
S0005087,A000848,3,Credit Assessment,Credit,2024-12-26,2025-01-01,6,Completed
S0005088,A000848,4,Risk Review,Risk,2025-01-01,2025-01-03,2,Completed
S0005089,A000848,5,Approval Committee,Credit,2025-01-03,2025-01-06,3,Completed
S0005090,A000848,6,Documentation,Operations,2025-01-06,2025-01-10,4,Completed
S0005091,A000848,7,Disbursement,Operations,2025-01-10,2025-01-11,1,Completed
S0005092,A000849,1,Application Received,SME Sales,2024-05-23,2024-05-24,1,Completed
S0005093,A000849,2,Initial Screening,SME Sales,2024-05-24,2024-05-26,2,Completed
S0005094,A000849,3,Credit Assessment,Credit,2024-05-26,2024-05-28,2,Completed
S0005095,A000849,4,Risk Review,Risk,2024-05-28,2024-05-31,3,Completed
S0005096,A000849,5,Approval Committee,Credit,2024-05-31,2024-06-02,2,Completed
S0005097,A000849,6,Documentation,Operations,2024-06-02,2024-06-04,2,Completed
S0005098,A000849,7,Disbursement,Operations,2024-06-04,2024-06-06,2,Completed
S0005099,A000850,1,Application Received,SME Sales,2025-05-05,2025-05-05,0,Completed
S0005100,A000850,2,Initial Screening,SME Sales,2025-05-05,2025-05-08,3,Completed
S0005101,A000850,3,Credit Assessment,Credit,2025-05-08,2025-05-10,2,Completed
S0005102,A000850,4,Risk Review,Risk,2025-05-10,2025-05-14,4,Completed
S0005103,A000850,5,Approval Committee,Credit,2025-05-14,2025-05-15,1,Completed
S0005104,A000851,1,Application Received,SME Sales,2026-03-12,2026-03-13,1,Completed
S0005105,A000851,2,Initial Screening,SME Sales,2026-03-13,2026-03-14,1,Completed
S0005106,A000851,3,Credit Assessment,Credit,2026-03-14,2026-03-17,3,Completed
S0005107,A000851,4,Risk Review,Risk,2026-03-17,2026-03-21,4,Completed
S0005108,A000851,5,Approval Committee,Credit,2026-03-21,2026-03-22,1,Completed
S0005109,A000851,6,Documentation,Operations,2026-03-22,2026-03-25,3,Completed
S0005110,A000851,7,Disbursement,Operations,2026-03-25,2026-03-27,2,Completed
S0005111,A000852,1,Application Received,SME Sales,2024-03-28,2024-03-28,0,Completed
S0005112,A000852,2,Initial Screening,SME Sales,2024-03-28,2024-03-31,3,Completed
S0005113,A000852,3,Credit Assessment,Credit,2024-03-31,2024-04-03,3,Completed
S0005114,A000852,4,Risk Review,Risk,2024-04-03,2024-04-05,2,Completed
S0005115,A000852,5,Approval Committee,Credit,2024-04-05,2024-04-07,2,Completed
S0005116,A000852,6,Documentation,Operations,2024-04-07,2024-04-09,2,Completed
S0005117,A000852,7,Disbursement,Operations,2024-04-09,2024-04-10,1,Completed
S0005118,A000853,1,Application Received,SME Sales,2025-08-02,2025-08-02,0,Completed
S0005119,A000853,2,Initial Screening,SME Sales,2025-08-02,2025-08-04,2,Completed
S0005120,A000853,3,Credit Assessment,Credit,2025-08-04,2025-08-09,5,Completed
S0005121,A000853,4,Risk Review,Risk,2025-08-09,2025-08-11,2,Completed
S0005122,A000853,5,Approval Committee,Credit,2025-08-11,2025-08-13,2,Completed
S0005123,A000853,6,Documentation,Operations,2025-08-13,2025-08-16,3,Completed
S0005124,A000853,7,Disbursement,Operations,2025-08-16,2025-08-17,1,Completed
S0005125,A000854,1,Application Received,SME Sales,2025-06-28,2025-06-28,0,Completed
S0005126,A000854,2,Initial Screening,SME Sales,2025-06-28,2025-06-30,2,Completed
S0005127,A000854,3,Credit Assessment,Credit,2025-06-30,2025-07-03,3,Completed
S0005128,A000854,4,Risk Review,Risk,2025-07-03,2025-07-07,4,Completed
S0005129,A000854,5,Approval Committee,Credit,2025-07-07,2025-07-09,2,Completed
S0005130,A000854,6,Documentation,Operations,2025-07-09,2025-07-14,5,Completed
S0005131,A000854,7,Disbursement,Operations,2025-07-14,2025-07-16,2,Completed
S0005132,A000855,1,Application Received,SME Sales,2026-09-03,2026-09-04,1,Completed
S0005133,A000855,2,Initial Screening,SME Sales,2026-09-04,2026-09-07,3,Completed
S0005134,A000855,3,Credit Assessment,Credit,2026-09-07,2026-09-11,4,Completed
S0005135,A000855,4,Risk Review,Risk,2026-09-11,2026-09-12,1,Completed
S0005136,A000856,1,Application Received,SME Sales,2025-10-29,2025-10-30,1,Completed
S0005137,A000856,2,Initial Screening,SME Sales,2025-10-30,2025-11-01,2,Completed
S0005138,A000856,3,Credit Assessment,Credit,2025-11-01,2025-11-09,8,Completed
S0005139,A000856,4,Risk Review,Risk,2025-11-09,2025-11-13,4,Completed
S0005140,A000856,5,Approval Committee,Credit,2025-11-13,2025-11-15,2,Completed
S0005141,A000856,6,Documentation,Operations,2025-11-15,2025-11-18,3,Completed
S0005142,A000856,7,Disbursement,Operations,2025-11-18,2025-11-20,2,Completed
S0005143,A000857,1,Application Received,SME Sales,2025-10-03,2025-10-04,1,Completed
S0005144,A000857,2,Initial Screening,SME Sales,2025-10-04,2025-10-07,3,Completed
S0005145,A000857,3,Credit Assessment,Credit,2025-10-07,2025-10-13,6,Completed
S0005146,A000857,4,Risk Review,Risk,2025-10-13,2025-10-15,2,Completed
S0005147,A000857,5,Approval Committee,Credit,2025-10-15,2025-10-16,1,Completed
S0005148,A000857,6,Documentation,Operations,2025-10-16,2025-10-19,3,Completed
S0005149,A000857,7,Disbursement,Operations,2025-10-19,2025-10-21,2,Completed
S0005150,A000858,1,Application Received,SME Sales,2025-08-08,2025-08-09,1,Completed
S0005151,A000858,2,Initial Screening,SME Sales,2025-08-09,2025-08-11,2,Completed
S0005152,A000858,3,Credit Assessment,Credit,2025-08-11,2025-08-16,5,Completed
S0005153,A000858,4,Risk Review,Risk,2025-08-16,2025-08-18,2,Completed
S0005154,A000858,5,Approval Committee,Credit,2025-08-18,2025-08-21,3,Completed
S0005155,A000858,6,Documentation,Operations,2025-08-21,2025-08-26,5,Completed
S0005156,A000858,7,Disbursement,Operations,2025-08-26,2025-08-28,2,Completed
S0005157,A000859,1,Application Received,SME Sales,2026-06-26,2026-06-27,1,Completed
S0005158,A000859,2,Initial Screening,SME Sales,2026-06-27,2026-06-30,3,Completed
S0005159,A000859,3,Credit Assessment,Credit,2026-06-30,2026-07-06,6,Completed
S0005160,A000859,4,Risk Review,Risk,2026-07-06,2026-07-07,1,Completed
S0005161,A000859,5,Approval Committee,Credit,2026-07-07,2026-07-10,3,Completed
S0005162,A000859,6,Documentation,Operations,2026-07-10,2026-07-14,4,Completed
S0005163,A000859,7,Disbursement,Operations,2026-07-14,2026-07-15,1,Completed
S0005164,A000860,1,Application Received,SME Sales,2025-04-25,2025-04-26,1,Completed
S0005165,A000860,2,Initial Screening,SME Sales,2025-04-26,2025-04-29,3,Completed
S0005166,A000860,3,Credit Assessment,Credit,2025-04-29,2025-05-04,5,Completed
S0005167,A000860,4,Risk Review,Risk,2025-05-04,2025-05-08,4,Completed
S0005168,A000860,5,Approval Committee,Credit,2025-05-08,2025-05-11,3,Completed
S0005169,A000860,6,Documentation,Operations,2025-05-11,2025-05-14,3,Completed
S0005170,A000860,7,Disbursement,Operations,2025-05-14,2025-05-15,1,Completed
S0005171,A000861,1,Application Received,SME Sales,2025-11-25,2025-11-25,0,Completed
S0005172,A000861,2,Initial Screening,SME Sales,2025-11-25,2025-11-26,1,Completed
S0005173,A000861,3,Credit Assessment,Credit,2025-11-26,2025-12-01,5,Completed
S0005174,A000862,1,Application Received,SME Sales,2025-11-02,2025-11-02,0,Completed
S0005175,A000862,2,Initial Screening,SME Sales,2025-11-02,2025-11-05,3,Completed
S0005176,A000862,3,Credit Assessment,Credit,2025-11-05,2025-11-09,4,Completed
S0005177,A000862,4,Risk Review,Risk,2025-11-09,2025-11-13,4,Completed
S0005178,A000862,5,Approval Committee,Credit,2025-11-13,2025-11-15,2,Completed
S0005179,A000862,6,Documentation,Operations,2025-11-15,2025-11-17,2,Completed
S0005180,A000862,7,Disbursement,Operations,2025-11-17,2025-11-19,2,Completed
S0005181,A000863,1,Application Received,SME Sales,2026-08-07,2026-08-07,0,Completed
S0005182,A000863,2,Initial Screening,SME Sales,2026-08-07,2026-08-09,2,Completed
S0005183,A000863,3,Credit Assessment,Credit,2026-08-09,2026-08-11,2,Completed
S0005184,A000863,4,Risk Review,Risk,2026-08-11,2026-08-13,2,Completed
S0005185,A000863,5,Approval Committee,Credit,2026-08-13,2026-08-16,3,Completed
S0005186,A000863,6,Documentation,Operations,2026-08-16,2026-08-19,3,Completed
S0005187,A000863,7,Disbursement,Operations,2026-08-19,2026-08-20,1,Completed
S0005188,A000864,1,Application Received,SME Sales,2025-06-21,2025-06-21,0,Completed
S0005189,A000864,2,Initial Screening,SME Sales,2025-06-21,2025-06-22,1,Completed
S0005190,A000864,3,Credit Assessment,Credit,2025-06-22,2025-06-26,4,Completed
S0005191,A000864,4,Risk Review,Risk,2025-06-26,2025-06-27,1,Completed
S0005192,A000864,5,Approval Committee,Credit,2025-06-27,2025-06-30,3,Completed
S0005193,A000864,6,Documentation,Operations,2025-06-30,2025-07-02,2,Completed
S0005194,A000864,7,Disbursement,Operations,2025-07-02,2025-07-03,1,Completed
S0005195,A000865,1,Application Received,SME Sales,2026-01-16,2026-01-17,1,Completed
S0005196,A000865,2,Initial Screening,SME Sales,2026-01-17,2026-01-19,2,Completed
S0005197,A000865,3,Credit Assessment,Credit,2026-01-19,2026-01-23,4,Completed
S0005198,A000865,4,Risk Review,Risk,2026-01-23,2026-01-24,1,Completed
S0005199,A000865,5,Approval Committee,Credit,2026-01-24,2026-01-25,1,Completed
S0005200,A000865,6,Documentation,Operations,2026-01-25,2026-01-28,3,Completed
S0005201,A000865,7,Disbursement,Operations,2026-01-28,2026-01-30,2,Completed
S0005202,A000866,1,Application Received,SME Sales,2025-02-14,2025-02-14,0,Completed
S0005203,A000866,2,Initial Screening,SME Sales,2025-02-14,2025-02-17,3,Completed
S0005204,A000866,3,Credit Assessment,Credit,2025-02-17,2025-02-19,2,Completed
S0005205,A000866,4,Risk Review,Risk,2025-02-19,2025-02-20,1,Completed
S0005206,A000866,5,Approval Committee,Credit,2025-02-20,2025-02-23,3,Completed
S0005207,A000866,6,Documentation,Operations,2025-02-23,2025-02-26,3,Completed
S0005208,A000866,7,Disbursement,Operations,2025-02-26,2025-02-28,2,Completed
S0005209,A000867,1,Application Received,SME Sales,2026-05-14,2026-05-14,0,Completed
S0005210,A000867,2,Initial Screening,SME Sales,2026-05-14,2026-05-15,1,Completed
S0005211,A000867,3,Credit Assessment,Credit,2026-05-15,2026-05-17,2,Completed
S0005212,A000867,4,Risk Review,Risk,2026-05-17,2026-05-20,3,Completed
S0005213,A000867,5,Approval Committee,Credit,2026-05-20,2026-05-22,2,Completed
S0005214,A000867,6,Documentation,Operations,2026-05-22,2026-05-25,3,Completed
S0005215,A000867,7,Disbursement,Operations,2026-05-25,2026-05-27,2,Completed
S0005216,A000868,1,Application Received,SME Sales,2024-02-09,2024-02-09,0,Completed
S0005217,A000868,2,Initial Screening,SME Sales,2024-02-09,2024-02-11,2,Completed
S0005218,A000868,3,Credit Assessment,Credit,2024-02-11,2024-02-17,6,Completed
S0005219,A000868,4,Risk Review,Risk,2024-02-17,2024-02-20,3,Completed
S0005220,A000868,5,Approval Committee,Credit,2024-02-20,2024-02-21,1,Completed
S0005221,A000868,6,Documentation,Operations,2024-02-21,2024-02-25,4,Completed
S0005222,A000868,7,Disbursement,Operations,2024-02-25,2024-02-26,1,Completed
S0005223,A000869,1,Application Received,SME Sales,2026-03-01,2026-03-01,0,Completed
S0005224,A000869,2,Initial Screening,SME Sales,2026-03-01,2026-03-04,3,Completed
S0005225,A000869,3,Credit Assessment,Credit,2026-03-04,2026-03-09,5,Completed
S0005226,A000869,4,Risk Review,Risk,2026-03-09,2026-03-13,4,Completed
S0005227,A000869,5,Approval Committee,Credit,2026-03-13,2026-03-14,1,Completed
S0005228,A000869,6,Documentation,Operations,2026-03-14,2026-03-19,5,Completed
S0005229,A000869,7,Disbursement,Operations,2026-03-19,2026-03-20,1,Completed
S0005230,A000870,1,Application Received,SME Sales,2024-12-27,2024-12-28,1,Completed
S0005231,A000870,2,Initial Screening,SME Sales,2024-12-28,2024-12-30,2,Completed
S0005232,A000870,3,Credit Assessment,Credit,2024-12-30,2025-01-01,2,Completed
S0005233,A000871,1,Application Received,SME Sales,2024-02-22,2024-02-23,1,Completed
S0005234,A000871,2,Initial Screening,SME Sales,2024-02-23,2024-02-25,2,Completed
S0005235,A000871,3,Credit Assessment,Credit,2024-02-25,2024-02-28,3,Completed
S0005236,A000871,4,Risk Review,Risk,2024-02-28,2024-03-03,4,Completed
S0005237,A000871,5,Approval Committee,Credit,2024-03-03,2024-03-06,3,Completed
S0005238,A000871,6,Documentation,Operations,2024-03-06,2024-03-09,3,Completed
S0005239,A000871,7,Disbursement,Operations,2024-03-09,2024-03-10,1,Completed
S0005240,A000872,1,Application Received,SME Sales,2024-11-27,2024-11-28,1,Completed
S0005241,A000872,2,Initial Screening,SME Sales,2024-11-28,2024-11-30,2,Completed
S0005242,A000872,3,Credit Assessment,Credit,2024-11-30,2024-12-06,6,Completed
S0005243,A000872,4,Risk Review,Risk,2024-12-06,2024-12-08,2,Completed
S0005244,A000872,5,Approval Committee,Credit,2024-12-08,2024-12-09,1,Completed
S0005245,A000872,6,Documentation,Operations,2024-12-09,2024-12-13,4,Completed
S0005246,A000872,7,Disbursement,Operations,2024-12-13,2024-12-14,1,Completed
S0005247,A000873,1,Application Received,SME Sales,2026-05-15,2026-05-15,0,Completed
S0005248,A000873,2,Initial Screening,SME Sales,2026-05-15,2026-05-17,2,Completed
S0005249,A000873,3,Credit Assessment,Credit,2026-05-17,2026-05-19,2,Completed
S0005250,A000873,4,Risk Review,Risk,2026-05-19,2026-05-21,2,Completed
S0005251,A000873,5,Approval Committee,Credit,2026-05-21,2026-05-23,2,Completed
S0005252,A000873,6,Documentation,Operations,2026-05-23,2026-05-25,2,Completed
S0005253,A000873,7,Disbursement,Operations,2026-05-25,2026-05-27,2,Completed
S0005254,A000874,1,Application Received,SME Sales,2024-09-20,2024-09-20,0,Completed
S0005255,A000874,2,Initial Screening,SME Sales,2024-09-20,2024-09-21,1,Completed
S0005256,A000874,3,Credit Assessment,Credit,2024-09-21,2024-09-23,2,Completed
S0005257,A000874,4,Risk Review,Risk,2024-09-23,2024-09-26,3,Completed
S0005258,A000874,5,Approval Committee,Credit,2024-09-26,2024-09-27,1,Completed
S0005259,A000874,6,Documentation,Operations,2024-09-27,2024-09-29,2,Completed
S0005260,A000874,7,Disbursement,Operations,2024-09-29,2024-10-01,2,Completed
S0005261,A000875,1,Application Received,SME Sales,2026-05-02,2026-05-03,1,Completed
S0005262,A000875,2,Initial Screening,SME Sales,2026-05-03,2026-05-06,3,Completed
S0005263,A000875,3,Credit Assessment,Credit,2026-05-06,2026-05-14,8,Completed
S0005264,A000875,4,Risk Review,Risk,2026-05-14,2026-05-15,1,Completed
S0005265,A000875,5,Approval Committee,Credit,2026-05-15,2026-05-17,2,Completed
S0005266,A000875,6,Documentation,Operations,2026-05-17,2026-05-20,3,Completed
S0005267,A000875,7,Disbursement,Operations,2026-05-20,2026-05-21,1,Completed
S0005268,A000876,1,Application Received,SME Sales,2024-05-08,2024-05-09,1,Completed
S0005269,A000876,2,Initial Screening,SME Sales,2024-05-09,2024-05-12,3,Completed
S0005270,A000876,3,Credit Assessment,Credit,2024-05-12,2024-05-16,4,Completed
S0005271,A000877,1,Application Received,SME Sales,2024-04-02,2024-04-02,0,Completed
S0005272,A000877,2,Initial Screening,SME Sales,2024-04-02,2024-04-04,2,Completed
S0005273,A000877,3,Credit Assessment,Credit,2024-04-04,2024-04-10,6,Completed
S0005274,A000877,4,Risk Review,Risk,2024-04-10,2024-04-14,4,Completed
S0005275,A000877,5,Approval Committee,Credit,2024-04-14,2024-04-16,2,Completed
S0005276,A000877,6,Documentation,Operations,2024-04-16,2024-04-20,4,Completed
S0005277,A000877,7,Disbursement,Operations,2024-04-20,2024-04-21,1,Completed
S0005278,A000878,1,Application Received,SME Sales,2024-05-15,2024-05-15,0,Completed
S0005279,A000878,2,Initial Screening,SME Sales,2024-05-15,2024-05-17,2,Completed
S0005280,A000878,3,Credit Assessment,Credit,2024-05-17,2024-05-23,6,Completed
S0005281,A000878,4,Risk Review,Risk,2024-05-23,2024-05-24,1,Completed
S0005282,A000878,5,Approval Committee,Credit,2024-05-24,2024-05-26,2,Completed
S0005283,A000878,6,Documentation,Operations,2024-05-26,2024-05-29,3,Completed
S0005284,A000878,7,Disbursement,Operations,2024-05-29,2024-05-30,1,Completed
S0005285,A000879,1,Application Received,SME Sales,2025-12-25,2025-12-26,1,Completed
S0005286,A000879,2,Initial Screening,SME Sales,2025-12-26,2025-12-27,1,Completed
S0005287,A000879,3,Credit Assessment,Credit,2025-12-27,2026-01-01,5,Completed
S0005288,A000879,4,Risk Review,Risk,2026-01-01,2026-01-03,2,Completed
S0005289,A000879,5,Approval Committee,Credit,2026-01-03,2026-01-05,2,Completed
S0005290,A000879,6,Documentation,Operations,2026-01-05,2026-01-08,3,Completed
S0005291,A000879,7,Disbursement,Operations,2026-01-08,2026-01-09,1,Completed
S0005292,A000880,1,Application Received,SME Sales,2025-10-19,2025-10-20,1,Completed
S0005293,A000880,2,Initial Screening,SME Sales,2025-10-20,2025-10-21,1,Completed
S0005294,A000880,3,Credit Assessment,Credit,2025-10-21,2025-10-26,5,Completed
S0005295,A000880,4,Risk Review,Risk,2025-10-26,2025-10-27,1,Completed
S0005296,A000880,5,Approval Committee,Credit,2025-10-27,2025-10-28,1,Completed
S0005297,A000880,6,Documentation,Operations,2025-10-28,2025-10-30,2,Completed
S0005298,A000880,7,Disbursement,Operations,2025-10-30,2025-10-31,1,Completed
S0005299,A000881,1,Application Received,SME Sales,2024-06-14,2024-06-14,0,Completed
S0005300,A000881,2,Initial Screening,SME Sales,2024-06-14,2024-06-15,1,Completed
S0005301,A000881,3,Credit Assessment,Credit,2024-06-15,2024-06-19,4,Completed
S0005302,A000881,4,Risk Review,Risk,2024-06-19,2024-06-23,4,Completed
S0005303,A000881,5,Approval Committee,Credit,2024-06-23,2024-06-24,1,Completed
S0005304,A000881,6,Documentation,Operations,2024-06-24,2024-06-29,5,Completed
S0005305,A000881,7,Disbursement,Operations,2024-06-29,2024-06-30,1,Completed
S0005306,A000882,1,Application Received,SME Sales,2024-03-18,2024-03-19,1,Completed
S0005307,A000882,2,Initial Screening,SME Sales,2024-03-19,2024-03-20,1,Completed
S0005308,A000882,3,Credit Assessment,Credit,2024-03-20,2024-03-23,3,Completed
S0005309,A000882,4,Risk Review,Risk,2024-03-23,2024-03-26,3,Completed
S0005310,A000882,5,Approval Committee,Credit,2024-03-26,2024-03-28,2,Completed
S0005311,A000882,6,Documentation,Operations,2024-03-28,2024-04-01,4,Completed
S0005312,A000882,7,Disbursement,Operations,2024-04-01,2024-04-03,2,Completed
S0005313,A000883,1,Application Received,SME Sales,2025-09-01,2025-09-02,1,Completed
S0005314,A000883,2,Initial Screening,SME Sales,2025-09-02,2025-09-05,3,Completed
S0005315,A000883,3,Credit Assessment,Credit,2025-09-05,2025-09-11,6,Completed
S0005316,A000883,4,Risk Review,Risk,2025-09-11,2025-09-13,2,Completed
S0005317,A000883,5,Approval Committee,Credit,2025-09-13,2025-09-14,1,Completed
S0005318,A000883,6,Documentation,Operations,2025-09-14,2025-09-17,3,Completed
S0005319,A000883,7,Disbursement,Operations,2025-09-17,2025-09-18,1,Completed
S0005320,A000884,1,Application Received,SME Sales,2025-07-22,2025-07-22,0,Completed
S0005321,A000884,2,Initial Screening,SME Sales,2025-07-22,2025-07-25,3,Completed
S0005322,A000884,3,Credit Assessment,Credit,2025-07-25,2025-07-27,2,Completed
S0005323,A000884,4,Risk Review,Risk,2025-07-27,2025-07-30,3,Completed
S0005324,A000885,1,Application Received,SME Sales,2025-09-11,2025-09-11,0,Completed
S0005325,A000885,2,Initial Screening,SME Sales,2025-09-11,2025-09-14,3,Completed
S0005326,A000885,3,Credit Assessment,Credit,2025-09-14,2025-09-17,3,Completed
S0005327,A000886,1,Application Received,SME Sales,2026-06-28,2026-06-28,0,Completed
S0005328,A000886,2,Initial Screening,SME Sales,2026-06-28,2026-06-29,1,Completed
S0005329,A000886,3,Credit Assessment,Credit,2026-06-29,2026-07-07,8,Completed
S0005330,A000886,4,Risk Review,Risk,2026-07-07,2026-07-09,2,Completed
S0005331,A000886,5,Approval Committee,Credit,2026-07-09,2026-07-11,2,Completed
S0005332,A000886,6,Documentation,Operations,2026-07-11,2026-07-15,4,Completed
S0005333,A000886,7,Disbursement,Operations,2026-07-15,2026-07-16,1,Completed
S0005334,A000887,1,Application Received,SME Sales,2024-08-28,2024-08-29,1,Completed
S0005335,A000887,2,Initial Screening,SME Sales,2024-08-29,2024-09-01,3,Completed
S0005336,A000887,3,Credit Assessment,Credit,2024-09-01,2024-09-07,6,Completed
S0005337,A000888,1,Application Received,SME Sales,2026-05-11,2026-05-12,1,Completed
S0005338,A000888,2,Initial Screening,SME Sales,2026-05-12,2026-05-14,2,Completed
S0005339,A000888,3,Credit Assessment,Credit,2026-05-14,2026-05-18,4,Completed
S0005340,A000888,4,Risk Review,Risk,2026-05-18,2026-05-21,3,Completed
S0005341,A000888,5,Approval Committee,Credit,2026-05-21,2026-05-22,1,Completed
S0005342,A000888,6,Documentation,Operations,2026-05-22,2026-05-24,2,Completed
S0005343,A000888,7,Disbursement,Operations,2026-05-24,2026-05-26,2,Completed
S0005344,A000889,1,Application Received,SME Sales,2025-03-14,2025-03-15,1,Completed
S0005345,A000889,2,Initial Screening,SME Sales,2025-03-15,2025-03-18,3,Completed
S0005346,A000889,3,Credit Assessment,Credit,2025-03-18,2025-03-22,4,Completed
S0005347,A000889,4,Risk Review,Risk,2025-03-22,2025-03-26,4,Completed
S0005348,A000890,1,Application Received,SME Sales,2025-01-08,2025-01-08,0,Completed
S0005349,A000890,2,Initial Screening,SME Sales,2025-01-08,2025-01-10,2,Completed
S0005350,A000891,1,Application Received,SME Sales,2025-08-21,2025-08-21,0,Completed
S0005351,A000891,2,Initial Screening,SME Sales,2025-08-21,2025-08-24,3,Completed
S0005352,A000891,3,Credit Assessment,Credit,2025-08-24,2025-08-28,4,Completed
S0005353,A000891,4,Risk Review,Risk,2025-08-28,2025-09-01,4,Completed
S0005354,A000891,5,Approval Committee,Credit,2025-09-01,2025-09-02,1,Completed
S0005355,A000891,6,Documentation,Operations,2025-09-02,2025-09-07,5,Completed
S0005356,A000891,7,Disbursement,Operations,2025-09-07,2025-09-09,2,Completed
S0005357,A000892,1,Application Received,SME Sales,2025-05-25,2025-05-25,0,Completed
S0005358,A000892,2,Initial Screening,SME Sales,2025-05-25,2025-05-27,2,Completed
S0005359,A000892,3,Credit Assessment,Credit,2025-05-27,2025-05-31,4,Completed
S0005360,A000892,4,Risk Review,Risk,2025-05-31,2025-06-03,3,Completed
S0005361,A000892,5,Approval Committee,Credit,2025-06-03,2025-06-06,3,Completed
S0005362,A000893,1,Application Received,SME Sales,2026-01-29,2026-01-30,1,Completed
S0005363,A000893,2,Initial Screening,SME Sales,2026-01-30,2026-02-02,3,Completed
S0005364,A000893,3,Credit Assessment,Credit,2026-02-02,2026-02-06,4,Completed
S0005365,A000893,4,Risk Review,Risk,2026-02-06,2026-02-09,3,Completed
S0005366,A000893,5,Approval Committee,Credit,2026-02-09,2026-02-12,3,Completed
S0005367,A000893,6,Documentation,Operations,2026-02-12,2026-02-15,3,Completed
S0005368,A000893,7,Disbursement,Operations,2026-02-15,2026-02-17,2,Completed
S0005369,A000894,1,Application Received,SME Sales,2024-02-17,2024-02-18,1,Completed
S0005370,A000894,2,Initial Screening,SME Sales,2024-02-18,2024-02-19,1,Completed
S0005371,A000894,3,Credit Assessment,Credit,2024-02-19,2024-02-21,2,Completed
S0005372,A000894,4,Risk Review,Risk,2024-02-21,2024-02-25,4,Completed
S0005373,A000894,5,Approval Committee,Credit,2024-02-25,2024-02-28,3,Completed
S0005374,A000894,6,Documentation,Operations,2024-02-28,2024-03-04,5,Completed
S0005375,A000894,7,Disbursement,Operations,2024-03-04,2024-03-05,1,Completed
S0005376,A000895,1,Application Received,SME Sales,2026-01-14,2026-01-14,0,Completed
S0005377,A000895,2,Initial Screening,SME Sales,2026-01-14,2026-01-17,3,Completed
S0005378,A000895,3,Credit Assessment,Credit,2026-01-17,2026-01-20,3,Completed
S0005379,A000895,4,Risk Review,Risk,2026-01-20,2026-01-21,1,Completed
S0005380,A000895,5,Approval Committee,Credit,2026-01-21,2026-01-23,2,Completed
S0005381,A000895,6,Documentation,Operations,2026-01-23,2026-01-26,3,Completed
S0005382,A000895,7,Disbursement,Operations,2026-01-26,2026-01-27,1,Completed
S0005383,A000896,1,Application Received,SME Sales,2025-02-10,2025-02-10,0,Completed
S0005384,A000896,2,Initial Screening,SME Sales,2025-02-10,2025-02-11,1,Completed
S0005385,A000896,3,Credit Assessment,Credit,2025-02-11,2025-02-18,7,Completed
S0005386,A000896,4,Risk Review,Risk,2025-02-18,2025-02-19,1,Completed
S0005387,A000896,5,Approval Committee,Credit,2025-02-19,2025-02-21,2,Completed
S0005388,A000896,6,Documentation,Operations,2025-02-21,2025-02-24,3,Completed
S0005389,A000896,7,Disbursement,Operations,2025-02-24,2025-02-25,1,Completed
S0005390,A000897,1,Application Received,SME Sales,2024-08-09,2024-08-09,0,Completed
S0005391,A000897,2,Initial Screening,SME Sales,2024-08-09,2024-08-10,1,Completed
S0005392,A000897,3,Credit Assessment,Credit,2024-08-10,2024-08-14,4,Completed
S0005393,A000897,4,Risk Review,Risk,2024-08-14,2024-08-18,4,Completed
S0005394,A000897,5,Approval Committee,Credit,2024-08-18,2024-08-21,3,Completed
S0005395,A000897,6,Documentation,Operations,2024-08-21,2024-08-26,5,Completed
S0005396,A000897,7,Disbursement,Operations,2024-08-26,2024-08-28,2,Completed
S0005397,A000898,1,Application Received,SME Sales,2025-08-13,2025-08-13,0,Completed
S0005398,A000898,2,Initial Screening,SME Sales,2025-08-13,2025-08-14,1,Completed
S0005399,A000898,3,Credit Assessment,Credit,2025-08-14,2025-08-16,2,Completed
S0005400,A000899,1,Application Received,SME Sales,2024-02-14,2024-02-15,1,Completed
S0005401,A000899,2,Initial Screening,SME Sales,2024-02-15,2024-02-17,2,Completed
S0005402,A000899,3,Credit Assessment,Credit,2024-02-17,2024-02-19,2,Completed
S0005403,A000899,4,Risk Review,Risk,2024-02-19,2024-02-20,1,Completed
S0005404,A000899,5,Approval Committee,Credit,2024-02-20,2024-02-23,3,Completed
S0005405,A000899,6,Documentation,Operations,2024-02-23,2024-02-26,3,Completed
S0005406,A000899,7,Disbursement,Operations,2024-02-26,2024-02-27,1,Completed
S0005407,A000900,1,Application Received,SME Sales,2024-04-26,2024-04-27,1,Completed
S0005408,A000900,2,Initial Screening,SME Sales,2024-04-27,2024-04-28,1,Completed
S0005409,A000900,3,Credit Assessment,Credit,2024-04-28,2024-05-02,4,Completed
S0005410,A000900,4,Risk Review,Risk,2024-05-02,2024-05-04,2,Completed
S0005411,A000900,5,Approval Committee,Credit,2024-05-04,2024-05-05,1,Completed
S0005412,A000900,6,Documentation,Operations,2024-05-05,2024-05-10,5,Completed
S0005413,A000900,7,Disbursement,Operations,2024-05-10,2024-05-11,1,Completed
S0005414,A000901,1,Application Received,SME Sales,2025-05-03,2025-05-03,0,Completed
S0005415,A000901,2,Initial Screening,SME Sales,2025-05-03,2025-05-04,1,Completed
S0005416,A000901,3,Credit Assessment,Credit,2025-05-04,2025-05-09,5,Completed
S0005417,A000901,4,Risk Review,Risk,2025-05-09,2025-05-12,3,Completed
S0005418,A000901,5,Approval Committee,Credit,2025-05-12,2025-05-13,1,Completed
S0005419,A000901,6,Documentation,Operations,2025-05-13,2025-05-18,5,Completed
S0005420,A000901,7,Disbursement,Operations,2025-05-18,2025-05-20,2,Completed
S0005421,A000902,1,Application Received,SME Sales,2024-12-30,2024-12-30,0,Completed
S0005422,A000902,2,Initial Screening,SME Sales,2024-12-30,2024-12-31,1,Completed
S0005423,A000902,3,Credit Assessment,Credit,2024-12-31,2025-01-02,2,Completed
S0005424,A000902,4,Risk Review,Risk,2025-01-02,2025-01-06,4,Completed
S0005425,A000902,5,Approval Committee,Credit,2025-01-06,2025-01-07,1,Completed
S0005426,A000902,6,Documentation,Operations,2025-01-07,2025-01-11,4,Completed
S0005427,A000902,7,Disbursement,Operations,2025-01-11,2025-01-12,1,Completed
S0005428,A000903,1,Application Received,SME Sales,2024-04-06,2024-04-06,0,Completed
S0005429,A000903,2,Initial Screening,SME Sales,2024-04-06,2024-04-07,1,Completed
S0005430,A000903,3,Credit Assessment,Credit,2024-04-07,2024-04-09,2,Completed
S0005431,A000903,4,Risk Review,Risk,2024-04-09,2024-04-10,1,Completed
S0005432,A000903,5,Approval Committee,Credit,2024-04-10,2024-04-11,1,Completed
S0005433,A000903,6,Documentation,Operations,2024-04-11,2024-04-16,5,Completed
S0005434,A000903,7,Disbursement,Operations,2024-04-16,2024-04-17,1,Completed
S0005435,A000904,1,Application Received,SME Sales,2024-08-11,2024-08-12,1,Completed
S0005436,A000904,2,Initial Screening,SME Sales,2024-08-12,2024-08-13,1,Completed
S0005437,A000904,3,Credit Assessment,Credit,2024-08-13,2024-08-19,6,Completed
S0005438,A000904,4,Risk Review,Risk,2024-08-19,2024-08-22,3,Completed
S0005439,A000904,5,Approval Committee,Credit,2024-08-22,2024-08-24,2,Completed
S0005440,A000904,6,Documentation,Operations,2024-08-24,2024-08-29,5,Completed
S0005441,A000904,7,Disbursement,Operations,2024-08-29,2024-08-31,2,Completed
S0005442,A000905,1,Application Received,SME Sales,2024-04-26,2024-04-26,0,Completed
S0005443,A000905,2,Initial Screening,SME Sales,2024-04-26,2024-04-28,2,Completed
S0005444,A000905,3,Credit Assessment,Credit,2024-04-28,2024-04-30,2,Completed
S0005445,A000905,4,Risk Review,Risk,2024-04-30,2024-05-03,3,Completed
S0005446,A000905,5,Approval Committee,Credit,2024-05-03,2024-05-04,1,Completed
S0005447,A000905,6,Documentation,Operations,2024-05-04,2024-05-06,2,Completed
S0005448,A000905,7,Disbursement,Operations,2024-05-06,2024-05-07,1,Completed
S0005449,A000906,1,Application Received,SME Sales,2026-04-01,2026-04-01,0,Completed
S0005450,A000906,2,Initial Screening,SME Sales,2026-04-01,2026-04-03,2,Completed
S0005451,A000906,3,Credit Assessment,Credit,2026-04-03,2026-04-08,5,Completed
S0005452,A000906,4,Risk Review,Risk,2026-04-08,2026-04-12,4,Completed
S0005453,A000906,5,Approval Committee,Credit,2026-04-12,2026-04-13,1,Completed
S0005454,A000906,6,Documentation,Operations,2026-04-13,2026-04-17,4,Completed
S0005455,A000906,7,Disbursement,Operations,2026-04-17,2026-04-18,1,Completed
S0005456,A000907,1,Application Received,SME Sales,2026-02-06,2026-02-07,1,Completed
S0005457,A000907,2,Initial Screening,SME Sales,2026-02-07,2026-02-08,1,Completed
S0005458,A000907,3,Credit Assessment,Credit,2026-02-08,2026-02-12,4,Completed
S0005459,A000907,4,Risk Review,Risk,2026-02-12,2026-02-15,3,Completed
S0005460,A000907,5,Approval Committee,Credit,2026-02-15,2026-02-16,1,Completed
S0005461,A000907,6,Documentation,Operations,2026-02-16,2026-02-21,5,Completed
S0005462,A000907,7,Disbursement,Operations,2026-02-21,2026-02-23,2,Completed
S0005463,A000908,1,Application Received,SME Sales,2026-01-20,2026-01-20,0,Completed
S0005464,A000908,2,Initial Screening,SME Sales,2026-01-20,2026-01-22,2,Completed
S0005465,A000908,3,Credit Assessment,Credit,2026-01-22,2026-01-25,3,Completed
S0005466,A000908,4,Risk Review,Risk,2026-01-25,2026-01-28,3,Completed
S0005467,A000908,5,Approval Committee,Credit,2026-01-28,2026-01-29,1,Completed
S0005468,A000908,6,Documentation,Operations,2026-01-29,2026-02-01,3,Completed
S0005469,A000908,7,Disbursement,Operations,2026-02-01,2026-02-02,1,Completed
S0005470,A000909,1,Application Received,SME Sales,2026-05-13,2026-05-13,0,Completed
S0005471,A000909,2,Initial Screening,SME Sales,2026-05-13,2026-05-16,3,Completed
S0005472,A000909,3,Credit Assessment,Credit,2026-05-16,2026-05-21,5,Completed
S0005473,A000910,1,Application Received,SME Sales,2025-07-09,2025-07-10,1,Completed
S0005474,A000910,2,Initial Screening,SME Sales,2025-07-10,2025-07-11,1,Completed
S0005475,A000910,3,Credit Assessment,Credit,2025-07-11,2025-07-13,2,Completed
S0005476,A000910,4,Risk Review,Risk,2025-07-13,2025-07-17,4,Completed
S0005477,A000910,5,Approval Committee,Credit,2025-07-17,2025-07-19,2,Completed
S0005478,A000910,6,Documentation,Operations,2025-07-19,2025-07-23,4,Completed
S0005479,A000910,7,Disbursement,Operations,2025-07-23,2025-07-25,2,Completed
S0005480,A000911,1,Application Received,SME Sales,2026-03-01,2026-03-01,0,Completed
S0005481,A000911,2,Initial Screening,SME Sales,2026-03-01,2026-03-02,1,Completed
S0005482,A000911,3,Credit Assessment,Credit,2026-03-02,2026-03-09,7,Completed
S0005483,A000911,4,Risk Review,Risk,2026-03-09,2026-03-11,2,Completed
S0005484,A000911,5,Approval Committee,Credit,2026-03-11,2026-03-12,1,Completed
S0005485,A000911,6,Documentation,Operations,2026-03-12,2026-03-16,4,Completed
S0005486,A000911,7,Disbursement,Operations,2026-03-16,2026-03-18,2,Completed
S0005487,A000912,1,Application Received,SME Sales,2024-10-11,2024-10-12,1,Completed
S0005488,A000912,2,Initial Screening,SME Sales,2024-10-12,2024-10-14,2,Completed
S0005489,A000912,3,Credit Assessment,Credit,2024-10-14,2024-10-16,2,Completed
S0005490,A000912,4,Risk Review,Risk,2024-10-16,2024-10-19,3,Completed
S0005491,A000913,1,Application Received,SME Sales,2025-06-04,2025-06-04,0,Completed
S0005492,A000913,2,Initial Screening,SME Sales,2025-06-04,2025-06-06,2,Completed
S0005493,A000913,3,Credit Assessment,Credit,2025-06-06,2025-06-11,5,Completed
S0005494,A000913,4,Risk Review,Risk,2025-06-11,2025-06-12,1,Completed
S0005495,A000913,5,Approval Committee,Credit,2025-06-12,2025-06-14,2,Completed
S0005496,A000913,6,Documentation,Operations,2025-06-14,2025-06-18,4,Completed
S0005497,A000913,7,Disbursement,Operations,2025-06-18,2025-06-19,1,Completed
S0005498,A000914,1,Application Received,SME Sales,2024-07-03,2024-07-03,0,Completed
S0005499,A000914,2,Initial Screening,SME Sales,2024-07-03,2024-07-06,3,Completed
S0005500,A000914,3,Credit Assessment,Credit,2024-07-06,2024-07-11,5,Completed
S0005501,A000915,1,Application Received,SME Sales,2024-08-28,2024-08-29,1,Completed
S0005502,A000915,2,Initial Screening,SME Sales,2024-08-29,2024-09-01,3,Completed
S0005503,A000915,3,Credit Assessment,Credit,2024-09-01,2024-09-05,4,Completed
S0005504,A000915,4,Risk Review,Risk,2024-09-05,2024-09-07,2,Completed
S0005505,A000915,5,Approval Committee,Credit,2024-09-07,2024-09-09,2,Completed
S0005506,A000915,6,Documentation,Operations,2024-09-09,2024-09-11,2,Completed
S0005507,A000915,7,Disbursement,Operations,2024-09-11,2024-09-13,2,Completed
S0005508,A000916,1,Application Received,SME Sales,2024-10-13,2024-10-14,1,Completed
S0005509,A000916,2,Initial Screening,SME Sales,2024-10-14,2024-10-17,3,Completed
S0005510,A000916,3,Credit Assessment,Credit,2024-10-17,2024-10-23,6,Completed
S0005511,A000916,4,Risk Review,Risk,2024-10-23,2024-10-24,1,Completed
S0005512,A000916,5,Approval Committee,Credit,2024-10-24,2024-10-26,2,Completed
S0005513,A000916,6,Documentation,Operations,2024-10-26,2024-10-29,3,Completed
S0005514,A000916,7,Disbursement,Operations,2024-10-29,2024-10-30,1,Completed
S0005515,A000917,1,Application Received,SME Sales,2025-03-02,2025-03-03,1,Completed
S0005516,A000917,2,Initial Screening,SME Sales,2025-03-03,2025-03-04,1,Completed
S0005517,A000917,3,Credit Assessment,Credit,2025-03-04,2025-03-09,5,Completed
S0005518,A000917,4,Risk Review,Risk,2025-03-09,2025-03-10,1,Completed
S0005519,A000917,5,Approval Committee,Credit,2025-03-10,2025-03-11,1,Completed
S0005520,A000917,6,Documentation,Operations,2025-03-11,2025-03-15,4,Completed
S0005521,A000917,7,Disbursement,Operations,2025-03-15,2025-03-16,1,Completed
S0005522,A000918,1,Application Received,SME Sales,2024-05-17,2024-05-18,1,Completed
S0005523,A000918,2,Initial Screening,SME Sales,2024-05-18,2024-05-19,1,Completed
S0005524,A000918,3,Credit Assessment,Credit,2024-05-19,2024-05-22,3,Completed
S0005525,A000918,4,Risk Review,Risk,2024-05-22,2024-05-25,3,Completed
S0005526,A000918,5,Approval Committee,Credit,2024-05-25,2024-05-28,3,Completed
S0005527,A000918,6,Documentation,Operations,2024-05-28,2024-06-01,4,Completed
S0005528,A000918,7,Disbursement,Operations,2024-06-01,2024-06-03,2,Completed
S0005529,A000919,1,Application Received,SME Sales,2024-11-23,2024-11-24,1,Completed
S0005530,A000919,2,Initial Screening,SME Sales,2024-11-24,2024-11-26,2,Completed
S0005531,A000919,3,Credit Assessment,Credit,2024-11-26,2024-12-01,5,Completed
S0005532,A000919,4,Risk Review,Risk,2024-12-01,2024-12-03,2,Completed
S0005533,A000919,5,Approval Committee,Credit,2024-12-03,2024-12-04,1,Completed
S0005534,A000919,6,Documentation,Operations,2024-12-04,2024-12-07,3,Completed
S0005535,A000919,7,Disbursement,Operations,2024-12-07,2024-12-09,2,Completed
S0005536,A000920,1,Application Received,SME Sales,2025-08-06,2025-08-06,0,Completed
S0005537,A000920,2,Initial Screening,SME Sales,2025-08-06,2025-08-09,3,Completed
S0005538,A000920,3,Credit Assessment,Credit,2025-08-09,2025-08-14,5,Completed
S0005539,A000920,4,Risk Review,Risk,2025-08-14,2025-08-17,3,Completed
S0005540,A000920,5,Approval Committee,Credit,2025-08-17,2025-08-18,1,Completed
S0005541,A000920,6,Documentation,Operations,2025-08-18,2025-08-20,2,Completed
S0005542,A000920,7,Disbursement,Operations,2025-08-20,2025-08-22,2,Completed
S0005543,A000921,1,Application Received,SME Sales,2024-11-08,2024-11-09,1,Completed
S0005544,A000921,2,Initial Screening,SME Sales,2024-11-09,2024-11-12,3,Completed
S0005545,A000921,3,Credit Assessment,Credit,2024-11-12,2024-11-16,4,Completed
S0005546,A000921,4,Risk Review,Risk,2024-11-16,2024-11-19,3,Completed
S0005547,A000921,5,Approval Committee,Credit,2024-11-19,2024-11-21,2,Completed
S0005548,A000921,6,Documentation,Operations,2024-11-21,2024-11-23,2,Completed
S0005549,A000921,7,Disbursement,Operations,2024-11-23,2024-11-25,2,Completed
S0005550,A000922,1,Application Received,SME Sales,2024-09-20,2024-09-20,0,Completed
S0005551,A000922,2,Initial Screening,SME Sales,2024-09-20,2024-09-21,1,Completed
S0005552,A000922,3,Credit Assessment,Credit,2024-09-21,2024-09-25,4,Completed
S0005553,A000922,4,Risk Review,Risk,2024-09-25,2024-09-26,1,Completed
S0005554,A000922,5,Approval Committee,Credit,2024-09-26,2024-09-27,1,Completed
S0005555,A000923,1,Application Received,SME Sales,2024-09-12,2024-09-12,0,Completed
S0005556,A000923,2,Initial Screening,SME Sales,2024-09-12,2024-09-14,2,Completed
S0005557,A000923,3,Credit Assessment,Credit,2024-09-14,2024-09-19,5,Completed
S0005558,A000923,4,Risk Review,Risk,2024-09-19,2024-09-20,1,Completed
S0005559,A000923,5,Approval Committee,Credit,2024-09-20,2024-09-22,2,Completed
S0005560,A000924,1,Application Received,SME Sales,2026-02-16,2026-02-16,0,Completed
S0005561,A000924,2,Initial Screening,SME Sales,2026-02-16,2026-02-18,2,Completed
S0005562,A000924,3,Credit Assessment,Credit,2026-02-18,2026-02-20,2,Completed
S0005563,A000924,4,Risk Review,Risk,2026-02-20,2026-02-22,2,Completed
S0005564,A000924,5,Approval Committee,Credit,2026-02-22,2026-02-25,3,Completed
S0005565,A000924,6,Documentation,Operations,2026-02-25,2026-02-27,2,Completed
S0005566,A000924,7,Disbursement,Operations,2026-02-27,2026-02-28,1,Completed
S0005567,A000925,1,Application Received,SME Sales,2025-09-11,2025-09-11,0,Completed
S0005568,A000925,2,Initial Screening,SME Sales,2025-09-11,2025-09-13,2,Completed
S0005569,A000926,1,Application Received,SME Sales,2026-02-19,2026-02-19,0,Completed
S0005570,A000926,2,Initial Screening,SME Sales,2026-02-19,2026-02-20,1,Completed
S0005571,A000926,3,Credit Assessment,Credit,2026-02-20,2026-03-01,9,Completed
S0005572,A000927,1,Application Received,SME Sales,2025-08-26,2025-08-27,1,Completed
S0005573,A000927,2,Initial Screening,SME Sales,2025-08-27,2025-08-28,1,Completed
S0005574,A000928,1,Application Received,SME Sales,2025-09-28,2025-09-28,0,Completed
S0005575,A000928,2,Initial Screening,SME Sales,2025-09-28,2025-09-30,2,Completed
S0005576,A000928,3,Credit Assessment,Credit,2025-09-30,2025-10-05,5,Completed
S0005577,A000929,1,Application Received,SME Sales,2025-03-04,2025-03-05,1,Completed
S0005578,A000929,2,Initial Screening,SME Sales,2025-03-05,2025-03-07,2,Completed
S0005579,A000929,3,Credit Assessment,Credit,2025-03-07,2025-03-12,5,Completed
S0005580,A000929,4,Risk Review,Risk,2025-03-12,2025-03-15,3,Completed
S0005581,A000929,5,Approval Committee,Credit,2025-03-15,2025-03-16,1,Completed
S0005582,A000929,6,Documentation,Operations,2025-03-16,2025-03-18,2,Completed
S0005583,A000929,7,Disbursement,Operations,2025-03-18,2025-03-19,1,Completed
S0005584,A000930,1,Application Received,SME Sales,2025-12-11,2025-12-11,0,Completed
S0005585,A000930,2,Initial Screening,SME Sales,2025-12-11,2025-12-14,3,Completed
S0005586,A000930,3,Credit Assessment,Credit,2025-12-14,2025-12-18,4,Completed
S0005587,A000930,4,Risk Review,Risk,2025-12-18,2025-12-21,3,Completed
S0005588,A000930,5,Approval Committee,Credit,2025-12-21,2025-12-22,1,Completed
S0005589,A000931,1,Application Received,SME Sales,2025-02-22,2025-02-22,0,Completed
S0005590,A000931,2,Initial Screening,SME Sales,2025-02-22,2025-02-25,3,Completed
S0005591,A000931,3,Credit Assessment,Credit,2025-02-25,2025-03-02,5,Completed
S0005592,A000931,4,Risk Review,Risk,2025-03-02,2025-03-04,2,Completed
S0005593,A000932,1,Application Received,SME Sales,2025-07-03,2025-07-04,1,Completed
S0005594,A000932,2,Initial Screening,SME Sales,2025-07-04,2025-07-05,1,Completed
S0005595,A000932,3,Credit Assessment,Credit,2025-07-05,2025-07-07,2,Completed
S0005596,A000932,4,Risk Review,Risk,2025-07-07,2025-07-11,4,Completed
S0005597,A000932,5,Approval Committee,Credit,2025-07-11,2025-07-13,2,Completed
S0005598,A000932,6,Documentation,Operations,2025-07-13,2025-07-16,3,Completed
S0005599,A000932,7,Disbursement,Operations,2025-07-16,2025-07-18,2,Completed
S0005600,A000933,1,Application Received,SME Sales,2024-06-25,2024-06-25,0,Completed
S0005601,A000933,2,Initial Screening,SME Sales,2024-06-25,2024-06-27,2,Completed
S0005602,A000933,3,Credit Assessment,Credit,2024-06-27,2024-06-29,2,Completed
S0005603,A000933,4,Risk Review,Risk,2024-06-29,2024-06-30,1,Completed
S0005604,A000933,5,Approval Committee,Credit,2024-06-30,2024-07-02,2,Completed
S0005605,A000933,6,Documentation,Operations,2024-07-02,2024-07-07,5,Completed
S0005606,A000933,7,Disbursement,Operations,2024-07-07,2024-07-09,2,Completed
S0005607,A000934,1,Application Received,SME Sales,2024-07-19,2024-07-20,1,Completed
S0005608,A000934,2,Initial Screening,SME Sales,2024-07-20,2024-07-23,3,Completed
S0005609,A000934,3,Credit Assessment,Credit,2024-07-23,2024-07-30,7,Completed
S0005610,A000934,4,Risk Review,Risk,2024-07-30,2024-08-01,2,Completed
S0005611,A000934,5,Approval Committee,Credit,2024-08-01,2024-08-03,2,Completed
S0005612,A000934,6,Documentation,Operations,2024-08-03,2024-08-06,3,Completed
S0005613,A000934,7,Disbursement,Operations,2024-08-06,2024-08-07,1,Completed
S0005614,A000935,1,Application Received,SME Sales,2024-10-28,2024-10-28,0,Completed
S0005615,A000935,2,Initial Screening,SME Sales,2024-10-28,2024-10-29,1,Completed
S0005616,A000935,3,Credit Assessment,Credit,2024-10-29,2024-11-05,7,Completed
S0005617,A000935,4,Risk Review,Risk,2024-11-05,2024-11-07,2,Completed
S0005618,A000935,5,Approval Committee,Credit,2024-11-07,2024-11-10,3,Completed
S0005619,A000935,6,Documentation,Operations,2024-11-10,2024-11-12,2,Completed
S0005620,A000935,7,Disbursement,Operations,2024-11-12,2024-11-13,1,Completed
S0005621,A000936,1,Application Received,SME Sales,2026-08-26,2026-08-27,1,Completed
S0005622,A000936,2,Initial Screening,SME Sales,2026-08-27,2026-08-29,2,Completed
S0005623,A000936,3,Credit Assessment,Credit,2026-08-29,2026-08-31,2,Completed
S0005624,A000936,4,Risk Review,Risk,2026-08-31,2026-09-02,2,Completed
S0005625,A000937,1,Application Received,SME Sales,2024-06-03,2024-06-04,1,Completed
S0005626,A000937,2,Initial Screening,SME Sales,2024-06-04,2024-06-05,1,Completed
S0005627,A000937,3,Credit Assessment,Credit,2024-06-05,2024-06-09,4,Completed
S0005628,A000937,4,Risk Review,Risk,2024-06-09,2024-06-11,2,Completed
S0005629,A000937,5,Approval Committee,Credit,2024-06-11,2024-06-12,1,Completed
S0005630,A000938,1,Application Received,SME Sales,2026-06-26,2026-06-27,1,Completed
S0005631,A000938,2,Initial Screening,SME Sales,2026-06-27,2026-06-29,2,Completed
S0005632,A000938,3,Credit Assessment,Credit,2026-06-29,2026-07-03,4,Completed
S0005633,A000938,4,Risk Review,Risk,2026-07-03,2026-07-05,2,Completed
S0005634,A000939,1,Application Received,SME Sales,2024-09-28,2024-09-28,0,Completed
S0005635,A000939,2,Initial Screening,SME Sales,2024-09-28,2024-09-30,2,Completed
S0005636,A000939,3,Credit Assessment,Credit,2024-09-30,2024-10-04,4,Completed
S0005637,A000939,4,Risk Review,Risk,2024-10-04,2024-10-08,4,Completed
S0005638,A000939,5,Approval Committee,Credit,2024-10-08,2024-10-10,2,Completed
S0005639,A000939,6,Documentation,Operations,2024-10-10,2024-10-14,4,Completed
S0005640,A000939,7,Disbursement,Operations,2024-10-14,2024-10-15,1,Completed
S0005641,A000940,1,Application Received,SME Sales,2025-04-15,2025-04-15,0,Completed
S0005642,A000940,2,Initial Screening,SME Sales,2025-04-15,2025-04-16,1,Completed
S0005643,A000940,3,Credit Assessment,Credit,2025-04-16,2025-04-21,5,Completed
S0005644,A000940,4,Risk Review,Risk,2025-04-21,2025-04-24,3,Completed
S0005645,A000940,5,Approval Committee,Credit,2025-04-24,2025-04-27,3,Completed
S0005646,A000940,6,Documentation,Operations,2025-04-27,2025-05-01,4,Completed
S0005647,A000940,7,Disbursement,Operations,2025-05-01,2025-05-02,1,Completed
S0005648,A000941,1,Application Received,SME Sales,2024-12-29,2024-12-30,1,Completed
S0005649,A000941,2,Initial Screening,SME Sales,2024-12-30,2024-12-31,1,Completed
S0005650,A000941,3,Credit Assessment,Credit,2024-12-31,2025-01-04,4,Completed
S0005651,A000941,4,Risk Review,Risk,2025-01-04,2025-01-07,3,Completed
S0005652,A000941,5,Approval Committee,Credit,2025-01-07,2025-01-08,1,Completed
S0005653,A000941,6,Documentation,Operations,2025-01-08,2025-01-10,2,Completed
S0005654,A000941,7,Disbursement,Operations,2025-01-10,2025-01-11,1,Completed
S0005655,A000942,1,Application Received,SME Sales,2024-02-17,2024-02-17,0,Completed
S0005656,A000942,2,Initial Screening,SME Sales,2024-02-17,2024-02-18,1,Completed
S0005657,A000942,3,Credit Assessment,Credit,2024-02-18,2024-02-22,4,Completed
S0005658,A000942,4,Risk Review,Risk,2024-02-22,2024-02-26,4,Completed
S0005659,A000943,1,Application Received,SME Sales,2025-03-08,2025-03-08,0,Completed
S0005660,A000943,2,Initial Screening,SME Sales,2025-03-08,2025-03-11,3,Completed
S0005661,A000943,3,Credit Assessment,Credit,2025-03-11,2025-03-13,2,Completed
S0005662,A000944,1,Application Received,SME Sales,2024-02-07,2024-02-08,1,Completed
S0005663,A000944,2,Initial Screening,SME Sales,2024-02-08,2024-02-11,3,Completed
S0005664,A000944,3,Credit Assessment,Credit,2024-02-11,2024-02-20,9,Completed
S0005665,A000944,4,Risk Review,Risk,2024-02-20,2024-02-21,1,Completed
S0005666,A000944,5,Approval Committee,Credit,2024-02-21,2024-02-24,3,Completed
S0005667,A000944,6,Documentation,Operations,2024-02-24,2024-02-29,5,Completed
S0005668,A000944,7,Disbursement,Operations,2024-02-29,2024-03-02,2,Completed
S0005669,A000945,1,Application Received,SME Sales,2026-02-22,2026-02-23,1,Completed
S0005670,A000945,2,Initial Screening,SME Sales,2026-02-23,2026-02-25,2,Completed
S0005671,A000945,3,Credit Assessment,Credit,2026-02-25,2026-03-02,5,Completed
S0005672,A000945,4,Risk Review,Risk,2026-03-02,2026-03-03,1,Completed
S0005673,A000945,5,Approval Committee,Credit,2026-03-03,2026-03-04,1,Completed
S0005674,A000945,6,Documentation,Operations,2026-03-04,2026-03-07,3,Completed
S0005675,A000945,7,Disbursement,Operations,2026-03-07,2026-03-08,1,Completed
S0005676,A000946,1,Application Received,SME Sales,2024-03-19,2024-03-20,1,Completed
S0005677,A000946,2,Initial Screening,SME Sales,2024-03-20,2024-03-21,1,Completed
S0005678,A000946,3,Credit Assessment,Credit,2024-03-21,2024-03-25,4,Completed
S0005679,A000946,4,Risk Review,Risk,2024-03-25,2024-03-28,3,Completed
S0005680,A000946,5,Approval Committee,Credit,2024-03-28,2024-03-31,3,Completed
S0005681,A000946,6,Documentation,Operations,2024-03-31,2024-04-04,4,Completed
S0005682,A000946,7,Disbursement,Operations,2024-04-04,2024-04-06,2,Completed
S0005683,A000947,1,Application Received,SME Sales,2025-10-28,2025-10-29,1,Completed
S0005684,A000947,2,Initial Screening,SME Sales,2025-10-29,2025-10-31,2,Completed
S0005685,A000947,3,Credit Assessment,Credit,2025-10-31,2025-11-03,3,Completed
S0005686,A000947,4,Risk Review,Risk,2025-11-03,2025-11-05,2,Completed
S0005687,A000947,5,Approval Committee,Credit,2025-11-05,2025-11-07,2,Completed
S0005688,A000947,6,Documentation,Operations,2025-11-07,2025-11-10,3,Completed
S0005689,A000947,7,Disbursement,Operations,2025-11-10,2025-11-12,2,Completed
S0005690,A000948,1,Application Received,SME Sales,2024-06-17,2024-06-18,1,Completed
S0005691,A000948,2,Initial Screening,SME Sales,2024-06-18,2024-06-19,1,Completed
S0005692,A000948,3,Credit Assessment,Credit,2024-06-19,2024-06-27,8,Completed
S0005693,A000948,4,Risk Review,Risk,2024-06-27,2024-07-01,4,Completed
S0005694,A000948,5,Approval Committee,Credit,2024-07-01,2024-07-02,1,Completed
S0005695,A000948,6,Documentation,Operations,2024-07-02,2024-07-04,2,Completed
S0005696,A000948,7,Disbursement,Operations,2024-07-04,2024-07-06,2,Completed
S0005697,A000949,1,Application Received,SME Sales,2024-06-08,2024-06-09,1,Completed
S0005698,A000949,2,Initial Screening,SME Sales,2024-06-09,2024-06-10,1,Completed
S0005699,A000949,3,Credit Assessment,Credit,2024-06-10,2024-06-14,4,Completed
S0005700,A000949,4,Risk Review,Risk,2024-06-14,2024-06-16,2,Completed
S0005701,A000949,5,Approval Committee,Credit,2024-06-16,2024-06-17,1,Completed
S0005702,A000950,1,Application Received,SME Sales,2026-01-20,2026-01-21,1,Completed
S0005703,A000950,2,Initial Screening,SME Sales,2026-01-21,2026-01-23,2,Completed
S0005704,A000950,3,Credit Assessment,Credit,2026-01-23,2026-01-25,2,Completed
S0005705,A000950,4,Risk Review,Risk,2026-01-25,2026-01-28,3,Completed
S0005706,A000950,5,Approval Committee,Credit,2026-01-28,2026-01-29,1,Completed
S0005707,A000950,6,Documentation,Operations,2026-01-29,2026-02-01,3,Completed
S0005708,A000950,7,Disbursement,Operations,2026-02-01,2026-02-03,2,Completed
S0005709,A000951,1,Application Received,SME Sales,2024-08-19,2024-08-19,0,Completed
S0005710,A000951,2,Initial Screening,SME Sales,2024-08-19,2024-08-20,1,Completed
S0005711,A000951,3,Credit Assessment,Credit,2024-08-20,2024-08-22,2,Completed
S0005712,A000951,4,Risk Review,Risk,2024-08-22,2024-08-25,3,Completed
S0005713,A000951,5,Approval Committee,Credit,2024-08-25,2024-08-28,3,Completed
S0005714,A000951,6,Documentation,Operations,2024-08-28,2024-09-02,5,Completed
S0005715,A000951,7,Disbursement,Operations,2024-09-02,2024-09-04,2,Completed
S0005716,A000952,1,Application Received,SME Sales,2024-04-02,2024-04-02,0,Completed
S0005717,A000952,2,Initial Screening,SME Sales,2024-04-02,2024-04-05,3,Completed
S0005718,A000952,3,Credit Assessment,Credit,2024-04-05,2024-04-13,8,Completed
S0005719,A000952,4,Risk Review,Risk,2024-04-13,2024-04-15,2,Completed
S0005720,A000953,1,Application Received,SME Sales,2026-08-31,2026-08-31,0,Completed
S0005721,A000953,2,Initial Screening,SME Sales,2026-08-31,2026-09-02,2,Completed
S0005722,A000953,3,Credit Assessment,Credit,2026-09-02,2026-09-06,4,Completed
S0005723,A000953,4,Risk Review,Risk,2026-09-06,2026-09-07,1,Completed
S0005724,A000953,5,Approval Committee,Credit,2026-09-07,2026-09-10,3,Completed
S0005725,A000953,6,Documentation,Operations,2026-09-10,2026-09-14,4,Completed
S0005726,A000953,7,Disbursement,Operations,2026-09-14,2026-09-16,2,Completed
S0005727,A000954,1,Application Received,SME Sales,2025-07-21,2025-07-21,0,Completed
S0005728,A000954,2,Initial Screening,SME Sales,2025-07-21,2025-07-24,3,Completed
S0005729,A000954,3,Credit Assessment,Credit,2025-07-24,2025-07-29,5,Completed
S0005730,A000954,4,Risk Review,Risk,2025-07-29,2025-08-01,3,Completed
S0005731,A000954,5,Approval Committee,Credit,2025-08-01,2025-08-03,2,Completed
S0005732,A000954,6,Documentation,Operations,2025-08-03,2025-08-06,3,Completed
S0005733,A000954,7,Disbursement,Operations,2025-08-06,2025-08-08,2,Completed
S0005734,A000955,1,Application Received,SME Sales,2026-02-19,2026-02-20,1,Completed
S0005735,A000955,2,Initial Screening,SME Sales,2026-02-20,2026-02-23,3,Completed
S0005736,A000955,3,Credit Assessment,Credit,2026-02-23,2026-02-25,2,Completed
S0005737,A000955,4,Risk Review,Risk,2026-02-25,2026-03-01,4,Completed
S0005738,A000955,5,Approval Committee,Credit,2026-03-01,2026-03-02,1,Completed
S0005739,A000955,6,Documentation,Operations,2026-03-02,2026-03-05,3,Completed
S0005740,A000955,7,Disbursement,Operations,2026-03-05,2026-03-07,2,Completed
S0005741,A000956,1,Application Received,SME Sales,2024-06-09,2024-06-09,0,Completed
S0005742,A000956,2,Initial Screening,SME Sales,2024-06-09,2024-06-11,2,Completed
S0005743,A000956,3,Credit Assessment,Credit,2024-06-11,2024-06-13,2,Completed
S0005744,A000956,4,Risk Review,Risk,2024-06-13,2024-06-14,1,Completed
S0005745,A000956,5,Approval Committee,Credit,2024-06-14,2024-06-17,3,Completed
S0005746,A000956,6,Documentation,Operations,2024-06-17,2024-06-21,4,Completed
S0005747,A000956,7,Disbursement,Operations,2024-06-21,2024-06-23,2,Completed
S0005748,A000957,1,Application Received,SME Sales,2026-07-15,2026-07-15,0,Completed
S0005749,A000957,2,Initial Screening,SME Sales,2026-07-15,2026-07-18,3,Completed
S0005750,A000957,3,Credit Assessment,Credit,2026-07-18,2026-07-23,5,Completed
S0005751,A000957,4,Risk Review,Risk,2026-07-23,2026-07-25,2,Completed
S0005752,A000957,5,Approval Committee,Credit,2026-07-25,2026-07-28,3,Completed
S0005753,A000957,6,Documentation,Operations,2026-07-28,2026-08-02,5,Completed
S0005754,A000957,7,Disbursement,Operations,2026-08-02,2026-08-03,1,Completed
S0005755,A000958,1,Application Received,SME Sales,2024-03-01,2024-03-01,0,Completed
S0005756,A000958,2,Initial Screening,SME Sales,2024-03-01,2024-03-03,2,Completed
S0005757,A000958,3,Credit Assessment,Credit,2024-03-03,2024-03-10,7,Completed
S0005758,A000958,4,Risk Review,Risk,2024-03-10,2024-03-11,1,Completed
S0005759,A000958,5,Approval Committee,Credit,2024-03-11,2024-03-12,1,Completed
S0005760,A000959,1,Application Received,SME Sales,2024-11-16,2024-11-16,0,Completed
S0005761,A000959,2,Initial Screening,SME Sales,2024-11-16,2024-11-19,3,Completed
S0005762,A000959,3,Credit Assessment,Credit,2024-11-19,2024-11-21,2,Completed
S0005763,A000959,4,Risk Review,Risk,2024-11-21,2024-11-25,4,Completed
S0005764,A000959,5,Approval Committee,Credit,2024-11-25,2024-11-28,3,Completed
S0005765,A000959,6,Documentation,Operations,2024-11-28,2024-12-02,4,Completed
S0005766,A000959,7,Disbursement,Operations,2024-12-02,2024-12-03,1,Completed
S0005767,A000960,1,Application Received,SME Sales,2026-08-19,2026-08-19,0,Completed
S0005768,A000960,2,Initial Screening,SME Sales,2026-08-19,2026-08-20,1,Completed
S0005769,A000960,3,Credit Assessment,Credit,2026-08-20,2026-08-23,3,Completed
S0005770,A000960,4,Risk Review,Risk,2026-08-23,2026-08-25,2,Completed
S0005771,A000960,5,Approval Committee,Credit,2026-08-25,2026-08-26,1,Completed
S0005772,A000960,6,Documentation,Operations,2026-08-26,2026-08-29,3,Completed
S0005773,A000960,7,Disbursement,Operations,2026-08-29,2026-08-31,2,Completed
S0005774,A000961,1,Application Received,SME Sales,2025-01-24,2025-01-25,1,Completed
S0005775,A000961,2,Initial Screening,SME Sales,2025-01-25,2025-01-27,2,Completed
S0005776,A000961,3,Credit Assessment,Credit,2025-01-27,2025-02-01,5,Completed
S0005777,A000961,4,Risk Review,Risk,2025-02-01,2025-02-03,2,Completed
S0005778,A000961,5,Approval Committee,Credit,2025-02-03,2025-02-05,2,Completed
S0005779,A000961,6,Documentation,Operations,2025-02-05,2025-02-07,2,Completed
S0005780,A000961,7,Disbursement,Operations,2025-02-07,2025-02-08,1,Completed
S0005781,A000962,1,Application Received,SME Sales,2025-03-03,2025-03-04,1,Completed
S0005782,A000962,2,Initial Screening,SME Sales,2025-03-04,2025-03-06,2,Completed
S0005783,A000962,3,Credit Assessment,Credit,2025-03-06,2025-03-08,2,Completed
S0005784,A000962,4,Risk Review,Risk,2025-03-08,2025-03-12,4,Completed
S0005785,A000962,5,Approval Committee,Credit,2025-03-12,2025-03-13,1,Completed
S0005786,A000963,1,Application Received,SME Sales,2025-05-23,2025-05-24,1,Completed
S0005787,A000963,2,Initial Screening,SME Sales,2025-05-24,2025-05-27,3,Completed
S0005788,A000963,3,Credit Assessment,Credit,2025-05-27,2025-05-29,2,Completed
S0005789,A000963,4,Risk Review,Risk,2025-05-29,2025-06-01,3,Completed
S0005790,A000963,5,Approval Committee,Credit,2025-06-01,2025-06-02,1,Completed
S0005791,A000964,1,Application Received,SME Sales,2025-04-11,2025-04-11,0,Completed
S0005792,A000964,2,Initial Screening,SME Sales,2025-04-11,2025-04-13,2,Completed
S0005793,A000964,3,Credit Assessment,Credit,2025-04-13,2025-04-16,3,Completed
S0005794,A000964,4,Risk Review,Risk,2025-04-16,2025-04-20,4,Completed
S0005795,A000964,5,Approval Committee,Credit,2025-04-20,2025-04-23,3,Completed
S0005796,A000964,6,Documentation,Operations,2025-04-23,2025-04-28,5,Completed
S0005797,A000964,7,Disbursement,Operations,2025-04-28,2025-04-29,1,Completed
S0005798,A000965,1,Application Received,SME Sales,2026-08-19,2026-08-19,0,Completed
S0005799,A000965,2,Initial Screening,SME Sales,2026-08-19,2026-08-20,1,Completed
S0005800,A000965,3,Credit Assessment,Credit,2026-08-20,2026-08-24,4,Completed
S0005801,A000965,4,Risk Review,Risk,2026-08-24,2026-08-28,4,Completed
S0005802,A000965,5,Approval Committee,Credit,2026-08-28,2026-08-29,1,Completed
S0005803,A000965,6,Documentation,Operations,2026-08-29,2026-09-03,5,Completed
S0005804,A000965,7,Disbursement,Operations,2026-09-03,2026-09-05,2,Completed
S0005805,A000966,1,Application Received,SME Sales,2025-01-24,2025-01-24,0,Completed
S0005806,A000966,2,Initial Screening,SME Sales,2025-01-24,2025-01-27,3,Completed
S0005807,A000966,3,Credit Assessment,Credit,2025-01-27,2025-02-03,7,Completed
S0005808,A000967,1,Application Received,SME Sales,2025-09-13,2025-09-13,0,Completed
S0005809,A000967,2,Initial Screening,SME Sales,2025-09-13,2025-09-14,1,Completed
S0005810,A000967,3,Credit Assessment,Credit,2025-09-14,2025-09-20,6,Completed
S0005811,A000967,4,Risk Review,Risk,2025-09-20,2025-09-23,3,Completed
S0005812,A000967,5,Approval Committee,Credit,2025-09-23,2025-09-24,1,Completed
S0005813,A000967,6,Documentation,Operations,2025-09-24,2025-09-26,2,Completed
S0005814,A000967,7,Disbursement,Operations,2025-09-26,2025-09-28,2,Completed
S0005815,A000968,1,Application Received,SME Sales,2025-02-02,2025-02-02,0,Completed
S0005816,A000968,2,Initial Screening,SME Sales,2025-02-02,2025-02-04,2,Completed
S0005817,A000968,3,Credit Assessment,Credit,2025-02-04,2025-02-09,5,Completed
S0005818,A000968,4,Risk Review,Risk,2025-02-09,2025-02-12,3,Completed
S0005819,A000968,5,Approval Committee,Credit,2025-02-12,2025-02-15,3,Completed
S0005820,A000969,1,Application Received,SME Sales,2025-02-02,2025-02-03,1,Completed
S0005821,A000969,2,Initial Screening,SME Sales,2025-02-03,2025-02-04,1,Completed
S0005822,A000969,3,Credit Assessment,Credit,2025-02-04,2025-02-13,9,Completed
S0005823,A000969,4,Risk Review,Risk,2025-02-13,2025-02-16,3,Completed
S0005824,A000969,5,Approval Committee,Credit,2025-02-16,2025-02-17,1,Completed
S0005825,A000969,6,Documentation,Operations,2025-02-17,2025-02-21,4,Completed
S0005826,A000969,7,Disbursement,Operations,2025-02-21,2025-02-22,1,Completed
S0005827,A000970,1,Application Received,SME Sales,2025-05-08,2025-05-09,1,Completed
S0005828,A000970,2,Initial Screening,SME Sales,2025-05-09,2025-05-12,3,Completed
S0005829,A000970,3,Credit Assessment,Credit,2025-05-12,2025-05-15,3,Completed
S0005830,A000970,4,Risk Review,Risk,2025-05-15,2025-05-18,3,Completed
S0005831,A000970,5,Approval Committee,Credit,2025-05-18,2025-05-19,1,Completed
S0005832,A000970,6,Documentation,Operations,2025-05-19,2025-05-21,2,Completed
S0005833,A000970,7,Disbursement,Operations,2025-05-21,2025-05-23,2,Completed
S0005834,A000971,1,Application Received,SME Sales,2025-06-17,2025-06-18,1,Completed
S0005835,A000971,2,Initial Screening,SME Sales,2025-06-18,2025-06-20,2,Completed
S0005836,A000971,3,Credit Assessment,Credit,2025-06-20,2025-06-26,6,Completed
S0005837,A000971,4,Risk Review,Risk,2025-06-26,2025-06-28,2,Completed
S0005838,A000972,1,Application Received,SME Sales,2024-08-26,2024-08-27,1,Completed
S0005839,A000972,2,Initial Screening,SME Sales,2024-08-27,2024-08-30,3,Completed
S0005840,A000972,3,Credit Assessment,Credit,2024-08-30,2024-09-04,5,Completed
S0005841,A000972,4,Risk Review,Risk,2024-09-04,2024-09-06,2,Completed
S0005842,A000973,1,Application Received,SME Sales,2025-02-07,2025-02-08,1,Completed
S0005843,A000973,2,Initial Screening,SME Sales,2025-02-08,2025-02-10,2,Completed
S0005844,A000973,3,Credit Assessment,Credit,2025-02-10,2025-02-13,3,Completed
S0005845,A000973,4,Risk Review,Risk,2025-02-13,2025-02-15,2,Completed
S0005846,A000974,1,Application Received,SME Sales,2024-06-19,2024-06-19,0,Completed
S0005847,A000974,2,Initial Screening,SME Sales,2024-06-19,2024-06-21,2,Completed
S0005848,A000974,3,Credit Assessment,Credit,2024-06-21,2024-06-23,2,Completed
S0005849,A000974,4,Risk Review,Risk,2024-06-23,2024-06-25,2,Completed
S0005850,A000974,5,Approval Committee,Credit,2024-06-25,2024-06-28,3,Completed
S0005851,A000975,1,Application Received,SME Sales,2024-08-02,2024-08-02,0,Completed
S0005852,A000975,2,Initial Screening,SME Sales,2024-08-02,2024-08-03,1,Completed
S0005853,A000975,3,Credit Assessment,Credit,2024-08-03,2024-08-06,3,Completed
S0005854,A000975,4,Risk Review,Risk,2024-08-06,2024-08-09,3,Completed
S0005855,A000975,5,Approval Committee,Credit,2024-08-09,2024-08-10,1,Completed
S0005856,A000975,6,Documentation,Operations,2024-08-10,2024-08-12,2,Completed
S0005857,A000975,7,Disbursement,Operations,2024-08-12,2024-08-13,1,Completed
S0005858,A000976,1,Application Received,SME Sales,2026-03-31,2026-03-31,0,Completed
S0005859,A000976,2,Initial Screening,SME Sales,2026-03-31,2026-04-03,3,Completed
S0005860,A000976,3,Credit Assessment,Credit,2026-04-03,2026-04-06,3,Completed
S0005861,A000976,4,Risk Review,Risk,2026-04-06,2026-04-07,1,Completed
S0005862,A000976,5,Approval Committee,Credit,2026-04-07,2026-04-08,1,Completed
S0005863,A000976,6,Documentation,Operations,2026-04-08,2026-04-10,2,Completed
S0005864,A000976,7,Disbursement,Operations,2026-04-10,2026-04-12,2,Completed
S0005865,A000977,1,Application Received,SME Sales,2025-12-27,2025-12-27,0,Completed
S0005866,A000977,2,Initial Screening,SME Sales,2025-12-27,2025-12-29,2,Completed
S0005867,A000977,3,Credit Assessment,Credit,2025-12-29,2025-12-31,2,Completed
S0005868,A000977,4,Risk Review,Risk,2025-12-31,2026-01-02,2,Completed
S0005869,A000978,1,Application Received,SME Sales,2025-01-30,2025-01-31,1,Completed
S0005870,A000978,2,Initial Screening,SME Sales,2025-01-31,2025-02-02,2,Completed
S0005871,A000978,3,Credit Assessment,Credit,2025-02-02,2025-02-08,6,Completed
S0005872,A000978,4,Risk Review,Risk,2025-02-08,2025-02-11,3,Completed
S0005873,A000978,5,Approval Committee,Credit,2025-02-11,2025-02-14,3,Completed
S0005874,A000978,6,Documentation,Operations,2025-02-14,2025-02-18,4,Completed
S0005875,A000978,7,Disbursement,Operations,2025-02-18,2025-02-19,1,Completed
S0005876,A000979,1,Application Received,SME Sales,2024-12-30,2024-12-30,0,Completed
S0005877,A000979,2,Initial Screening,SME Sales,2024-12-30,2024-12-31,1,Completed
S0005878,A000979,3,Credit Assessment,Credit,2024-12-31,2025-01-03,3,Completed
S0005879,A000979,4,Risk Review,Risk,2025-01-03,2025-01-05,2,Completed
S0005880,A000979,5,Approval Committee,Credit,2025-01-05,2025-01-06,1,Completed
S0005881,A000979,6,Documentation,Operations,2025-01-06,2025-01-09,3,Completed
S0005882,A000979,7,Disbursement,Operations,2025-01-09,2025-01-10,1,Completed
S0005883,A000980,1,Application Received,SME Sales,2024-07-30,2024-07-30,0,Completed
S0005884,A000980,2,Initial Screening,SME Sales,2024-07-30,2024-08-02,3,Completed
S0005885,A000980,3,Credit Assessment,Credit,2024-08-02,2024-08-07,5,Completed
S0005886,A000980,4,Risk Review,Risk,2024-08-07,2024-08-09,2,Completed
S0005887,A000980,5,Approval Committee,Credit,2024-08-09,2024-08-12,3,Completed
S0005888,A000980,6,Documentation,Operations,2024-08-12,2024-08-16,4,Completed
S0005889,A000980,7,Disbursement,Operations,2024-08-16,2024-08-18,2,Completed
S0005890,A000981,1,Application Received,SME Sales,2024-05-28,2024-05-28,0,Completed
S0005891,A000981,2,Initial Screening,SME Sales,2024-05-28,2024-05-31,3,Completed
S0005892,A000981,3,Credit Assessment,Credit,2024-05-31,2024-06-06,6,Completed
S0005893,A000981,4,Risk Review,Risk,2024-06-06,2024-06-09,3,Completed
S0005894,A000981,5,Approval Committee,Credit,2024-06-09,2024-06-10,1,Completed
S0005895,A000981,6,Documentation,Operations,2024-06-10,2024-06-12,2,Completed
S0005896,A000981,7,Disbursement,Operations,2024-06-12,2024-06-13,1,Completed
S0005897,A000982,1,Application Received,SME Sales,2025-12-11,2025-12-12,1,Completed
S0005898,A000982,2,Initial Screening,SME Sales,2025-12-12,2025-12-13,1,Completed
S0005899,A000982,3,Credit Assessment,Credit,2025-12-13,2025-12-19,6,Completed
S0005900,A000982,4,Risk Review,Risk,2025-12-19,2025-12-22,3,Completed
S0005901,A000982,5,Approval Committee,Credit,2025-12-22,2025-12-25,3,Completed
S0005902,A000982,6,Documentation,Operations,2025-12-25,2025-12-30,5,Completed
S0005903,A000982,7,Disbursement,Operations,2025-12-30,2025-12-31,1,Completed
S0005904,A000983,1,Application Received,SME Sales,2024-09-04,2024-09-04,0,Completed
S0005905,A000983,2,Initial Screening,SME Sales,2024-09-04,2024-09-05,1,Completed
S0005906,A000983,3,Credit Assessment,Credit,2024-09-05,2024-09-08,3,Completed
S0005907,A000983,4,Risk Review,Risk,2024-09-08,2024-09-09,1,Completed
S0005908,A000984,1,Application Received,SME Sales,2024-02-11,2024-02-12,1,Completed
S0005909,A000984,2,Initial Screening,SME Sales,2024-02-12,2024-02-15,3,Completed
S0005910,A000984,3,Credit Assessment,Credit,2024-02-15,2024-02-21,6,Completed
S0005911,A000984,4,Risk Review,Risk,2024-02-21,2024-02-23,2,Completed
S0005912,A000984,5,Approval Committee,Credit,2024-02-23,2024-02-24,1,Completed
S0005913,A000984,6,Documentation,Operations,2024-02-24,2024-02-29,5,Completed
S0005914,A000984,7,Disbursement,Operations,2024-02-29,2024-03-01,1,Completed
S0005915,A000985,1,Application Received,SME Sales,2024-03-05,2024-03-05,0,Completed
S0005916,A000985,2,Initial Screening,SME Sales,2024-03-05,2024-03-08,3,Completed
S0005917,A000985,3,Credit Assessment,Credit,2024-03-08,2024-03-14,6,Completed
S0005918,A000985,4,Risk Review,Risk,2024-03-14,2024-03-16,2,Completed
S0005919,A000985,5,Approval Committee,Credit,2024-03-16,2024-03-18,2,Completed
S0005920,A000986,1,Application Received,SME Sales,2026-06-19,2026-06-19,0,Completed
S0005921,A000986,2,Initial Screening,SME Sales,2026-06-19,2026-06-21,2,Completed
S0005922,A000986,3,Credit Assessment,Credit,2026-06-21,2026-06-23,2,Completed
S0005923,A000986,4,Risk Review,Risk,2026-06-23,2026-06-25,2,Completed
S0005924,A000986,5,Approval Committee,Credit,2026-06-25,2026-06-26,1,Completed
S0005925,A000986,6,Documentation,Operations,2026-06-26,2026-07-01,5,Completed
S0005926,A000986,7,Disbursement,Operations,2026-07-01,2026-07-03,2,Completed
S0005927,A000987,1,Application Received,SME Sales,2024-04-01,2024-04-02,1,Completed
S0005928,A000987,2,Initial Screening,SME Sales,2024-04-02,2024-04-05,3,Completed
S0005929,A000987,3,Credit Assessment,Credit,2024-04-05,2024-04-11,6,Completed
S0005930,A000987,4,Risk Review,Risk,2024-04-11,2024-04-13,2,Completed
S0005931,A000987,5,Approval Committee,Credit,2024-04-13,2024-04-16,3,Completed
S0005932,A000987,6,Documentation,Operations,2024-04-16,2024-04-18,2,Completed
S0005933,A000987,7,Disbursement,Operations,2024-04-18,2024-04-19,1,Completed
S0005934,A000988,1,Application Received,SME Sales,2026-04-30,2026-05-01,1,Completed
S0005935,A000988,2,Initial Screening,SME Sales,2026-05-01,2026-05-04,3,Completed
S0005936,A000988,3,Credit Assessment,Credit,2026-05-04,2026-05-11,7,Completed
S0005937,A000988,4,Risk Review,Risk,2026-05-11,2026-05-15,4,Completed
S0005938,A000988,5,Approval Committee,Credit,2026-05-15,2026-05-18,3,Completed
S0005939,A000988,6,Documentation,Operations,2026-05-18,2026-05-21,3,Completed
S0005940,A000988,7,Disbursement,Operations,2026-05-21,2026-05-22,1,Completed
S0005941,A000989,1,Application Received,SME Sales,2026-03-23,2026-03-23,0,Completed
S0005942,A000989,2,Initial Screening,SME Sales,2026-03-23,2026-03-24,1,Completed
S0005943,A000989,3,Credit Assessment,Credit,2026-03-24,2026-03-29,5,Completed
S0005944,A000990,1,Application Received,SME Sales,2025-05-02,2025-05-02,0,Completed
S0005945,A000990,2,Initial Screening,SME Sales,2025-05-02,2025-05-05,3,Completed
S0005946,A000990,3,Credit Assessment,Credit,2025-05-05,2025-05-09,4,Completed
S0005947,A000990,4,Risk Review,Risk,2025-05-09,2025-05-12,3,Completed
S0005948,A000990,5,Approval Committee,Credit,2025-05-12,2025-05-14,2,Completed
S0005949,A000990,6,Documentation,Operations,2025-05-14,2025-05-17,3,Completed
S0005950,A000990,7,Disbursement,Operations,2025-05-17,2025-05-19,2,Completed
S0005951,A000991,1,Application Received,SME Sales,2026-02-23,2026-02-24,1,Completed
S0005952,A000991,2,Initial Screening,SME Sales,2026-02-24,2026-02-26,2,Completed
S0005953,A000991,3,Credit Assessment,Credit,2026-02-26,2026-03-02,4,Completed
S0005954,A000991,4,Risk Review,Risk,2026-03-02,2026-03-03,1,Completed
S0005955,A000991,5,Approval Committee,Credit,2026-03-03,2026-03-05,2,Completed
S0005956,A000991,6,Documentation,Operations,2026-03-05,2026-03-10,5,Completed
S0005957,A000991,7,Disbursement,Operations,2026-03-10,2026-03-11,1,Completed
S0005958,A000992,1,Application Received,SME Sales,2026-08-27,2026-08-28,1,Completed
S0005959,A000992,2,Initial Screening,SME Sales,2026-08-28,,,In Progress
S0005960,A000993,1,Application Received,SME Sales,2025-10-20,2025-10-21,1,Completed
S0005961,A000993,2,Initial Screening,SME Sales,2025-10-21,2025-10-23,2,Completed
S0005962,A000993,3,Credit Assessment,Credit,2025-10-23,2025-10-29,6,Completed
S0005963,A000993,4,Risk Review,Risk,2025-10-29,2025-10-31,2,Completed
S0005964,A000993,5,Approval Committee,Credit,2025-10-31,2025-11-01,1,Completed
S0005965,A000993,6,Documentation,Operations,2025-11-01,2025-11-05,4,Completed
S0005966,A000993,7,Disbursement,Operations,2025-11-05,2025-11-06,1,Completed
S0005967,A000994,1,Application Received,SME Sales,2025-04-24,2025-04-24,0,Completed
S0005968,A000994,2,Initial Screening,SME Sales,2025-04-24,2025-04-27,3,Completed
S0005969,A000994,3,Credit Assessment,Credit,2025-04-27,2025-04-29,2,Completed
S0005970,A000994,4,Risk Review,Risk,2025-04-29,2025-05-01,2,Completed
S0005971,A000994,5,Approval Committee,Credit,2025-05-01,2025-05-04,3,Completed
S0005972,A000994,6,Documentation,Operations,2025-05-04,2025-05-07,3,Completed
S0005973,A000994,7,Disbursement,Operations,2025-05-07,2025-05-09,2,Completed
S0005974,A000995,1,Application Received,SME Sales,2025-11-12,2025-11-12,0,Completed
S0005975,A000995,2,Initial Screening,SME Sales,2025-11-12,2025-11-13,1,Completed
S0005976,A000995,3,Credit Assessment,Credit,2025-11-13,2025-11-19,6,Completed
S0005977,A000995,4,Risk Review,Risk,2025-11-19,2025-11-22,3,Completed
S0005978,A000995,5,Approval Committee,Credit,2025-11-22,2025-11-24,2,Completed
S0005979,A000995,6,Documentation,Operations,2025-11-24,2025-11-29,5,Completed
S0005980,A000995,7,Disbursement,Operations,2025-11-29,2025-11-30,1,Completed
S0005981,A000996,1,Application Received,SME Sales,2025-01-05,2025-01-06,1,Completed
S0005982,A000996,2,Initial Screening,SME Sales,2025-01-06,2025-01-09,3,Completed
S0005983,A000996,3,Credit Assessment,Credit,2025-01-09,2025-01-14,5,Completed
S0005984,A000996,4,Risk Review,Risk,2025-01-14,2025-01-17,3,Completed
S0005985,A000996,5,Approval Committee,Credit,2025-01-17,2025-01-18,1,Completed
S0005986,A000996,6,Documentation,Operations,2025-01-18,2025-01-23,5,Completed
S0005987,A000996,7,Disbursement,Operations,2025-01-23,2025-01-24,1,Completed
S0005988,A000997,1,Application Received,SME Sales,2026-01-23,2026-01-24,1,Completed
S0005989,A000997,2,Initial Screening,SME Sales,2026-01-24,2026-01-26,2,Completed
S0005990,A000997,3,Credit Assessment,Credit,2026-01-26,2026-01-28,2,Completed
S0005991,A000997,4,Risk Review,Risk,2026-01-28,2026-01-31,3,Completed
S0005992,A000998,1,Application Received,SME Sales,2025-05-15,2025-05-15,0,Completed
S0005993,A000998,2,Initial Screening,SME Sales,2025-05-15,2025-05-16,1,Completed
S0005994,A000998,3,Credit Assessment,Credit,2025-05-16,2025-05-18,2,Completed
S0005995,A000998,4,Risk Review,Risk,2025-05-18,2025-05-22,4,Completed
S0005996,A000998,5,Approval Committee,Credit,2025-05-22,2025-05-23,1,Completed
S0005997,A000998,6,Documentation,Operations,2025-05-23,2025-05-28,5,Completed
S0005998,A000998,7,Disbursement,Operations,2025-05-28,2025-05-30,2,Completed
S0005999,A000999,1,Application Received,SME Sales,2026-02-23,2026-02-24,1,Completed
S0006000,A000999,2,Initial Screening,SME Sales,2026-02-24,2026-02-27,3,Completed
S0006001,A000999,3,Credit Assessment,Credit,2026-02-27,2026-03-04,5,Completed
S0006002,A000999,4,Risk Review,Risk,2026-03-04,2026-03-05,1,Completed
S0006003,A000999,5,Approval Committee,Credit,2026-03-05,2026-03-08,3,Completed
S0006004,A000999,6,Documentation,Operations,2026-03-08,2026-03-13,5,Completed
S0006005,A000999,7,Disbursement,Operations,2026-03-13,2026-03-14,1,Completed
S0006006,A001000,1,Application Received,SME Sales,2025-04-16,2025-04-16,0,Completed
S0006007,A001000,2,Initial Screening,SME Sales,2025-04-16,2025-04-17,1,Completed
S0006008,A001000,3,Credit Assessment,Credit,2025-04-17,2025-04-22,5,Completed
S0006009,A001000,4,Risk Review,Risk,2025-04-22,2025-04-23,1,Completed
S0006010,A001000,5,Approval Committee,Credit,2025-04-23,2025-04-26,3,Completed
S0006011,A001000,6,Documentation,Operations,2025-04-26,2025-05-01,5,Completed
S0006012,A001000,7,Disbursement,Operations,2025-05-01,2025-05-02,1,Completed
S0006013,A001001,1,Application Received,SME Sales,2025-01-08,2025-01-09,1,Completed
S0006014,A001001,2,Initial Screening,SME Sales,2025-01-09,2025-01-11,2,Completed
S0006015,A001001,3,Credit Assessment,Credit,2025-01-11,2025-01-14,3,Completed
S0006016,A001002,1,Application Received,SME Sales,2026-03-25,2026-03-25,0,Completed
S0006017,A001002,2,Initial Screening,SME Sales,2026-03-25,2026-03-28,3,Completed
S0006018,A001002,3,Credit Assessment,Credit,2026-03-28,2026-03-31,3,Completed
S0006019,A001002,4,Risk Review,Risk,2026-03-31,2026-04-04,4,Completed
S0006020,A001002,5,Approval Committee,Credit,2026-04-04,2026-04-05,1,Completed
S0006021,A001002,6,Documentation,Operations,2026-04-05,2026-04-07,2,Completed
S0006022,A001002,7,Disbursement,Operations,2026-04-07,2026-04-08,1,Completed
S0006023,A001003,1,Application Received,SME Sales,2025-09-18,2025-09-19,1,Completed
S0006024,A001003,2,Initial Screening,SME Sales,2025-09-19,2025-09-22,3,Completed
S0006025,A001003,3,Credit Assessment,Credit,2025-09-22,2025-09-25,3,Completed
S0006026,A001003,4,Risk Review,Risk,2025-09-25,2025-09-29,4,Completed
S0006027,A001003,5,Approval Committee,Credit,2025-09-29,2025-10-01,2,Completed
S0006028,A001003,6,Documentation,Operations,2025-10-01,2025-10-03,2,Completed
S0006029,A001003,7,Disbursement,Operations,2025-10-03,2025-10-05,2,Completed
S0006030,A001004,1,Application Received,SME Sales,2025-12-30,2025-12-30,0,Completed
S0006031,A001004,2,Initial Screening,SME Sales,2025-12-30,2026-01-01,2,Completed
S0006032,A001005,1,Application Received,SME Sales,2025-11-20,2025-11-20,0,Completed
S0006033,A001005,2,Initial Screening,SME Sales,2025-11-20,2025-11-22,2,Completed
S0006034,A001005,3,Credit Assessment,Credit,2025-11-22,2025-11-24,2,Completed
S0006035,A001006,1,Application Received,SME Sales,2026-01-16,2026-01-16,0,Completed
S0006036,A001006,2,Initial Screening,SME Sales,2026-01-16,2026-01-17,1,Completed
S0006037,A001006,3,Credit Assessment,Credit,2026-01-17,2026-01-19,2,Completed
S0006038,A001006,4,Risk Review,Risk,2026-01-19,2026-01-22,3,Completed
S0006039,A001006,5,Approval Committee,Credit,2026-01-22,2026-01-24,2,Completed
S0006040,A001006,6,Documentation,Operations,2026-01-24,2026-01-27,3,Completed
S0006041,A001006,7,Disbursement,Operations,2026-01-27,2026-01-28,1,Completed
S0006042,A001007,1,Application Received,SME Sales,2026-09-06,2026-09-06,0,Completed
S0006043,A001007,2,Initial Screening,SME Sales,2026-09-06,2026-09-07,1,Completed
S0006044,A001007,3,Credit Assessment,Credit,2026-09-07,2026-09-12,5,Completed
S0006045,A001007,4,Risk Review,Risk,2026-09-12,2026-09-14,2,Completed
S0006046,A001007,5,Approval Committee,Credit,2026-09-14,,,In Progress
S0006047,A001008,1,Application Received,SME Sales,2025-07-13,2025-07-14,1,Completed
S0006048,A001008,2,Initial Screening,SME Sales,2025-07-14,2025-07-15,1,Completed
S0006049,A001008,3,Credit Assessment,Credit,2025-07-15,2025-07-19,4,Completed
S0006050,A001008,4,Risk Review,Risk,2025-07-19,2025-07-23,4,Completed
S0006051,A001009,1,Application Received,SME Sales,2024-07-04,2024-07-05,1,Completed
S0006052,A001009,2,Initial Screening,SME Sales,2024-07-05,2024-07-07,2,Completed
S0006053,A001009,3,Credit Assessment,Credit,2024-07-07,2024-07-10,3,Completed
S0006054,A001009,4,Risk Review,Risk,2024-07-10,2024-07-12,2,Completed
S0006055,A001009,5,Approval Committee,Credit,2024-07-12,2024-07-14,2,Completed
S0006056,A001010,1,Application Received,SME Sales,2024-07-11,2024-07-12,1,Completed
S0006057,A001010,2,Initial Screening,SME Sales,2024-07-12,2024-07-13,1,Completed
S0006058,A001010,3,Credit Assessment,Credit,2024-07-13,2024-07-18,5,Completed
S0006059,A001010,4,Risk Review,Risk,2024-07-18,2024-07-21,3,Completed
S0006060,A001010,5,Approval Committee,Credit,2024-07-21,2024-07-22,1,Completed
S0006061,A001010,6,Documentation,Operations,2024-07-22,2024-07-24,2,Completed
S0006062,A001010,7,Disbursement,Operations,2024-07-24,2024-07-26,2,Completed
S0006063,A001011,1,Application Received,SME Sales,2025-07-03,2025-07-03,0,Completed
S0006064,A001011,2,Initial Screening,SME Sales,2025-07-03,2025-07-05,2,Completed
S0006065,A001011,3,Credit Assessment,Credit,2025-07-05,2025-07-10,5,Completed
S0006066,A001011,4,Risk Review,Risk,2025-07-10,2025-07-11,1,Completed
S0006067,A001011,5,Approval Committee,Credit,2025-07-11,2025-07-12,1,Completed
S0006068,A001011,6,Documentation,Operations,2025-07-12,2025-07-14,2,Completed
S0006069,A001011,7,Disbursement,Operations,2025-07-14,2025-07-16,2,Completed
S0006070,A001012,1,Application Received,SME Sales,2026-07-09,2026-07-09,0,Completed
S0006071,A001012,2,Initial Screening,SME Sales,2026-07-09,2026-07-12,3,Completed
S0006072,A001012,3,Credit Assessment,Credit,2026-07-12,2026-07-14,2,Completed
S0006073,A001012,4,Risk Review,Risk,2026-07-14,2026-07-17,3,Completed
S0006074,A001012,5,Approval Committee,Credit,2026-07-17,2026-07-19,2,Completed
S0006075,A001012,6,Documentation,Operations,2026-07-19,2026-07-21,2,Completed
S0006076,A001012,7,Disbursement,Operations,2026-07-21,2026-07-22,1,Completed
S0006077,A001013,1,Application Received,SME Sales,2025-11-08,2025-11-09,1,Completed
S0006078,A001013,2,Initial Screening,SME Sales,2025-11-09,2025-11-10,1,Completed
S0006079,A001013,3,Credit Assessment,Credit,2025-11-10,2025-11-16,6,Completed
S0006080,A001013,4,Risk Review,Risk,2025-11-16,2025-11-17,1,Completed
S0006081,A001014,1,Application Received,SME Sales,2024-07-08,2024-07-09,1,Completed
S0006082,A001014,2,Initial Screening,SME Sales,2024-07-09,2024-07-12,3,Completed
S0006083,A001014,3,Credit Assessment,Credit,2024-07-12,2024-07-16,4,Completed
S0006084,A001014,4,Risk Review,Risk,2024-07-16,2024-07-19,3,Completed
S0006085,A001014,5,Approval Committee,Credit,2024-07-19,2024-07-21,2,Completed
S0006086,A001014,6,Documentation,Operations,2024-07-21,2024-07-26,5,Completed
S0006087,A001014,7,Disbursement,Operations,2024-07-26,2024-07-28,2,Completed
S0006088,A001015,1,Application Received,SME Sales,2025-11-18,2025-11-19,1,Completed
S0006089,A001015,2,Initial Screening,SME Sales,2025-11-19,2025-11-22,3,Completed
S0006090,A001015,3,Credit Assessment,Credit,2025-11-22,2025-11-28,6,Completed
S0006091,A001015,4,Risk Review,Risk,2025-11-28,2025-11-29,1,Completed
S0006092,A001015,5,Approval Committee,Credit,2025-11-29,2025-12-02,3,Completed
S0006093,A001015,6,Documentation,Operations,2025-12-02,2025-12-07,5,Completed
S0006094,A001015,7,Disbursement,Operations,2025-12-07,2025-12-09,2,Completed
S0006095,A001016,1,Application Received,SME Sales,2024-01-21,2024-01-22,1,Completed
S0006096,A001016,2,Initial Screening,SME Sales,2024-01-22,2024-01-23,1,Completed
S0006097,A001016,3,Credit Assessment,Credit,2024-01-23,2024-01-25,2,Completed
S0006098,A001016,4,Risk Review,Risk,2024-01-25,2024-01-28,3,Completed
S0006099,A001016,5,Approval Committee,Credit,2024-01-28,2024-01-30,2,Completed
S0006100,A001016,6,Documentation,Operations,2024-01-30,2024-02-01,2,Completed
S0006101,A001016,7,Disbursement,Operations,2024-02-01,2024-02-03,2,Completed
S0006102,A001017,1,Application Received,SME Sales,2024-05-06,2024-05-07,1,Completed
S0006103,A001017,2,Initial Screening,SME Sales,2024-05-07,2024-05-10,3,Completed
S0006104,A001017,3,Credit Assessment,Credit,2024-05-10,2024-05-14,4,Completed
S0006105,A001018,1,Application Received,SME Sales,2026-08-02,2026-08-03,1,Completed
S0006106,A001018,2,Initial Screening,SME Sales,2026-08-03,2026-08-05,2,Completed
S0006107,A001018,3,Credit Assessment,Credit,2026-08-05,2026-08-10,5,Completed
S0006108,A001018,4,Risk Review,Risk,2026-08-10,2026-08-12,2,Completed
S0006109,A001018,5,Approval Committee,Credit,2026-08-12,2026-08-13,1,Completed
S0006110,A001018,6,Documentation,Operations,2026-08-13,2026-08-15,2,Completed
S0006111,A001018,7,Disbursement,Operations,2026-08-15,2026-08-17,2,Completed
S0006112,A001019,1,Application Received,SME Sales,2025-06-06,2025-06-07,1,Completed
S0006113,A001019,2,Initial Screening,SME Sales,2025-06-07,2025-06-09,2,Completed
S0006114,A001019,3,Credit Assessment,Credit,2025-06-09,2025-06-18,9,Completed
S0006115,A001019,4,Risk Review,Risk,2025-06-18,2025-06-20,2,Completed
S0006116,A001019,5,Approval Committee,Credit,2025-06-20,2025-06-21,1,Completed
S0006117,A001019,6,Documentation,Operations,2025-06-21,2025-06-23,2,Completed
S0006118,A001019,7,Disbursement,Operations,2025-06-23,2025-06-24,1,Completed
S0006119,A001020,1,Application Received,SME Sales,2025-01-05,2025-01-06,1,Completed
S0006120,A001020,2,Initial Screening,SME Sales,2025-01-06,2025-01-09,3,Completed
S0006121,A001020,3,Credit Assessment,Credit,2025-01-09,2025-01-13,4,Completed
S0006122,A001021,1,Application Received,SME Sales,2024-11-07,2024-11-08,1,Completed
S0006123,A001021,2,Initial Screening,SME Sales,2024-11-08,2024-11-11,3,Completed
S0006124,A001021,3,Credit Assessment,Credit,2024-11-11,2024-11-17,6,Completed
S0006125,A001022,1,Application Received,SME Sales,2024-12-13,2024-12-13,0,Completed
S0006126,A001022,2,Initial Screening,SME Sales,2024-12-13,2024-12-15,2,Completed
S0006127,A001022,3,Credit Assessment,Credit,2024-12-15,2024-12-21,6,Completed
S0006128,A001022,4,Risk Review,Risk,2024-12-21,2024-12-22,1,Completed
S0006129,A001022,5,Approval Committee,Credit,2024-12-22,2024-12-24,2,Completed
S0006130,A001022,6,Documentation,Operations,2024-12-24,2024-12-28,4,Completed
S0006131,A001022,7,Disbursement,Operations,2024-12-28,2024-12-30,2,Completed
S0006132,A001023,1,Application Received,SME Sales,2024-09-16,2024-09-17,1,Completed
S0006133,A001023,2,Initial Screening,SME Sales,2024-09-17,2024-09-19,2,Completed
S0006134,A001023,3,Credit Assessment,Credit,2024-09-19,2024-09-27,8,Completed
S0006135,A001023,4,Risk Review,Risk,2024-09-27,2024-09-28,1,Completed
S0006136,A001023,5,Approval Committee,Credit,2024-09-28,2024-09-29,1,Completed
S0006137,A001023,6,Documentation,Operations,2024-09-29,2024-10-01,2,Completed
S0006138,A001023,7,Disbursement,Operations,2024-10-01,2024-10-02,1,Completed
S0006139,A001024,1,Application Received,SME Sales,2024-04-28,2024-04-29,1,Completed
S0006140,A001024,2,Initial Screening,SME Sales,2024-04-29,2024-04-30,1,Completed
S0006141,A001024,3,Credit Assessment,Credit,2024-04-30,2024-05-02,2,Completed
S0006142,A001024,4,Risk Review,Risk,2024-05-02,2024-05-05,3,Completed
S0006143,A001024,5,Approval Committee,Credit,2024-05-05,2024-05-08,3,Completed
S0006144,A001024,6,Documentation,Operations,2024-05-08,2024-05-13,5,Completed
S0006145,A001024,7,Disbursement,Operations,2024-05-13,2024-05-15,2,Completed
S0006146,A001025,1,Application Received,SME Sales,2025-11-15,2025-11-16,1,Completed
S0006147,A001025,2,Initial Screening,SME Sales,2025-11-16,2025-11-18,2,Completed
S0006148,A001025,3,Credit Assessment,Credit,2025-11-18,2025-11-24,6,Completed
S0006149,A001025,4,Risk Review,Risk,2025-11-24,2025-11-28,4,Completed
S0006150,A001025,5,Approval Committee,Credit,2025-11-28,2025-11-30,2,Completed
S0006151,A001025,6,Documentation,Operations,2025-11-30,2025-12-03,3,Completed
S0006152,A001025,7,Disbursement,Operations,2025-12-03,2025-12-05,2,Completed
S0006153,A001026,1,Application Received,SME Sales,2025-05-26,2025-05-27,1,Completed
S0006154,A001026,2,Initial Screening,SME Sales,2025-05-27,2025-05-29,2,Completed
S0006155,A001026,3,Credit Assessment,Credit,2025-05-29,2025-06-01,3,Completed
S0006156,A001026,4,Risk Review,Risk,2025-06-01,2025-06-04,3,Completed
S0006157,A001026,5,Approval Committee,Credit,2025-06-04,2025-06-06,2,Completed
S0006158,A001026,6,Documentation,Operations,2025-06-06,2025-06-08,2,Completed
S0006159,A001026,7,Disbursement,Operations,2025-06-08,2025-06-10,2,Completed
S0006160,A001027,1,Application Received,SME Sales,2025-07-08,2025-07-08,0,Completed
S0006161,A001027,2,Initial Screening,SME Sales,2025-07-08,2025-07-10,2,Completed
S0006162,A001027,3,Credit Assessment,Credit,2025-07-10,2025-07-15,5,Completed
S0006163,A001027,4,Risk Review,Risk,2025-07-15,2025-07-19,4,Completed
S0006164,A001027,5,Approval Committee,Credit,2025-07-19,2025-07-20,1,Completed
S0006165,A001027,6,Documentation,Operations,2025-07-20,2025-07-24,4,Completed
S0006166,A001027,7,Disbursement,Operations,2025-07-24,2025-07-26,2,Completed
S0006167,A001028,1,Application Received,SME Sales,2025-02-27,2025-02-28,1,Completed
S0006168,A001028,2,Initial Screening,SME Sales,2025-02-28,2025-03-01,1,Completed
S0006169,A001028,3,Credit Assessment,Credit,2025-03-01,2025-03-03,2,Completed
S0006170,A001028,4,Risk Review,Risk,2025-03-03,2025-03-05,2,Completed
S0006171,A001028,5,Approval Committee,Credit,2025-03-05,2025-03-08,3,Completed
S0006172,A001028,6,Documentation,Operations,2025-03-08,2025-03-10,2,Completed
S0006173,A001028,7,Disbursement,Operations,2025-03-10,2025-03-12,2,Completed
S0006174,A001029,1,Application Received,SME Sales,2026-03-20,2026-03-20,0,Completed
S0006175,A001029,2,Initial Screening,SME Sales,2026-03-20,2026-03-21,1,Completed
S0006176,A001029,3,Credit Assessment,Credit,2026-03-21,2026-03-27,6,Completed
S0006177,A001029,4,Risk Review,Risk,2026-03-27,2026-03-28,1,Completed
S0006178,A001030,1,Application Received,SME Sales,2025-01-24,2025-01-24,0,Completed
S0006179,A001030,2,Initial Screening,SME Sales,2025-01-24,2025-01-26,2,Completed
S0006180,A001030,3,Credit Assessment,Credit,2025-01-26,2025-01-30,4,Completed
S0006181,A001031,1,Application Received,SME Sales,2026-08-11,2026-08-11,0,Completed
S0006182,A001031,2,Initial Screening,SME Sales,2026-08-11,2026-08-14,3,Completed
S0006183,A001031,3,Credit Assessment,Credit,2026-08-14,2026-08-18,4,Completed
S0006184,A001031,4,Risk Review,Risk,2026-08-18,2026-08-19,1,Completed
S0006185,A001031,5,Approval Committee,Credit,2026-08-19,2026-08-22,3,Completed
S0006186,A001031,6,Documentation,Operations,2026-08-22,2026-08-24,2,Completed
S0006187,A001031,7,Disbursement,Operations,2026-08-24,2026-08-26,2,Completed
S0006188,A001032,1,Application Received,SME Sales,2024-08-16,2024-08-16,0,Completed
S0006189,A001032,2,Initial Screening,SME Sales,2024-08-16,2024-08-18,2,Completed
S0006190,A001032,3,Credit Assessment,Credit,2024-08-18,2024-08-21,3,Completed
S0006191,A001032,4,Risk Review,Risk,2024-08-21,2024-08-22,1,Completed
S0006192,A001033,1,Application Received,SME Sales,2025-09-03,2025-09-04,1,Completed
S0006193,A001033,2,Initial Screening,SME Sales,2025-09-04,2025-09-05,1,Completed
S0006194,A001033,3,Credit Assessment,Credit,2025-09-05,2025-09-10,5,Completed
S0006195,A001033,4,Risk Review,Risk,2025-09-10,2025-09-11,1,Completed
S0006196,A001033,5,Approval Committee,Credit,2025-09-11,2025-09-13,2,Completed
S0006197,A001033,6,Documentation,Operations,2025-09-13,2025-09-17,4,Completed
S0006198,A001033,7,Disbursement,Operations,2025-09-17,2025-09-18,1,Completed
S0006199,A001034,1,Application Received,SME Sales,2025-08-26,2025-08-27,1,Completed
S0006200,A001034,2,Initial Screening,SME Sales,2025-08-27,2025-08-30,3,Completed
S0006201,A001034,3,Credit Assessment,Credit,2025-08-30,2025-09-03,4,Completed
S0006202,A001034,4,Risk Review,Risk,2025-09-03,2025-09-07,4,Completed
S0006203,A001034,5,Approval Committee,Credit,2025-09-07,2025-09-09,2,Completed
S0006204,A001034,6,Documentation,Operations,2025-09-09,2025-09-14,5,Completed
S0006205,A001034,7,Disbursement,Operations,2025-09-14,2025-09-15,1,Completed
S0006206,A001035,1,Application Received,SME Sales,2024-01-03,2024-01-03,0,Completed
S0006207,A001035,2,Initial Screening,SME Sales,2024-01-03,2024-01-06,3,Completed
S0006208,A001035,3,Credit Assessment,Credit,2024-01-06,2024-01-08,2,Completed
S0006209,A001035,4,Risk Review,Risk,2024-01-08,2024-01-10,2,Completed
S0006210,A001035,5,Approval Committee,Credit,2024-01-10,2024-01-11,1,Completed
S0006211,A001035,6,Documentation,Operations,2024-01-11,2024-01-14,3,Completed
S0006212,A001035,7,Disbursement,Operations,2024-01-14,2024-01-15,1,Completed
S0006213,A001036,1,Application Received,SME Sales,2025-01-26,2025-01-27,1,Completed
S0006214,A001036,2,Initial Screening,SME Sales,2025-01-27,2025-01-29,2,Completed
S0006215,A001036,3,Credit Assessment,Credit,2025-01-29,2025-02-04,6,Completed
S0006216,A001036,4,Risk Review,Risk,2025-02-04,2025-02-06,2,Completed
S0006217,A001036,5,Approval Committee,Credit,2025-02-06,2025-02-08,2,Completed
S0006218,A001036,6,Documentation,Operations,2025-02-08,2025-02-12,4,Completed
S0006219,A001036,7,Disbursement,Operations,2025-02-12,2025-02-14,2,Completed
S0006220,A001037,1,Application Received,SME Sales,2025-01-05,2025-01-06,1,Completed
S0006221,A001037,2,Initial Screening,SME Sales,2025-01-06,2025-01-09,3,Completed
S0006222,A001037,3,Credit Assessment,Credit,2025-01-09,2025-01-13,4,Completed
S0006223,A001038,1,Application Received,SME Sales,2026-05-30,2026-05-31,1,Completed
S0006224,A001038,2,Initial Screening,SME Sales,2026-05-31,2026-06-02,2,Completed
S0006225,A001038,3,Credit Assessment,Credit,2026-06-02,2026-06-08,6,Completed
S0006226,A001038,4,Risk Review,Risk,2026-06-08,2026-06-12,4,Completed
S0006227,A001039,1,Application Received,SME Sales,2026-07-28,2026-07-29,1,Completed
S0006228,A001039,2,Initial Screening,SME Sales,2026-07-29,2026-08-01,3,Completed
S0006229,A001039,3,Credit Assessment,Credit,2026-08-01,2026-08-07,6,Completed
S0006230,A001039,4,Risk Review,Risk,2026-08-07,2026-08-09,2,Completed
S0006231,A001040,1,Application Received,SME Sales,2026-03-06,2026-03-07,1,Completed
S0006232,A001040,2,Initial Screening,SME Sales,2026-03-07,2026-03-08,1,Completed
S0006233,A001040,3,Credit Assessment,Credit,2026-03-08,2026-03-14,6,Completed
S0006234,A001040,4,Risk Review,Risk,2026-03-14,2026-03-16,2,Completed
S0006235,A001041,1,Application Received,SME Sales,2025-11-13,2025-11-13,0,Completed
S0006236,A001041,2,Initial Screening,SME Sales,2025-11-13,2025-11-14,1,Completed
S0006237,A001041,3,Credit Assessment,Credit,2025-11-14,2025-11-17,3,Completed
S0006238,A001042,1,Application Received,SME Sales,2024-07-02,2024-07-03,1,Completed
S0006239,A001042,2,Initial Screening,SME Sales,2024-07-03,2024-07-06,3,Completed
S0006240,A001042,3,Credit Assessment,Credit,2024-07-06,2024-07-09,3,Completed
S0006241,A001042,4,Risk Review,Risk,2024-07-09,2024-07-12,3,Completed
S0006242,A001042,5,Approval Committee,Credit,2024-07-12,2024-07-15,3,Completed
S0006243,A001042,6,Documentation,Operations,2024-07-15,2024-07-19,4,Completed
S0006244,A001042,7,Disbursement,Operations,2024-07-19,2024-07-21,2,Completed
S0006245,A001043,1,Application Received,SME Sales,2024-10-05,2024-10-05,0,Completed
S0006246,A001043,2,Initial Screening,SME Sales,2024-10-05,2024-10-08,3,Completed
S0006247,A001043,3,Credit Assessment,Credit,2024-10-08,2024-10-13,5,Completed
S0006248,A001043,4,Risk Review,Risk,2024-10-13,2024-10-16,3,Completed
S0006249,A001043,5,Approval Committee,Credit,2024-10-16,2024-10-19,3,Completed
S0006250,A001043,6,Documentation,Operations,2024-10-19,2024-10-21,2,Completed
S0006251,A001043,7,Disbursement,Operations,2024-10-21,2024-10-23,2,Completed
S0006252,A001044,1,Application Received,SME Sales,2024-12-30,2024-12-31,1,Completed
S0006253,A001044,2,Initial Screening,SME Sales,2024-12-31,2025-01-03,3,Completed
S0006254,A001044,3,Credit Assessment,Credit,2025-01-03,2025-01-11,8,Completed
S0006255,A001044,4,Risk Review,Risk,2025-01-11,2025-01-12,1,Completed
S0006256,A001044,5,Approval Committee,Credit,2025-01-12,2025-01-13,1,Completed
S0006257,A001044,6,Documentation,Operations,2025-01-13,2025-01-17,4,Completed
S0006258,A001044,7,Disbursement,Operations,2025-01-17,2025-01-19,2,Completed
S0006259,A001045,1,Application Received,SME Sales,2025-08-09,2025-08-10,1,Completed
S0006260,A001045,2,Initial Screening,SME Sales,2025-08-10,2025-08-13,3,Completed
S0006261,A001045,3,Credit Assessment,Credit,2025-08-13,2025-08-17,4,Completed
S0006262,A001045,4,Risk Review,Risk,2025-08-17,2025-08-21,4,Completed
S0006263,A001045,5,Approval Committee,Credit,2025-08-21,2025-08-22,1,Completed
S0006264,A001045,6,Documentation,Operations,2025-08-22,2025-08-25,3,Completed
S0006265,A001045,7,Disbursement,Operations,2025-08-25,2025-08-27,2,Completed
S0006266,A001046,1,Application Received,SME Sales,2024-06-06,2024-06-07,1,Completed
S0006267,A001046,2,Initial Screening,SME Sales,2024-06-07,2024-06-10,3,Completed
S0006268,A001046,3,Credit Assessment,Credit,2024-06-10,2024-06-12,2,Completed
S0006269,A001046,4,Risk Review,Risk,2024-06-12,2024-06-16,4,Completed
S0006270,A001046,5,Approval Committee,Credit,2024-06-16,2024-06-17,1,Completed
S0006271,A001046,6,Documentation,Operations,2024-06-17,2024-06-22,5,Completed
S0006272,A001046,7,Disbursement,Operations,2024-06-22,2024-06-24,2,Completed
S0006273,A001047,1,Application Received,SME Sales,2026-05-17,2026-05-18,1,Completed
S0006274,A001047,2,Initial Screening,SME Sales,2026-05-18,2026-05-20,2,Completed
S0006275,A001047,3,Credit Assessment,Credit,2026-05-20,2026-05-24,4,Completed
S0006276,A001047,4,Risk Review,Risk,2026-05-24,2026-05-28,4,Completed
S0006277,A001047,5,Approval Committee,Credit,2026-05-28,2026-05-29,1,Completed
S0006278,A001048,1,Application Received,SME Sales,2024-06-01,2024-06-02,1,Completed
S0006279,A001048,2,Initial Screening,SME Sales,2024-06-02,2024-06-05,3,Completed
S0006280,A001048,3,Credit Assessment,Credit,2024-06-05,2024-06-07,2,Completed
S0006281,A001048,4,Risk Review,Risk,2024-06-07,2024-06-10,3,Completed
S0006282,A001048,5,Approval Committee,Credit,2024-06-10,2024-06-11,1,Completed
S0006283,A001048,6,Documentation,Operations,2024-06-11,2024-06-15,4,Completed
S0006284,A001048,7,Disbursement,Operations,2024-06-15,2024-06-16,1,Completed
S0006285,A001049,1,Application Received,SME Sales,2026-04-10,2026-04-10,0,Completed
S0006286,A001049,2,Initial Screening,SME Sales,2026-04-10,2026-04-13,3,Completed
S0006287,A001049,3,Credit Assessment,Credit,2026-04-13,2026-04-15,2,Completed
S0006288,A001049,4,Risk Review,Risk,2026-04-15,2026-04-19,4,Completed
S0006289,A001050,1,Application Received,SME Sales,2026-05-29,2026-05-29,0,Completed
S0006290,A001050,2,Initial Screening,SME Sales,2026-05-29,2026-05-31,2,Completed
S0006291,A001050,3,Credit Assessment,Credit,2026-05-31,2026-06-03,3,Completed
S0006292,A001050,4,Risk Review,Risk,2026-06-03,2026-06-07,4,Completed
S0006293,A001050,5,Approval Committee,Credit,2026-06-07,2026-06-09,2,Completed
S0006294,A001050,6,Documentation,Operations,2026-06-09,2026-06-14,5,Completed
S0006295,A001050,7,Disbursement,Operations,2026-06-14,2026-06-16,2,Completed
S0006296,A001051,1,Application Received,SME Sales,2024-07-01,2024-07-02,1,Completed
S0006297,A001051,2,Initial Screening,SME Sales,2024-07-02,2024-07-04,2,Completed
S0006298,A001051,3,Credit Assessment,Credit,2024-07-04,2024-07-09,5,Completed
S0006299,A001051,4,Risk Review,Risk,2024-07-09,2024-07-13,4,Completed
S0006300,A001051,5,Approval Committee,Credit,2024-07-13,2024-07-14,1,Completed
S0006301,A001051,6,Documentation,Operations,2024-07-14,2024-07-16,2,Completed
S0006302,A001051,7,Disbursement,Operations,2024-07-16,2024-07-17,1,Completed
S0006303,A001052,1,Application Received,SME Sales,2025-10-12,2025-10-12,0,Completed
S0006304,A001052,2,Initial Screening,SME Sales,2025-10-12,2025-10-14,2,Completed
S0006305,A001052,3,Credit Assessment,Credit,2025-10-14,2025-10-17,3,Completed
S0006306,A001052,4,Risk Review,Risk,2025-10-17,2025-10-21,4,Completed
S0006307,A001052,5,Approval Committee,Credit,2025-10-21,2025-10-23,2,Completed
S0006308,A001052,6,Documentation,Operations,2025-10-23,2025-10-26,3,Completed
S0006309,A001052,7,Disbursement,Operations,2025-10-26,2025-10-28,2,Completed
S0006310,A001053,1,Application Received,SME Sales,2026-05-21,2026-05-21,0,Completed
S0006311,A001053,2,Initial Screening,SME Sales,2026-05-21,2026-05-22,1,Completed
S0006312,A001053,3,Credit Assessment,Credit,2026-05-22,2026-05-27,5,Completed
S0006313,A001053,4,Risk Review,Risk,2026-05-27,2026-05-31,4,Completed
S0006314,A001053,5,Approval Committee,Credit,2026-05-31,2026-06-03,3,Completed
S0006315,A001053,6,Documentation,Operations,2026-06-03,2026-06-08,5,Completed
S0006316,A001053,7,Disbursement,Operations,2026-06-08,2026-06-09,1,Completed
S0006317,A001054,1,Application Received,SME Sales,2025-04-27,2025-04-28,1,Completed
S0006318,A001054,2,Initial Screening,SME Sales,2025-04-28,2025-04-30,2,Completed
S0006319,A001054,3,Credit Assessment,Credit,2025-04-30,2025-05-05,5,Completed
S0006320,A001054,4,Risk Review,Risk,2025-05-05,2025-05-08,3,Completed
S0006321,A001054,5,Approval Committee,Credit,2025-05-08,2025-05-11,3,Completed
S0006322,A001054,6,Documentation,Operations,2025-05-11,2025-05-13,2,Completed
S0006323,A001054,7,Disbursement,Operations,2025-05-13,2025-05-14,1,Completed
S0006324,A001055,1,Application Received,SME Sales,2025-02-19,2025-02-20,1,Completed
S0006325,A001055,2,Initial Screening,SME Sales,2025-02-20,2025-02-23,3,Completed
S0006326,A001055,3,Credit Assessment,Credit,2025-02-23,2025-02-28,5,Completed
S0006327,A001055,4,Risk Review,Risk,2025-02-28,2025-03-02,2,Completed
S0006328,A001055,5,Approval Committee,Credit,2025-03-02,2025-03-05,3,Completed
S0006329,A001056,1,Application Received,SME Sales,2024-10-01,2024-10-02,1,Completed
S0006330,A001056,2,Initial Screening,SME Sales,2024-10-02,2024-10-04,2,Completed
S0006331,A001056,3,Credit Assessment,Credit,2024-10-04,2024-10-09,5,Completed
S0006332,A001056,4,Risk Review,Risk,2024-10-09,2024-10-12,3,Completed
S0006333,A001056,5,Approval Committee,Credit,2024-10-12,2024-10-14,2,Completed
S0006334,A001056,6,Documentation,Operations,2024-10-14,2024-10-19,5,Completed
S0006335,A001056,7,Disbursement,Operations,2024-10-19,2024-10-21,2,Completed
S0006336,A001057,1,Application Received,SME Sales,2024-09-21,2024-09-21,0,Completed
S0006337,A001057,2,Initial Screening,SME Sales,2024-09-21,2024-09-23,2,Completed
S0006338,A001057,3,Credit Assessment,Credit,2024-09-23,2024-09-25,2,Completed
S0006339,A001057,4,Risk Review,Risk,2024-09-25,2024-09-28,3,Completed
S0006340,A001058,1,Application Received,SME Sales,2024-11-09,2024-11-10,1,Completed
S0006341,A001058,2,Initial Screening,SME Sales,2024-11-10,2024-11-12,2,Completed
S0006342,A001058,3,Credit Assessment,Credit,2024-11-12,2024-11-14,2,Completed
S0006343,A001058,4,Risk Review,Risk,2024-11-14,2024-11-16,2,Completed
S0006344,A001058,5,Approval Committee,Credit,2024-11-16,2024-11-18,2,Completed
S0006345,A001058,6,Documentation,Operations,2024-11-18,2024-11-20,2,Completed
S0006346,A001058,7,Disbursement,Operations,2024-11-20,2024-11-21,1,Completed
S0006347,A001059,1,Application Received,SME Sales,2024-09-12,2024-09-13,1,Completed
S0006348,A001059,2,Initial Screening,SME Sales,2024-09-13,2024-09-15,2,Completed
S0006349,A001059,3,Credit Assessment,Credit,2024-09-15,2024-09-22,7,Completed
S0006350,A001059,4,Risk Review,Risk,2024-09-22,2024-09-25,3,Completed
S0006351,A001060,1,Application Received,SME Sales,2025-07-30,2025-07-30,0,Completed
S0006352,A001060,2,Initial Screening,SME Sales,2025-07-30,2025-08-02,3,Completed
S0006353,A001060,3,Credit Assessment,Credit,2025-08-02,2025-08-08,6,Completed
S0006354,A001060,4,Risk Review,Risk,2025-08-08,2025-08-11,3,Completed
S0006355,A001060,5,Approval Committee,Credit,2025-08-11,2025-08-13,2,Completed
S0006356,A001060,6,Documentation,Operations,2025-08-13,2025-08-17,4,Completed
S0006357,A001060,7,Disbursement,Operations,2025-08-17,2025-08-18,1,Completed
S0006358,A001061,1,Application Received,SME Sales,2025-12-23,2025-12-24,1,Completed
S0006359,A001061,2,Initial Screening,SME Sales,2025-12-24,2025-12-26,2,Completed
S0006360,A001061,3,Credit Assessment,Credit,2025-12-26,2025-12-29,3,Completed
S0006361,A001061,4,Risk Review,Risk,2025-12-29,2026-01-02,4,Completed
S0006362,A001061,5,Approval Committee,Credit,2026-01-02,2026-01-04,2,Completed
S0006363,A001061,6,Documentation,Operations,2026-01-04,2026-01-08,4,Completed
S0006364,A001061,7,Disbursement,Operations,2026-01-08,2026-01-10,2,Completed
S0006365,A001062,1,Application Received,SME Sales,2025-01-07,2025-01-08,1,Completed
S0006366,A001062,2,Initial Screening,SME Sales,2025-01-08,2025-01-10,2,Completed
S0006367,A001062,3,Credit Assessment,Credit,2025-01-10,2025-01-14,4,Completed
S0006368,A001062,4,Risk Review,Risk,2025-01-14,2025-01-18,4,Completed
S0006369,A001062,5,Approval Committee,Credit,2025-01-18,2025-01-20,2,Completed
S0006370,A001062,6,Documentation,Operations,2025-01-20,2025-01-25,5,Completed
S0006371,A001062,7,Disbursement,Operations,2025-01-25,2025-01-26,1,Completed
S0006372,A001063,1,Application Received,SME Sales,2025-12-06,2025-12-07,1,Completed
S0006373,A001063,2,Initial Screening,SME Sales,2025-12-07,2025-12-10,3,Completed
S0006374,A001063,3,Credit Assessment,Credit,2025-12-10,2025-12-14,4,Completed
S0006375,A001064,1,Application Received,SME Sales,2024-12-14,2024-12-14,0,Completed
S0006376,A001064,2,Initial Screening,SME Sales,2024-12-14,2024-12-15,1,Completed
S0006377,A001064,3,Credit Assessment,Credit,2024-12-15,2024-12-19,4,Completed
S0006378,A001064,4,Risk Review,Risk,2024-12-19,2024-12-20,1,Completed
S0006379,A001064,5,Approval Committee,Credit,2024-12-20,2024-12-23,3,Completed
S0006380,A001064,6,Documentation,Operations,2024-12-23,2024-12-27,4,Completed
S0006381,A001064,7,Disbursement,Operations,2024-12-27,2024-12-28,1,Completed
S0006382,A001065,1,Application Received,SME Sales,2026-04-18,2026-04-18,0,Completed
S0006383,A001065,2,Initial Screening,SME Sales,2026-04-18,2026-04-21,3,Completed
S0006384,A001065,3,Credit Assessment,Credit,2026-04-21,2026-04-26,5,Completed
S0006385,A001065,4,Risk Review,Risk,2026-04-26,2026-04-28,2,Completed
S0006386,A001065,5,Approval Committee,Credit,2026-04-28,2026-04-30,2,Completed
S0006387,A001065,6,Documentation,Operations,2026-04-30,2026-05-05,5,Completed
S0006388,A001065,7,Disbursement,Operations,2026-05-05,2026-05-06,1,Completed
S0006389,A001066,1,Application Received,SME Sales,2024-12-31,2024-12-31,0,Completed
S0006390,A001066,2,Initial Screening,SME Sales,2024-12-31,2025-01-02,2,Completed
S0006391,A001066,3,Credit Assessment,Credit,2025-01-02,2025-01-07,5,Completed
S0006392,A001066,4,Risk Review,Risk,2025-01-07,2025-01-10,3,Completed
S0006393,A001066,5,Approval Committee,Credit,2025-01-10,2025-01-13,3,Completed
S0006394,A001066,6,Documentation,Operations,2025-01-13,2025-01-18,5,Completed
S0006395,A001066,7,Disbursement,Operations,2025-01-18,2025-01-19,1,Completed
S0006396,A001067,1,Application Received,SME Sales,2025-02-06,2025-02-07,1,Completed
S0006397,A001067,2,Initial Screening,SME Sales,2025-02-07,2025-02-08,1,Completed
S0006398,A001067,3,Credit Assessment,Credit,2025-02-08,2025-02-13,5,Completed
S0006399,A001067,4,Risk Review,Risk,2025-02-13,2025-02-17,4,Completed
S0006400,A001067,5,Approval Committee,Credit,2025-02-17,2025-02-18,1,Completed
S0006401,A001067,6,Documentation,Operations,2025-02-18,2025-02-21,3,Completed
S0006402,A001067,7,Disbursement,Operations,2025-02-21,2025-02-23,2,Completed
S0006403,A001068,1,Application Received,SME Sales,2026-04-22,2026-04-23,1,Completed
S0006404,A001068,2,Initial Screening,SME Sales,2026-04-23,2026-04-26,3,Completed
S0006405,A001068,3,Credit Assessment,Credit,2026-04-26,2026-05-03,7,Completed
S0006406,A001068,4,Risk Review,Risk,2026-05-03,2026-05-05,2,Completed
S0006407,A001068,5,Approval Committee,Credit,2026-05-05,2026-05-07,2,Completed
S0006408,A001068,6,Documentation,Operations,2026-05-07,2026-05-12,5,Completed
S0006409,A001068,7,Disbursement,Operations,2026-05-12,2026-05-14,2,Completed
S0006410,A001069,1,Application Received,SME Sales,2025-12-09,2025-12-09,0,Completed
S0006411,A001069,2,Initial Screening,SME Sales,2025-12-09,2025-12-12,3,Completed
S0006412,A001069,3,Credit Assessment,Credit,2025-12-12,2025-12-20,8,Completed
S0006413,A001069,4,Risk Review,Risk,2025-12-20,2025-12-22,2,Completed
S0006414,A001070,1,Application Received,SME Sales,2026-05-10,2026-05-11,1,Completed
S0006415,A001070,2,Initial Screening,SME Sales,2026-05-11,2026-05-12,1,Completed
S0006416,A001070,3,Credit Assessment,Credit,2026-05-12,2026-05-14,2,Completed
S0006417,A001070,4,Risk Review,Risk,2026-05-14,2026-05-18,4,Completed
S0006418,A001070,5,Approval Committee,Credit,2026-05-18,2026-05-21,3,Completed
S0006419,A001071,1,Application Received,SME Sales,2026-03-08,2026-03-08,0,Completed
S0006420,A001071,2,Initial Screening,SME Sales,2026-03-08,2026-03-10,2,Completed
S0006421,A001071,3,Credit Assessment,Credit,2026-03-10,2026-03-15,5,Completed
S0006422,A001071,4,Risk Review,Risk,2026-03-15,2026-03-19,4,Completed
S0006423,A001072,1,Application Received,SME Sales,2024-03-20,2024-03-21,1,Completed
S0006424,A001072,2,Initial Screening,SME Sales,2024-03-21,2024-03-23,2,Completed
S0006425,A001072,3,Credit Assessment,Credit,2024-03-23,2024-03-29,6,Completed
S0006426,A001072,4,Risk Review,Risk,2024-03-29,2024-04-01,3,Completed
S0006427,A001072,5,Approval Committee,Credit,2024-04-01,2024-04-02,1,Completed
S0006428,A001072,6,Documentation,Operations,2024-04-02,2024-04-06,4,Completed
S0006429,A001072,7,Disbursement,Operations,2024-04-06,2024-04-08,2,Completed
S0006430,A001073,1,Application Received,SME Sales,2026-05-19,2026-05-19,0,Completed
S0006431,A001073,2,Initial Screening,SME Sales,2026-05-19,2026-05-21,2,Completed
S0006432,A001073,3,Credit Assessment,Credit,2026-05-21,2026-05-25,4,Completed
S0006433,A001073,4,Risk Review,Risk,2026-05-25,2026-05-26,1,Completed
S0006434,A001073,5,Approval Committee,Credit,2026-05-26,2026-05-29,3,Completed
S0006435,A001073,6,Documentation,Operations,2026-05-29,2026-05-31,2,Completed
S0006436,A001073,7,Disbursement,Operations,2026-05-31,2026-06-02,2,Completed
S0006437,A001074,1,Application Received,SME Sales,2024-09-05,2024-09-06,1,Completed
S0006438,A001074,2,Initial Screening,SME Sales,2024-09-06,2024-09-09,3,Completed
S0006439,A001074,3,Credit Assessment,Credit,2024-09-09,2024-09-13,4,Completed
S0006440,A001075,1,Application Received,SME Sales,2025-01-25,2025-01-25,0,Completed
S0006441,A001075,2,Initial Screening,SME Sales,2025-01-25,2025-01-28,3,Completed
S0006442,A001075,3,Credit Assessment,Credit,2025-01-28,2025-02-03,6,Completed
S0006443,A001075,4,Risk Review,Risk,2025-02-03,2025-02-06,3,Completed
S0006444,A001075,5,Approval Committee,Credit,2025-02-06,2025-02-09,3,Completed
S0006445,A001075,6,Documentation,Operations,2025-02-09,2025-02-12,3,Completed
S0006446,A001075,7,Disbursement,Operations,2025-02-12,2025-02-14,2,Completed
S0006447,A001076,1,Application Received,SME Sales,2026-08-24,2026-08-24,0,Completed
S0006448,A001076,2,Initial Screening,SME Sales,2026-08-24,2026-08-26,2,Completed
S0006449,A001076,3,Credit Assessment,Credit,2026-08-26,2026-09-02,7,Completed
S0006450,A001077,1,Application Received,SME Sales,2026-09-02,2026-09-03,1,Completed
S0006451,A001077,2,Initial Screening,SME Sales,2026-09-03,2026-09-05,2,Completed
S0006452,A001077,3,Credit Assessment,Credit,2026-09-05,2026-09-11,6,Completed
S0006453,A001077,4,Risk Review,Risk,2026-09-11,2026-09-15,4,Completed
S0006454,A001077,5,Approval Committee,Credit,2026-09-15,2026-09-18,3,Completed
S0006455,A001077,6,Documentation,Operations,2026-09-18,2026-09-20,2,Completed
S0006456,A001077,7,Disbursement,Operations,2026-09-20,2026-09-22,2,Completed
S0006457,A001078,1,Application Received,SME Sales,2024-02-06,2024-02-06,0,Completed
S0006458,A001078,2,Initial Screening,SME Sales,2024-02-06,2024-02-07,1,Completed
S0006459,A001078,3,Credit Assessment,Credit,2024-02-07,2024-02-09,2,Completed
S0006460,A001078,4,Risk Review,Risk,2024-02-09,2024-02-13,4,Completed
S0006461,A001078,5,Approval Committee,Credit,2024-02-13,2024-02-16,3,Completed
S0006462,A001078,6,Documentation,Operations,2024-02-16,2024-02-18,2,Completed
S0006463,A001078,7,Disbursement,Operations,2024-02-18,2024-02-19,1,Completed
S0006464,A001079,1,Application Received,SME Sales,2025-09-14,2025-09-14,0,Completed
S0006465,A001079,2,Initial Screening,SME Sales,2025-09-14,2025-09-15,1,Completed
S0006466,A001079,3,Credit Assessment,Credit,2025-09-15,2025-09-18,3,Completed
S0006467,A001079,4,Risk Review,Risk,2025-09-18,2025-09-21,3,Completed
S0006468,A001079,5,Approval Committee,Credit,2025-09-21,2025-09-24,3,Completed
S0006469,A001079,6,Documentation,Operations,2025-09-24,2025-09-26,2,Completed
S0006470,A001079,7,Disbursement,Operations,2025-09-26,2025-09-27,1,Completed
S0006471,A001080,1,Application Received,SME Sales,2025-06-25,2025-06-25,0,Completed
S0006472,A001080,2,Initial Screening,SME Sales,2025-06-25,2025-06-27,2,Completed
S0006473,A001080,3,Credit Assessment,Credit,2025-06-27,2025-07-01,4,Completed
S0006474,A001080,4,Risk Review,Risk,2025-07-01,2025-07-03,2,Completed
S0006475,A001080,5,Approval Committee,Credit,2025-07-03,2025-07-04,1,Completed
S0006476,A001080,6,Documentation,Operations,2025-07-04,2025-07-09,5,Completed
S0006477,A001080,7,Disbursement,Operations,2025-07-09,2025-07-10,1,Completed
S0006478,A001081,1,Application Received,SME Sales,2026-03-12,2026-03-13,1,Completed
S0006479,A001081,2,Initial Screening,SME Sales,2026-03-13,2026-03-16,3,Completed
S0006480,A001081,3,Credit Assessment,Credit,2026-03-16,2026-03-21,5,Completed
S0006481,A001081,4,Risk Review,Risk,2026-03-21,2026-03-22,1,Completed
S0006482,A001081,5,Approval Committee,Credit,2026-03-22,2026-03-23,1,Completed
S0006483,A001081,6,Documentation,Operations,2026-03-23,2026-03-28,5,Completed
S0006484,A001081,7,Disbursement,Operations,2026-03-28,2026-03-30,2,Completed
S0006485,A001082,1,Application Received,SME Sales,2024-02-29,2024-02-29,0,Completed
S0006486,A001082,2,Initial Screening,SME Sales,2024-02-29,2024-03-01,1,Completed
S0006487,A001082,3,Credit Assessment,Credit,2024-03-01,2024-03-07,6,Completed
S0006488,A001082,4,Risk Review,Risk,2024-03-07,2024-03-10,3,Completed
S0006489,A001082,5,Approval Committee,Credit,2024-03-10,2024-03-12,2,Completed
S0006490,A001083,1,Application Received,SME Sales,2025-06-06,2025-06-06,0,Completed
S0006491,A001083,2,Initial Screening,SME Sales,2025-06-06,2025-06-07,1,Completed
S0006492,A001083,3,Credit Assessment,Credit,2025-06-07,2025-06-09,2,Completed
S0006493,A001083,4,Risk Review,Risk,2025-06-09,2025-06-10,1,Completed
S0006494,A001084,1,Application Received,SME Sales,2024-11-16,2024-11-16,0,Completed
S0006495,A001084,2,Initial Screening,SME Sales,2024-11-16,2024-11-19,3,Completed
S0006496,A001084,3,Credit Assessment,Credit,2024-11-19,2024-11-24,5,Completed
S0006497,A001084,4,Risk Review,Risk,2024-11-24,2024-11-25,1,Completed
S0006498,A001084,5,Approval Committee,Credit,2024-11-25,2024-11-27,2,Completed
S0006499,A001084,6,Documentation,Operations,2024-11-27,2024-12-02,5,Completed
S0006500,A001084,7,Disbursement,Operations,2024-12-02,2024-12-04,2,Completed
S0006501,A001085,1,Application Received,SME Sales,2025-01-31,2025-02-01,1,Completed
S0006502,A001085,2,Initial Screening,SME Sales,2025-02-01,2025-02-02,1,Completed
S0006503,A001085,3,Credit Assessment,Credit,2025-02-02,2025-02-04,2,Completed
S0006504,A001085,4,Risk Review,Risk,2025-02-04,2025-02-06,2,Completed
S0006505,A001085,5,Approval Committee,Credit,2025-02-06,2025-02-07,1,Completed
S0006506,A001085,6,Documentation,Operations,2025-02-07,2025-02-10,3,Completed
S0006507,A001085,7,Disbursement,Operations,2025-02-10,2025-02-11,1,Completed
S0006508,A001086,1,Application Received,SME Sales,2024-09-12,2024-09-12,0,Completed
S0006509,A001086,2,Initial Screening,SME Sales,2024-09-12,2024-09-14,2,Completed
S0006510,A001086,3,Credit Assessment,Credit,2024-09-14,2024-09-20,6,Completed
S0006511,A001086,4,Risk Review,Risk,2024-09-20,2024-09-24,4,Completed
S0006512,A001086,5,Approval Committee,Credit,2024-09-24,2024-09-26,2,Completed
S0006513,A001086,6,Documentation,Operations,2024-09-26,2024-10-01,5,Completed
S0006514,A001086,7,Disbursement,Operations,2024-10-01,2024-10-03,2,Completed
S0006515,A001087,1,Application Received,SME Sales,2024-04-14,2024-04-14,0,Completed
S0006516,A001087,2,Initial Screening,SME Sales,2024-04-14,2024-04-15,1,Completed
S0006517,A001087,3,Credit Assessment,Credit,2024-04-15,2024-04-21,6,Completed
S0006518,A001087,4,Risk Review,Risk,2024-04-21,2024-04-24,3,Completed
S0006519,A001087,5,Approval Committee,Credit,2024-04-24,2024-04-25,1,Completed
S0006520,A001087,6,Documentation,Operations,2024-04-25,2024-04-28,3,Completed
S0006521,A001087,7,Disbursement,Operations,2024-04-28,2024-04-30,2,Completed
S0006522,A001088,1,Application Received,SME Sales,2024-05-10,2024-05-11,1,Completed
S0006523,A001088,2,Initial Screening,SME Sales,2024-05-11,2024-05-14,3,Completed
S0006524,A001088,3,Credit Assessment,Credit,2024-05-14,2024-05-18,4,Completed
S0006525,A001088,4,Risk Review,Risk,2024-05-18,2024-05-20,2,Completed
S0006526,A001088,5,Approval Committee,Credit,2024-05-20,2024-05-23,3,Completed
S0006527,A001088,6,Documentation,Operations,2024-05-23,2024-05-27,4,Completed
S0006528,A001088,7,Disbursement,Operations,2024-05-27,2024-05-29,2,Completed
S0006529,A001089,1,Application Received,SME Sales,2026-04-09,2026-04-09,0,Completed
S0006530,A001089,2,Initial Screening,SME Sales,2026-04-09,2026-04-11,2,Completed
S0006531,A001089,3,Credit Assessment,Credit,2026-04-11,2026-04-16,5,Completed
S0006532,A001089,4,Risk Review,Risk,2026-04-16,2026-04-18,2,Completed
S0006533,A001089,5,Approval Committee,Credit,2026-04-18,2026-04-20,2,Completed
S0006534,A001089,6,Documentation,Operations,2026-04-20,2026-04-24,4,Completed
S0006535,A001089,7,Disbursement,Operations,2026-04-24,2026-04-25,1,Completed
S0006536,A001090,1,Application Received,SME Sales,2025-04-17,2025-04-17,0,Completed
S0006537,A001090,2,Initial Screening,SME Sales,2025-04-17,2025-04-18,1,Completed
S0006538,A001090,3,Credit Assessment,Credit,2025-04-18,2025-04-21,3,Completed
S0006539,A001090,4,Risk Review,Risk,2025-04-21,2025-04-25,4,Completed
S0006540,A001090,5,Approval Committee,Credit,2025-04-25,2025-04-27,2,Completed
S0006541,A001091,1,Application Received,SME Sales,2026-03-17,2026-03-17,0,Completed
S0006542,A001091,2,Initial Screening,SME Sales,2026-03-17,2026-03-20,3,Completed
S0006543,A001091,3,Credit Assessment,Credit,2026-03-20,2026-03-22,2,Completed
S0006544,A001091,4,Risk Review,Risk,2026-03-22,2026-03-26,4,Completed
S0006545,A001091,5,Approval Committee,Credit,2026-03-26,2026-03-29,3,Completed
S0006546,A001091,6,Documentation,Operations,2026-03-29,2026-04-01,3,Completed
S0006547,A001091,7,Disbursement,Operations,2026-04-01,2026-04-02,1,Completed
S0006548,A001092,1,Application Received,SME Sales,2026-04-03,2026-04-04,1,Completed
S0006549,A001092,2,Initial Screening,SME Sales,2026-04-04,2026-04-05,1,Completed
S0006550,A001092,3,Credit Assessment,Credit,2026-04-05,2026-04-10,5,Completed
S0006551,A001092,4,Risk Review,Risk,2026-04-10,2026-04-13,3,Completed
S0006552,A001092,5,Approval Committee,Credit,2026-04-13,2026-04-15,2,Completed
S0006553,A001092,6,Documentation,Operations,2026-04-15,2026-04-18,3,Completed
S0006554,A001092,7,Disbursement,Operations,2026-04-18,2026-04-19,1,Completed
S0006555,A001093,1,Application Received,SME Sales,2026-09-19,2026-09-20,1,Completed
S0006556,A001093,2,Initial Screening,SME Sales,2026-09-20,2026-09-22,2,Completed
S0006557,A001093,3,Credit Assessment,Credit,2026-09-22,2026-09-28,6,Completed
S0006558,A001093,4,Risk Review,Risk,2026-09-28,2026-09-30,2,Completed
S0006559,A001093,5,Approval Committee,Credit,2026-09-30,2026-09-30,0,Completed
S0006560,A001093,6,Documentation,Operations,2026-09-30,2026-09-30,0,Completed
S0006561,A001093,7,Disbursement,Operations,2026-09-30,2026-09-30,0,Completed
S0006562,A001094,1,Application Received,SME Sales,2024-08-25,2024-08-26,1,Completed
S0006563,A001094,2,Initial Screening,SME Sales,2024-08-26,2024-08-27,1,Completed
S0006564,A001094,3,Credit Assessment,Credit,2024-08-27,2024-09-04,8,Completed
S0006565,A001094,4,Risk Review,Risk,2024-09-04,2024-09-08,4,Completed
S0006566,A001094,5,Approval Committee,Credit,2024-09-08,2024-09-11,3,Completed
S0006567,A001094,6,Documentation,Operations,2024-09-11,2024-09-16,5,Completed
S0006568,A001094,7,Disbursement,Operations,2024-09-16,2024-09-17,1,Completed
S0006569,A001095,1,Application Received,SME Sales,2024-10-30,2024-10-31,1,Completed
S0006570,A001095,2,Initial Screening,SME Sales,2024-10-31,2024-11-03,3,Completed
S0006571,A001095,3,Credit Assessment,Credit,2024-11-03,2024-11-05,2,Completed
S0006572,A001095,4,Risk Review,Risk,2024-11-05,2024-11-07,2,Completed
S0006573,A001095,5,Approval Committee,Credit,2024-11-07,2024-11-10,3,Completed
S0006574,A001095,6,Documentation,Operations,2024-11-10,2024-11-15,5,Completed
S0006575,A001095,7,Disbursement,Operations,2024-11-15,2024-11-17,2,Completed
S0006576,A001096,1,Application Received,SME Sales,2025-11-08,2025-11-08,0,Completed
S0006577,A001096,2,Initial Screening,SME Sales,2025-11-08,2025-11-11,3,Completed
S0006578,A001096,3,Credit Assessment,Credit,2025-11-11,2025-11-16,5,Completed
S0006579,A001096,4,Risk Review,Risk,2025-11-16,2025-11-20,4,Completed
S0006580,A001096,5,Approval Committee,Credit,2025-11-20,2025-11-22,2,Completed
S0006581,A001096,6,Documentation,Operations,2025-11-22,2025-11-27,5,Completed
S0006582,A001096,7,Disbursement,Operations,2025-11-27,2025-11-29,2,Completed
S0006583,A001097,1,Application Received,SME Sales,2026-08-23,2026-08-23,0,Completed
S0006584,A001097,2,Initial Screening,SME Sales,2026-08-23,2026-08-24,1,Completed
S0006585,A001097,3,Credit Assessment,Credit,2026-08-24,2026-08-29,5,Completed
S0006586,A001097,4,Risk Review,Risk,2026-08-29,2026-09-02,4,Completed
S0006587,A001097,5,Approval Committee,Credit,2026-09-02,2026-09-04,2,Completed
S0006588,A001097,6,Documentation,Operations,2026-09-04,2026-09-07,3,Completed
S0006589,A001097,7,Disbursement,Operations,2026-09-07,2026-09-09,2,Completed
S0006590,A001098,1,Application Received,SME Sales,2026-02-16,2026-02-17,1,Completed
S0006591,A001098,2,Initial Screening,SME Sales,2026-02-17,2026-02-19,2,Completed
S0006592,A001098,3,Credit Assessment,Credit,2026-02-19,2026-02-22,3,Completed
S0006593,A001098,4,Risk Review,Risk,2026-02-22,2026-02-25,3,Completed
S0006594,A001098,5,Approval Committee,Credit,2026-02-25,2026-02-26,1,Completed
S0006595,A001098,6,Documentation,Operations,2026-02-26,2026-03-02,4,Completed
S0006596,A001098,7,Disbursement,Operations,2026-03-02,2026-03-04,2,Completed
S0006597,A001099,1,Application Received,SME Sales,2024-10-29,2024-10-29,0,Completed
S0006598,A001099,2,Initial Screening,SME Sales,2024-10-29,2024-11-01,3,Completed
S0006599,A001099,3,Credit Assessment,Credit,2024-11-01,2024-11-07,6,Completed
S0006600,A001100,1,Application Received,SME Sales,2025-01-22,2025-01-22,0,Completed
S0006601,A001100,2,Initial Screening,SME Sales,2025-01-22,2025-01-23,1,Completed
S0006602,A001100,3,Credit Assessment,Credit,2025-01-23,2025-01-25,2,Completed
S0006603,A001100,4,Risk Review,Risk,2025-01-25,2025-01-28,3,Completed
S0006604,A001100,5,Approval Committee,Credit,2025-01-28,2025-01-29,1,Completed
S0006605,A001100,6,Documentation,Operations,2025-01-29,2025-02-02,4,Completed
S0006606,A001100,7,Disbursement,Operations,2025-02-02,2025-02-03,1,Completed
S0006607,A001101,1,Application Received,SME Sales,2024-01-05,2024-01-05,0,Completed
S0006608,A001101,2,Initial Screening,SME Sales,2024-01-05,2024-01-07,2,Completed
S0006609,A001101,3,Credit Assessment,Credit,2024-01-07,2024-01-09,2,Completed
S0006610,A001101,4,Risk Review,Risk,2024-01-09,2024-01-10,1,Completed
S0006611,A001101,5,Approval Committee,Credit,2024-01-10,2024-01-11,1,Completed
S0006612,A001101,6,Documentation,Operations,2024-01-11,2024-01-15,4,Completed
S0006613,A001101,7,Disbursement,Operations,2024-01-15,2024-01-16,1,Completed
S0006614,A001102,1,Application Received,SME Sales,2026-06-25,2026-06-25,0,Completed
S0006615,A001102,2,Initial Screening,SME Sales,2026-06-25,2026-06-27,2,Completed
S0006616,A001102,3,Credit Assessment,Credit,2026-06-27,2026-06-30,3,Completed
S0006617,A001102,4,Risk Review,Risk,2026-06-30,2026-07-04,4,Completed
S0006618,A001102,5,Approval Committee,Credit,2026-07-04,2026-07-06,2,Completed
S0006619,A001102,6,Documentation,Operations,2026-07-06,2026-07-11,5,Completed
S0006620,A001102,7,Disbursement,Operations,2026-07-11,2026-07-12,1,Completed
S0006621,A001103,1,Application Received,SME Sales,2025-08-29,2025-08-30,1,Completed
S0006622,A001103,2,Initial Screening,SME Sales,2025-08-30,2025-08-31,1,Completed
S0006623,A001103,3,Credit Assessment,Credit,2025-08-31,2025-09-04,4,Completed
S0006624,A001103,4,Risk Review,Risk,2025-09-04,2025-09-07,3,Completed
S0006625,A001104,1,Application Received,SME Sales,2025-11-27,2025-11-27,0,Completed
S0006626,A001104,2,Initial Screening,SME Sales,2025-11-27,2025-11-30,3,Completed
S0006627,A001104,3,Credit Assessment,Credit,2025-11-30,2025-12-05,5,Completed
S0006628,A001105,1,Application Received,SME Sales,2024-08-07,2024-08-07,0,Completed
S0006629,A001105,2,Initial Screening,SME Sales,2024-08-07,2024-08-10,3,Completed
S0006630,A001105,3,Credit Assessment,Credit,2024-08-10,2024-08-12,2,Completed
S0006631,A001106,1,Application Received,SME Sales,2025-05-22,2025-05-22,0,Completed
S0006632,A001106,2,Initial Screening,SME Sales,2025-05-22,2025-05-23,1,Completed
S0006633,A001106,3,Credit Assessment,Credit,2025-05-23,2025-05-27,4,Completed
S0006634,A001106,4,Risk Review,Risk,2025-05-27,2025-05-30,3,Completed
S0006635,A001106,5,Approval Committee,Credit,2025-05-30,2025-06-01,2,Completed
S0006636,A001106,6,Documentation,Operations,2025-06-01,2025-06-06,5,Completed
S0006637,A001106,7,Disbursement,Operations,2025-06-06,2025-06-08,2,Completed
S0006638,A001107,1,Application Received,SME Sales,2025-02-01,2025-02-01,0,Completed
S0006639,A001107,2,Initial Screening,SME Sales,2025-02-01,2025-02-02,1,Completed
S0006640,A001107,3,Credit Assessment,Credit,2025-02-02,2025-02-07,5,Completed
S0006641,A001108,1,Application Received,SME Sales,2025-03-16,2025-03-16,0,Completed
S0006642,A001108,2,Initial Screening,SME Sales,2025-03-16,2025-03-19,3,Completed
S0006643,A001108,3,Credit Assessment,Credit,2025-03-19,2025-03-21,2,Completed
S0006644,A001108,4,Risk Review,Risk,2025-03-21,2025-03-22,1,Completed
S0006645,A001108,5,Approval Committee,Credit,2025-03-22,2025-03-25,3,Completed
S0006646,A001108,6,Documentation,Operations,2025-03-25,2025-03-30,5,Completed
S0006647,A001108,7,Disbursement,Operations,2025-03-30,2025-04-01,2,Completed
S0006648,A001109,1,Application Received,SME Sales,2025-08-24,2025-08-24,0,Completed
S0006649,A001109,2,Initial Screening,SME Sales,2025-08-24,2025-08-25,1,Completed
S0006650,A001109,3,Credit Assessment,Credit,2025-08-25,2025-08-30,5,Completed
S0006651,A001109,4,Risk Review,Risk,2025-08-30,2025-09-02,3,Completed
S0006652,A001109,5,Approval Committee,Credit,2025-09-02,2025-09-04,2,Completed
S0006653,A001109,6,Documentation,Operations,2025-09-04,2025-09-06,2,Completed
S0006654,A001109,7,Disbursement,Operations,2025-09-06,2025-09-08,2,Completed
S0006655,A001110,1,Application Received,SME Sales,2024-01-06,2024-01-06,0,Completed
S0006656,A001110,2,Initial Screening,SME Sales,2024-01-06,2024-01-07,1,Completed
S0006657,A001110,3,Credit Assessment,Credit,2024-01-07,2024-01-09,2,Completed
S0006658,A001111,1,Application Received,SME Sales,2024-05-09,2024-05-09,0,Completed
S0006659,A001111,2,Initial Screening,SME Sales,2024-05-09,2024-05-11,2,Completed
S0006660,A001111,3,Credit Assessment,Credit,2024-05-11,2024-05-14,3,Completed
S0006661,A001111,4,Risk Review,Risk,2024-05-14,2024-05-16,2,Completed
S0006662,A001111,5,Approval Committee,Credit,2024-05-16,2024-05-19,3,Completed
S0006663,A001112,1,Application Received,SME Sales,2024-11-30,2024-12-01,1,Completed
S0006664,A001112,2,Initial Screening,SME Sales,2024-12-01,2024-12-04,3,Completed
S0006665,A001112,3,Credit Assessment,Credit,2024-12-04,2024-12-07,3,Completed
S0006666,A001112,4,Risk Review,Risk,2024-12-07,2024-12-08,1,Completed
S0006667,A001112,5,Approval Committee,Credit,2024-12-08,2024-12-09,1,Completed
S0006668,A001112,6,Documentation,Operations,2024-12-09,2024-12-13,4,Completed
S0006669,A001112,7,Disbursement,Operations,2024-12-13,2024-12-14,1,Completed
S0006670,A001113,1,Application Received,SME Sales,2025-11-19,2025-11-20,1,Completed
S0006671,A001113,2,Initial Screening,SME Sales,2025-11-20,2025-11-21,1,Completed
S0006672,A001113,3,Credit Assessment,Credit,2025-11-21,2025-11-26,5,Completed
S0006673,A001113,4,Risk Review,Risk,2025-11-26,2025-11-28,2,Completed
S0006674,A001113,5,Approval Committee,Credit,2025-11-28,2025-11-29,1,Completed
S0006675,A001113,6,Documentation,Operations,2025-11-29,2025-12-03,4,Completed
S0006676,A001113,7,Disbursement,Operations,2025-12-03,2025-12-04,1,Completed
S0006677,A001114,1,Application Received,SME Sales,2024-07-20,2024-07-21,1,Completed
S0006678,A001114,2,Initial Screening,SME Sales,2024-07-21,2024-07-22,1,Completed
S0006679,A001114,3,Credit Assessment,Credit,2024-07-22,2024-07-25,3,Completed
S0006680,A001115,1,Application Received,SME Sales,2026-01-12,2026-01-13,1,Completed
S0006681,A001115,2,Initial Screening,SME Sales,2026-01-13,2026-01-15,2,Completed
S0006682,A001115,3,Credit Assessment,Credit,2026-01-15,2026-01-21,6,Completed
S0006683,A001115,4,Risk Review,Risk,2026-01-21,2026-01-25,4,Completed
S0006684,A001115,5,Approval Committee,Credit,2026-01-25,2026-01-27,2,Completed
S0006685,A001116,1,Application Received,SME Sales,2024-05-04,2024-05-04,0,Completed
S0006686,A001116,2,Initial Screening,SME Sales,2024-05-04,2024-05-05,1,Completed
S0006687,A001116,3,Credit Assessment,Credit,2024-05-05,2024-05-09,4,Completed
S0006688,A001116,4,Risk Review,Risk,2024-05-09,2024-05-10,1,Completed
S0006689,A001116,5,Approval Committee,Credit,2024-05-10,2024-05-12,2,Completed
S0006690,A001116,6,Documentation,Operations,2024-05-12,2024-05-15,3,Completed
S0006691,A001116,7,Disbursement,Operations,2024-05-15,2024-05-17,2,Completed
S0006692,A001117,1,Application Received,SME Sales,2024-11-20,2024-11-20,0,Completed
S0006693,A001117,2,Initial Screening,SME Sales,2024-11-20,2024-11-22,2,Completed
S0006694,A001117,3,Credit Assessment,Credit,2024-11-22,2024-11-27,5,Completed
S0006695,A001117,4,Risk Review,Risk,2024-11-27,2024-11-28,1,Completed
S0006696,A001117,5,Approval Committee,Credit,2024-11-28,2024-11-29,1,Completed
S0006697,A001117,6,Documentation,Operations,2024-11-29,2024-12-01,2,Completed
S0006698,A001117,7,Disbursement,Operations,2024-12-01,2024-12-02,1,Completed
S0006699,A001118,1,Application Received,SME Sales,2024-12-17,2024-12-18,1,Completed
S0006700,A001118,2,Initial Screening,SME Sales,2024-12-18,2024-12-19,1,Completed
S0006701,A001118,3,Credit Assessment,Credit,2024-12-19,2024-12-21,2,Completed
S0006702,A001118,4,Risk Review,Risk,2024-12-21,2024-12-24,3,Completed
S0006703,A001119,1,Application Received,SME Sales,2025-10-01,2025-10-01,0,Completed
S0006704,A001119,2,Initial Screening,SME Sales,2025-10-01,2025-10-02,1,Completed
S0006705,A001119,3,Credit Assessment,Credit,2025-10-02,2025-10-04,2,Completed
S0006706,A001119,4,Risk Review,Risk,2025-10-04,2025-10-07,3,Completed
S0006707,A001119,5,Approval Committee,Credit,2025-10-07,2025-10-10,3,Completed
S0006708,A001119,6,Documentation,Operations,2025-10-10,2025-10-15,5,Completed
S0006709,A001119,7,Disbursement,Operations,2025-10-15,2025-10-16,1,Completed
S0006710,A001120,1,Application Received,SME Sales,2026-01-17,2026-01-18,1,Completed
S0006711,A001120,2,Initial Screening,SME Sales,2026-01-18,2026-01-20,2,Completed
S0006712,A001120,3,Credit Assessment,Credit,2026-01-20,2026-01-26,6,Completed
S0006713,A001121,1,Application Received,SME Sales,2025-05-26,2025-05-26,0,Completed
S0006714,A001121,2,Initial Screening,SME Sales,2025-05-26,2025-05-29,3,Completed
S0006715,A001121,3,Credit Assessment,Credit,2025-05-29,2025-06-04,6,Completed
S0006716,A001121,4,Risk Review,Risk,2025-06-04,2025-06-08,4,Completed
S0006717,A001121,5,Approval Committee,Credit,2025-06-08,2025-06-11,3,Completed
S0006718,A001121,6,Documentation,Operations,2025-06-11,2025-06-16,5,Completed
S0006719,A001121,7,Disbursement,Operations,2025-06-16,2025-06-18,2,Completed
S0006720,A001122,1,Application Received,SME Sales,2024-02-23,2024-02-23,0,Completed
S0006721,A001122,2,Initial Screening,SME Sales,2024-02-23,2024-02-25,2,Completed
S0006722,A001122,3,Credit Assessment,Credit,2024-02-25,2024-02-29,4,Completed
S0006723,A001122,4,Risk Review,Risk,2024-02-29,2024-03-03,3,Completed
S0006724,A001122,5,Approval Committee,Credit,2024-03-03,2024-03-05,2,Completed
S0006725,A001122,6,Documentation,Operations,2024-03-05,2024-03-08,3,Completed
S0006726,A001122,7,Disbursement,Operations,2024-03-08,2024-03-10,2,Completed
S0006727,A001123,1,Application Received,SME Sales,2024-01-24,2024-01-25,1,Completed
S0006728,A001123,2,Initial Screening,SME Sales,2024-01-25,2024-01-27,2,Completed
S0006729,A001123,3,Credit Assessment,Credit,2024-01-27,2024-01-29,2,Completed
S0006730,A001123,4,Risk Review,Risk,2024-01-29,2024-02-01,3,Completed
S0006731,A001123,5,Approval Committee,Credit,2024-02-01,2024-02-02,1,Completed
S0006732,A001123,6,Documentation,Operations,2024-02-02,2024-02-05,3,Completed
S0006733,A001123,7,Disbursement,Operations,2024-02-05,2024-02-07,2,Completed
S0006734,A001124,1,Application Received,SME Sales,2026-09-20,2026-09-21,1,Completed
S0006735,A001124,2,Initial Screening,SME Sales,2026-09-21,2026-09-22,1,Completed
S0006736,A001124,3,Credit Assessment,Credit,2026-09-22,2026-09-27,5,Completed
S0006737,A001124,4,Risk Review,Risk,2026-09-27,2026-09-30,3,Completed
S0006738,A001124,5,Approval Committee,Credit,2026-09-30,,,In Progress
S0006739,A001125,1,Application Received,SME Sales,2025-04-07,2025-04-08,1,Completed
S0006740,A001125,2,Initial Screening,SME Sales,2025-04-08,2025-04-09,1,Completed
S0006741,A001125,3,Credit Assessment,Credit,2025-04-09,2025-04-14,5,Completed
S0006742,A001125,4,Risk Review,Risk,2025-04-14,2025-04-17,3,Completed
S0006743,A001125,5,Approval Committee,Credit,2025-04-17,2025-04-19,2,Completed
S0006744,A001125,6,Documentation,Operations,2025-04-19,2025-04-21,2,Completed
S0006745,A001125,7,Disbursement,Operations,2025-04-21,2025-04-22,1,Completed
S0006746,A001126,1,Application Received,SME Sales,2024-04-16,2024-04-17,1,Completed
S0006747,A001126,2,Initial Screening,SME Sales,2024-04-17,2024-04-19,2,Completed
S0006748,A001126,3,Credit Assessment,Credit,2024-04-19,2024-04-21,2,Completed
S0006749,A001126,4,Risk Review,Risk,2024-04-21,2024-04-22,1,Completed
S0006750,A001126,5,Approval Committee,Credit,2024-04-22,2024-04-24,2,Completed
S0006751,A001126,6,Documentation,Operations,2024-04-24,2024-04-26,2,Completed
S0006752,A001126,7,Disbursement,Operations,2024-04-26,2024-04-28,2,Completed
S0006753,A001127,1,Application Received,SME Sales,2024-06-19,2024-06-19,0,Completed
S0006754,A001127,2,Initial Screening,SME Sales,2024-06-19,2024-06-21,2,Completed
S0006755,A001127,3,Credit Assessment,Credit,2024-06-21,2024-06-27,6,Completed
S0006756,A001127,4,Risk Review,Risk,2024-06-27,2024-06-28,1,Completed
S0006757,A001127,5,Approval Committee,Credit,2024-06-28,2024-06-29,1,Completed
S0006758,A001127,6,Documentation,Operations,2024-06-29,2024-07-04,5,Completed
S0006759,A001127,7,Disbursement,Operations,2024-07-04,2024-07-06,2,Completed
S0006760,A001128,1,Application Received,SME Sales,2025-10-13,2025-10-14,1,Completed
S0006761,A001128,2,Initial Screening,SME Sales,2025-10-14,2025-10-16,2,Completed
S0006762,A001128,3,Credit Assessment,Credit,2025-10-16,2025-10-21,5,Completed
S0006763,A001128,4,Risk Review,Risk,2025-10-21,2025-10-23,2,Completed
S0006764,A001128,5,Approval Committee,Credit,2025-10-23,2025-10-25,2,Completed
S0006765,A001128,6,Documentation,Operations,2025-10-25,2025-10-30,5,Completed
S0006766,A001128,7,Disbursement,Operations,2025-10-30,2025-11-01,2,Completed
S0006767,A001129,1,Application Received,SME Sales,2025-04-26,2025-04-27,1,Completed
S0006768,A001129,2,Initial Screening,SME Sales,2025-04-27,2025-04-28,1,Completed
S0006769,A001129,3,Credit Assessment,Credit,2025-04-28,2025-05-02,4,Completed
S0006770,A001129,4,Risk Review,Risk,2025-05-02,2025-05-05,3,Completed
S0006771,A001129,5,Approval Committee,Credit,2025-05-05,2025-05-08,3,Completed
S0006772,A001129,6,Documentation,Operations,2025-05-08,2025-05-12,4,Completed
S0006773,A001129,7,Disbursement,Operations,2025-05-12,2025-05-13,1,Completed
S0006774,A001130,1,Application Received,SME Sales,2024-04-03,2024-04-04,1,Completed
S0006775,A001130,2,Initial Screening,SME Sales,2024-04-04,2024-04-06,2,Completed
S0006776,A001130,3,Credit Assessment,Credit,2024-04-06,2024-04-09,3,Completed
S0006777,A001130,4,Risk Review,Risk,2024-04-09,2024-04-12,3,Completed
S0006778,A001130,5,Approval Committee,Credit,2024-04-12,2024-04-13,1,Completed
S0006779,A001130,6,Documentation,Operations,2024-04-13,2024-04-18,5,Completed
S0006780,A001130,7,Disbursement,Operations,2024-04-18,2024-04-20,2,Completed
S0006781,A001131,1,Application Received,SME Sales,2024-02-18,2024-02-18,0,Completed
S0006782,A001131,2,Initial Screening,SME Sales,2024-02-18,2024-02-21,3,Completed
S0006783,A001131,3,Credit Assessment,Credit,2024-02-21,2024-02-27,6,Completed
S0006784,A001131,4,Risk Review,Risk,2024-02-27,2024-02-28,1,Completed
S0006785,A001131,5,Approval Committee,Credit,2024-02-28,2024-03-02,3,Completed
S0006786,A001131,6,Documentation,Operations,2024-03-02,2024-03-06,4,Completed
S0006787,A001131,7,Disbursement,Operations,2024-03-06,2024-03-07,1,Completed
S0006788,A001132,1,Application Received,SME Sales,2025-10-17,2025-10-17,0,Completed
S0006789,A001132,2,Initial Screening,SME Sales,2025-10-17,2025-10-19,2,Completed
S0006790,A001132,3,Credit Assessment,Credit,2025-10-19,2025-10-21,2,Completed
S0006791,A001132,4,Risk Review,Risk,2025-10-21,2025-10-23,2,Completed
S0006792,A001132,5,Approval Committee,Credit,2025-10-23,2025-10-25,2,Completed
S0006793,A001132,6,Documentation,Operations,2025-10-25,2025-10-30,5,Completed
S0006794,A001132,7,Disbursement,Operations,2025-10-30,2025-10-31,1,Completed
S0006795,A001133,1,Application Received,SME Sales,2024-08-14,2024-08-15,1,Completed
S0006796,A001133,2,Initial Screening,SME Sales,2024-08-15,2024-08-18,3,Completed
S0006797,A001133,3,Credit Assessment,Credit,2024-08-18,2024-08-23,5,Completed
S0006798,A001133,4,Risk Review,Risk,2024-08-23,2024-08-24,1,Completed
S0006799,A001133,5,Approval Committee,Credit,2024-08-24,2024-08-26,2,Completed
S0006800,A001134,1,Application Received,SME Sales,2024-09-15,2024-09-15,0,Completed
S0006801,A001134,2,Initial Screening,SME Sales,2024-09-15,2024-09-17,2,Completed
S0006802,A001134,3,Credit Assessment,Credit,2024-09-17,2024-09-19,2,Completed
S0006803,A001134,4,Risk Review,Risk,2024-09-19,2024-09-23,4,Completed
S0006804,A001134,5,Approval Committee,Credit,2024-09-23,2024-09-26,3,Completed
S0006805,A001134,6,Documentation,Operations,2024-09-26,2024-09-28,2,Completed
S0006806,A001134,7,Disbursement,Operations,2024-09-28,2024-09-30,2,Completed
S0006807,A001135,1,Application Received,SME Sales,2024-04-07,2024-04-07,0,Completed
S0006808,A001135,2,Initial Screening,SME Sales,2024-04-07,2024-04-08,1,Completed
S0006809,A001135,3,Credit Assessment,Credit,2024-04-08,2024-04-13,5,Completed
S0006810,A001135,4,Risk Review,Risk,2024-04-13,2024-04-17,4,Completed
S0006811,A001135,5,Approval Committee,Credit,2024-04-17,2024-04-20,3,Completed
S0006812,A001135,6,Documentation,Operations,2024-04-20,2024-04-22,2,Completed
S0006813,A001135,7,Disbursement,Operations,2024-04-22,2024-04-24,2,Completed
S0006814,A001136,1,Application Received,SME Sales,2025-12-23,2025-12-23,0,Completed
S0006815,A001136,2,Initial Screening,SME Sales,2025-12-23,2025-12-24,1,Completed
S0006816,A001136,3,Credit Assessment,Credit,2025-12-24,2025-12-29,5,Completed
S0006817,A001136,4,Risk Review,Risk,2025-12-29,2025-12-30,1,Completed
S0006818,A001136,5,Approval Committee,Credit,2025-12-30,2026-01-01,2,Completed
S0006819,A001136,6,Documentation,Operations,2026-01-01,2026-01-04,3,Completed
S0006820,A001136,7,Disbursement,Operations,2026-01-04,2026-01-06,2,Completed
S0006821,A001137,1,Application Received,SME Sales,2026-05-07,2026-05-08,1,Completed
S0006822,A001137,2,Initial Screening,SME Sales,2026-05-08,2026-05-09,1,Completed
S0006823,A001137,3,Credit Assessment,Credit,2026-05-09,2026-05-15,6,Completed
S0006824,A001137,4,Risk Review,Risk,2026-05-15,2026-05-19,4,Completed
S0006825,A001138,1,Application Received,SME Sales,2026-02-03,2026-02-04,1,Completed
S0006826,A001138,2,Initial Screening,SME Sales,2026-02-04,2026-02-06,2,Completed
S0006827,A001138,3,Credit Assessment,Credit,2026-02-06,2026-02-08,2,Completed
S0006828,A001138,4,Risk Review,Risk,2026-02-08,2026-02-09,1,Completed
S0006829,A001138,5,Approval Committee,Credit,2026-02-09,2026-02-11,2,Completed
S0006830,A001138,6,Documentation,Operations,2026-02-11,2026-02-15,4,Completed
S0006831,A001138,7,Disbursement,Operations,2026-02-15,2026-02-16,1,Completed
S0006832,A001139,1,Application Received,SME Sales,2025-07-19,2025-07-19,0,Completed
S0006833,A001139,2,Initial Screening,SME Sales,2025-07-19,2025-07-21,2,Completed
S0006834,A001139,3,Credit Assessment,Credit,2025-07-21,2025-07-23,2,Completed
S0006835,A001139,4,Risk Review,Risk,2025-07-23,2025-07-24,1,Completed
S0006836,A001139,5,Approval Committee,Credit,2025-07-24,2025-07-26,2,Completed
S0006837,A001140,1,Application Received,SME Sales,2025-08-30,2025-08-30,0,Completed
S0006838,A001140,2,Initial Screening,SME Sales,2025-08-30,2025-08-31,1,Completed
S0006839,A001140,3,Credit Assessment,Credit,2025-08-31,2025-09-05,5,Completed
S0006840,A001140,4,Risk Review,Risk,2025-09-05,2025-09-08,3,Completed
S0006841,A001141,1,Application Received,SME Sales,2026-02-25,2026-02-25,0,Completed
S0006842,A001141,2,Initial Screening,SME Sales,2026-02-25,2026-02-28,3,Completed
S0006843,A001141,3,Credit Assessment,Credit,2026-02-28,2026-03-06,6,Completed
S0006844,A001141,4,Risk Review,Risk,2026-03-06,2026-03-07,1,Completed
S0006845,A001141,5,Approval Committee,Credit,2026-03-07,2026-03-08,1,Completed
S0006846,A001141,6,Documentation,Operations,2026-03-08,2026-03-13,5,Completed
S0006847,A001141,7,Disbursement,Operations,2026-03-13,2026-03-15,2,Completed
S0006848,A001142,1,Application Received,SME Sales,2025-08-29,2025-08-30,1,Completed
S0006849,A001142,2,Initial Screening,SME Sales,2025-08-30,2025-08-31,1,Completed
S0006850,A001142,3,Credit Assessment,Credit,2025-08-31,2025-09-06,6,Completed
S0006851,A001142,4,Risk Review,Risk,2025-09-06,2025-09-09,3,Completed
S0006852,A001142,5,Approval Committee,Credit,2025-09-09,2025-09-11,2,Completed
S0006853,A001143,1,Application Received,SME Sales,2026-07-02,2026-07-03,1,Completed
S0006854,A001143,2,Initial Screening,SME Sales,2026-07-03,2026-07-05,2,Completed
S0006855,A001143,3,Credit Assessment,Credit,2026-07-05,2026-07-07,2,Completed
S0006856,A001143,4,Risk Review,Risk,2026-07-07,2026-07-11,4,Completed
S0006857,A001144,1,Application Received,SME Sales,2025-12-27,2025-12-28,1,Completed
S0006858,A001144,2,Initial Screening,SME Sales,2025-12-28,2025-12-29,1,Completed
S0006859,A001144,3,Credit Assessment,Credit,2025-12-29,2026-01-03,5,Completed
S0006860,A001144,4,Risk Review,Risk,2026-01-03,2026-01-07,4,Completed
S0006861,A001145,1,Application Received,SME Sales,2026-07-13,2026-07-14,1,Completed
S0006862,A001145,2,Initial Screening,SME Sales,2026-07-14,2026-07-15,1,Completed
S0006863,A001145,3,Credit Assessment,Credit,2026-07-15,2026-07-17,2,Completed
S0006864,A001145,4,Risk Review,Risk,2026-07-17,2026-07-19,2,Completed
S0006865,A001145,5,Approval Committee,Credit,2026-07-19,2026-07-20,1,Completed
S0006866,A001145,6,Documentation,Operations,2026-07-20,2026-07-23,3,Completed
S0006867,A001145,7,Disbursement,Operations,2026-07-23,2026-07-25,2,Completed
S0006868,A001146,1,Application Received,SME Sales,2026-08-15,2026-08-15,0,Completed
S0006869,A001146,2,Initial Screening,SME Sales,2026-08-15,2026-08-17,2,Completed
S0006870,A001146,3,Credit Assessment,Credit,2026-08-17,2026-08-20,3,Completed
S0006871,A001146,4,Risk Review,Risk,2026-08-20,2026-08-21,1,Completed
S0006872,A001146,5,Approval Committee,Credit,2026-08-21,2026-08-24,3,Completed
S0006873,A001147,1,Application Received,SME Sales,2024-04-17,2024-04-17,0,Completed
S0006874,A001147,2,Initial Screening,SME Sales,2024-04-17,2024-04-18,1,Completed
S0006875,A001147,3,Credit Assessment,Credit,2024-04-18,2024-04-22,4,Completed
S0006876,A001147,4,Risk Review,Risk,2024-04-22,2024-04-24,2,Completed
S0006877,A001147,5,Approval Committee,Credit,2024-04-24,2024-04-26,2,Completed
S0006878,A001147,6,Documentation,Operations,2024-04-26,2024-04-29,3,Completed
S0006879,A001147,7,Disbursement,Operations,2024-04-29,2024-05-01,2,Completed
S0006880,A001148,1,Application Received,SME Sales,2025-09-22,2025-09-23,1,Completed
S0006881,A001148,2,Initial Screening,SME Sales,2025-09-23,2025-09-26,3,Completed
S0006882,A001148,3,Credit Assessment,Credit,2025-09-26,2025-09-29,3,Completed
S0006883,A001148,4,Risk Review,Risk,2025-09-29,2025-10-01,2,Completed
S0006884,A001148,5,Approval Committee,Credit,2025-10-01,2025-10-03,2,Completed
S0006885,A001148,6,Documentation,Operations,2025-10-03,2025-10-08,5,Completed
S0006886,A001148,7,Disbursement,Operations,2025-10-08,2025-10-10,2,Completed
S0006887,A001149,1,Application Received,SME Sales,2024-02-14,2024-02-14,0,Completed
S0006888,A001149,2,Initial Screening,SME Sales,2024-02-14,2024-02-17,3,Completed
S0006889,A001149,3,Credit Assessment,Credit,2024-02-17,2024-02-24,7,Completed
S0006890,A001149,4,Risk Review,Risk,2024-02-24,2024-02-26,2,Completed
S0006891,A001149,5,Approval Committee,Credit,2024-02-26,2024-02-29,3,Completed
S0006892,A001149,6,Documentation,Operations,2024-02-29,2024-03-02,2,Completed
S0006893,A001149,7,Disbursement,Operations,2024-03-02,2024-03-04,2,Completed
S0006894,A001150,1,Application Received,SME Sales,2024-02-01,2024-02-02,1,Completed
S0006895,A001150,2,Initial Screening,SME Sales,2024-02-02,2024-02-04,2,Completed
S0006896,A001150,3,Credit Assessment,Credit,2024-02-04,2024-02-09,5,Completed
S0006897,A001150,4,Risk Review,Risk,2024-02-09,2024-02-13,4,Completed
S0006898,A001150,5,Approval Committee,Credit,2024-02-13,2024-02-16,3,Completed
S0006899,A001151,1,Application Received,SME Sales,2026-05-25,2026-05-25,0,Completed
S0006900,A001151,2,Initial Screening,SME Sales,2026-05-25,2026-05-26,1,Completed
S0006901,A001151,3,Credit Assessment,Credit,2026-05-26,2026-05-29,3,Completed
S0006902,A001151,4,Risk Review,Risk,2026-05-29,2026-05-31,2,Completed
S0006903,A001151,5,Approval Committee,Credit,2026-05-31,2026-06-02,2,Completed
S0006904,A001151,6,Documentation,Operations,2026-06-02,2026-06-07,5,Completed
S0006905,A001151,7,Disbursement,Operations,2026-06-07,2026-06-08,1,Completed
S0006906,A001152,1,Application Received,SME Sales,2026-09-05,2026-09-05,0,Completed
S0006907,A001152,2,Initial Screening,SME Sales,2026-09-05,2026-09-07,2,Completed
S0006908,A001152,3,Credit Assessment,Credit,2026-09-07,2026-09-09,2,Completed
S0006909,A001153,1,Application Received,SME Sales,2024-01-03,2024-01-03,0,Completed
S0006910,A001153,2,Initial Screening,SME Sales,2024-01-03,2024-01-06,3,Completed
S0006911,A001153,3,Credit Assessment,Credit,2024-01-06,2024-01-13,7,Completed
S0006912,A001153,4,Risk Review,Risk,2024-01-13,2024-01-15,2,Completed
S0006913,A001153,5,Approval Committee,Credit,2024-01-15,2024-01-17,2,Completed
S0006914,A001153,6,Documentation,Operations,2024-01-17,2024-01-22,5,Completed
S0006915,A001153,7,Disbursement,Operations,2024-01-22,2024-01-23,1,Completed
S0006916,A001154,1,Application Received,SME Sales,2025-07-21,2025-07-21,0,Completed
S0006917,A001154,2,Initial Screening,SME Sales,2025-07-21,2025-07-23,2,Completed
S0006918,A001154,3,Credit Assessment,Credit,2025-07-23,2025-07-26,3,Completed
S0006919,A001154,4,Risk Review,Risk,2025-07-26,2025-07-27,1,Completed
S0006920,A001154,5,Approval Committee,Credit,2025-07-27,2025-07-30,3,Completed
S0006921,A001154,6,Documentation,Operations,2025-07-30,2025-08-04,5,Completed
S0006922,A001154,7,Disbursement,Operations,2025-08-04,2025-08-05,1,Completed
S0006923,A001155,1,Application Received,SME Sales,2025-12-28,2025-12-29,1,Completed
S0006924,A001155,2,Initial Screening,SME Sales,2025-12-29,2025-12-30,1,Completed
S0006925,A001155,3,Credit Assessment,Credit,2025-12-30,2026-01-02,3,Completed
S0006926,A001155,4,Risk Review,Risk,2026-01-02,2026-01-05,3,Completed
S0006927,A001155,5,Approval Committee,Credit,2026-01-05,2026-01-07,2,Completed
S0006928,A001155,6,Documentation,Operations,2026-01-07,2026-01-11,4,Completed
S0006929,A001155,7,Disbursement,Operations,2026-01-11,2026-01-12,1,Completed
S0006930,A001156,1,Application Received,SME Sales,2025-08-22,2025-08-22,0,Completed
S0006931,A001156,2,Initial Screening,SME Sales,2025-08-22,2025-08-24,2,Completed
S0006932,A001156,3,Credit Assessment,Credit,2025-08-24,2025-08-29,5,Completed
S0006933,A001156,4,Risk Review,Risk,2025-08-29,2025-09-02,4,Completed
S0006934,A001157,1,Application Received,SME Sales,2025-03-04,2025-03-04,0,Completed
S0006935,A001157,2,Initial Screening,SME Sales,2025-03-04,2025-03-06,2,Completed
S0006936,A001157,3,Credit Assessment,Credit,2025-03-06,2025-03-12,6,Completed
S0006937,A001157,4,Risk Review,Risk,2025-03-12,2025-03-16,4,Completed
S0006938,A001157,5,Approval Committee,Credit,2025-03-16,2025-03-18,2,Completed
S0006939,A001157,6,Documentation,Operations,2025-03-18,2025-03-23,5,Completed
S0006940,A001157,7,Disbursement,Operations,2025-03-23,2025-03-24,1,Completed
S0006941,A001158,1,Application Received,SME Sales,2024-05-31,2024-06-01,1,Completed
S0006942,A001158,2,Initial Screening,SME Sales,2024-06-01,2024-06-02,1,Completed
S0006943,A001158,3,Credit Assessment,Credit,2024-06-02,2024-06-05,3,Completed
S0006944,A001158,4,Risk Review,Risk,2024-06-05,2024-06-08,3,Completed
S0006945,A001158,5,Approval Committee,Credit,2024-06-08,2024-06-09,1,Completed
S0006946,A001158,6,Documentation,Operations,2024-06-09,2024-06-14,5,Completed
S0006947,A001158,7,Disbursement,Operations,2024-06-14,2024-06-16,2,Completed
S0006948,A001159,1,Application Received,SME Sales,2025-10-09,2025-10-09,0,Completed
S0006949,A001159,2,Initial Screening,SME Sales,2025-10-09,2025-10-10,1,Completed
S0006950,A001159,3,Credit Assessment,Credit,2025-10-10,2025-10-12,2,Completed
S0006951,A001159,4,Risk Review,Risk,2025-10-12,2025-10-14,2,Completed
S0006952,A001159,5,Approval Committee,Credit,2025-10-14,2025-10-15,1,Completed
S0006953,A001159,6,Documentation,Operations,2025-10-15,2025-10-19,4,Completed
S0006954,A001159,7,Disbursement,Operations,2025-10-19,2025-10-21,2,Completed
S0006955,A001160,1,Application Received,SME Sales,2025-02-21,2025-02-22,1,Completed
S0006956,A001160,2,Initial Screening,SME Sales,2025-02-22,2025-02-23,1,Completed
S0006957,A001160,3,Credit Assessment,Credit,2025-02-23,2025-03-02,7,Completed
S0006958,A001160,4,Risk Review,Risk,2025-03-02,2025-03-06,4,Completed
S0006959,A001160,5,Approval Committee,Credit,2025-03-06,2025-03-09,3,Completed
S0006960,A001160,6,Documentation,Operations,2025-03-09,2025-03-13,4,Completed
S0006961,A001160,7,Disbursement,Operations,2025-03-13,2025-03-14,1,Completed
S0006962,A001161,1,Application Received,SME Sales,2025-09-07,2025-09-08,1,Completed
S0006963,A001161,2,Initial Screening,SME Sales,2025-09-08,2025-09-11,3,Completed
S0006964,A001161,3,Credit Assessment,Credit,2025-09-11,2025-09-16,5,Completed
S0006965,A001161,4,Risk Review,Risk,2025-09-16,2025-09-18,2,Completed
S0006966,A001161,5,Approval Committee,Credit,2025-09-18,2025-09-21,3,Completed
S0006967,A001162,1,Application Received,SME Sales,2025-12-03,2025-12-04,1,Completed
S0006968,A001162,2,Initial Screening,SME Sales,2025-12-04,2025-12-05,1,Completed
S0006969,A001162,3,Credit Assessment,Credit,2025-12-05,2025-12-12,7,Completed
S0006970,A001162,4,Risk Review,Risk,2025-12-12,2025-12-15,3,Completed
S0006971,A001162,5,Approval Committee,Credit,2025-12-15,2025-12-16,1,Completed
S0006972,A001162,6,Documentation,Operations,2025-12-16,2025-12-18,2,Completed
S0006973,A001162,7,Disbursement,Operations,2025-12-18,2025-12-19,1,Completed
S0006974,A001163,1,Application Received,SME Sales,2025-11-25,2025-11-25,0,Completed
S0006975,A001163,2,Initial Screening,SME Sales,2025-11-25,2025-11-27,2,Completed
S0006976,A001163,3,Credit Assessment,Credit,2025-11-27,2025-12-02,5,Completed
S0006977,A001163,4,Risk Review,Risk,2025-12-02,2025-12-05,3,Completed
S0006978,A001163,5,Approval Committee,Credit,2025-12-05,2025-12-08,3,Completed
S0006979,A001164,1,Application Received,SME Sales,2024-07-17,2024-07-18,1,Completed
S0006980,A001164,2,Initial Screening,SME Sales,2024-07-18,2024-07-19,1,Completed
S0006981,A001164,3,Credit Assessment,Credit,2024-07-19,2024-07-25,6,Completed
S0006982,A001164,4,Risk Review,Risk,2024-07-25,2024-07-27,2,Completed
S0006983,A001165,1,Application Received,SME Sales,2025-05-06,2025-05-06,0,Completed
S0006984,A001165,2,Initial Screening,SME Sales,2025-05-06,2025-05-07,1,Completed
S0006985,A001165,3,Credit Assessment,Credit,2025-05-07,2025-05-11,4,Completed
S0006986,A001165,4,Risk Review,Risk,2025-05-11,2025-05-15,4,Completed
S0006987,A001165,5,Approval Committee,Credit,2025-05-15,2025-05-16,1,Completed
S0006988,A001165,6,Documentation,Operations,2025-05-16,2025-05-19,3,Completed
S0006989,A001165,7,Disbursement,Operations,2025-05-19,2025-05-21,2,Completed
S0006990,A001166,1,Application Received,SME Sales,2025-09-27,2025-09-28,1,Completed
S0006991,A001166,2,Initial Screening,SME Sales,2025-09-28,2025-09-29,1,Completed
S0006992,A001166,3,Credit Assessment,Credit,2025-09-29,2025-10-05,6,Completed
S0006993,A001166,4,Risk Review,Risk,2025-10-05,2025-10-09,4,Completed
S0006994,A001166,5,Approval Committee,Credit,2025-10-09,2025-10-10,1,Completed
S0006995,A001166,6,Documentation,Operations,2025-10-10,2025-10-15,5,Completed
S0006996,A001166,7,Disbursement,Operations,2025-10-15,2025-10-17,2,Completed
S0006997,A001167,1,Application Received,SME Sales,2024-06-20,2024-06-20,0,Completed
S0006998,A001167,2,Initial Screening,SME Sales,2024-06-20,2024-06-22,2,Completed
S0006999,A001167,3,Credit Assessment,Credit,2024-06-22,2024-06-26,4,Completed
S0007000,A001167,4,Risk Review,Risk,2024-06-26,2024-06-27,1,Completed
S0007001,A001167,5,Approval Committee,Credit,2024-06-27,2024-06-29,2,Completed
S0007002,A001167,6,Documentation,Operations,2024-06-29,2024-07-03,4,Completed
S0007003,A001167,7,Disbursement,Operations,2024-07-03,2024-07-05,2,Completed
S0007004,A001168,1,Application Received,SME Sales,2026-04-21,2026-04-21,0,Completed
S0007005,A001168,2,Initial Screening,SME Sales,2026-04-21,2026-04-24,3,Completed
S0007006,A001168,3,Credit Assessment,Credit,2026-04-24,2026-04-28,4,Completed
S0007007,A001168,4,Risk Review,Risk,2026-04-28,2026-04-30,2,Completed
S0007008,A001168,5,Approval Committee,Credit,2026-04-30,2026-05-01,1,Completed
S0007009,A001168,6,Documentation,Operations,2026-05-01,2026-05-05,4,Completed
S0007010,A001168,7,Disbursement,Operations,2026-05-05,2026-05-07,2,Completed
S0007011,A001169,1,Application Received,SME Sales,2025-04-25,2025-04-25,0,Completed
S0007012,A001169,2,Initial Screening,SME Sales,2025-04-25,2025-04-27,2,Completed
S0007013,A001169,3,Credit Assessment,Credit,2025-04-27,2025-05-03,6,Completed
S0007014,A001170,1,Application Received,SME Sales,2025-06-10,2025-06-10,0,Completed
S0007015,A001170,2,Initial Screening,SME Sales,2025-06-10,2025-06-11,1,Completed
S0007016,A001170,3,Credit Assessment,Credit,2025-06-11,2025-06-16,5,Completed
S0007017,A001170,4,Risk Review,Risk,2025-06-16,2025-06-20,4,Completed
S0007018,A001170,5,Approval Committee,Credit,2025-06-20,2025-06-22,2,Completed
S0007019,A001171,1,Application Received,SME Sales,2026-02-13,2026-02-14,1,Completed
S0007020,A001171,2,Initial Screening,SME Sales,2026-02-14,2026-02-15,1,Completed
S0007021,A001171,3,Credit Assessment,Credit,2026-02-15,2026-02-18,3,Completed
S0007022,A001171,4,Risk Review,Risk,2026-02-18,2026-02-19,1,Completed
S0007023,A001171,5,Approval Committee,Credit,2026-02-19,2026-02-22,3,Completed
S0007024,A001171,6,Documentation,Operations,2026-02-22,2026-02-24,2,Completed
S0007025,A001171,7,Disbursement,Operations,2026-02-24,2026-02-26,2,Completed
S0007026,A001172,1,Application Received,SME Sales,2024-03-17,2024-03-17,0,Completed
S0007027,A001172,2,Initial Screening,SME Sales,2024-03-17,2024-03-18,1,Completed
S0007028,A001172,3,Credit Assessment,Credit,2024-03-18,2024-03-27,9,Completed
S0007029,A001172,4,Risk Review,Risk,2024-03-27,2024-03-30,3,Completed
S0007030,A001172,5,Approval Committee,Credit,2024-03-30,2024-04-01,2,Completed
S0007031,A001172,6,Documentation,Operations,2024-04-01,2024-04-05,4,Completed
S0007032,A001172,7,Disbursement,Operations,2024-04-05,2024-04-07,2,Completed
S0007033,A001173,1,Application Received,SME Sales,2026-02-18,2026-02-18,0,Completed
S0007034,A001173,2,Initial Screening,SME Sales,2026-02-18,2026-02-21,3,Completed
S0007035,A001173,3,Credit Assessment,Credit,2026-02-21,2026-02-27,6,Completed
S0007036,A001173,4,Risk Review,Risk,2026-02-27,2026-02-28,1,Completed
S0007037,A001174,1,Application Received,SME Sales,2025-07-23,2025-07-24,1,Completed
S0007038,A001174,2,Initial Screening,SME Sales,2025-07-24,2025-07-25,1,Completed
S0007039,A001174,3,Credit Assessment,Credit,2025-07-25,2025-08-01,7,Completed
S0007040,A001174,4,Risk Review,Risk,2025-08-01,2025-08-02,1,Completed
S0007041,A001174,5,Approval Committee,Credit,2025-08-02,2025-08-04,2,Completed
S0007042,A001174,6,Documentation,Operations,2025-08-04,2025-08-07,3,Completed
S0007043,A001174,7,Disbursement,Operations,2025-08-07,2025-08-08,1,Completed
S0007044,A001175,1,Application Received,SME Sales,2025-04-23,2025-04-24,1,Completed
S0007045,A001175,2,Initial Screening,SME Sales,2025-04-24,2025-04-25,1,Completed
S0007046,A001175,3,Credit Assessment,Credit,2025-04-25,2025-05-01,6,Completed
S0007047,A001175,4,Risk Review,Risk,2025-05-01,2025-05-04,3,Completed
S0007048,A001175,5,Approval Committee,Credit,2025-05-04,2025-05-06,2,Completed
S0007049,A001175,6,Documentation,Operations,2025-05-06,2025-05-09,3,Completed
S0007050,A001175,7,Disbursement,Operations,2025-05-09,2025-05-10,1,Completed
S0007051,A001176,1,Application Received,SME Sales,2024-10-27,2024-10-28,1,Completed
S0007052,A001176,2,Initial Screening,SME Sales,2024-10-28,2024-10-31,3,Completed
S0007053,A001177,1,Application Received,SME Sales,2026-01-24,2026-01-25,1,Completed
S0007054,A001177,2,Initial Screening,SME Sales,2026-01-25,2026-01-26,1,Completed
S0007055,A001177,3,Credit Assessment,Credit,2026-01-26,2026-02-01,6,Completed
S0007056,A001178,1,Application Received,SME Sales,2024-01-13,2024-01-13,0,Completed
S0007057,A001178,2,Initial Screening,SME Sales,2024-01-13,2024-01-14,1,Completed
S0007058,A001178,3,Credit Assessment,Credit,2024-01-14,2024-01-19,5,Completed
S0007059,A001178,4,Risk Review,Risk,2024-01-19,2024-01-21,2,Completed
S0007060,A001178,5,Approval Committee,Credit,2024-01-21,2024-01-23,2,Completed
S0007061,A001178,6,Documentation,Operations,2024-01-23,2024-01-28,5,Completed
S0007062,A001178,7,Disbursement,Operations,2024-01-28,2024-01-29,1,Completed
S0007063,A001179,1,Application Received,SME Sales,2025-03-08,2025-03-08,0,Completed
S0007064,A001179,2,Initial Screening,SME Sales,2025-03-08,2025-03-10,2,Completed
S0007065,A001179,3,Credit Assessment,Credit,2025-03-10,2025-03-16,6,Completed
S0007066,A001179,4,Risk Review,Risk,2025-03-16,2025-03-20,4,Completed
S0007067,A001179,5,Approval Committee,Credit,2025-03-20,2025-03-23,3,Completed
S0007068,A001179,6,Documentation,Operations,2025-03-23,2025-03-27,4,Completed
S0007069,A001179,7,Disbursement,Operations,2025-03-27,2025-03-28,1,Completed
S0007070,A001180,1,Application Received,SME Sales,2024-03-26,2024-03-27,1,Completed
S0007071,A001180,2,Initial Screening,SME Sales,2024-03-27,2024-03-28,1,Completed
S0007072,A001180,3,Credit Assessment,Credit,2024-03-28,2024-04-03,6,Completed
S0007073,A001180,4,Risk Review,Risk,2024-04-03,2024-04-04,1,Completed
S0007074,A001180,5,Approval Committee,Credit,2024-04-04,2024-04-07,3,Completed
S0007075,A001180,6,Documentation,Operations,2024-04-07,2024-04-11,4,Completed
S0007076,A001180,7,Disbursement,Operations,2024-04-11,2024-04-12,1,Completed
S0007077,A001181,1,Application Received,SME Sales,2025-09-19,2025-09-19,0,Completed
S0007078,A001181,2,Initial Screening,SME Sales,2025-09-19,2025-09-21,2,Completed
S0007079,A001181,3,Credit Assessment,Credit,2025-09-21,2025-09-23,2,Completed
S0007080,A001181,4,Risk Review,Risk,2025-09-23,2025-09-26,3,Completed
S0007081,A001181,5,Approval Committee,Credit,2025-09-26,2025-09-27,1,Completed
S0007082,A001181,6,Documentation,Operations,2025-09-27,2025-09-30,3,Completed
S0007083,A001181,7,Disbursement,Operations,2025-09-30,2025-10-01,1,Completed
S0007084,A001182,1,Application Received,SME Sales,2024-01-05,2024-01-05,0,Completed
S0007085,A001182,2,Initial Screening,SME Sales,2024-01-05,2024-01-07,2,Completed
S0007086,A001182,3,Credit Assessment,Credit,2024-01-07,2024-01-11,4,Completed
S0007087,A001182,4,Risk Review,Risk,2024-01-11,2024-01-12,1,Completed
S0007088,A001182,5,Approval Committee,Credit,2024-01-12,2024-01-14,2,Completed
S0007089,A001182,6,Documentation,Operations,2024-01-14,2024-01-18,4,Completed
S0007090,A001182,7,Disbursement,Operations,2024-01-18,2024-01-19,1,Completed
S0007091,A001183,1,Application Received,SME Sales,2025-08-25,2025-08-26,1,Completed
S0007092,A001183,2,Initial Screening,SME Sales,2025-08-26,2025-08-29,3,Completed
S0007093,A001183,3,Credit Assessment,Credit,2025-08-29,2025-09-04,6,Completed
S0007094,A001183,4,Risk Review,Risk,2025-09-04,2025-09-06,2,Completed
S0007095,A001184,1,Application Received,SME Sales,2025-08-01,2025-08-01,0,Completed
S0007096,A001184,2,Initial Screening,SME Sales,2025-08-01,2025-08-02,1,Completed
S0007097,A001184,3,Credit Assessment,Credit,2025-08-02,2025-08-07,5,Completed
S0007098,A001184,4,Risk Review,Risk,2025-08-07,2025-08-11,4,Completed
S0007099,A001184,5,Approval Committee,Credit,2025-08-11,2025-08-14,3,Completed
S0007100,A001184,6,Documentation,Operations,2025-08-14,2025-08-17,3,Completed
S0007101,A001184,7,Disbursement,Operations,2025-08-17,2025-08-19,2,Completed
S0007102,A001185,1,Application Received,SME Sales,2025-06-14,2025-06-15,1,Completed
S0007103,A001185,2,Initial Screening,SME Sales,2025-06-15,2025-06-17,2,Completed
S0007104,A001185,3,Credit Assessment,Credit,2025-06-17,2025-06-23,6,Completed
S0007105,A001185,4,Risk Review,Risk,2025-06-23,2025-06-27,4,Completed
S0007106,A001185,5,Approval Committee,Credit,2025-06-27,2025-06-30,3,Completed
S0007107,A001186,1,Application Received,SME Sales,2024-12-31,2024-12-31,0,Completed
S0007108,A001186,2,Initial Screening,SME Sales,2024-12-31,2025-01-01,1,Completed
S0007109,A001186,3,Credit Assessment,Credit,2025-01-01,2025-01-08,7,Completed
S0007110,A001186,4,Risk Review,Risk,2025-01-08,2025-01-11,3,Completed
S0007111,A001186,5,Approval Committee,Credit,2025-01-11,2025-01-12,1,Completed
S0007112,A001186,6,Documentation,Operations,2025-01-12,2025-01-15,3,Completed
S0007113,A001186,7,Disbursement,Operations,2025-01-15,2025-01-16,1,Completed
S0007114,A001187,1,Application Received,SME Sales,2024-05-31,2024-06-01,1,Completed
S0007115,A001187,2,Initial Screening,SME Sales,2024-06-01,2024-06-02,1,Completed
S0007116,A001187,3,Credit Assessment,Credit,2024-06-02,2024-06-06,4,Completed
S0007117,A001187,4,Risk Review,Risk,2024-06-06,2024-06-10,4,Completed
S0007118,A001187,5,Approval Committee,Credit,2024-06-10,2024-06-11,1,Completed
S0007119,A001187,6,Documentation,Operations,2024-06-11,2024-06-16,5,Completed
S0007120,A001187,7,Disbursement,Operations,2024-06-16,2024-06-17,1,Completed
S0007121,A001188,1,Application Received,SME Sales,2025-07-15,2025-07-16,1,Completed
S0007122,A001188,2,Initial Screening,SME Sales,2025-07-16,2025-07-17,1,Completed
S0007123,A001188,3,Credit Assessment,Credit,2025-07-17,2025-07-20,3,Completed
S0007124,A001188,4,Risk Review,Risk,2025-07-20,2025-07-23,3,Completed
S0007125,A001188,5,Approval Committee,Credit,2025-07-23,2025-07-24,1,Completed
S0007126,A001188,6,Documentation,Operations,2025-07-24,2025-07-27,3,Completed
S0007127,A001188,7,Disbursement,Operations,2025-07-27,2025-07-29,2,Completed
S0007128,A001189,1,Application Received,SME Sales,2025-08-20,2025-08-20,0,Completed
S0007129,A001189,2,Initial Screening,SME Sales,2025-08-20,2025-08-23,3,Completed
S0007130,A001189,3,Credit Assessment,Credit,2025-08-23,2025-08-30,7,Completed
S0007131,A001189,4,Risk Review,Risk,2025-08-30,2025-08-31,1,Completed
S0007132,A001189,5,Approval Committee,Credit,2025-08-31,2025-09-01,1,Completed
S0007133,A001189,6,Documentation,Operations,2025-09-01,2025-09-05,4,Completed
S0007134,A001189,7,Disbursement,Operations,2025-09-05,2025-09-06,1,Completed
S0007135,A001190,1,Application Received,SME Sales,2024-02-18,2024-02-18,0,Completed
S0007136,A001190,2,Initial Screening,SME Sales,2024-02-18,2024-02-20,2,Completed
S0007137,A001190,3,Credit Assessment,Credit,2024-02-20,2024-02-25,5,Completed
S0007138,A001190,4,Risk Review,Risk,2024-02-25,2024-02-28,3,Completed
S0007139,A001190,5,Approval Committee,Credit,2024-02-28,2024-02-29,1,Completed
S0007140,A001191,1,Application Received,SME Sales,2024-12-04,2024-12-05,1,Completed
S0007141,A001191,2,Initial Screening,SME Sales,2024-12-05,2024-12-07,2,Completed
S0007142,A001191,3,Credit Assessment,Credit,2024-12-07,2024-12-10,3,Completed
S0007143,A001191,4,Risk Review,Risk,2024-12-10,2024-12-14,4,Completed
S0007144,A001191,5,Approval Committee,Credit,2024-12-14,2024-12-16,2,Completed
S0007145,A001191,6,Documentation,Operations,2024-12-16,2024-12-19,3,Completed
S0007146,A001191,7,Disbursement,Operations,2024-12-19,2024-12-20,1,Completed
S0007147,A001192,1,Application Received,SME Sales,2026-06-30,2026-07-01,1,Completed
S0007148,A001192,2,Initial Screening,SME Sales,2026-07-01,2026-07-04,3,Completed
S0007149,A001192,3,Credit Assessment,Credit,2026-07-04,2026-07-08,4,Completed
S0007150,A001192,4,Risk Review,Risk,2026-07-08,2026-07-11,3,Completed
S0007151,A001192,5,Approval Committee,Credit,2026-07-11,2026-07-13,2,Completed
S0007152,A001192,6,Documentation,Operations,2026-07-13,2026-07-18,5,Completed
S0007153,A001192,7,Disbursement,Operations,2026-07-18,2026-07-19,1,Completed
S0007154,A001193,1,Application Received,SME Sales,2026-05-10,2026-05-11,1,Completed
S0007155,A001193,2,Initial Screening,SME Sales,2026-05-11,2026-05-12,1,Completed
S0007156,A001193,3,Credit Assessment,Credit,2026-05-12,2026-05-21,9,Completed
S0007157,A001193,4,Risk Review,Risk,2026-05-21,2026-05-24,3,Completed
S0007158,A001193,5,Approval Committee,Credit,2026-05-24,2026-05-25,1,Completed
S0007159,A001193,6,Documentation,Operations,2026-05-25,2026-05-29,4,Completed
S0007160,A001193,7,Disbursement,Operations,2026-05-29,2026-05-31,2,Completed
S0007161,A001194,1,Application Received,SME Sales,2024-05-15,2024-05-15,0,Completed
S0007162,A001194,2,Initial Screening,SME Sales,2024-05-15,2024-05-18,3,Completed
S0007163,A001194,3,Credit Assessment,Credit,2024-05-18,2024-05-20,2,Completed
S0007164,A001194,4,Risk Review,Risk,2024-05-20,2024-05-24,4,Completed
S0007165,A001194,5,Approval Committee,Credit,2024-05-24,2024-05-27,3,Completed
S0007166,A001194,6,Documentation,Operations,2024-05-27,2024-06-01,5,Completed
S0007167,A001194,7,Disbursement,Operations,2024-06-01,2024-06-03,2,Completed
S0007168,A001195,1,Application Received,SME Sales,2025-12-24,2025-12-24,0,Completed
S0007169,A001195,2,Initial Screening,SME Sales,2025-12-24,2025-12-27,3,Completed
S0007170,A001195,3,Credit Assessment,Credit,2025-12-27,2025-12-30,3,Completed
S0007171,A001196,1,Application Received,SME Sales,2024-06-14,2024-06-14,0,Completed
S0007172,A001196,2,Initial Screening,SME Sales,2024-06-14,2024-06-15,1,Completed
S0007173,A001196,3,Credit Assessment,Credit,2024-06-15,2024-06-19,4,Completed
S0007174,A001196,4,Risk Review,Risk,2024-06-19,2024-06-21,2,Completed
S0007175,A001196,5,Approval Committee,Credit,2024-06-21,2024-06-22,1,Completed
S0007176,A001196,6,Documentation,Operations,2024-06-22,2024-06-25,3,Completed
S0007177,A001196,7,Disbursement,Operations,2024-06-25,2024-06-26,1,Completed
S0007178,A001197,1,Application Received,SME Sales,2025-05-14,2025-05-14,0,Completed
S0007179,A001197,2,Initial Screening,SME Sales,2025-05-14,2025-05-15,1,Completed
S0007180,A001197,3,Credit Assessment,Credit,2025-05-15,2025-05-21,6,Completed
S0007181,A001197,4,Risk Review,Risk,2025-05-21,2025-05-25,4,Completed
S0007182,A001197,5,Approval Committee,Credit,2025-05-25,2025-05-26,1,Completed
S0007183,A001197,6,Documentation,Operations,2025-05-26,2025-05-29,3,Completed
S0007184,A001197,7,Disbursement,Operations,2025-05-29,2025-05-31,2,Completed
S0007185,A001198,1,Application Received,SME Sales,2026-05-03,2026-05-03,0,Completed
S0007186,A001198,2,Initial Screening,SME Sales,2026-05-03,2026-05-06,3,Completed
S0007187,A001198,3,Credit Assessment,Credit,2026-05-06,2026-05-09,3,Completed
S0007188,A001198,4,Risk Review,Risk,2026-05-09,2026-05-13,4,Completed
S0007189,A001198,5,Approval Committee,Credit,2026-05-13,2026-05-14,1,Completed
S0007190,A001198,6,Documentation,Operations,2026-05-14,2026-05-18,4,Completed
S0007191,A001198,7,Disbursement,Operations,2026-05-18,2026-05-19,1,Completed
S0007192,A001199,1,Application Received,SME Sales,2024-02-12,2024-02-12,0,Completed
S0007193,A001199,2,Initial Screening,SME Sales,2024-02-12,2024-02-14,2,Completed
S0007194,A001199,3,Credit Assessment,Credit,2024-02-14,2024-02-17,3,Completed
S0007195,A001199,4,Risk Review,Risk,2024-02-17,2024-02-21,4,Completed
S0007196,A001199,5,Approval Committee,Credit,2024-02-21,2024-02-23,2,Completed
S0007197,A001199,6,Documentation,Operations,2024-02-23,2024-02-28,5,Completed
S0007198,A001199,7,Disbursement,Operations,2024-02-28,2024-03-01,2,Completed
S0007199,A001200,1,Application Received,SME Sales,2024-02-06,2024-02-07,1,Completed
S0007200,A001200,2,Initial Screening,SME Sales,2024-02-07,2024-02-08,1,Completed
S0007201,A001200,3,Credit Assessment,Credit,2024-02-08,2024-02-13,5,Completed
S0007202,A001200,4,Risk Review,Risk,2024-02-13,2024-02-15,2,Completed
S0007203,A001200,5,Approval Committee,Credit,2024-02-15,2024-02-17,2,Completed
S0007204,A001200,6,Documentation,Operations,2024-02-17,2024-02-19,2,Completed
S0007205,A001200,7,Disbursement,Operations,2024-02-19,2024-02-20,1,Completed
S0007206,A001201,1,Application Received,SME Sales,2024-07-31,2024-08-01,1,Completed
S0007207,A001201,2,Initial Screening,SME Sales,2024-08-01,2024-08-03,2,Completed
S0007208,A001201,3,Credit Assessment,Credit,2024-08-03,2024-08-08,5,Completed
S0007209,A001201,4,Risk Review,Risk,2024-08-08,2024-08-12,4,Completed
S0007210,A001201,5,Approval Committee,Credit,2024-08-12,2024-08-14,2,Completed
S0007211,A001201,6,Documentation,Operations,2024-08-14,2024-08-17,3,Completed
S0007212,A001201,7,Disbursement,Operations,2024-08-17,2024-08-19,2,Completed
S0007213,A001202,1,Application Received,SME Sales,2024-05-27,2024-05-27,0,Completed
S0007214,A001202,2,Initial Screening,SME Sales,2024-05-27,2024-05-29,2,Completed
S0007215,A001202,3,Credit Assessment,Credit,2024-05-29,2024-06-01,3,Completed
S0007216,A001202,4,Risk Review,Risk,2024-06-01,2024-06-05,4,Completed
S0007217,A001202,5,Approval Committee,Credit,2024-06-05,2024-06-06,1,Completed
S0007218,A001202,6,Documentation,Operations,2024-06-06,2024-06-08,2,Completed
S0007219,A001202,7,Disbursement,Operations,2024-06-08,2024-06-09,1,Completed
S0007220,A001203,1,Application Received,SME Sales,2025-11-12,2025-11-12,0,Completed
S0007221,A001203,2,Initial Screening,SME Sales,2025-11-12,2025-11-13,1,Completed
S0007222,A001203,3,Credit Assessment,Credit,2025-11-13,2025-11-15,2,Completed
S0007223,A001203,4,Risk Review,Risk,2025-11-15,2025-11-19,4,Completed
S0007224,A001203,5,Approval Committee,Credit,2025-11-19,2025-11-20,1,Completed
S0007225,A001203,6,Documentation,Operations,2025-11-20,2025-11-22,2,Completed
S0007226,A001203,7,Disbursement,Operations,2025-11-22,2025-11-23,1,Completed
S0007227,A001204,1,Application Received,SME Sales,2024-05-12,2024-05-13,1,Completed
S0007228,A001204,2,Initial Screening,SME Sales,2024-05-13,2024-05-15,2,Completed
S0007229,A001204,3,Credit Assessment,Credit,2024-05-15,2024-05-20,5,Completed
S0007230,A001204,4,Risk Review,Risk,2024-05-20,2024-05-21,1,Completed
S0007231,A001204,5,Approval Committee,Credit,2024-05-21,2024-05-24,3,Completed
S0007232,A001204,6,Documentation,Operations,2024-05-24,2024-05-29,5,Completed
S0007233,A001204,7,Disbursement,Operations,2024-05-29,2024-05-31,2,Completed
S0007234,A001205,1,Application Received,SME Sales,2024-08-13,2024-08-14,1,Completed
S0007235,A001205,2,Initial Screening,SME Sales,2024-08-14,2024-08-15,1,Completed
S0007236,A001206,1,Application Received,SME Sales,2026-01-14,2026-01-14,0,Completed
S0007237,A001206,2,Initial Screening,SME Sales,2026-01-14,2026-01-15,1,Completed
S0007238,A001206,3,Credit Assessment,Credit,2026-01-15,2026-01-24,9,Completed
S0007239,A001206,4,Risk Review,Risk,2026-01-24,2026-01-28,4,Completed
S0007240,A001206,5,Approval Committee,Credit,2026-01-28,2026-01-29,1,Completed
S0007241,A001206,6,Documentation,Operations,2026-01-29,2026-02-03,5,Completed
S0007242,A001206,7,Disbursement,Operations,2026-02-03,2026-02-05,2,Completed
S0007243,A001207,1,Application Received,SME Sales,2024-04-16,2024-04-16,0,Completed
S0007244,A001207,2,Initial Screening,SME Sales,2024-04-16,2024-04-19,3,Completed
S0007245,A001207,3,Credit Assessment,Credit,2024-04-19,2024-04-23,4,Completed
S0007246,A001207,4,Risk Review,Risk,2024-04-23,2024-04-27,4,Completed
S0007247,A001207,5,Approval Committee,Credit,2024-04-27,2024-04-28,1,Completed
S0007248,A001207,6,Documentation,Operations,2024-04-28,2024-04-30,2,Completed
S0007249,A001207,7,Disbursement,Operations,2024-04-30,2024-05-02,2,Completed
S0007250,A001208,1,Application Received,SME Sales,2026-06-13,2026-06-13,0,Completed
S0007251,A001208,2,Initial Screening,SME Sales,2026-06-13,2026-06-14,1,Completed
S0007252,A001208,3,Credit Assessment,Credit,2026-06-14,2026-06-19,5,Completed
S0007253,A001208,4,Risk Review,Risk,2026-06-19,2026-06-20,1,Completed
S0007254,A001209,1,Application Received,SME Sales,2024-03-13,2024-03-13,0,Completed
S0007255,A001209,2,Initial Screening,SME Sales,2024-03-13,2024-03-15,2,Completed
S0007256,A001209,3,Credit Assessment,Credit,2024-03-15,2024-03-18,3,Completed
S0007257,A001209,4,Risk Review,Risk,2024-03-18,2024-03-21,3,Completed
S0007258,A001210,1,Application Received,SME Sales,2025-08-19,2025-08-20,1,Completed
S0007259,A001210,2,Initial Screening,SME Sales,2025-08-20,2025-08-22,2,Completed
S0007260,A001210,3,Credit Assessment,Credit,2025-08-22,2025-08-28,6,Completed
S0007261,A001210,4,Risk Review,Risk,2025-08-28,2025-08-29,1,Completed
S0007262,A001210,5,Approval Committee,Credit,2025-08-29,2025-08-31,2,Completed
S0007263,A001210,6,Documentation,Operations,2025-08-31,2025-09-02,2,Completed
S0007264,A001210,7,Disbursement,Operations,2025-09-02,2025-09-04,2,Completed
S0007265,A001211,1,Application Received,SME Sales,2026-09-05,2026-09-05,0,Completed
S0007266,A001211,2,Initial Screening,SME Sales,2026-09-05,2026-09-06,1,Completed
S0007267,A001211,3,Credit Assessment,Credit,2026-09-06,2026-09-10,4,Completed
S0007268,A001211,4,Risk Review,Risk,2026-09-10,2026-09-11,1,Completed
S0007269,A001211,5,Approval Committee,Credit,2026-09-11,2026-09-14,3,Completed
S0007270,A001211,6,Documentation,Operations,2026-09-14,2026-09-19,5,Completed
S0007271,A001211,7,Disbursement,Operations,2026-09-19,2026-09-21,2,Completed
S0007272,A001212,1,Application Received,SME Sales,2025-07-15,2025-07-15,0,Completed
S0007273,A001212,2,Initial Screening,SME Sales,2025-07-15,2025-07-16,1,Completed
S0007274,A001212,3,Credit Assessment,Credit,2025-07-16,2025-07-18,2,Completed
S0007275,A001213,1,Application Received,SME Sales,2025-11-02,2025-11-02,0,Completed
S0007276,A001213,2,Initial Screening,SME Sales,2025-11-02,2025-11-05,3,Completed
S0007277,A001213,3,Credit Assessment,Credit,2025-11-05,2025-11-10,5,Completed
S0007278,A001213,4,Risk Review,Risk,2025-11-10,2025-11-11,1,Completed
S0007279,A001213,5,Approval Committee,Credit,2025-11-11,2025-11-14,3,Completed
S0007280,A001213,6,Documentation,Operations,2025-11-14,2025-11-18,4,Completed
S0007281,A001213,7,Disbursement,Operations,2025-11-18,2025-11-20,2,Completed
S0007282,A001214,1,Application Received,SME Sales,2025-05-21,2025-05-22,1,Completed
S0007283,A001214,2,Initial Screening,SME Sales,2025-05-22,2025-05-25,3,Completed
S0007284,A001214,3,Credit Assessment,Credit,2025-05-25,2025-05-30,5,Completed
S0007285,A001214,4,Risk Review,Risk,2025-05-30,2025-05-31,1,Completed
S0007286,A001214,5,Approval Committee,Credit,2025-05-31,2025-06-02,2,Completed
S0007287,A001214,6,Documentation,Operations,2025-06-02,2025-06-05,3,Completed
S0007288,A001214,7,Disbursement,Operations,2025-06-05,2025-06-06,1,Completed
S0007289,A001215,1,Application Received,SME Sales,2024-11-03,2024-11-04,1,Completed
S0007290,A001215,2,Initial Screening,SME Sales,2024-11-04,2024-11-06,2,Completed
S0007291,A001215,3,Credit Assessment,Credit,2024-11-06,2024-11-13,7,Completed
S0007292,A001215,4,Risk Review,Risk,2024-11-13,2024-11-17,4,Completed
S0007293,A001215,5,Approval Committee,Credit,2024-11-17,2024-11-20,3,Completed
S0007294,A001215,6,Documentation,Operations,2024-11-20,2024-11-25,5,Completed
S0007295,A001215,7,Disbursement,Operations,2024-11-25,2024-11-26,1,Completed
S0007296,A001216,1,Application Received,SME Sales,2026-08-13,2026-08-14,1,Completed
S0007297,A001216,2,Initial Screening,SME Sales,2026-08-14,2026-08-15,1,Completed
S0007298,A001216,3,Credit Assessment,Credit,2026-08-15,2026-08-18,3,Completed
S0007299,A001216,4,Risk Review,Risk,2026-08-18,2026-08-19,1,Completed
S0007300,A001216,5,Approval Committee,Credit,2026-08-19,2026-08-20,1,Completed
S0007301,A001216,6,Documentation,Operations,2026-08-20,2026-08-22,2,Completed
S0007302,A001216,7,Disbursement,Operations,2026-08-22,2026-08-23,1,Completed
S0007303,A001217,1,Application Received,SME Sales,2026-05-02,2026-05-03,1,Completed
S0007304,A001217,2,Initial Screening,SME Sales,2026-05-03,2026-05-06,3,Completed
S0007305,A001217,3,Credit Assessment,Credit,2026-05-06,2026-05-14,8,Completed
S0007306,A001217,4,Risk Review,Risk,2026-05-14,2026-05-18,4,Completed
S0007307,A001217,5,Approval Committee,Credit,2026-05-18,2026-05-20,2,Completed
S0007308,A001217,6,Documentation,Operations,2026-05-20,2026-05-22,2,Completed
S0007309,A001217,7,Disbursement,Operations,2026-05-22,2026-05-24,2,Completed
S0007310,A001218,1,Application Received,SME Sales,2024-01-27,2024-01-28,1,Completed
S0007311,A001218,2,Initial Screening,SME Sales,2024-01-28,2024-01-31,3,Completed
S0007312,A001218,3,Credit Assessment,Credit,2024-01-31,2024-02-04,4,Completed
S0007313,A001218,4,Risk Review,Risk,2024-02-04,2024-02-06,2,Completed
S0007314,A001218,5,Approval Committee,Credit,2024-02-06,2024-02-09,3,Completed
S0007315,A001219,1,Application Received,SME Sales,2024-10-19,2024-10-19,0,Completed
S0007316,A001219,2,Initial Screening,SME Sales,2024-10-19,2024-10-22,3,Completed
S0007317,A001219,3,Credit Assessment,Credit,2024-10-22,2024-10-27,5,Completed
S0007318,A001219,4,Risk Review,Risk,2024-10-27,2024-10-28,1,Completed
S0007319,A001219,5,Approval Committee,Credit,2024-10-28,2024-10-31,3,Completed
S0007320,A001219,6,Documentation,Operations,2024-10-31,2024-11-03,3,Completed
S0007321,A001219,7,Disbursement,Operations,2024-11-03,2024-11-05,2,Completed
S0007322,A001220,1,Application Received,SME Sales,2026-04-30,2026-04-30,0,Completed
S0007323,A001220,2,Initial Screening,SME Sales,2026-04-30,2026-05-03,3,Completed
S0007324,A001220,3,Credit Assessment,Credit,2026-05-03,2026-05-07,4,Completed
S0007325,A001220,4,Risk Review,Risk,2026-05-07,2026-05-09,2,Completed
S0007326,A001220,5,Approval Committee,Credit,2026-05-09,2026-05-11,2,Completed
S0007327,A001221,1,Application Received,SME Sales,2024-11-28,2024-11-28,0,Completed
S0007328,A001221,2,Initial Screening,SME Sales,2024-11-28,2024-11-30,2,Completed
S0007329,A001221,3,Credit Assessment,Credit,2024-11-30,2024-12-06,6,Completed
S0007330,A001222,1,Application Received,SME Sales,2024-07-25,2024-07-26,1,Completed
S0007331,A001222,2,Initial Screening,SME Sales,2024-07-26,2024-07-27,1,Completed
S0007332,A001222,3,Credit Assessment,Credit,2024-07-27,2024-07-31,4,Completed
S0007333,A001222,4,Risk Review,Risk,2024-07-31,2024-08-01,1,Completed
S0007334,A001222,5,Approval Committee,Credit,2024-08-01,2024-08-03,2,Completed
S0007335,A001222,6,Documentation,Operations,2024-08-03,2024-08-07,4,Completed
S0007336,A001222,7,Disbursement,Operations,2024-08-07,2024-08-09,2,Completed
S0007337,A001223,1,Application Received,SME Sales,2026-03-02,2026-03-02,0,Completed
S0007338,A001223,2,Initial Screening,SME Sales,2026-03-02,2026-03-03,1,Completed
S0007339,A001223,3,Credit Assessment,Credit,2026-03-03,2026-03-09,6,Completed
S0007340,A001223,4,Risk Review,Risk,2026-03-09,2026-03-10,1,Completed
S0007341,A001223,5,Approval Committee,Credit,2026-03-10,2026-03-12,2,Completed
S0007342,A001223,6,Documentation,Operations,2026-03-12,2026-03-15,3,Completed
S0007343,A001223,7,Disbursement,Operations,2026-03-15,2026-03-16,1,Completed
S0007344,A001224,1,Application Received,SME Sales,2025-10-22,2025-10-23,1,Completed
S0007345,A001224,2,Initial Screening,SME Sales,2025-10-23,2025-10-26,3,Completed
S0007346,A001224,3,Credit Assessment,Credit,2025-10-26,2025-11-01,6,Completed
S0007347,A001224,4,Risk Review,Risk,2025-11-01,2025-11-03,2,Completed
S0007348,A001224,5,Approval Committee,Credit,2025-11-03,2025-11-05,2,Completed
S0007349,A001224,6,Documentation,Operations,2025-11-05,2025-11-10,5,Completed
S0007350,A001224,7,Disbursement,Operations,2025-11-10,2025-11-12,2,Completed
S0007351,A001225,1,Application Received,SME Sales,2024-08-10,2024-08-11,1,Completed
S0007352,A001225,2,Initial Screening,SME Sales,2024-08-11,2024-08-12,1,Completed
S0007353,A001225,3,Credit Assessment,Credit,2024-08-12,2024-08-16,4,Completed
S0007354,A001225,4,Risk Review,Risk,2024-08-16,2024-08-20,4,Completed
S0007355,A001225,5,Approval Committee,Credit,2024-08-20,2024-08-23,3,Completed
S0007356,A001226,1,Application Received,SME Sales,2025-12-29,2025-12-29,0,Completed
S0007357,A001226,2,Initial Screening,SME Sales,2025-12-29,2025-12-31,2,Completed
S0007358,A001226,3,Credit Assessment,Credit,2025-12-31,2026-01-03,3,Completed
S0007359,A001226,4,Risk Review,Risk,2026-01-03,2026-01-04,1,Completed
S0007360,A001226,5,Approval Committee,Credit,2026-01-04,2026-01-06,2,Completed
S0007361,A001226,6,Documentation,Operations,2026-01-06,2026-01-11,5,Completed
S0007362,A001226,7,Disbursement,Operations,2026-01-11,2026-01-13,2,Completed
S0007363,A001227,1,Application Received,SME Sales,2026-06-06,2026-06-07,1,Completed
S0007364,A001227,2,Initial Screening,SME Sales,2026-06-07,2026-06-08,1,Completed
S0007365,A001227,3,Credit Assessment,Credit,2026-06-08,2026-06-13,5,Completed
S0007366,A001227,4,Risk Review,Risk,2026-06-13,2026-06-16,3,Completed
S0007367,A001227,5,Approval Committee,Credit,2026-06-16,2026-06-17,1,Completed
S0007368,A001227,6,Documentation,Operations,2026-06-17,2026-06-22,5,Completed
S0007369,A001227,7,Disbursement,Operations,2026-06-22,2026-06-24,2,Completed
S0007370,A001228,1,Application Received,SME Sales,2025-05-01,2025-05-02,1,Completed
S0007371,A001228,2,Initial Screening,SME Sales,2025-05-02,2025-05-04,2,Completed
S0007372,A001228,3,Credit Assessment,Credit,2025-05-04,2025-05-06,2,Completed
S0007373,A001228,4,Risk Review,Risk,2025-05-06,2025-05-07,1,Completed
S0007374,A001228,5,Approval Committee,Credit,2025-05-07,2025-05-09,2,Completed
S0007375,A001228,6,Documentation,Operations,2025-05-09,2025-05-14,5,Completed
S0007376,A001228,7,Disbursement,Operations,2025-05-14,2025-05-16,2,Completed
S0007377,A001229,1,Application Received,SME Sales,2024-01-27,2024-01-28,1,Completed
S0007378,A001229,2,Initial Screening,SME Sales,2024-01-28,2024-01-30,2,Completed
S0007379,A001229,3,Credit Assessment,Credit,2024-01-30,2024-02-05,6,Completed
S0007380,A001229,4,Risk Review,Risk,2024-02-05,2024-02-06,1,Completed
S0007381,A001229,5,Approval Committee,Credit,2024-02-06,2024-02-09,3,Completed
S0007382,A001229,6,Documentation,Operations,2024-02-09,2024-02-14,5,Completed
S0007383,A001229,7,Disbursement,Operations,2024-02-14,2024-02-16,2,Completed
S0007384,A001230,1,Application Received,SME Sales,2024-02-01,2024-02-02,1,Completed
S0007385,A001230,2,Initial Screening,SME Sales,2024-02-02,2024-02-04,2,Completed
S0007386,A001230,3,Credit Assessment,Credit,2024-02-04,2024-02-07,3,Completed
S0007387,A001230,4,Risk Review,Risk,2024-02-07,2024-02-10,3,Completed
S0007388,A001230,5,Approval Committee,Credit,2024-02-10,2024-02-12,2,Completed
S0007389,A001230,6,Documentation,Operations,2024-02-12,2024-02-16,4,Completed
S0007390,A001230,7,Disbursement,Operations,2024-02-16,2024-02-17,1,Completed
S0007391,A001231,1,Application Received,SME Sales,2025-09-11,2025-09-12,1,Completed
S0007392,A001231,2,Initial Screening,SME Sales,2025-09-12,2025-09-14,2,Completed
S0007393,A001231,3,Credit Assessment,Credit,2025-09-14,2025-09-20,6,Completed
S0007394,A001231,4,Risk Review,Risk,2025-09-20,2025-09-24,4,Completed
S0007395,A001231,5,Approval Committee,Credit,2025-09-24,2025-09-26,2,Completed
S0007396,A001231,6,Documentation,Operations,2025-09-26,2025-10-01,5,Completed
S0007397,A001231,7,Disbursement,Operations,2025-10-01,2025-10-02,1,Completed
S0007398,A001232,1,Application Received,SME Sales,2024-03-08,2024-03-08,0,Completed
S0007399,A001232,2,Initial Screening,SME Sales,2024-03-08,2024-03-11,3,Completed
S0007400,A001232,3,Credit Assessment,Credit,2024-03-11,2024-03-17,6,Completed
S0007401,A001232,4,Risk Review,Risk,2024-03-17,2024-03-18,1,Completed
S0007402,A001232,5,Approval Committee,Credit,2024-03-18,2024-03-20,2,Completed
S0007403,A001232,6,Documentation,Operations,2024-03-20,2024-03-23,3,Completed
S0007404,A001232,7,Disbursement,Operations,2024-03-23,2024-03-24,1,Completed
S0007405,A001233,1,Application Received,SME Sales,2025-07-08,2025-07-09,1,Completed
S0007406,A001233,2,Initial Screening,SME Sales,2025-07-09,2025-07-11,2,Completed
S0007407,A001233,3,Credit Assessment,Credit,2025-07-11,2025-07-17,6,Completed
S0007408,A001233,4,Risk Review,Risk,2025-07-17,2025-07-20,3,Completed
S0007409,A001233,5,Approval Committee,Credit,2025-07-20,2025-07-21,1,Completed
S0007410,A001233,6,Documentation,Operations,2025-07-21,2025-07-26,5,Completed
S0007411,A001233,7,Disbursement,Operations,2025-07-26,2025-07-27,1,Completed
S0007412,A001234,1,Application Received,SME Sales,2025-07-17,2025-07-18,1,Completed
S0007413,A001234,2,Initial Screening,SME Sales,2025-07-18,2025-07-20,2,Completed
S0007414,A001234,3,Credit Assessment,Credit,2025-07-20,2025-07-22,2,Completed
S0007415,A001235,1,Application Received,SME Sales,2024-06-18,2024-06-18,0,Completed
S0007416,A001235,2,Initial Screening,SME Sales,2024-06-18,2024-06-20,2,Completed
S0007417,A001235,3,Credit Assessment,Credit,2024-06-20,2024-06-23,3,Completed
S0007418,A001236,1,Application Received,SME Sales,2024-02-03,2024-02-04,1,Completed
S0007419,A001236,2,Initial Screening,SME Sales,2024-02-04,2024-02-07,3,Completed
S0007420,A001236,3,Credit Assessment,Credit,2024-02-07,2024-02-13,6,Completed
S0007421,A001236,4,Risk Review,Risk,2024-02-13,2024-02-15,2,Completed
S0007422,A001236,5,Approval Committee,Credit,2024-02-15,2024-02-16,1,Completed
S0007423,A001237,1,Application Received,SME Sales,2024-03-31,2024-03-31,0,Completed
S0007424,A001237,2,Initial Screening,SME Sales,2024-03-31,2024-04-03,3,Completed
S0007425,A001237,3,Credit Assessment,Credit,2024-04-03,2024-04-09,6,Completed
S0007426,A001238,1,Application Received,SME Sales,2024-04-15,2024-04-16,1,Completed
S0007427,A001238,2,Initial Screening,SME Sales,2024-04-16,2024-04-17,1,Completed
S0007428,A001238,3,Credit Assessment,Credit,2024-04-17,2024-04-22,5,Completed
S0007429,A001238,4,Risk Review,Risk,2024-04-22,2024-04-25,3,Completed
S0007430,A001238,5,Approval Committee,Credit,2024-04-25,2024-04-27,2,Completed
S0007431,A001239,1,Application Received,SME Sales,2024-11-10,2024-11-11,1,Completed
S0007432,A001239,2,Initial Screening,SME Sales,2024-11-11,2024-11-12,1,Completed
S0007433,A001239,3,Credit Assessment,Credit,2024-11-12,2024-11-20,8,Completed
S0007434,A001239,4,Risk Review,Risk,2024-11-20,2024-11-24,4,Completed
S0007435,A001239,5,Approval Committee,Credit,2024-11-24,2024-11-25,1,Completed
S0007436,A001240,1,Application Received,SME Sales,2024-12-25,2024-12-25,0,Completed
S0007437,A001240,2,Initial Screening,SME Sales,2024-12-25,2024-12-27,2,Completed
S0007438,A001240,3,Credit Assessment,Credit,2024-12-27,2025-01-01,5,Completed
S0007439,A001241,1,Application Received,SME Sales,2026-04-06,2026-04-07,1,Completed
S0007440,A001241,2,Initial Screening,SME Sales,2026-04-07,2026-04-09,2,Completed
S0007441,A001241,3,Credit Assessment,Credit,2026-04-09,2026-04-16,7,Completed
S0007442,A001241,4,Risk Review,Risk,2026-04-16,2026-04-17,1,Completed
S0007443,A001241,5,Approval Committee,Credit,2026-04-17,2026-04-20,3,Completed
S0007444,A001241,6,Documentation,Operations,2026-04-20,2026-04-24,4,Completed
S0007445,A001241,7,Disbursement,Operations,2026-04-24,2026-04-25,1,Completed
S0007446,A001242,1,Application Received,SME Sales,2026-05-21,2026-05-22,1,Completed
S0007447,A001242,2,Initial Screening,SME Sales,2026-05-22,2026-05-25,3,Completed
S0007448,A001242,3,Credit Assessment,Credit,2026-05-25,2026-05-27,2,Completed
S0007449,A001242,4,Risk Review,Risk,2026-05-27,2026-05-30,3,Completed
S0007450,A001242,5,Approval Committee,Credit,2026-05-30,2026-06-02,3,Completed
S0007451,A001242,6,Documentation,Operations,2026-06-02,2026-06-05,3,Completed
S0007452,A001242,7,Disbursement,Operations,2026-06-05,2026-06-07,2,Completed
S0007453,A001243,1,Application Received,SME Sales,2025-10-29,2025-10-30,1,Completed
S0007454,A001243,2,Initial Screening,SME Sales,2025-10-30,2025-10-31,1,Completed
S0007455,A001243,3,Credit Assessment,Credit,2025-10-31,2025-11-04,4,Completed
S0007456,A001244,1,Application Received,SME Sales,2026-03-19,2026-03-20,1,Completed
S0007457,A001244,2,Initial Screening,SME Sales,2026-03-20,2026-03-21,1,Completed
S0007458,A001245,1,Application Received,SME Sales,2026-03-20,2026-03-20,0,Completed
S0007459,A001245,2,Initial Screening,SME Sales,2026-03-20,2026-03-21,1,Completed
S0007460,A001245,3,Credit Assessment,Credit,2026-03-21,2026-03-26,5,Completed
S0007461,A001246,1,Application Received,SME Sales,2024-06-25,2024-06-26,1,Completed
S0007462,A001246,2,Initial Screening,SME Sales,2024-06-26,2024-06-28,2,Completed
S0007463,A001246,3,Credit Assessment,Credit,2024-06-28,2024-07-03,5,Completed
S0007464,A001246,4,Risk Review,Risk,2024-07-03,2024-07-07,4,Completed
S0007465,A001247,1,Application Received,SME Sales,2024-12-03,2024-12-03,0,Completed
S0007466,A001247,2,Initial Screening,SME Sales,2024-12-03,2024-12-05,2,Completed
S0007467,A001247,3,Credit Assessment,Credit,2024-12-05,2024-12-11,6,Completed
S0007468,A001247,4,Risk Review,Risk,2024-12-11,2024-12-12,1,Completed
S0007469,A001247,5,Approval Committee,Credit,2024-12-12,2024-12-15,3,Completed
S0007470,A001247,6,Documentation,Operations,2024-12-15,2024-12-17,2,Completed
S0007471,A001247,7,Disbursement,Operations,2024-12-17,2024-12-18,1,Completed
S0007472,A001248,1,Application Received,SME Sales,2026-09-17,2026-09-17,0,Completed
S0007473,A001248,2,Initial Screening,SME Sales,2026-09-17,2026-09-19,2,Completed
S0007474,A001248,3,Credit Assessment,Credit,2026-09-19,2026-09-26,7,Completed
S0007475,A001249,1,Application Received,SME Sales,2024-04-30,2024-05-01,1,Completed
S0007476,A001249,2,Initial Screening,SME Sales,2024-05-01,2024-05-03,2,Completed
S0007477,A001249,3,Credit Assessment,Credit,2024-05-03,2024-05-07,4,Completed
S0007478,A001249,4,Risk Review,Risk,2024-05-07,2024-05-10,3,Completed
S0007479,A001249,5,Approval Committee,Credit,2024-05-10,2024-05-13,3,Completed
S0007480,A001249,6,Documentation,Operations,2024-05-13,2024-05-16,3,Completed
S0007481,A001249,7,Disbursement,Operations,2024-05-16,2024-05-17,1,Completed
S0007482,A001250,1,Application Received,SME Sales,2025-04-21,2025-04-21,0,Completed
S0007483,A001250,2,Initial Screening,SME Sales,2025-04-21,2025-04-23,2,Completed
S0007484,A001250,3,Credit Assessment,Credit,2025-04-23,2025-04-29,6,Completed
S0007485,A001251,1,Application Received,SME Sales,2026-03-07,2026-03-08,1,Completed
S0007486,A001251,2,Initial Screening,SME Sales,2026-03-08,2026-03-10,2,Completed
S0007487,A001251,3,Credit Assessment,Credit,2026-03-10,2026-03-13,3,Completed
S0007488,A001251,4,Risk Review,Risk,2026-03-13,2026-03-17,4,Completed
S0007489,A001251,5,Approval Committee,Credit,2026-03-17,2026-03-20,3,Completed
S0007490,A001251,6,Documentation,Operations,2026-03-20,2026-03-24,4,Completed
S0007491,A001251,7,Disbursement,Operations,2026-03-24,2026-03-25,1,Completed
S0007492,A001252,1,Application Received,SME Sales,2026-03-17,2026-03-18,1,Completed
S0007493,A001252,2,Initial Screening,SME Sales,2026-03-18,2026-03-19,1,Completed
S0007494,A001252,3,Credit Assessment,Credit,2026-03-19,2026-03-22,3,Completed
S0007495,A001253,1,Application Received,SME Sales,2024-02-19,2024-02-20,1,Completed
S0007496,A001253,2,Initial Screening,SME Sales,2024-02-20,2024-02-23,3,Completed
S0007497,A001253,3,Credit Assessment,Credit,2024-02-23,2024-02-29,6,Completed
S0007498,A001253,4,Risk Review,Risk,2024-02-29,2024-03-04,4,Completed
S0007499,A001253,5,Approval Committee,Credit,2024-03-04,2024-03-07,3,Completed
S0007500,A001253,6,Documentation,Operations,2024-03-07,2024-03-10,3,Completed
S0007501,A001253,7,Disbursement,Operations,2024-03-10,2024-03-11,1,Completed
S0007502,A001254,1,Application Received,SME Sales,2026-06-05,2026-06-06,1,Completed
S0007503,A001254,2,Initial Screening,SME Sales,2026-06-06,2026-06-07,1,Completed
S0007504,A001254,3,Credit Assessment,Credit,2026-06-07,2026-06-11,4,Completed
S0007505,A001254,4,Risk Review,Risk,2026-06-11,2026-06-15,4,Completed
S0007506,A001254,5,Approval Committee,Credit,2026-06-15,2026-06-17,2,Completed
S0007507,A001254,6,Documentation,Operations,2026-06-17,2026-06-21,4,Completed
S0007508,A001254,7,Disbursement,Operations,2026-06-21,2026-06-23,2,Completed
S0007509,A001255,1,Application Received,SME Sales,2026-08-13,2026-08-13,0,Completed
S0007510,A001255,2,Initial Screening,SME Sales,2026-08-13,2026-08-14,1,Completed
S0007511,A001255,3,Credit Assessment,Credit,2026-08-14,2026-08-20,6,Completed
S0007512,A001255,4,Risk Review,Risk,2026-08-20,2026-08-24,4,Completed
S0007513,A001255,5,Approval Committee,Credit,2026-08-24,2026-08-25,1,Completed
S0007514,A001256,1,Application Received,SME Sales,2025-05-16,2025-05-16,0,Completed
S0007515,A001256,2,Initial Screening,SME Sales,2025-05-16,2025-05-18,2,Completed
S0007516,A001256,3,Credit Assessment,Credit,2025-05-18,2025-05-20,2,Completed
S0007517,A001256,4,Risk Review,Risk,2025-05-20,2025-05-22,2,Completed
S0007518,A001256,5,Approval Committee,Credit,2025-05-22,2025-05-25,3,Completed
S0007519,A001256,6,Documentation,Operations,2025-05-25,2025-05-29,4,Completed
S0007520,A001256,7,Disbursement,Operations,2025-05-29,2025-05-30,1,Completed
S0007521,A001257,1,Application Received,SME Sales,2026-05-08,2026-05-08,0,Completed
S0007522,A001257,2,Initial Screening,SME Sales,2026-05-08,2026-05-10,2,Completed
S0007523,A001257,3,Credit Assessment,Credit,2026-05-10,2026-05-12,2,Completed
S0007524,A001257,4,Risk Review,Risk,2026-05-12,2026-05-13,1,Completed
S0007525,A001257,5,Approval Committee,Credit,2026-05-13,2026-05-15,2,Completed
S0007526,A001257,6,Documentation,Operations,2026-05-15,2026-05-19,4,Completed
S0007527,A001257,7,Disbursement,Operations,2026-05-19,2026-05-20,1,Completed
S0007528,A001258,1,Application Received,SME Sales,2024-06-16,2024-06-17,1,Completed
S0007529,A001258,2,Initial Screening,SME Sales,2024-06-17,2024-06-19,2,Completed
S0007530,A001258,3,Credit Assessment,Credit,2024-06-19,2024-06-24,5,Completed
S0007531,A001259,1,Application Received,SME Sales,2024-08-08,2024-08-09,1,Completed
S0007532,A001259,2,Initial Screening,SME Sales,2024-08-09,2024-08-12,3,Completed
S0007533,A001259,3,Credit Assessment,Credit,2024-08-12,2024-08-16,4,Completed
S0007534,A001259,4,Risk Review,Risk,2024-08-16,2024-08-20,4,Completed
S0007535,A001259,5,Approval Committee,Credit,2024-08-20,2024-08-22,2,Completed
S0007536,A001259,6,Documentation,Operations,2024-08-22,2024-08-25,3,Completed
S0007537,A001259,7,Disbursement,Operations,2024-08-25,2024-08-27,2,Completed
S0007538,A001260,1,Application Received,SME Sales,2026-02-14,2026-02-15,1,Completed
S0007539,A001260,2,Initial Screening,SME Sales,2026-02-15,2026-02-16,1,Completed
S0007540,A001260,3,Credit Assessment,Credit,2026-02-16,2026-02-21,5,Completed
S0007541,A001260,4,Risk Review,Risk,2026-02-21,2026-02-24,3,Completed
S0007542,A001260,5,Approval Committee,Credit,2026-02-24,2026-02-26,2,Completed
S0007543,A001261,1,Application Received,SME Sales,2026-08-19,2026-08-20,1,Completed
S0007544,A001261,2,Initial Screening,SME Sales,2026-08-20,2026-08-23,3,Completed
S0007545,A001261,3,Credit Assessment,Credit,2026-08-23,2026-08-27,4,Completed
S0007546,A001261,4,Risk Review,Risk,2026-08-27,2026-08-28,1,Completed
S0007547,A001261,5,Approval Committee,Credit,2026-08-28,2026-08-29,1,Completed
S0007548,A001261,6,Documentation,Operations,2026-08-29,2026-09-03,5,Completed
S0007549,A001261,7,Disbursement,Operations,2026-09-03,2026-09-04,1,Completed
S0007550,A001262,1,Application Received,SME Sales,2024-11-07,2024-11-08,1,Completed
S0007551,A001262,2,Initial Screening,SME Sales,2024-11-08,2024-11-11,3,Completed
S0007552,A001262,3,Credit Assessment,Credit,2024-11-11,2024-11-17,6,Completed
S0007553,A001263,1,Application Received,SME Sales,2025-04-27,2025-04-28,1,Completed
S0007554,A001263,2,Initial Screening,SME Sales,2025-04-28,2025-04-29,1,Completed
S0007555,A001263,3,Credit Assessment,Credit,2025-04-29,2025-05-05,6,Completed
S0007556,A001263,4,Risk Review,Risk,2025-05-05,2025-05-09,4,Completed
S0007557,A001263,5,Approval Committee,Credit,2025-05-09,2025-05-11,2,Completed
S0007558,A001263,6,Documentation,Operations,2025-05-11,2025-05-15,4,Completed
S0007559,A001263,7,Disbursement,Operations,2025-05-15,2025-05-17,2,Completed
S0007560,A001264,1,Application Received,SME Sales,2024-05-15,2024-05-16,1,Completed
S0007561,A001264,2,Initial Screening,SME Sales,2024-05-16,2024-05-19,3,Completed
S0007562,A001264,3,Credit Assessment,Credit,2024-05-19,2024-05-22,3,Completed
S0007563,A001264,4,Risk Review,Risk,2024-05-22,2024-05-23,1,Completed
S0007564,A001264,5,Approval Committee,Credit,2024-05-23,2024-05-25,2,Completed
S0007565,A001264,6,Documentation,Operations,2024-05-25,2024-05-27,2,Completed
S0007566,A001264,7,Disbursement,Operations,2024-05-27,2024-05-29,2,Completed
S0007567,A001265,1,Application Received,SME Sales,2025-01-15,2025-01-16,1,Completed
S0007568,A001265,2,Initial Screening,SME Sales,2025-01-16,2025-01-17,1,Completed
S0007569,A001265,3,Credit Assessment,Credit,2025-01-17,2025-01-23,6,Completed
S0007570,A001265,4,Risk Review,Risk,2025-01-23,2025-01-25,2,Completed
S0007571,A001265,5,Approval Committee,Credit,2025-01-25,2025-01-26,1,Completed
S0007572,A001265,6,Documentation,Operations,2025-01-26,2025-01-28,2,Completed
S0007573,A001265,7,Disbursement,Operations,2025-01-28,2025-01-29,1,Completed
S0007574,A001266,1,Application Received,SME Sales,2025-03-19,2025-03-20,1,Completed
S0007575,A001266,2,Initial Screening,SME Sales,2025-03-20,2025-03-22,2,Completed
S0007576,A001266,3,Credit Assessment,Credit,2025-03-22,2025-03-25,3,Completed
S0007577,A001266,4,Risk Review,Risk,2025-03-25,2025-03-26,1,Completed
S0007578,A001266,5,Approval Committee,Credit,2025-03-26,2025-03-29,3,Completed
S0007579,A001266,6,Documentation,Operations,2025-03-29,2025-04-01,3,Completed
S0007580,A001266,7,Disbursement,Operations,2025-04-01,2025-04-02,1,Completed
S0007581,A001267,1,Application Received,SME Sales,2026-03-28,2026-03-29,1,Completed
S0007582,A001267,2,Initial Screening,SME Sales,2026-03-29,2026-03-31,2,Completed
S0007583,A001267,3,Credit Assessment,Credit,2026-03-31,2026-04-06,6,Completed
S0007584,A001267,4,Risk Review,Risk,2026-04-06,2026-04-09,3,Completed
S0007585,A001267,5,Approval Committee,Credit,2026-04-09,2026-04-10,1,Completed
S0007586,A001267,6,Documentation,Operations,2026-04-10,2026-04-13,3,Completed
S0007587,A001267,7,Disbursement,Operations,2026-04-13,2026-04-14,1,Completed
S0007588,A001268,1,Application Received,SME Sales,2024-12-29,2024-12-30,1,Completed
S0007589,A001268,2,Initial Screening,SME Sales,2024-12-30,2025-01-01,2,Completed
S0007590,A001268,3,Credit Assessment,Credit,2025-01-01,2025-01-06,5,Completed
S0007591,A001268,4,Risk Review,Risk,2025-01-06,2025-01-10,4,Completed
S0007592,A001268,5,Approval Committee,Credit,2025-01-10,2025-01-12,2,Completed
S0007593,A001268,6,Documentation,Operations,2025-01-12,2025-01-16,4,Completed
S0007594,A001268,7,Disbursement,Operations,2025-01-16,2025-01-17,1,Completed
S0007595,A001269,1,Application Received,SME Sales,2024-08-26,2024-08-27,1,Completed
S0007596,A001269,2,Initial Screening,SME Sales,2024-08-27,2024-08-29,2,Completed
S0007597,A001269,3,Credit Assessment,Credit,2024-08-29,2024-09-04,6,Completed
S0007598,A001269,4,Risk Review,Risk,2024-09-04,2024-09-07,3,Completed
S0007599,A001269,5,Approval Committee,Credit,2024-09-07,2024-09-10,3,Completed
S0007600,A001269,6,Documentation,Operations,2024-09-10,2024-09-15,5,Completed
S0007601,A001269,7,Disbursement,Operations,2024-09-15,2024-09-17,2,Completed
S0007602,A001270,1,Application Received,SME Sales,2024-07-21,2024-07-22,1,Completed
S0007603,A001270,2,Initial Screening,SME Sales,2024-07-22,2024-07-23,1,Completed
S0007604,A001270,3,Credit Assessment,Credit,2024-07-23,2024-07-30,7,Completed
S0007605,A001270,4,Risk Review,Risk,2024-07-30,2024-08-02,3,Completed
S0007606,A001270,5,Approval Committee,Credit,2024-08-02,2024-08-03,1,Completed
S0007607,A001270,6,Documentation,Operations,2024-08-03,2024-08-05,2,Completed
S0007608,A001270,7,Disbursement,Operations,2024-08-05,2024-08-07,2,Completed
S0007609,A001271,1,Application Received,SME Sales,2026-07-01,2026-07-01,0,Completed
S0007610,A001271,2,Initial Screening,SME Sales,2026-07-01,2026-07-02,1,Completed
S0007611,A001271,3,Credit Assessment,Credit,2026-07-02,2026-07-04,2,Completed
S0007612,A001271,4,Risk Review,Risk,2026-07-04,2026-07-08,4,Completed
S0007613,A001272,1,Application Received,SME Sales,2025-01-29,2025-01-30,1,Completed
S0007614,A001272,2,Initial Screening,SME Sales,2025-01-30,2025-02-01,2,Completed
S0007615,A001272,3,Credit Assessment,Credit,2025-02-01,2025-02-04,3,Completed
S0007616,A001272,4,Risk Review,Risk,2025-02-04,2025-02-06,2,Completed
S0007617,A001272,5,Approval Committee,Credit,2025-02-06,2025-02-09,3,Completed
S0007618,A001273,1,Application Received,SME Sales,2025-11-15,2025-11-15,0,Completed
S0007619,A001273,2,Initial Screening,SME Sales,2025-11-15,2025-11-16,1,Completed
S0007620,A001273,3,Credit Assessment,Credit,2025-11-16,2025-11-21,5,Completed
S0007621,A001273,4,Risk Review,Risk,2025-11-21,2025-11-24,3,Completed
S0007622,A001273,5,Approval Committee,Credit,2025-11-24,2025-11-25,1,Completed
S0007623,A001273,6,Documentation,Operations,2025-11-25,2025-11-27,2,Completed
S0007624,A001273,7,Disbursement,Operations,2025-11-27,2025-11-28,1,Completed
S0007625,A001274,1,Application Received,SME Sales,2026-09-11,2026-09-11,0,Completed
S0007626,A001274,2,Initial Screening,SME Sales,2026-09-11,2026-09-13,2,Completed
S0007627,A001274,3,Credit Assessment,Credit,2026-09-13,2026-09-17,4,Completed
S0007628,A001274,4,Risk Review,Risk,2026-09-17,2026-09-20,3,Completed
S0007629,A001274,5,Approval Committee,Credit,2026-09-20,2026-09-23,3,Completed
S0007630,A001275,1,Application Received,SME Sales,2025-01-16,2025-01-17,1,Completed
S0007631,A001275,2,Initial Screening,SME Sales,2025-01-17,2025-01-18,1,Completed
S0007632,A001275,3,Credit Assessment,Credit,2025-01-18,2025-01-23,5,Completed
S0007633,A001275,4,Risk Review,Risk,2025-01-23,2025-01-24,1,Completed
S0007634,A001275,5,Approval Committee,Credit,2025-01-24,2025-01-25,1,Completed
S0007635,A001275,6,Documentation,Operations,2025-01-25,2025-01-29,4,Completed
S0007636,A001275,7,Disbursement,Operations,2025-01-29,2025-01-31,2,Completed
S0007637,A001276,1,Application Received,SME Sales,2025-02-09,2025-02-09,0,Completed
S0007638,A001276,2,Initial Screening,SME Sales,2025-02-09,2025-02-11,2,Completed
S0007639,A001276,3,Credit Assessment,Credit,2025-02-11,2025-02-17,6,Completed
S0007640,A001276,4,Risk Review,Risk,2025-02-17,2025-02-20,3,Completed
S0007641,A001277,1,Application Received,SME Sales,2026-04-28,2026-04-28,0,Completed
S0007642,A001277,2,Initial Screening,SME Sales,2026-04-28,2026-04-30,2,Completed
S0007643,A001277,3,Credit Assessment,Credit,2026-04-30,2026-05-06,6,Completed
S0007644,A001277,4,Risk Review,Risk,2026-05-06,2026-05-09,3,Completed
S0007645,A001277,5,Approval Committee,Credit,2026-05-09,2026-05-10,1,Completed
S0007646,A001277,6,Documentation,Operations,2026-05-10,2026-05-13,3,Completed
S0007647,A001277,7,Disbursement,Operations,2026-05-13,2026-05-14,1,Completed
S0007648,A001278,1,Application Received,SME Sales,2024-06-05,2024-06-06,1,Completed
S0007649,A001278,2,Initial Screening,SME Sales,2024-06-06,2024-06-07,1,Completed
S0007650,A001278,3,Credit Assessment,Credit,2024-06-07,2024-06-11,4,Completed
S0007651,A001278,4,Risk Review,Risk,2024-06-11,2024-06-14,3,Completed
S0007652,A001278,5,Approval Committee,Credit,2024-06-14,2024-06-15,1,Completed
S0007653,A001278,6,Documentation,Operations,2024-06-15,2024-06-20,5,Completed
S0007654,A001278,7,Disbursement,Operations,2024-06-20,2024-06-21,1,Completed
S0007655,A001279,1,Application Received,SME Sales,2025-07-23,2025-07-23,0,Completed
S0007656,A001279,2,Initial Screening,SME Sales,2025-07-23,2025-07-25,2,Completed
S0007657,A001279,3,Credit Assessment,Credit,2025-07-25,2025-07-29,4,Completed
S0007658,A001279,4,Risk Review,Risk,2025-07-29,2025-07-31,2,Completed
S0007659,A001279,5,Approval Committee,Credit,2025-07-31,2025-08-03,3,Completed
S0007660,A001279,6,Documentation,Operations,2025-08-03,2025-08-07,4,Completed
S0007661,A001279,7,Disbursement,Operations,2025-08-07,2025-08-09,2,Completed
S0007662,A001280,1,Application Received,SME Sales,2024-04-03,2024-04-03,0,Completed
S0007663,A001280,2,Initial Screening,SME Sales,2024-04-03,2024-04-05,2,Completed
S0007664,A001280,3,Credit Assessment,Credit,2024-04-05,2024-04-10,5,Completed
S0007665,A001280,4,Risk Review,Risk,2024-04-10,2024-04-13,3,Completed
S0007666,A001280,5,Approval Committee,Credit,2024-04-13,2024-04-15,2,Completed
S0007667,A001280,6,Documentation,Operations,2024-04-15,2024-04-17,2,Completed
S0007668,A001280,7,Disbursement,Operations,2024-04-17,2024-04-19,2,Completed
S0007669,A001281,1,Application Received,SME Sales,2025-12-22,2025-12-22,0,Completed
S0007670,A001281,2,Initial Screening,SME Sales,2025-12-22,2025-12-25,3,Completed
S0007671,A001281,3,Credit Assessment,Credit,2025-12-25,2025-12-27,2,Completed
S0007672,A001281,4,Risk Review,Risk,2025-12-27,2025-12-29,2,Completed
S0007673,A001281,5,Approval Committee,Credit,2025-12-29,2026-01-01,3,Completed
S0007674,A001281,6,Documentation,Operations,2026-01-01,2026-01-04,3,Completed
S0007675,A001281,7,Disbursement,Operations,2026-01-04,2026-01-05,1,Completed
S0007676,A001282,1,Application Received,SME Sales,2024-01-11,2024-01-11,0,Completed
S0007677,A001282,2,Initial Screening,SME Sales,2024-01-11,2024-01-12,1,Completed
S0007678,A001282,3,Credit Assessment,Credit,2024-01-12,2024-01-17,5,Completed
S0007679,A001282,4,Risk Review,Risk,2024-01-17,2024-01-20,3,Completed
S0007680,A001282,5,Approval Committee,Credit,2024-01-20,2024-01-23,3,Completed
S0007681,A001282,6,Documentation,Operations,2024-01-23,2024-01-26,3,Completed
S0007682,A001282,7,Disbursement,Operations,2024-01-26,2024-01-27,1,Completed
S0007683,A001283,1,Application Received,SME Sales,2025-06-10,2025-06-10,0,Completed
S0007684,A001283,2,Initial Screening,SME Sales,2025-06-10,2025-06-12,2,Completed
S0007685,A001283,3,Credit Assessment,Credit,2025-06-12,2025-06-16,4,Completed
S0007686,A001283,4,Risk Review,Risk,2025-06-16,2025-06-19,3,Completed
S0007687,A001283,5,Approval Committee,Credit,2025-06-19,2025-06-21,2,Completed
S0007688,A001283,6,Documentation,Operations,2025-06-21,2025-06-24,3,Completed
S0007689,A001283,7,Disbursement,Operations,2025-06-24,2025-06-26,2,Completed
S0007690,A001284,1,Application Received,SME Sales,2026-08-18,2026-08-19,1,Completed
S0007691,A001284,2,Initial Screening,SME Sales,2026-08-19,2026-08-20,1,Completed
S0007692,A001284,3,Credit Assessment,Credit,2026-08-20,2026-08-25,5,Completed
S0007693,A001284,4,Risk Review,Risk,2026-08-25,2026-08-26,1,Completed
S0007694,A001284,5,Approval Committee,Credit,2026-08-26,2026-08-28,2,Completed
S0007695,A001284,6,Documentation,Operations,2026-08-28,2026-08-30,2,Completed
S0007696,A001284,7,Disbursement,Operations,2026-08-30,2026-09-01,2,Completed
S0007697,A001285,1,Application Received,SME Sales,2025-12-06,2025-12-06,0,Completed
S0007698,A001285,2,Initial Screening,SME Sales,2025-12-06,2025-12-09,3,Completed
S0007699,A001285,3,Credit Assessment,Credit,2025-12-09,2025-12-13,4,Completed
S0007700,A001285,4,Risk Review,Risk,2025-12-13,2025-12-14,1,Completed
S0007701,A001285,5,Approval Committee,Credit,2025-12-14,2025-12-17,3,Completed
S0007702,A001285,6,Documentation,Operations,2025-12-17,2025-12-22,5,Completed
S0007703,A001285,7,Disbursement,Operations,2025-12-22,2025-12-23,1,Completed
S0007704,A001286,1,Application Received,SME Sales,2024-12-19,2024-12-19,0,Completed
S0007705,A001286,2,Initial Screening,SME Sales,2024-12-19,2024-12-20,1,Completed
S0007706,A001286,3,Credit Assessment,Credit,2024-12-20,2024-12-25,5,Completed
S0007707,A001286,4,Risk Review,Risk,2024-12-25,2024-12-29,4,Completed
S0007708,A001287,1,Application Received,SME Sales,2026-04-14,2026-04-14,0,Completed
S0007709,A001287,2,Initial Screening,SME Sales,2026-04-14,2026-04-16,2,Completed
S0007710,A001287,3,Credit Assessment,Credit,2026-04-16,2026-04-19,3,Completed
S0007711,A001287,4,Risk Review,Risk,2026-04-19,2026-04-21,2,Completed
S0007712,A001287,5,Approval Committee,Credit,2026-04-21,2026-04-23,2,Completed
S0007713,A001287,6,Documentation,Operations,2026-04-23,2026-04-27,4,Completed
S0007714,A001287,7,Disbursement,Operations,2026-04-27,2026-04-29,2,Completed
S0007715,A001288,1,Application Received,SME Sales,2026-04-01,2026-04-01,0,Completed
S0007716,A001288,2,Initial Screening,SME Sales,2026-04-01,2026-04-02,1,Completed
S0007717,A001288,3,Credit Assessment,Credit,2026-04-02,2026-04-07,5,Completed
S0007718,A001288,4,Risk Review,Risk,2026-04-07,2026-04-08,1,Completed
S0007719,A001288,5,Approval Committee,Credit,2026-04-08,2026-04-10,2,Completed
S0007720,A001288,6,Documentation,Operations,2026-04-10,2026-04-15,5,Completed
S0007721,A001288,7,Disbursement,Operations,2026-04-15,2026-04-16,1,Completed
S0007722,A001289,1,Application Received,SME Sales,2025-02-02,2025-02-03,1,Completed
S0007723,A001289,2,Initial Screening,SME Sales,2025-02-03,2025-02-06,3,Completed
S0007724,A001289,3,Credit Assessment,Credit,2025-02-06,2025-02-15,9,Completed
S0007725,A001289,4,Risk Review,Risk,2025-02-15,2025-02-17,2,Completed
S0007726,A001289,5,Approval Committee,Credit,2025-02-17,2025-02-19,2,Completed
S0007727,A001289,6,Documentation,Operations,2025-02-19,2025-02-24,5,Completed
S0007728,A001289,7,Disbursement,Operations,2025-02-24,2025-02-26,2,Completed
S0007729,A001290,1,Application Received,SME Sales,2025-02-16,2025-02-17,1,Completed
S0007730,A001290,2,Initial Screening,SME Sales,2025-02-17,2025-02-18,1,Completed
S0007731,A001290,3,Credit Assessment,Credit,2025-02-18,2025-02-24,6,Completed
S0007732,A001290,4,Risk Review,Risk,2025-02-24,2025-02-28,4,Completed
S0007733,A001290,5,Approval Committee,Credit,2025-02-28,2025-03-01,1,Completed
S0007734,A001290,6,Documentation,Operations,2025-03-01,2025-03-06,5,Completed
S0007735,A001290,7,Disbursement,Operations,2025-03-06,2025-03-07,1,Completed
S0007736,A001291,1,Application Received,SME Sales,2026-04-15,2026-04-16,1,Completed
S0007737,A001291,2,Initial Screening,SME Sales,2026-04-16,2026-04-18,2,Completed
S0007738,A001291,3,Credit Assessment,Credit,2026-04-18,2026-04-22,4,Completed
S0007739,A001291,4,Risk Review,Risk,2026-04-22,2026-04-25,3,Completed
S0007740,A001291,5,Approval Committee,Credit,2026-04-25,2026-04-26,1,Completed
S0007741,A001291,6,Documentation,Operations,2026-04-26,2026-04-29,3,Completed
S0007742,A001291,7,Disbursement,Operations,2026-04-29,2026-05-01,2,Completed
S0007743,A001292,1,Application Received,SME Sales,2025-06-17,2025-06-18,1,Completed
S0007744,A001292,2,Initial Screening,SME Sales,2025-06-18,2025-06-21,3,Completed
S0007745,A001292,3,Credit Assessment,Credit,2025-06-21,2025-06-27,6,Completed
S0007746,A001292,4,Risk Review,Risk,2025-06-27,2025-06-29,2,Completed
S0007747,A001292,5,Approval Committee,Credit,2025-06-29,2025-07-02,3,Completed
S0007748,A001292,6,Documentation,Operations,2025-07-02,2025-07-05,3,Completed
S0007749,A001292,7,Disbursement,Operations,2025-07-05,2025-07-07,2,Completed
S0007750,A001293,1,Application Received,SME Sales,2024-12-12,2024-12-12,0,Completed
S0007751,A001293,2,Initial Screening,SME Sales,2024-12-12,2024-12-13,1,Completed
S0007752,A001293,3,Credit Assessment,Credit,2024-12-13,2024-12-18,5,Completed
S0007753,A001294,1,Application Received,SME Sales,2025-07-26,2025-07-27,1,Completed
S0007754,A001294,2,Initial Screening,SME Sales,2025-07-27,2025-07-28,1,Completed
S0007755,A001294,3,Credit Assessment,Credit,2025-07-28,2025-08-01,4,Completed
S0007756,A001294,4,Risk Review,Risk,2025-08-01,2025-08-04,3,Completed
S0007757,A001294,5,Approval Committee,Credit,2025-08-04,2025-08-05,1,Completed
S0007758,A001294,6,Documentation,Operations,2025-08-05,2025-08-10,5,Completed
S0007759,A001294,7,Disbursement,Operations,2025-08-10,2025-08-12,2,Completed
S0007760,A001295,1,Application Received,SME Sales,2025-08-12,2025-08-13,1,Completed
S0007761,A001295,2,Initial Screening,SME Sales,2025-08-13,2025-08-14,1,Completed
S0007762,A001295,3,Credit Assessment,Credit,2025-08-14,2025-08-18,4,Completed
S0007763,A001295,4,Risk Review,Risk,2025-08-18,2025-08-21,3,Completed
S0007764,A001296,1,Application Received,SME Sales,2025-10-19,2025-10-19,0,Completed
S0007765,A001296,2,Initial Screening,SME Sales,2025-10-19,2025-10-20,1,Completed
S0007766,A001296,3,Credit Assessment,Credit,2025-10-20,2025-10-23,3,Completed
S0007767,A001296,4,Risk Review,Risk,2025-10-23,2025-10-24,1,Completed
S0007768,A001296,5,Approval Committee,Credit,2025-10-24,2025-10-27,3,Completed
S0007769,A001297,1,Application Received,SME Sales,2024-03-26,2024-03-27,1,Completed
S0007770,A001297,2,Initial Screening,SME Sales,2024-03-27,2024-03-30,3,Completed
S0007771,A001297,3,Credit Assessment,Credit,2024-03-30,2024-04-02,3,Completed
S0007772,A001297,4,Risk Review,Risk,2024-04-02,2024-04-03,1,Completed
S0007773,A001297,5,Approval Committee,Credit,2024-04-03,2024-04-06,3,Completed
S0007774,A001297,6,Documentation,Operations,2024-04-06,2024-04-09,3,Completed
S0007775,A001297,7,Disbursement,Operations,2024-04-09,2024-04-11,2,Completed
S0007776,A001298,1,Application Received,SME Sales,2026-04-26,2026-04-27,1,Completed
S0007777,A001298,2,Initial Screening,SME Sales,2026-04-27,2026-04-29,2,Completed
S0007778,A001298,3,Credit Assessment,Credit,2026-04-29,2026-05-04,5,Completed
S0007779,A001298,4,Risk Review,Risk,2026-05-04,2026-05-08,4,Completed
S0007780,A001299,1,Application Received,SME Sales,2025-12-08,2025-12-08,0,Completed
S0007781,A001299,2,Initial Screening,SME Sales,2025-12-08,2025-12-10,2,Completed
S0007782,A001299,3,Credit Assessment,Credit,2025-12-10,2025-12-17,7,Completed
S0007783,A001299,4,Risk Review,Risk,2025-12-17,2025-12-18,1,Completed
S0007784,A001299,5,Approval Committee,Credit,2025-12-18,2025-12-19,1,Completed
S0007785,A001299,6,Documentation,Operations,2025-12-19,2025-12-21,2,Completed
S0007786,A001299,7,Disbursement,Operations,2025-12-21,2025-12-22,1,Completed
S0007787,A001300,1,Application Received,SME Sales,2025-05-17,2025-05-17,0,Completed
S0007788,A001300,2,Initial Screening,SME Sales,2025-05-17,2025-05-18,1,Completed
S0007789,A001300,3,Credit Assessment,Credit,2025-05-18,2025-05-21,3,Completed
S0007790,A001300,4,Risk Review,Risk,2025-05-21,2025-05-25,4,Completed
S0007791,A001300,5,Approval Committee,Credit,2025-05-25,2025-05-28,3,Completed
S0007792,A001300,6,Documentation,Operations,2025-05-28,2025-06-02,5,Completed
S0007793,A001300,7,Disbursement,Operations,2025-06-02,2025-06-04,2,Completed
S0007794,A001301,1,Application Received,SME Sales,2025-09-21,2025-09-22,1,Completed
S0007795,A001301,2,Initial Screening,SME Sales,2025-09-22,2025-09-25,3,Completed
S0007796,A001301,3,Credit Assessment,Credit,2025-09-25,2025-09-30,5,Completed
S0007797,A001301,4,Risk Review,Risk,2025-09-30,2025-10-01,1,Completed
S0007798,A001301,5,Approval Committee,Credit,2025-10-01,2025-10-02,1,Completed
S0007799,A001302,1,Application Received,SME Sales,2026-03-20,2026-03-20,0,Completed
S0007800,A001302,2,Initial Screening,SME Sales,2026-03-20,2026-03-23,3,Completed
S0007801,A001302,3,Credit Assessment,Credit,2026-03-23,2026-03-26,3,Completed
S0007802,A001302,4,Risk Review,Risk,2026-03-26,2026-03-29,3,Completed
S0007803,A001303,1,Application Received,SME Sales,2024-02-19,2024-02-19,0,Completed
S0007804,A001303,2,Initial Screening,SME Sales,2024-02-19,2024-02-22,3,Completed
S0007805,A001303,3,Credit Assessment,Credit,2024-02-22,2024-02-24,2,Completed
S0007806,A001303,4,Risk Review,Risk,2024-02-24,2024-02-28,4,Completed
S0007807,A001303,5,Approval Committee,Credit,2024-02-28,2024-02-29,1,Completed
S0007808,A001303,6,Documentation,Operations,2024-02-29,2024-03-02,2,Completed
S0007809,A001303,7,Disbursement,Operations,2024-03-02,2024-03-03,1,Completed
S0007810,A001304,1,Application Received,SME Sales,2026-06-30,2026-06-30,0,Completed
S0007811,A001304,2,Initial Screening,SME Sales,2026-06-30,2026-07-02,2,Completed
S0007812,A001304,3,Credit Assessment,Credit,2026-07-02,2026-07-07,5,Completed
S0007813,A001304,4,Risk Review,Risk,2026-07-07,2026-07-09,2,Completed
S0007814,A001305,1,Application Received,SME Sales,2025-07-31,2025-07-31,0,Completed
S0007815,A001305,2,Initial Screening,SME Sales,2025-07-31,2025-08-03,3,Completed
S0007816,A001305,3,Credit Assessment,Credit,2025-08-03,2025-08-09,6,Completed
S0007817,A001305,4,Risk Review,Risk,2025-08-09,2025-08-13,4,Completed
S0007818,A001305,5,Approval Committee,Credit,2025-08-13,2025-08-16,3,Completed
S0007819,A001305,6,Documentation,Operations,2025-08-16,2025-08-19,3,Completed
S0007820,A001305,7,Disbursement,Operations,2025-08-19,2025-08-21,2,Completed
S0007821,A001306,1,Application Received,SME Sales,2025-04-12,2025-04-13,1,Completed
S0007822,A001306,2,Initial Screening,SME Sales,2025-04-13,2025-04-16,3,Completed
S0007823,A001306,3,Credit Assessment,Credit,2025-04-16,2025-04-21,5,Completed
S0007824,A001306,4,Risk Review,Risk,2025-04-21,2025-04-23,2,Completed
S0007825,A001306,5,Approval Committee,Credit,2025-04-23,2025-04-24,1,Completed
S0007826,A001306,6,Documentation,Operations,2025-04-24,2025-04-29,5,Completed
S0007827,A001306,7,Disbursement,Operations,2025-04-29,2025-05-01,2,Completed
S0007828,A001307,1,Application Received,SME Sales,2025-11-12,2025-11-13,1,Completed
S0007829,A001307,2,Initial Screening,SME Sales,2025-11-13,2025-11-14,1,Completed
S0007830,A001307,3,Credit Assessment,Credit,2025-11-14,2025-11-17,3,Completed
S0007831,A001307,4,Risk Review,Risk,2025-11-17,2025-11-20,3,Completed
S0007832,A001307,5,Approval Committee,Credit,2025-11-20,2025-11-21,1,Completed
S0007833,A001307,6,Documentation,Operations,2025-11-21,2025-11-25,4,Completed
S0007834,A001307,7,Disbursement,Operations,2025-11-25,2025-11-26,1,Completed
S0007835,A001308,1,Application Received,SME Sales,2026-02-09,2026-02-10,1,Completed
S0007836,A001308,2,Initial Screening,SME Sales,2026-02-10,2026-02-11,1,Completed
S0007837,A001308,3,Credit Assessment,Credit,2026-02-11,2026-02-13,2,Completed
S0007838,A001308,4,Risk Review,Risk,2026-02-13,2026-02-17,4,Completed
S0007839,A001308,5,Approval Committee,Credit,2026-02-17,2026-02-19,2,Completed
S0007840,A001308,6,Documentation,Operations,2026-02-19,2026-02-24,5,Completed
S0007841,A001308,7,Disbursement,Operations,2026-02-24,2026-02-25,1,Completed
S0007842,A001309,1,Application Received,SME Sales,2025-11-19,2025-11-19,0,Completed
S0007843,A001309,2,Initial Screening,SME Sales,2025-11-19,2025-11-21,2,Completed
S0007844,A001309,3,Credit Assessment,Credit,2025-11-21,2025-11-25,4,Completed
S0007845,A001309,4,Risk Review,Risk,2025-11-25,2025-11-28,3,Completed
S0007846,A001309,5,Approval Committee,Credit,2025-11-28,2025-12-01,3,Completed
S0007847,A001310,1,Application Received,SME Sales,2026-02-26,2026-02-27,1,Completed
S0007848,A001310,2,Initial Screening,SME Sales,2026-02-27,2026-02-28,1,Completed
S0007849,A001310,3,Credit Assessment,Credit,2026-02-28,2026-03-06,6,Completed
S0007850,A001310,4,Risk Review,Risk,2026-03-06,2026-03-10,4,Completed
S0007851,A001310,5,Approval Committee,Credit,2026-03-10,2026-03-13,3,Completed
S0007852,A001310,6,Documentation,Operations,2026-03-13,2026-03-17,4,Completed
S0007853,A001310,7,Disbursement,Operations,2026-03-17,2026-03-19,2,Completed
S0007854,A001311,1,Application Received,SME Sales,2024-05-07,2024-05-08,1,Completed
S0007855,A001311,2,Initial Screening,SME Sales,2024-05-08,2024-05-09,1,Completed
S0007856,A001311,3,Credit Assessment,Credit,2024-05-09,2024-05-13,4,Completed
S0007857,A001311,4,Risk Review,Risk,2024-05-13,2024-05-15,2,Completed
S0007858,A001311,5,Approval Committee,Credit,2024-05-15,2024-05-18,3,Completed
S0007859,A001312,1,Application Received,SME Sales,2024-05-31,2024-05-31,0,Completed
S0007860,A001312,2,Initial Screening,SME Sales,2024-05-31,2024-06-03,3,Completed
S0007861,A001312,3,Credit Assessment,Credit,2024-06-03,2024-06-08,5,Completed
S0007862,A001312,4,Risk Review,Risk,2024-06-08,2024-06-12,4,Completed
S0007863,A001313,1,Application Received,SME Sales,2026-06-18,2026-06-18,0,Completed
S0007864,A001313,2,Initial Screening,SME Sales,2026-06-18,2026-06-20,2,Completed
S0007865,A001313,3,Credit Assessment,Credit,2026-06-20,2026-06-25,5,Completed
S0007866,A001313,4,Risk Review,Risk,2026-06-25,2026-06-27,2,Completed
S0007867,A001313,5,Approval Committee,Credit,2026-06-27,2026-06-30,3,Completed
S0007868,A001313,6,Documentation,Operations,2026-06-30,2026-07-05,5,Completed
S0007869,A001313,7,Disbursement,Operations,2026-07-05,2026-07-07,2,Completed
S0007870,A001314,1,Application Received,SME Sales,2025-01-15,2025-01-15,0,Completed
S0007871,A001314,2,Initial Screening,SME Sales,2025-01-15,2025-01-18,3,Completed
S0007872,A001314,3,Credit Assessment,Credit,2025-01-18,2025-01-24,6,Completed
S0007873,A001314,4,Risk Review,Risk,2025-01-24,2025-01-27,3,Completed
S0007874,A001314,5,Approval Committee,Credit,2025-01-27,2025-01-30,3,Completed
S0007875,A001314,6,Documentation,Operations,2025-01-30,2025-02-01,2,Completed
S0007876,A001314,7,Disbursement,Operations,2025-02-01,2025-02-02,1,Completed
S0007877,A001315,1,Application Received,SME Sales,2025-08-15,2025-08-16,1,Completed
S0007878,A001315,2,Initial Screening,SME Sales,2025-08-16,2025-08-17,1,Completed
S0007879,A001315,3,Credit Assessment,Credit,2025-08-17,2025-08-19,2,Completed
S0007880,A001315,4,Risk Review,Risk,2025-08-19,2025-08-20,1,Completed
S0007881,A001315,5,Approval Committee,Credit,2025-08-20,2025-08-21,1,Completed
S0007882,A001315,6,Documentation,Operations,2025-08-21,2025-08-23,2,Completed
S0007883,A001315,7,Disbursement,Operations,2025-08-23,2025-08-25,2,Completed
S0007884,A001316,1,Application Received,SME Sales,2024-09-28,2024-09-28,0,Completed
S0007885,A001316,2,Initial Screening,SME Sales,2024-09-28,2024-09-29,1,Completed
S0007886,A001316,3,Credit Assessment,Credit,2024-09-29,2024-10-04,5,Completed
S0007887,A001316,4,Risk Review,Risk,2024-10-04,2024-10-07,3,Completed
S0007888,A001317,1,Application Received,SME Sales,2024-04-27,2024-04-27,0,Completed
S0007889,A001317,2,Initial Screening,SME Sales,2024-04-27,2024-04-29,2,Completed
S0007890,A001317,3,Credit Assessment,Credit,2024-04-29,2024-05-06,7,Completed
S0007891,A001317,4,Risk Review,Risk,2024-05-06,2024-05-09,3,Completed
S0007892,A001317,5,Approval Committee,Credit,2024-05-09,2024-05-11,2,Completed
S0007893,A001317,6,Documentation,Operations,2024-05-11,2024-05-16,5,Completed
S0007894,A001317,7,Disbursement,Operations,2024-05-16,2024-05-17,1,Completed
S0007895,A001318,1,Application Received,SME Sales,2025-08-03,2025-08-04,1,Completed
S0007896,A001318,2,Initial Screening,SME Sales,2025-08-04,2025-08-06,2,Completed
S0007897,A001318,3,Credit Assessment,Credit,2025-08-06,2025-08-11,5,Completed
S0007898,A001318,4,Risk Review,Risk,2025-08-11,2025-08-15,4,Completed
S0007899,A001318,5,Approval Committee,Credit,2025-08-15,2025-08-16,1,Completed
S0007900,A001318,6,Documentation,Operations,2025-08-16,2025-08-18,2,Completed
S0007901,A001318,7,Disbursement,Operations,2025-08-18,2025-08-20,2,Completed
S0007902,A001319,1,Application Received,SME Sales,2024-10-16,2024-10-16,0,Completed
S0007903,A001319,2,Initial Screening,SME Sales,2024-10-16,2024-10-19,3,Completed
S0007904,A001319,3,Credit Assessment,Credit,2024-10-19,2024-10-23,4,Completed
S0007905,A001319,4,Risk Review,Risk,2024-10-23,2024-10-25,2,Completed
S0007906,A001319,5,Approval Committee,Credit,2024-10-25,2024-10-27,2,Completed
S0007907,A001319,6,Documentation,Operations,2024-10-27,2024-10-29,2,Completed
S0007908,A001319,7,Disbursement,Operations,2024-10-29,2024-10-30,1,Completed
S0007909,A001320,1,Application Received,SME Sales,2024-10-29,2024-10-29,0,Completed
S0007910,A001320,2,Initial Screening,SME Sales,2024-10-29,2024-10-30,1,Completed
S0007911,A001320,3,Credit Assessment,Credit,2024-10-30,2024-11-04,5,Completed
S0007912,A001320,4,Risk Review,Risk,2024-11-04,2024-11-07,3,Completed
S0007913,A001320,5,Approval Committee,Credit,2024-11-07,2024-11-09,2,Completed
S0007914,A001320,6,Documentation,Operations,2024-11-09,2024-11-14,5,Completed
S0007915,A001320,7,Disbursement,Operations,2024-11-14,2024-11-16,2,Completed
S0007916,A001321,1,Application Received,SME Sales,2024-08-23,2024-08-24,1,Completed
S0007917,A001321,2,Initial Screening,SME Sales,2024-08-24,2024-08-26,2,Completed
S0007918,A001321,3,Credit Assessment,Credit,2024-08-26,2024-08-30,4,Completed
S0007919,A001321,4,Risk Review,Risk,2024-08-30,2024-09-03,4,Completed
S0007920,A001321,5,Approval Committee,Credit,2024-09-03,2024-09-06,3,Completed
S0007921,A001322,1,Application Received,SME Sales,2026-09-20,2026-09-21,1,Completed
S0007922,A001322,2,Initial Screening,SME Sales,2026-09-21,2026-09-23,2,Completed
S0007923,A001322,3,Credit Assessment,Credit,2026-09-23,2026-09-28,5,Completed
S0007924,A001322,4,Risk Review,Risk,2026-09-28,2026-09-30,2,Completed
S0007925,A001322,5,Approval Committee,Credit,2026-09-30,2026-09-30,0,Completed
S0007926,A001322,6,Documentation,Operations,2026-09-30,2026-09-30,0,Completed
S0007927,A001322,7,Disbursement,Operations,2026-09-30,2026-09-30,0,Completed
S0007928,A001323,1,Application Received,SME Sales,2025-09-10,2025-09-11,1,Completed
S0007929,A001323,2,Initial Screening,SME Sales,2025-09-11,2025-09-13,2,Completed
S0007930,A001323,3,Credit Assessment,Credit,2025-09-13,2025-09-15,2,Completed
S0007931,A001323,4,Risk Review,Risk,2025-09-15,2025-09-16,1,Completed
S0007932,A001323,5,Approval Committee,Credit,2025-09-16,2025-09-18,2,Completed
S0007933,A001323,6,Documentation,Operations,2025-09-18,2025-09-20,2,Completed
S0007934,A001323,7,Disbursement,Operations,2025-09-20,2025-09-22,2,Completed
S0007935,A001324,1,Application Received,SME Sales,2025-10-12,2025-10-13,1,Completed
S0007936,A001324,2,Initial Screening,SME Sales,2025-10-13,2025-10-16,3,Completed
S0007937,A001324,3,Credit Assessment,Credit,2025-10-16,2025-10-18,2,Completed
S0007938,A001324,4,Risk Review,Risk,2025-10-18,2025-10-20,2,Completed
S0007939,A001324,5,Approval Committee,Credit,2025-10-20,2025-10-21,1,Completed
S0007940,A001325,1,Application Received,SME Sales,2024-07-28,2024-07-28,0,Completed
S0007941,A001325,2,Initial Screening,SME Sales,2024-07-28,2024-07-29,1,Completed
S0007942,A001325,3,Credit Assessment,Credit,2024-07-29,2024-08-04,6,Completed
S0007943,A001325,4,Risk Review,Risk,2024-08-04,2024-08-07,3,Completed
S0007944,A001325,5,Approval Committee,Credit,2024-08-07,2024-08-09,2,Completed
S0007945,A001325,6,Documentation,Operations,2024-08-09,2024-08-12,3,Completed
S0007946,A001325,7,Disbursement,Operations,2024-08-12,2024-08-13,1,Completed
S0007947,A001326,1,Application Received,SME Sales,2025-03-18,2025-03-19,1,Completed
S0007948,A001326,2,Initial Screening,SME Sales,2025-03-19,2025-03-22,3,Completed
S0007949,A001326,3,Credit Assessment,Credit,2025-03-22,2025-03-27,5,Completed
S0007950,A001326,4,Risk Review,Risk,2025-03-27,2025-03-28,1,Completed
S0007951,A001326,5,Approval Committee,Credit,2025-03-28,2025-03-30,2,Completed
S0007952,A001326,6,Documentation,Operations,2025-03-30,2025-04-01,2,Completed
S0007953,A001326,7,Disbursement,Operations,2025-04-01,2025-04-03,2,Completed
S0007954,A001327,1,Application Received,SME Sales,2026-01-04,2026-01-04,0,Completed
S0007955,A001327,2,Initial Screening,SME Sales,2026-01-04,2026-01-06,2,Completed
S0007956,A001327,3,Credit Assessment,Credit,2026-01-06,2026-01-09,3,Completed
S0007957,A001327,4,Risk Review,Risk,2026-01-09,2026-01-10,1,Completed
S0007958,A001328,1,Application Received,SME Sales,2024-09-18,2024-09-19,1,Completed
S0007959,A001328,2,Initial Screening,SME Sales,2024-09-19,2024-09-20,1,Completed
S0007960,A001328,3,Credit Assessment,Credit,2024-09-20,2024-09-24,4,Completed
S0007961,A001328,4,Risk Review,Risk,2024-09-24,2024-09-26,2,Completed
S0007962,A001328,5,Approval Committee,Credit,2024-09-26,2024-09-29,3,Completed
S0007963,A001328,6,Documentation,Operations,2024-09-29,2024-10-01,2,Completed
S0007964,A001328,7,Disbursement,Operations,2024-10-01,2024-10-03,2,Completed
S0007965,A001329,1,Application Received,SME Sales,2024-11-25,2024-11-25,0,Completed
S0007966,A001329,2,Initial Screening,SME Sales,2024-11-25,2024-11-28,3,Completed
S0007967,A001329,3,Credit Assessment,Credit,2024-11-28,2024-12-03,5,Completed
S0007968,A001329,4,Risk Review,Risk,2024-12-03,2024-12-05,2,Completed
S0007969,A001329,5,Approval Committee,Credit,2024-12-05,2024-12-08,3,Completed
S0007970,A001330,1,Application Received,SME Sales,2024-11-13,2024-11-13,0,Completed
S0007971,A001330,2,Initial Screening,SME Sales,2024-11-13,2024-11-16,3,Completed
S0007972,A001330,3,Credit Assessment,Credit,2024-11-16,2024-11-21,5,Completed
S0007973,A001331,1,Application Received,SME Sales,2026-01-04,2026-01-04,0,Completed
S0007974,A001331,2,Initial Screening,SME Sales,2026-01-04,2026-01-06,2,Completed
S0007975,A001331,3,Credit Assessment,Credit,2026-01-06,2026-01-08,2,Completed
S0007976,A001331,4,Risk Review,Risk,2026-01-08,2026-01-12,4,Completed
S0007977,A001331,5,Approval Committee,Credit,2026-01-12,2026-01-13,1,Completed
S0007978,A001331,6,Documentation,Operations,2026-01-13,2026-01-15,2,Completed
S0007979,A001331,7,Disbursement,Operations,2026-01-15,2026-01-17,2,Completed
S0007980,A001332,1,Application Received,SME Sales,2025-07-04,2025-07-04,0,Completed
S0007981,A001332,2,Initial Screening,SME Sales,2025-07-04,2025-07-06,2,Completed
S0007982,A001332,3,Credit Assessment,Credit,2025-07-06,2025-07-12,6,Completed
S0007983,A001332,4,Risk Review,Risk,2025-07-12,2025-07-13,1,Completed
S0007984,A001333,1,Application Received,SME Sales,2026-05-08,2026-05-09,1,Completed
S0007985,A001333,2,Initial Screening,SME Sales,2026-05-09,2026-05-11,2,Completed
S0007986,A001333,3,Credit Assessment,Credit,2026-05-11,2026-05-13,2,Completed
S0007987,A001334,1,Application Received,SME Sales,2026-07-25,2026-07-25,0,Completed
S0007988,A001334,2,Initial Screening,SME Sales,2026-07-25,2026-07-27,2,Completed
S0007989,A001334,3,Credit Assessment,Credit,2026-07-27,2026-07-29,2,Completed
S0007990,A001334,4,Risk Review,Risk,2026-07-29,2026-07-30,1,Completed
S0007991,A001335,1,Application Received,SME Sales,2024-07-04,2024-07-05,1,Completed
S0007992,A001335,2,Initial Screening,SME Sales,2024-07-05,2024-07-07,2,Completed
S0007993,A001335,3,Credit Assessment,Credit,2024-07-07,2024-07-13,6,Completed
S0007994,A001335,4,Risk Review,Risk,2024-07-13,2024-07-17,4,Completed
S0007995,A001336,1,Application Received,SME Sales,2025-02-24,2025-02-24,0,Completed
S0007996,A001336,2,Initial Screening,SME Sales,2025-02-24,2025-02-25,1,Completed
S0007997,A001336,3,Credit Assessment,Credit,2025-02-25,2025-03-06,9,Completed
S0007998,A001336,4,Risk Review,Risk,2025-03-06,2025-03-09,3,Completed
S0007999,A001336,5,Approval Committee,Credit,2025-03-09,2025-03-11,2,Completed
S0008000,A001337,1,Application Received,SME Sales,2024-07-21,2024-07-22,1,Completed
S0008001,A001337,2,Initial Screening,SME Sales,2024-07-22,2024-07-23,1,Completed
S0008002,A001337,3,Credit Assessment,Credit,2024-07-23,2024-07-29,6,Completed
S0008003,A001337,4,Risk Review,Risk,2024-07-29,2024-08-02,4,Completed
S0008004,A001337,5,Approval Committee,Credit,2024-08-02,2024-08-05,3,Completed
S0008005,A001337,6,Documentation,Operations,2024-08-05,2024-08-07,2,Completed
S0008006,A001337,7,Disbursement,Operations,2024-08-07,2024-08-09,2,Completed
S0008007,A001338,1,Application Received,SME Sales,2025-01-04,2025-01-05,1,Completed
S0008008,A001338,2,Initial Screening,SME Sales,2025-01-05,2025-01-08,3,Completed
S0008009,A001338,3,Credit Assessment,Credit,2025-01-08,2025-01-13,5,Completed
S0008010,A001338,4,Risk Review,Risk,2025-01-13,2025-01-14,1,Completed
S0008011,A001338,5,Approval Committee,Credit,2025-01-14,2025-01-15,1,Completed
S0008012,A001338,6,Documentation,Operations,2025-01-15,2025-01-18,3,Completed
S0008013,A001338,7,Disbursement,Operations,2025-01-18,2025-01-19,1,Completed
S0008014,A001339,1,Application Received,SME Sales,2026-03-16,2026-03-16,0,Completed
S0008015,A001339,2,Initial Screening,SME Sales,2026-03-16,2026-03-19,3,Completed
S0008016,A001339,3,Credit Assessment,Credit,2026-03-19,2026-03-24,5,Completed
S0008017,A001339,4,Risk Review,Risk,2026-03-24,2026-03-27,3,Completed
S0008018,A001339,5,Approval Committee,Credit,2026-03-27,2026-03-30,3,Completed
S0008019,A001339,6,Documentation,Operations,2026-03-30,2026-04-04,5,Completed
S0008020,A001339,7,Disbursement,Operations,2026-04-04,2026-04-06,2,Completed
S0008021,A001340,1,Application Received,SME Sales,2025-06-22,2025-06-22,0,Completed
S0008022,A001340,2,Initial Screening,SME Sales,2025-06-22,2025-06-24,2,Completed
S0008023,A001340,3,Credit Assessment,Credit,2025-06-24,2025-06-27,3,Completed
S0008024,A001340,4,Risk Review,Risk,2025-06-27,2025-07-01,4,Completed
S0008025,A001340,5,Approval Committee,Credit,2025-07-01,2025-07-03,2,Completed
S0008026,A001341,1,Application Received,SME Sales,2026-08-14,2026-08-15,1,Completed
S0008027,A001341,2,Initial Screening,SME Sales,2026-08-15,2026-08-18,3,Completed
S0008028,A001341,3,Credit Assessment,Credit,2026-08-18,2026-08-26,8,Completed
S0008029,A001341,4,Risk Review,Risk,2026-08-26,2026-08-30,4,Completed
S0008030,A001341,5,Approval Committee,Credit,2026-08-30,2026-08-31,1,Completed
S0008031,A001342,1,Application Received,SME Sales,2025-11-08,2025-11-09,1,Completed
S0008032,A001342,2,Initial Screening,SME Sales,2025-11-09,2025-11-11,2,Completed
S0008033,A001342,3,Credit Assessment,Credit,2025-11-11,2025-11-17,6,Completed
S0008034,A001342,4,Risk Review,Risk,2025-11-17,2025-11-19,2,Completed
S0008035,A001342,5,Approval Committee,Credit,2025-11-19,2025-11-22,3,Completed
S0008036,A001342,6,Documentation,Operations,2025-11-22,2025-11-25,3,Completed
S0008037,A001342,7,Disbursement,Operations,2025-11-25,2025-11-26,1,Completed
S0008038,A001343,1,Application Received,SME Sales,2025-04-14,2025-04-15,1,Completed
S0008039,A001343,2,Initial Screening,SME Sales,2025-04-15,2025-04-16,1,Completed
S0008040,A001343,3,Credit Assessment,Credit,2025-04-16,2025-04-20,4,Completed
S0008041,A001344,1,Application Received,SME Sales,2026-02-09,2026-02-10,1,Completed
S0008042,A001344,2,Initial Screening,SME Sales,2026-02-10,2026-02-12,2,Completed
S0008043,A001344,3,Credit Assessment,Credit,2026-02-12,2026-02-16,4,Completed
S0008044,A001344,4,Risk Review,Risk,2026-02-16,2026-02-19,3,Completed
S0008045,A001344,5,Approval Committee,Credit,2026-02-19,2026-02-20,1,Completed
S0008046,A001344,6,Documentation,Operations,2026-02-20,2026-02-22,2,Completed
S0008047,A001344,7,Disbursement,Operations,2026-02-22,2026-02-23,1,Completed
S0008048,A001345,1,Application Received,SME Sales,2024-07-29,2024-07-29,0,Completed
S0008049,A001345,2,Initial Screening,SME Sales,2024-07-29,2024-07-31,2,Completed
S0008050,A001345,3,Credit Assessment,Credit,2024-07-31,2024-08-05,5,Completed
S0008051,A001345,4,Risk Review,Risk,2024-08-05,2024-08-07,2,Completed
S0008052,A001345,5,Approval Committee,Credit,2024-08-07,2024-08-10,3,Completed
S0008053,A001345,6,Documentation,Operations,2024-08-10,2024-08-12,2,Completed
S0008054,A001345,7,Disbursement,Operations,2024-08-12,2024-08-13,1,Completed
S0008055,A001346,1,Application Received,SME Sales,2024-02-05,2024-02-06,1,Completed
S0008056,A001346,2,Initial Screening,SME Sales,2024-02-06,2024-02-08,2,Completed
S0008057,A001346,3,Credit Assessment,Credit,2024-02-08,2024-02-14,6,Completed
S0008058,A001346,4,Risk Review,Risk,2024-02-14,2024-02-15,1,Completed
S0008059,A001347,1,Application Received,SME Sales,2025-02-24,2025-02-24,0,Completed
S0008060,A001347,2,Initial Screening,SME Sales,2025-02-24,2025-02-27,3,Completed
S0008061,A001347,3,Credit Assessment,Credit,2025-02-27,2025-03-02,3,Completed
S0008062,A001347,4,Risk Review,Risk,2025-03-02,2025-03-04,2,Completed
S0008063,A001348,1,Application Received,SME Sales,2025-06-14,2025-06-15,1,Completed
S0008064,A001348,2,Initial Screening,SME Sales,2025-06-15,2025-06-17,2,Completed
S0008065,A001348,3,Credit Assessment,Credit,2025-06-17,2025-06-21,4,Completed
S0008066,A001348,4,Risk Review,Risk,2025-06-21,2025-06-22,1,Completed
S0008067,A001348,5,Approval Committee,Credit,2025-06-22,2025-06-25,3,Completed
S0008068,A001348,6,Documentation,Operations,2025-06-25,2025-06-28,3,Completed
S0008069,A001348,7,Disbursement,Operations,2025-06-28,2025-06-30,2,Completed
S0008070,A001349,1,Application Received,SME Sales,2026-07-17,2026-07-17,0,Completed
S0008071,A001349,2,Initial Screening,SME Sales,2026-07-17,2026-07-19,2,Completed
S0008072,A001349,3,Credit Assessment,Credit,2026-07-19,2026-07-23,4,Completed
S0008073,A001349,4,Risk Review,Risk,2026-07-23,2026-07-24,1,Completed
S0008074,A001349,5,Approval Committee,Credit,2026-07-24,2026-07-27,3,Completed
S0008075,A001349,6,Documentation,Operations,2026-07-27,2026-07-31,4,Completed
S0008076,A001349,7,Disbursement,Operations,2026-07-31,2026-08-01,1,Completed
S0008077,A001350,1,Application Received,SME Sales,2024-08-20,2024-08-20,0,Completed
S0008078,A001350,2,Initial Screening,SME Sales,2024-08-20,2024-08-23,3,Completed
S0008079,A001350,3,Credit Assessment,Credit,2024-08-23,2024-08-25,2,Completed
S0008080,A001350,4,Risk Review,Risk,2024-08-25,2024-08-28,3,Completed
S0008081,A001350,5,Approval Committee,Credit,2024-08-28,2024-08-31,3,Completed
S0008082,A001350,6,Documentation,Operations,2024-08-31,2024-09-05,5,Completed
S0008083,A001350,7,Disbursement,Operations,2024-09-05,2024-09-06,1,Completed
S0008084,A001351,1,Application Received,SME Sales,2024-07-22,2024-07-22,0,Completed
S0008085,A001351,2,Initial Screening,SME Sales,2024-07-22,2024-07-23,1,Completed
S0008086,A001351,3,Credit Assessment,Credit,2024-07-23,2024-07-25,2,Completed
S0008087,A001351,4,Risk Review,Risk,2024-07-25,2024-07-26,1,Completed
S0008088,A001352,1,Application Received,SME Sales,2024-01-30,2024-01-31,1,Completed
S0008089,A001352,2,Initial Screening,SME Sales,2024-01-31,2024-02-01,1,Completed
S0008090,A001352,3,Credit Assessment,Credit,2024-02-01,2024-02-07,6,Completed
S0008091,A001352,4,Risk Review,Risk,2024-02-07,2024-02-08,1,Completed
S0008092,A001352,5,Approval Committee,Credit,2024-02-08,2024-02-11,3,Completed
S0008093,A001352,6,Documentation,Operations,2024-02-11,2024-02-14,3,Completed
S0008094,A001352,7,Disbursement,Operations,2024-02-14,2024-02-16,2,Completed
S0008095,A001353,1,Application Received,SME Sales,2024-02-16,2024-02-16,0,Completed
S0008096,A001353,2,Initial Screening,SME Sales,2024-02-16,2024-02-17,1,Completed
S0008097,A001353,3,Credit Assessment,Credit,2024-02-17,2024-02-21,4,Completed
S0008098,A001353,4,Risk Review,Risk,2024-02-21,2024-02-25,4,Completed
S0008099,A001353,5,Approval Committee,Credit,2024-02-25,2024-02-28,3,Completed
S0008100,A001354,1,Application Received,SME Sales,2026-03-18,2026-03-19,1,Completed
S0008101,A001354,2,Initial Screening,SME Sales,2026-03-19,2026-03-21,2,Completed
S0008102,A001354,3,Credit Assessment,Credit,2026-03-21,2026-03-25,4,Completed
S0008103,A001355,1,Application Received,SME Sales,2026-03-12,2026-03-13,1,Completed
S0008104,A001355,2,Initial Screening,SME Sales,2026-03-13,2026-03-16,3,Completed
S0008105,A001355,3,Credit Assessment,Credit,2026-03-16,2026-03-20,4,Completed
S0008106,A001355,4,Risk Review,Risk,2026-03-20,2026-03-21,1,Completed
S0008107,A001355,5,Approval Committee,Credit,2026-03-21,2026-03-23,2,Completed
S0008108,A001355,6,Documentation,Operations,2026-03-23,2026-03-25,2,Completed
S0008109,A001355,7,Disbursement,Operations,2026-03-25,2026-03-27,2,Completed
S0008110,A001356,1,Application Received,SME Sales,2024-11-02,2024-11-02,0,Completed
S0008111,A001356,2,Initial Screening,SME Sales,2024-11-02,2024-11-05,3,Completed
S0008112,A001356,3,Credit Assessment,Credit,2024-11-05,2024-11-10,5,Completed
S0008113,A001357,1,Application Received,SME Sales,2024-11-25,2024-11-25,0,Completed
S0008114,A001357,2,Initial Screening,SME Sales,2024-11-25,2024-11-28,3,Completed
S0008115,A001357,3,Credit Assessment,Credit,2024-11-28,2024-11-30,2,Completed
S0008116,A001357,4,Risk Review,Risk,2024-11-30,2024-12-02,2,Completed
S0008117,A001358,1,Application Received,SME Sales,2024-01-30,2024-01-31,1,Completed
S0008118,A001358,2,Initial Screening,SME Sales,2024-01-31,2024-02-03,3,Completed
S0008119,A001358,3,Credit Assessment,Credit,2024-02-03,2024-02-09,6,Completed
S0008120,A001358,4,Risk Review,Risk,2024-02-09,2024-02-10,1,Completed
S0008121,A001358,5,Approval Committee,Credit,2024-02-10,2024-02-11,1,Completed
S0008122,A001358,6,Documentation,Operations,2024-02-11,2024-02-16,5,Completed
S0008123,A001358,7,Disbursement,Operations,2024-02-16,2024-02-17,1,Completed
S0008124,A001359,1,Application Received,SME Sales,2026-01-06,2026-01-07,1,Completed
S0008125,A001359,2,Initial Screening,SME Sales,2026-01-07,2026-01-10,3,Completed
S0008126,A001359,3,Credit Assessment,Credit,2026-01-10,2026-01-12,2,Completed
S0008127,A001359,4,Risk Review,Risk,2026-01-12,2026-01-15,3,Completed
S0008128,A001359,5,Approval Committee,Credit,2026-01-15,2026-01-17,2,Completed
S0008129,A001359,6,Documentation,Operations,2026-01-17,2026-01-19,2,Completed
S0008130,A001359,7,Disbursement,Operations,2026-01-19,2026-01-21,2,Completed
S0008131,A001360,1,Application Received,SME Sales,2024-09-11,2024-09-12,1,Completed
S0008132,A001360,2,Initial Screening,SME Sales,2024-09-12,2024-09-15,3,Completed
S0008133,A001360,3,Credit Assessment,Credit,2024-09-15,2024-09-20,5,Completed
S0008134,A001360,4,Risk Review,Risk,2024-09-20,2024-09-21,1,Completed
S0008135,A001360,5,Approval Committee,Credit,2024-09-21,2024-09-22,1,Completed
S0008136,A001361,1,Application Received,SME Sales,2026-04-18,2026-04-19,1,Completed
S0008137,A001361,2,Initial Screening,SME Sales,2026-04-19,2026-04-21,2,Completed
S0008138,A001361,3,Credit Assessment,Credit,2026-04-21,2026-04-27,6,Completed
S0008139,A001361,4,Risk Review,Risk,2026-04-27,2026-04-30,3,Completed
S0008140,A001361,5,Approval Committee,Credit,2026-04-30,2026-05-01,1,Completed
S0008141,A001361,6,Documentation,Operations,2026-05-01,2026-05-03,2,Completed
S0008142,A001361,7,Disbursement,Operations,2026-05-03,2026-05-05,2,Completed
S0008143,A001362,1,Application Received,SME Sales,2025-06-13,2025-06-13,0,Completed
S0008144,A001362,2,Initial Screening,SME Sales,2025-06-13,2025-06-16,3,Completed
S0008145,A001362,3,Credit Assessment,Credit,2025-06-16,2025-06-20,4,Completed
S0008146,A001362,4,Risk Review,Risk,2025-06-20,2025-06-23,3,Completed
S0008147,A001363,1,Application Received,SME Sales,2025-09-21,2025-09-21,0,Completed
S0008148,A001363,2,Initial Screening,SME Sales,2025-09-21,2025-09-23,2,Completed
S0008149,A001363,3,Credit Assessment,Credit,2025-09-23,2025-09-25,2,Completed
S0008150,A001363,4,Risk Review,Risk,2025-09-25,2025-09-28,3,Completed
S0008151,A001363,5,Approval Committee,Credit,2025-09-28,2025-10-01,3,Completed
S0008152,A001363,6,Documentation,Operations,2025-10-01,2025-10-06,5,Completed
S0008153,A001363,7,Disbursement,Operations,2025-10-06,2025-10-08,2,Completed
S0008154,A001364,1,Application Received,SME Sales,2024-11-29,2024-11-30,1,Completed
S0008155,A001364,2,Initial Screening,SME Sales,2024-11-30,2024-12-03,3,Completed
S0008156,A001364,3,Credit Assessment,Credit,2024-12-03,2024-12-08,5,Completed
S0008157,A001364,4,Risk Review,Risk,2024-12-08,2024-12-10,2,Completed
S0008158,A001364,5,Approval Committee,Credit,2024-12-10,2024-12-12,2,Completed
S0008159,A001364,6,Documentation,Operations,2024-12-12,2024-12-14,2,Completed
S0008160,A001364,7,Disbursement,Operations,2024-12-14,2024-12-15,1,Completed
S0008161,A001365,1,Application Received,SME Sales,2025-10-02,2025-10-02,0,Completed
S0008162,A001365,2,Initial Screening,SME Sales,2025-10-02,2025-10-03,1,Completed
S0008163,A001365,3,Credit Assessment,Credit,2025-10-03,2025-10-06,3,Completed
S0008164,A001365,4,Risk Review,Risk,2025-10-06,2025-10-07,1,Completed
S0008165,A001365,5,Approval Committee,Credit,2025-10-07,2025-10-09,2,Completed
S0008166,A001365,6,Documentation,Operations,2025-10-09,2025-10-11,2,Completed
S0008167,A001365,7,Disbursement,Operations,2025-10-11,2025-10-13,2,Completed
S0008168,A001366,1,Application Received,SME Sales,2025-09-13,2025-09-13,0,Completed
S0008169,A001366,2,Initial Screening,SME Sales,2025-09-13,2025-09-15,2,Completed
S0008170,A001366,3,Credit Assessment,Credit,2025-09-15,2025-09-22,7,Completed
S0008171,A001366,4,Risk Review,Risk,2025-09-22,2025-09-26,4,Completed
S0008172,A001366,5,Approval Committee,Credit,2025-09-26,2025-09-27,1,Completed
S0008173,A001366,6,Documentation,Operations,2025-09-27,2025-09-30,3,Completed
S0008174,A001366,7,Disbursement,Operations,2025-09-30,2025-10-02,2,Completed
S0008175,A001367,1,Application Received,SME Sales,2024-01-31,2024-02-01,1,Completed
S0008176,A001367,2,Initial Screening,SME Sales,2024-02-01,2024-02-04,3,Completed
S0008177,A001367,3,Credit Assessment,Credit,2024-02-04,2024-02-09,5,Completed
S0008178,A001367,4,Risk Review,Risk,2024-02-09,2024-02-13,4,Completed
S0008179,A001367,5,Approval Committee,Credit,2024-02-13,2024-02-15,2,Completed
S0008180,A001367,6,Documentation,Operations,2024-02-15,2024-02-17,2,Completed
S0008181,A001367,7,Disbursement,Operations,2024-02-17,2024-02-19,2,Completed
S0008182,A001368,1,Application Received,SME Sales,2025-07-25,2025-07-25,0,Completed
S0008183,A001368,2,Initial Screening,SME Sales,2025-07-25,2025-07-26,1,Completed
S0008184,A001368,3,Credit Assessment,Credit,2025-07-26,2025-07-30,4,Completed
S0008185,A001368,4,Risk Review,Risk,2025-07-30,2025-07-31,1,Completed
S0008186,A001369,1,Application Received,SME Sales,2024-02-26,2024-02-26,0,Completed
S0008187,A001369,2,Initial Screening,SME Sales,2024-02-26,2024-02-27,1,Completed
S0008188,A001369,3,Credit Assessment,Credit,2024-02-27,2024-02-29,2,Completed
S0008189,A001369,4,Risk Review,Risk,2024-02-29,2024-03-02,2,Completed
S0008190,A001369,5,Approval Committee,Credit,2024-03-02,2024-03-04,2,Completed
S0008191,A001369,6,Documentation,Operations,2024-03-04,2024-03-07,3,Completed
S0008192,A001369,7,Disbursement,Operations,2024-03-07,2024-03-08,1,Completed
S0008193,A001370,1,Application Received,SME Sales,2026-04-24,2026-04-25,1,Completed
S0008194,A001370,2,Initial Screening,SME Sales,2026-04-25,2026-04-28,3,Completed
S0008195,A001370,3,Credit Assessment,Credit,2026-04-28,2026-05-01,3,Completed
S0008196,A001370,4,Risk Review,Risk,2026-05-01,2026-05-03,2,Completed
S0008197,A001370,5,Approval Committee,Credit,2026-05-03,2026-05-05,2,Completed
S0008198,A001370,6,Documentation,Operations,2026-05-05,2026-05-10,5,Completed
S0008199,A001370,7,Disbursement,Operations,2026-05-10,2026-05-12,2,Completed
S0008200,A001371,1,Application Received,SME Sales,2025-05-12,2025-05-13,1,Completed
S0008201,A001371,2,Initial Screening,SME Sales,2025-05-13,2025-05-16,3,Completed
S0008202,A001371,3,Credit Assessment,Credit,2025-05-16,2025-05-23,7,Completed
S0008203,A001372,1,Application Received,SME Sales,2025-04-23,2025-04-24,1,Completed
S0008204,A001372,2,Initial Screening,SME Sales,2025-04-24,2025-04-27,3,Completed
S0008205,A001372,3,Credit Assessment,Credit,2025-04-27,2025-04-30,3,Completed
S0008206,A001373,1,Application Received,SME Sales,2024-09-25,2024-09-25,0,Completed
S0008207,A001373,2,Initial Screening,SME Sales,2024-09-25,2024-09-28,3,Completed
S0008208,A001373,3,Credit Assessment,Credit,2024-09-28,2024-10-02,4,Completed
S0008209,A001373,4,Risk Review,Risk,2024-10-02,2024-10-05,3,Completed
S0008210,A001373,5,Approval Committee,Credit,2024-10-05,2024-10-07,2,Completed
S0008211,A001373,6,Documentation,Operations,2024-10-07,2024-10-10,3,Completed
S0008212,A001373,7,Disbursement,Operations,2024-10-10,2024-10-12,2,Completed
S0008213,A001374,1,Application Received,SME Sales,2025-06-06,2025-06-07,1,Completed
S0008214,A001374,2,Initial Screening,SME Sales,2025-06-07,2025-06-10,3,Completed
S0008215,A001374,3,Credit Assessment,Credit,2025-06-10,2025-06-13,3,Completed
S0008216,A001374,4,Risk Review,Risk,2025-06-13,2025-06-14,1,Completed
S0008217,A001374,5,Approval Committee,Credit,2025-06-14,2025-06-15,1,Completed
S0008218,A001374,6,Documentation,Operations,2025-06-15,2025-06-17,2,Completed
S0008219,A001374,7,Disbursement,Operations,2025-06-17,2025-06-18,1,Completed
S0008220,A001375,1,Application Received,SME Sales,2026-03-30,2026-03-30,0,Completed
S0008221,A001375,2,Initial Screening,SME Sales,2026-03-30,2026-04-01,2,Completed
S0008222,A001375,3,Credit Assessment,Credit,2026-04-01,2026-04-05,4,Completed
S0008223,A001375,4,Risk Review,Risk,2026-04-05,2026-04-09,4,Completed
S0008224,A001375,5,Approval Committee,Credit,2026-04-09,2026-04-11,2,Completed
S0008225,A001375,6,Documentation,Operations,2026-04-11,2026-04-15,4,Completed
S0008226,A001375,7,Disbursement,Operations,2026-04-15,2026-04-16,1,Completed
S0008227,A001376,1,Application Received,SME Sales,2025-04-07,2025-04-08,1,Completed
S0008228,A001376,2,Initial Screening,SME Sales,2025-04-08,2025-04-09,1,Completed
S0008229,A001376,3,Credit Assessment,Credit,2025-04-09,2025-04-12,3,Completed
S0008230,A001376,4,Risk Review,Risk,2025-04-12,2025-04-15,3,Completed
S0008231,A001376,5,Approval Committee,Credit,2025-04-15,2025-04-17,2,Completed
S0008232,A001376,6,Documentation,Operations,2025-04-17,2025-04-20,3,Completed
S0008233,A001376,7,Disbursement,Operations,2025-04-20,2025-04-21,1,Completed
S0008234,A001377,1,Application Received,SME Sales,2025-04-26,2025-04-26,0,Completed
S0008235,A001377,2,Initial Screening,SME Sales,2025-04-26,2025-04-28,2,Completed
S0008236,A001377,3,Credit Assessment,Credit,2025-04-28,2025-05-02,4,Completed
S0008237,A001377,4,Risk Review,Risk,2025-05-02,2025-05-03,1,Completed
S0008238,A001377,5,Approval Committee,Credit,2025-05-03,2025-05-06,3,Completed
S0008239,A001377,6,Documentation,Operations,2025-05-06,2025-05-09,3,Completed
S0008240,A001377,7,Disbursement,Operations,2025-05-09,2025-05-11,2,Completed
S0008241,A001378,1,Application Received,SME Sales,2026-05-15,2026-05-15,0,Completed
S0008242,A001378,2,Initial Screening,SME Sales,2026-05-15,2026-05-16,1,Completed
S0008243,A001378,3,Credit Assessment,Credit,2026-05-16,2026-05-21,5,Completed
S0008244,A001378,4,Risk Review,Risk,2026-05-21,2026-05-24,3,Completed
S0008245,A001378,5,Approval Committee,Credit,2026-05-24,2026-05-25,1,Completed
S0008246,A001378,6,Documentation,Operations,2026-05-25,2026-05-29,4,Completed
S0008247,A001378,7,Disbursement,Operations,2026-05-29,2026-05-30,1,Completed
S0008248,A001379,1,Application Received,SME Sales,2026-03-06,2026-03-06,0,Completed
S0008249,A001379,2,Initial Screening,SME Sales,2026-03-06,2026-03-07,1,Completed
S0008250,A001379,3,Credit Assessment,Credit,2026-03-07,2026-03-12,5,Completed
S0008251,A001379,4,Risk Review,Risk,2026-03-12,2026-03-15,3,Completed
S0008252,A001379,5,Approval Committee,Credit,2026-03-15,2026-03-18,3,Completed
S0008253,A001379,6,Documentation,Operations,2026-03-18,2026-03-21,3,Completed
S0008254,A001379,7,Disbursement,Operations,2026-03-21,2026-03-22,1,Completed
S0008255,A001380,1,Application Received,SME Sales,2024-03-05,2024-03-05,0,Completed
S0008256,A001380,2,Initial Screening,SME Sales,2024-03-05,2024-03-08,3,Completed
S0008257,A001380,3,Credit Assessment,Credit,2024-03-08,2024-03-12,4,Completed
S0008258,A001380,4,Risk Review,Risk,2024-03-12,2024-03-16,4,Completed
S0008259,A001380,5,Approval Committee,Credit,2024-03-16,2024-03-19,3,Completed
S0008260,A001380,6,Documentation,Operations,2024-03-19,2024-03-24,5,Completed
S0008261,A001380,7,Disbursement,Operations,2024-03-24,2024-03-26,2,Completed
S0008262,A001381,1,Application Received,SME Sales,2024-12-27,2024-12-27,0,Completed
S0008263,A001381,2,Initial Screening,SME Sales,2024-12-27,2024-12-30,3,Completed
S0008264,A001381,3,Credit Assessment,Credit,2024-12-30,2025-01-01,2,Completed
S0008265,A001381,4,Risk Review,Risk,2025-01-01,2025-01-05,4,Completed
S0008266,A001382,1,Application Received,SME Sales,2026-05-31,2026-05-31,0,Completed
S0008267,A001382,2,Initial Screening,SME Sales,2026-05-31,2026-06-01,1,Completed
S0008268,A001382,3,Credit Assessment,Credit,2026-06-01,2026-06-05,4,Completed
S0008269,A001382,4,Risk Review,Risk,2026-06-05,2026-06-06,1,Completed
S0008270,A001382,5,Approval Committee,Credit,2026-06-06,2026-06-07,1,Completed
S0008271,A001382,6,Documentation,Operations,2026-06-07,2026-06-12,5,Completed
S0008272,A001382,7,Disbursement,Operations,2026-06-12,2026-06-14,2,Completed
S0008273,A001383,1,Application Received,SME Sales,2024-03-22,2024-03-23,1,Completed
S0008274,A001383,2,Initial Screening,SME Sales,2024-03-23,2024-03-25,2,Completed
S0008275,A001383,3,Credit Assessment,Credit,2024-03-25,2024-03-31,6,Completed
S0008276,A001383,4,Risk Review,Risk,2024-03-31,2024-04-01,1,Completed
S0008277,A001383,5,Approval Committee,Credit,2024-04-01,2024-04-03,2,Completed
S0008278,A001383,6,Documentation,Operations,2024-04-03,2024-04-06,3,Completed
S0008279,A001383,7,Disbursement,Operations,2024-04-06,2024-04-08,2,Completed
S0008280,A001384,1,Application Received,SME Sales,2025-09-22,2025-09-22,0,Completed
S0008281,A001384,2,Initial Screening,SME Sales,2025-09-22,2025-09-24,2,Completed
S0008282,A001384,3,Credit Assessment,Credit,2025-09-24,2025-09-30,6,Completed
S0008283,A001384,4,Risk Review,Risk,2025-09-30,2025-10-02,2,Completed
S0008284,A001384,5,Approval Committee,Credit,2025-10-02,2025-10-05,3,Completed
S0008285,A001384,6,Documentation,Operations,2025-10-05,2025-10-10,5,Completed
S0008286,A001384,7,Disbursement,Operations,2025-10-10,2025-10-11,1,Completed
S0008287,A001385,1,Application Received,SME Sales,2025-01-15,2025-01-16,1,Completed
S0008288,A001385,2,Initial Screening,SME Sales,2025-01-16,2025-01-19,3,Completed
S0008289,A001385,3,Credit Assessment,Credit,2025-01-19,2025-01-26,7,Completed
S0008290,A001385,4,Risk Review,Risk,2025-01-26,2025-01-30,4,Completed
S0008291,A001385,5,Approval Committee,Credit,2025-01-30,2025-02-02,3,Completed
S0008292,A001385,6,Documentation,Operations,2025-02-02,2025-02-05,3,Completed
S0008293,A001385,7,Disbursement,Operations,2025-02-05,2025-02-06,1,Completed
S0008294,A001386,1,Application Received,SME Sales,2026-08-21,2026-08-22,1,Completed
S0008295,A001386,2,Initial Screening,SME Sales,2026-08-22,2026-08-23,1,Completed
S0008296,A001386,3,Credit Assessment,Credit,2026-08-23,2026-08-28,5,Completed
S0008297,A001386,4,Risk Review,Risk,2026-08-28,2026-08-30,2,Completed
S0008298,A001386,5,Approval Committee,Credit,2026-08-30,2026-09-02,3,Completed
S0008299,A001386,6,Documentation,Operations,2026-09-02,2026-09-06,4,Completed
S0008300,A001386,7,Disbursement,Operations,2026-09-06,2026-09-08,2,Completed
S0008301,A001387,1,Application Received,SME Sales,2024-10-17,2024-10-17,0,Completed
S0008302,A001387,2,Initial Screening,SME Sales,2024-10-17,2024-10-19,2,Completed
S0008303,A001387,3,Credit Assessment,Credit,2024-10-19,2024-10-21,2,Completed
S0008304,A001387,4,Risk Review,Risk,2024-10-21,2024-10-22,1,Completed
S0008305,A001387,5,Approval Committee,Credit,2024-10-22,2024-10-24,2,Completed
S0008306,A001388,1,Application Received,SME Sales,2025-12-17,2025-12-18,1,Completed
S0008307,A001388,2,Initial Screening,SME Sales,2025-12-18,2025-12-21,3,Completed
S0008308,A001388,3,Credit Assessment,Credit,2025-12-21,2025-12-24,3,Completed
S0008309,A001388,4,Risk Review,Risk,2025-12-24,2025-12-26,2,Completed
S0008310,A001388,5,Approval Committee,Credit,2025-12-26,2025-12-28,2,Completed
S0008311,A001388,6,Documentation,Operations,2025-12-28,2025-12-31,3,Completed
S0008312,A001388,7,Disbursement,Operations,2025-12-31,2026-01-01,1,Completed
S0008313,A001389,1,Application Received,SME Sales,2026-02-22,2026-02-22,0,Completed
S0008314,A001389,2,Initial Screening,SME Sales,2026-02-22,2026-02-24,2,Completed
S0008315,A001389,3,Credit Assessment,Credit,2026-02-24,2026-03-01,5,Completed
S0008316,A001389,4,Risk Review,Risk,2026-03-01,2026-03-04,3,Completed
S0008317,A001389,5,Approval Committee,Credit,2026-03-04,2026-03-05,1,Completed
S0008318,A001389,6,Documentation,Operations,2026-03-05,2026-03-07,2,Completed
S0008319,A001389,7,Disbursement,Operations,2026-03-07,2026-03-08,1,Completed
S0008320,A001390,1,Application Received,SME Sales,2025-06-23,2025-06-24,1,Completed
S0008321,A001390,2,Initial Screening,SME Sales,2025-06-24,2025-06-25,1,Completed
S0008322,A001390,3,Credit Assessment,Credit,2025-06-25,2025-06-28,3,Completed
S0008323,A001390,4,Risk Review,Risk,2025-06-28,2025-07-02,4,Completed
S0008324,A001390,5,Approval Committee,Credit,2025-07-02,2025-07-05,3,Completed
S0008325,A001390,6,Documentation,Operations,2025-07-05,2025-07-07,2,Completed
S0008326,A001390,7,Disbursement,Operations,2025-07-07,2025-07-08,1,Completed
S0008327,A001391,1,Application Received,SME Sales,2025-10-31,2025-10-31,0,Completed
S0008328,A001391,2,Initial Screening,SME Sales,2025-10-31,2025-11-02,2,Completed
S0008329,A001391,3,Credit Assessment,Credit,2025-11-02,2025-11-07,5,Completed
S0008330,A001391,4,Risk Review,Risk,2025-11-07,2025-11-11,4,Completed
S0008331,A001392,1,Application Received,SME Sales,2025-11-14,2025-11-15,1,Completed
S0008332,A001392,2,Initial Screening,SME Sales,2025-11-15,2025-11-17,2,Completed
S0008333,A001392,3,Credit Assessment,Credit,2025-11-17,2025-11-23,6,Completed
S0008334,A001392,4,Risk Review,Risk,2025-11-23,2025-11-27,4,Completed
S0008335,A001392,5,Approval Committee,Credit,2025-11-27,2025-11-28,1,Completed
S0008336,A001392,6,Documentation,Operations,2025-11-28,2025-12-03,5,Completed
S0008337,A001392,7,Disbursement,Operations,2025-12-03,2025-12-04,1,Completed
S0008338,A001393,1,Application Received,SME Sales,2025-07-27,2025-07-28,1,Completed
S0008339,A001393,2,Initial Screening,SME Sales,2025-07-28,2025-07-31,3,Completed
S0008340,A001393,3,Credit Assessment,Credit,2025-07-31,2025-08-06,6,Completed
S0008341,A001394,1,Application Received,SME Sales,2025-02-27,2025-02-28,1,Completed
S0008342,A001394,2,Initial Screening,SME Sales,2025-02-28,2025-03-01,1,Completed
S0008343,A001394,3,Credit Assessment,Credit,2025-03-01,2025-03-07,6,Completed
S0008344,A001394,4,Risk Review,Risk,2025-03-07,2025-03-08,1,Completed
S0008345,A001394,5,Approval Committee,Credit,2025-03-08,2025-03-11,3,Completed
S0008346,A001394,6,Documentation,Operations,2025-03-11,2025-03-15,4,Completed
S0008347,A001394,7,Disbursement,Operations,2025-03-15,2025-03-16,1,Completed
S0008348,A001395,1,Application Received,SME Sales,2025-04-05,2025-04-05,0,Completed
S0008349,A001395,2,Initial Screening,SME Sales,2025-04-05,2025-04-08,3,Completed
S0008350,A001395,3,Credit Assessment,Credit,2025-04-08,2025-04-14,6,Completed
S0008351,A001395,4,Risk Review,Risk,2025-04-14,2025-04-15,1,Completed
S0008352,A001395,5,Approval Committee,Credit,2025-04-15,2025-04-16,1,Completed
S0008353,A001395,6,Documentation,Operations,2025-04-16,2025-04-19,3,Completed
S0008354,A001395,7,Disbursement,Operations,2025-04-19,2025-04-20,1,Completed
S0008355,A001396,1,Application Received,SME Sales,2025-10-14,2025-10-15,1,Completed
S0008356,A001396,2,Initial Screening,SME Sales,2025-10-15,2025-10-17,2,Completed
S0008357,A001396,3,Credit Assessment,Credit,2025-10-17,2025-10-22,5,Completed
S0008358,A001396,4,Risk Review,Risk,2025-10-22,2025-10-25,3,Completed
S0008359,A001396,5,Approval Committee,Credit,2025-10-25,2025-10-26,1,Completed
S0008360,A001397,1,Application Received,SME Sales,2024-12-29,2024-12-30,1,Completed
S0008361,A001397,2,Initial Screening,SME Sales,2024-12-30,2025-01-01,2,Completed
S0008362,A001397,3,Credit Assessment,Credit,2025-01-01,2025-01-05,4,Completed
S0008363,A001397,4,Risk Review,Risk,2025-01-05,2025-01-08,3,Completed
S0008364,A001397,5,Approval Committee,Credit,2025-01-08,2025-01-10,2,Completed
S0008365,A001397,6,Documentation,Operations,2025-01-10,2025-01-12,2,Completed
S0008366,A001397,7,Disbursement,Operations,2025-01-12,2025-01-13,1,Completed
S0008367,A001398,1,Application Received,SME Sales,2024-03-25,2024-03-26,1,Completed
S0008368,A001398,2,Initial Screening,SME Sales,2024-03-26,2024-03-28,2,Completed
S0008369,A001398,3,Credit Assessment,Credit,2024-03-28,2024-03-31,3,Completed
S0008370,A001398,4,Risk Review,Risk,2024-03-31,2024-04-02,2,Completed
S0008371,A001398,5,Approval Committee,Credit,2024-04-02,2024-04-03,1,Completed
S0008372,A001398,6,Documentation,Operations,2024-04-03,2024-04-05,2,Completed
S0008373,A001398,7,Disbursement,Operations,2024-04-05,2024-04-06,1,Completed
S0008374,A001399,1,Application Received,SME Sales,2025-10-02,2025-10-03,1,Completed
S0008375,A001399,2,Initial Screening,SME Sales,2025-10-03,2025-10-05,2,Completed
S0008376,A001399,3,Credit Assessment,Credit,2025-10-05,2025-10-09,4,Completed
S0008377,A001399,4,Risk Review,Risk,2025-10-09,2025-10-12,3,Completed
S0008378,A001399,5,Approval Committee,Credit,2025-10-12,2025-10-13,1,Completed
S0008379,A001399,6,Documentation,Operations,2025-10-13,2025-10-18,5,Completed
S0008380,A001399,7,Disbursement,Operations,2025-10-18,2025-10-19,1,Completed
S0008381,A001400,1,Application Received,SME Sales,2024-05-11,2024-05-11,0,Completed
S0008382,A001400,2,Initial Screening,SME Sales,2024-05-11,2024-05-14,3,Completed
S0008383,A001400,3,Credit Assessment,Credit,2024-05-14,2024-05-18,4,Completed
S0008384,A001400,4,Risk Review,Risk,2024-05-18,2024-05-19,1,Completed
S0008385,A001400,5,Approval Committee,Credit,2024-05-19,2024-05-22,3,Completed
S0008386,A001400,6,Documentation,Operations,2024-05-22,2024-05-27,5,Completed
S0008387,A001400,7,Disbursement,Operations,2024-05-27,2024-05-28,1,Completed
S0008388,A001401,1,Application Received,SME Sales,2025-06-25,2025-06-26,1,Completed
S0008389,A001401,2,Initial Screening,SME Sales,2025-06-26,2025-06-29,3,Completed
S0008390,A001401,3,Credit Assessment,Credit,2025-06-29,2025-07-05,6,Completed
S0008391,A001401,4,Risk Review,Risk,2025-07-05,2025-07-07,2,Completed
S0008392,A001401,5,Approval Committee,Credit,2025-07-07,2025-07-10,3,Completed
S0008393,A001401,6,Documentation,Operations,2025-07-10,2025-07-14,4,Completed
S0008394,A001401,7,Disbursement,Operations,2025-07-14,2025-07-16,2,Completed
S0008395,A001402,1,Application Received,SME Sales,2024-12-25,2024-12-25,0,Completed
S0008396,A001402,2,Initial Screening,SME Sales,2024-12-25,2024-12-26,1,Completed
S0008397,A001402,3,Credit Assessment,Credit,2024-12-26,2024-12-31,5,Completed
S0008398,A001402,4,Risk Review,Risk,2024-12-31,2025-01-02,2,Completed
S0008399,A001402,5,Approval Committee,Credit,2025-01-02,2025-01-05,3,Completed
S0008400,A001402,6,Documentation,Operations,2025-01-05,2025-01-08,3,Completed
S0008401,A001402,7,Disbursement,Operations,2025-01-08,2025-01-09,1,Completed
S0008402,A001403,1,Application Received,SME Sales,2026-01-29,2026-01-29,0,Completed
S0008403,A001403,2,Initial Screening,SME Sales,2026-01-29,2026-01-31,2,Completed
S0008404,A001403,3,Credit Assessment,Credit,2026-01-31,2026-02-03,3,Completed
S0008405,A001403,4,Risk Review,Risk,2026-02-03,2026-02-07,4,Completed
S0008406,A001403,5,Approval Committee,Credit,2026-02-07,2026-02-08,1,Completed
S0008407,A001403,6,Documentation,Operations,2026-02-08,2026-02-12,4,Completed
S0008408,A001403,7,Disbursement,Operations,2026-02-12,2026-02-13,1,Completed
S0008409,A001404,1,Application Received,SME Sales,2024-04-22,2024-04-23,1,Completed
S0008410,A001404,2,Initial Screening,SME Sales,2024-04-23,2024-04-26,3,Completed
S0008411,A001404,3,Credit Assessment,Credit,2024-04-26,2024-04-30,4,Completed
S0008412,A001404,4,Risk Review,Risk,2024-04-30,2024-05-04,4,Completed
S0008413,A001404,5,Approval Committee,Credit,2024-05-04,2024-05-05,1,Completed
S0008414,A001404,6,Documentation,Operations,2024-05-05,2024-05-07,2,Completed
S0008415,A001404,7,Disbursement,Operations,2024-05-07,2024-05-08,1,Completed
S0008416,A001405,1,Application Received,SME Sales,2024-02-14,2024-02-15,1,Completed
S0008417,A001405,2,Initial Screening,SME Sales,2024-02-15,2024-02-18,3,Completed
S0008418,A001405,3,Credit Assessment,Credit,2024-02-18,2024-02-21,3,Completed
S0008419,A001405,4,Risk Review,Risk,2024-02-21,2024-02-22,1,Completed
S0008420,A001405,5,Approval Committee,Credit,2024-02-22,2024-02-24,2,Completed
S0008421,A001405,6,Documentation,Operations,2024-02-24,2024-02-29,5,Completed
S0008422,A001405,7,Disbursement,Operations,2024-02-29,2024-03-02,2,Completed
S0008423,A001406,1,Application Received,SME Sales,2026-07-04,2026-07-04,0,Completed
S0008424,A001406,2,Initial Screening,SME Sales,2026-07-04,2026-07-06,2,Completed
S0008425,A001406,3,Credit Assessment,Credit,2026-07-06,2026-07-08,2,Completed
S0008426,A001406,4,Risk Review,Risk,2026-07-08,2026-07-12,4,Completed
S0008427,A001406,5,Approval Committee,Credit,2026-07-12,2026-07-15,3,Completed
S0008428,A001407,1,Application Received,SME Sales,2024-02-12,2024-02-13,1,Completed
S0008429,A001407,2,Initial Screening,SME Sales,2024-02-13,2024-02-14,1,Completed
S0008430,A001407,3,Credit Assessment,Credit,2024-02-14,2024-02-17,3,Completed
S0008431,A001407,4,Risk Review,Risk,2024-02-17,2024-02-19,2,Completed
S0008432,A001407,5,Approval Committee,Credit,2024-02-19,2024-02-21,2,Completed
S0008433,A001407,6,Documentation,Operations,2024-02-21,2024-02-24,3,Completed
S0008434,A001407,7,Disbursement,Operations,2024-02-24,2024-02-25,1,Completed
S0008435,A001408,1,Application Received,SME Sales,2025-01-08,2025-01-09,1,Completed
S0008436,A001408,2,Initial Screening,SME Sales,2025-01-09,2025-01-10,1,Completed
S0008437,A001408,3,Credit Assessment,Credit,2025-01-10,2025-01-16,6,Completed
S0008438,A001408,4,Risk Review,Risk,2025-01-16,2025-01-17,1,Completed
S0008439,A001408,5,Approval Committee,Credit,2025-01-17,2025-01-18,1,Completed
S0008440,A001408,6,Documentation,Operations,2025-01-18,2025-01-20,2,Completed
S0008441,A001408,7,Disbursement,Operations,2025-01-20,2025-01-22,2,Completed
S0008442,A001409,1,Application Received,SME Sales,2025-03-04,2025-03-04,0,Completed
S0008443,A001409,2,Initial Screening,SME Sales,2025-03-04,2025-03-06,2,Completed
S0008444,A001409,3,Credit Assessment,Credit,2025-03-06,2025-03-15,9,Completed
S0008445,A001409,4,Risk Review,Risk,2025-03-15,2025-03-17,2,Completed
S0008446,A001409,5,Approval Committee,Credit,2025-03-17,2025-03-18,1,Completed
S0008447,A001409,6,Documentation,Operations,2025-03-18,2025-03-23,5,Completed
S0008448,A001409,7,Disbursement,Operations,2025-03-23,2025-03-24,1,Completed
S0008449,A001410,1,Application Received,SME Sales,2026-03-13,2026-03-14,1,Completed
S0008450,A001410,2,Initial Screening,SME Sales,2026-03-14,2026-03-17,3,Completed
S0008451,A001410,3,Credit Assessment,Credit,2026-03-17,2026-03-19,2,Completed
S0008452,A001411,1,Application Received,SME Sales,2024-02-03,2024-02-04,1,Completed
S0008453,A001411,2,Initial Screening,SME Sales,2024-02-04,2024-02-07,3,Completed
S0008454,A001411,3,Credit Assessment,Credit,2024-02-07,2024-02-13,6,Completed
S0008455,A001411,4,Risk Review,Risk,2024-02-13,2024-02-16,3,Completed
S0008456,A001411,5,Approval Committee,Credit,2024-02-16,2024-02-18,2,Completed
S0008457,A001411,6,Documentation,Operations,2024-02-18,2024-02-22,4,Completed
S0008458,A001411,7,Disbursement,Operations,2024-02-22,2024-02-23,1,Completed
S0008459,A001412,1,Application Received,SME Sales,2024-07-17,2024-07-18,1,Completed
S0008460,A001412,2,Initial Screening,SME Sales,2024-07-18,2024-07-19,1,Completed
S0008461,A001412,3,Credit Assessment,Credit,2024-07-19,2024-07-21,2,Completed
S0008462,A001412,4,Risk Review,Risk,2024-07-21,2024-07-23,2,Completed
S0008463,A001412,5,Approval Committee,Credit,2024-07-23,2024-07-24,1,Completed
S0008464,A001412,6,Documentation,Operations,2024-07-24,2024-07-29,5,Completed
S0008465,A001412,7,Disbursement,Operations,2024-07-29,2024-07-31,2,Completed
S0008466,A001413,1,Application Received,SME Sales,2025-04-18,2025-04-19,1,Completed
S0008467,A001413,2,Initial Screening,SME Sales,2025-04-19,2025-04-21,2,Completed
S0008468,A001413,3,Credit Assessment,Credit,2025-04-21,2025-04-27,6,Completed
S0008469,A001413,4,Risk Review,Risk,2025-04-27,2025-04-29,2,Completed
S0008470,A001413,5,Approval Committee,Credit,2025-04-29,2025-04-30,1,Completed
S0008471,A001413,6,Documentation,Operations,2025-04-30,2025-05-02,2,Completed
S0008472,A001413,7,Disbursement,Operations,2025-05-02,2025-05-03,1,Completed
S0008473,A001414,1,Application Received,SME Sales,2025-10-04,2025-10-04,0,Completed
S0008474,A001414,2,Initial Screening,SME Sales,2025-10-04,2025-10-07,3,Completed
S0008475,A001414,3,Credit Assessment,Credit,2025-10-07,2025-10-11,4,Completed
S0008476,A001414,4,Risk Review,Risk,2025-10-11,2025-10-13,2,Completed
S0008477,A001415,1,Application Received,SME Sales,2026-01-27,2026-01-28,1,Completed
S0008478,A001415,2,Initial Screening,SME Sales,2026-01-28,2026-01-31,3,Completed
S0008479,A001415,3,Credit Assessment,Credit,2026-01-31,2026-02-05,5,Completed
S0008480,A001416,1,Application Received,SME Sales,2025-10-28,2025-10-29,1,Completed
S0008481,A001416,2,Initial Screening,SME Sales,2025-10-29,2025-10-31,2,Completed
S0008482,A001416,3,Credit Assessment,Credit,2025-10-31,2025-11-06,6,Completed
S0008483,A001416,4,Risk Review,Risk,2025-11-06,2025-11-09,3,Completed
S0008484,A001416,5,Approval Committee,Credit,2025-11-09,2025-11-10,1,Completed
S0008485,A001416,6,Documentation,Operations,2025-11-10,2025-11-12,2,Completed
S0008486,A001416,7,Disbursement,Operations,2025-11-12,2025-11-13,1,Completed
S0008487,A001417,1,Application Received,SME Sales,2026-06-09,2026-06-09,0,Completed
S0008488,A001417,2,Initial Screening,SME Sales,2026-06-09,2026-06-10,1,Completed
S0008489,A001417,3,Credit Assessment,Credit,2026-06-10,2026-06-16,6,Completed
S0008490,A001417,4,Risk Review,Risk,2026-06-16,2026-06-20,4,Completed
S0008491,A001417,5,Approval Committee,Credit,2026-06-20,2026-06-22,2,Completed
S0008492,A001418,1,Application Received,SME Sales,2026-06-09,2026-06-09,0,Completed
S0008493,A001418,2,Initial Screening,SME Sales,2026-06-09,2026-06-12,3,Completed
S0008494,A001418,3,Credit Assessment,Credit,2026-06-12,2026-06-14,2,Completed
S0008495,A001418,4,Risk Review,Risk,2026-06-14,2026-06-16,2,Completed
S0008496,A001419,1,Application Received,SME Sales,2026-04-30,2026-04-30,0,Completed
S0008497,A001419,2,Initial Screening,SME Sales,2026-04-30,2026-05-01,1,Completed
S0008498,A001420,1,Application Received,SME Sales,2024-01-04,2024-01-05,1,Completed
S0008499,A001420,2,Initial Screening,SME Sales,2024-01-05,2024-01-08,3,Completed
S0008500,A001420,3,Credit Assessment,Credit,2024-01-08,2024-01-13,5,Completed
S0008501,A001420,4,Risk Review,Risk,2024-01-13,2024-01-16,3,Completed
S0008502,A001420,5,Approval Committee,Credit,2024-01-16,2024-01-18,2,Completed
S0008503,A001421,1,Application Received,SME Sales,2025-06-24,2025-06-24,0,Completed
S0008504,A001421,2,Initial Screening,SME Sales,2025-06-24,2025-06-25,1,Completed
S0008505,A001421,3,Credit Assessment,Credit,2025-06-25,2025-06-27,2,Completed
S0008506,A001421,4,Risk Review,Risk,2025-06-27,2025-06-29,2,Completed
S0008507,A001421,5,Approval Committee,Credit,2025-06-29,2025-07-02,3,Completed
S0008508,A001421,6,Documentation,Operations,2025-07-02,2025-07-05,3,Completed
S0008509,A001421,7,Disbursement,Operations,2025-07-05,2025-07-06,1,Completed
S0008510,A001422,1,Application Received,SME Sales,2025-06-02,2025-06-02,0,Completed
S0008511,A001422,2,Initial Screening,SME Sales,2025-06-02,2025-06-03,1,Completed
S0008512,A001422,3,Credit Assessment,Credit,2025-06-03,2025-06-08,5,Completed
S0008513,A001422,4,Risk Review,Risk,2025-06-08,2025-06-09,1,Completed
S0008514,A001422,5,Approval Committee,Credit,2025-06-09,2025-06-11,2,Completed
S0008515,A001422,6,Documentation,Operations,2025-06-11,2025-06-13,2,Completed
S0008516,A001422,7,Disbursement,Operations,2025-06-13,2025-06-15,2,Completed
S0008517,A001423,1,Application Received,SME Sales,2025-01-05,2025-01-05,0,Completed
S0008518,A001423,2,Initial Screening,SME Sales,2025-01-05,2025-01-06,1,Completed
S0008519,A001423,3,Credit Assessment,Credit,2025-01-06,2025-01-11,5,Completed
S0008520,A001424,1,Application Received,SME Sales,2026-01-16,2026-01-17,1,Completed
S0008521,A001424,2,Initial Screening,SME Sales,2026-01-17,2026-01-20,3,Completed
S0008522,A001424,3,Credit Assessment,Credit,2026-01-20,2026-01-26,6,Completed
S0008523,A001424,4,Risk Review,Risk,2026-01-26,2026-01-27,1,Completed
S0008524,A001424,5,Approval Committee,Credit,2026-01-27,2026-01-28,1,Completed
S0008525,A001424,6,Documentation,Operations,2026-01-28,2026-02-01,4,Completed
S0008526,A001424,7,Disbursement,Operations,2026-02-01,2026-02-02,1,Completed
S0008527,A001425,1,Application Received,SME Sales,2026-01-09,2026-01-09,0,Completed
S0008528,A001425,2,Initial Screening,SME Sales,2026-01-09,2026-01-11,2,Completed
S0008529,A001425,3,Credit Assessment,Credit,2026-01-11,2026-01-14,3,Completed
S0008530,A001425,4,Risk Review,Risk,2026-01-14,2026-01-15,1,Completed
S0008531,A001425,5,Approval Committee,Credit,2026-01-15,2026-01-17,2,Completed
S0008532,A001425,6,Documentation,Operations,2026-01-17,2026-01-19,2,Completed
S0008533,A001425,7,Disbursement,Operations,2026-01-19,2026-01-21,2,Completed
S0008534,A001426,1,Application Received,SME Sales,2025-01-17,2025-01-18,1,Completed
S0008535,A001426,2,Initial Screening,SME Sales,2025-01-18,2025-01-19,1,Completed
S0008536,A001426,3,Credit Assessment,Credit,2025-01-19,2025-01-24,5,Completed
S0008537,A001426,4,Risk Review,Risk,2025-01-24,2025-01-26,2,Completed
S0008538,A001426,5,Approval Committee,Credit,2025-01-26,2025-01-28,2,Completed
S0008539,A001426,6,Documentation,Operations,2025-01-28,2025-01-30,2,Completed
S0008540,A001426,7,Disbursement,Operations,2025-01-30,2025-01-31,1,Completed
S0008541,A001427,1,Application Received,SME Sales,2024-05-28,2024-05-29,1,Completed
S0008542,A001427,2,Initial Screening,SME Sales,2024-05-29,2024-05-30,1,Completed
S0008543,A001427,3,Credit Assessment,Credit,2024-05-30,2024-06-02,3,Completed
S0008544,A001428,1,Application Received,SME Sales,2026-09-12,2026-09-12,0,Completed
S0008545,A001428,2,Initial Screening,SME Sales,2026-09-12,2026-09-13,1,Completed
S0008546,A001428,3,Credit Assessment,Credit,2026-09-13,2026-09-18,5,Completed
S0008547,A001428,4,Risk Review,Risk,2026-09-18,2026-09-20,2,Completed
S0008548,A001428,5,Approval Committee,Credit,2026-09-20,2026-09-22,2,Completed
S0008549,A001428,6,Documentation,Operations,2026-09-22,2026-09-24,2,Completed
S0008550,A001428,7,Disbursement,Operations,2026-09-24,2026-09-25,1,Completed
S0008551,A001429,1,Application Received,SME Sales,2024-08-29,2024-08-30,1,Completed
S0008552,A001429,2,Initial Screening,SME Sales,2024-08-30,2024-09-02,3,Completed
S0008553,A001429,3,Credit Assessment,Credit,2024-09-02,2024-09-05,3,Completed
S0008554,A001429,4,Risk Review,Risk,2024-09-05,2024-09-07,2,Completed
S0008555,A001429,5,Approval Committee,Credit,2024-09-07,2024-09-08,1,Completed
S0008556,A001429,6,Documentation,Operations,2024-09-08,2024-09-10,2,Completed
S0008557,A001429,7,Disbursement,Operations,2024-09-10,2024-09-11,1,Completed
S0008558,A001430,1,Application Received,SME Sales,2026-05-25,2026-05-25,0,Completed
S0008559,A001430,2,Initial Screening,SME Sales,2026-05-25,2026-05-28,3,Completed
S0008560,A001430,3,Credit Assessment,Credit,2026-05-28,2026-06-02,5,Completed
S0008561,A001430,4,Risk Review,Risk,2026-06-02,2026-06-03,1,Completed
S0008562,A001430,5,Approval Committee,Credit,2026-06-03,2026-06-04,1,Completed
S0008563,A001430,6,Documentation,Operations,2026-06-04,2026-06-06,2,Completed
S0008564,A001430,7,Disbursement,Operations,2026-06-06,2026-06-07,1,Completed
S0008565,A001431,1,Application Received,SME Sales,2026-08-13,2026-08-14,1,Completed
S0008566,A001431,2,Initial Screening,SME Sales,2026-08-14,2026-08-15,1,Completed
S0008567,A001431,3,Credit Assessment,Credit,2026-08-15,2026-08-17,2,Completed
S0008568,A001431,4,Risk Review,Risk,2026-08-17,2026-08-20,3,Completed
S0008569,A001431,5,Approval Committee,Credit,2026-08-20,2026-08-22,2,Completed
S0008570,A001431,6,Documentation,Operations,2026-08-22,2026-08-27,5,Completed
S0008571,A001431,7,Disbursement,Operations,2026-08-27,2026-08-28,1,Completed
S0008572,A001432,1,Application Received,SME Sales,2026-03-10,2026-03-10,0,Completed
S0008573,A001432,2,Initial Screening,SME Sales,2026-03-10,2026-03-12,2,Completed
S0008574,A001432,3,Credit Assessment,Credit,2026-03-12,2026-03-14,2,Completed
S0008575,A001432,4,Risk Review,Risk,2026-03-14,2026-03-18,4,Completed
S0008576,A001432,5,Approval Committee,Credit,2026-03-18,2026-03-20,2,Completed
S0008577,A001432,6,Documentation,Operations,2026-03-20,2026-03-23,3,Completed
S0008578,A001432,7,Disbursement,Operations,2026-03-23,2026-03-25,2,Completed
S0008579,A001433,1,Application Received,SME Sales,2025-05-21,2025-05-21,0,Completed
S0008580,A001433,2,Initial Screening,SME Sales,2025-05-21,2025-05-22,1,Completed
S0008581,A001433,3,Credit Assessment,Credit,2025-05-22,2025-05-26,4,Completed
S0008582,A001433,4,Risk Review,Risk,2025-05-26,2025-05-29,3,Completed
S0008583,A001433,5,Approval Committee,Credit,2025-05-29,2025-05-30,1,Completed
S0008584,A001433,6,Documentation,Operations,2025-05-30,2025-06-01,2,Completed
S0008585,A001433,7,Disbursement,Operations,2025-06-01,2025-06-03,2,Completed
S0008586,A001434,1,Application Received,SME Sales,2024-07-09,2024-07-09,0,Completed
S0008587,A001434,2,Initial Screening,SME Sales,2024-07-09,2024-07-12,3,Completed
S0008588,A001434,3,Credit Assessment,Credit,2024-07-12,2024-07-16,4,Completed
S0008589,A001434,4,Risk Review,Risk,2024-07-16,2024-07-18,2,Completed
S0008590,A001434,5,Approval Committee,Credit,2024-07-18,2024-07-19,1,Completed
S0008591,A001434,6,Documentation,Operations,2024-07-19,2024-07-22,3,Completed
S0008592,A001434,7,Disbursement,Operations,2024-07-22,2024-07-24,2,Completed
S0008593,A001435,1,Application Received,SME Sales,2024-10-05,2024-10-05,0,Completed
S0008594,A001435,2,Initial Screening,SME Sales,2024-10-05,2024-10-07,2,Completed
S0008595,A001436,1,Application Received,SME Sales,2024-07-16,2024-07-16,0,Completed
S0008596,A001436,2,Initial Screening,SME Sales,2024-07-16,2024-07-18,2,Completed
S0008597,A001436,3,Credit Assessment,Credit,2024-07-18,2024-07-21,3,Completed
S0008598,A001436,4,Risk Review,Risk,2024-07-21,2024-07-24,3,Completed
S0008599,A001436,5,Approval Committee,Credit,2024-07-24,2024-07-25,1,Completed
S0008600,A001437,1,Application Received,SME Sales,2024-06-08,2024-06-09,1,Completed
S0008601,A001437,2,Initial Screening,SME Sales,2024-06-09,2024-06-12,3,Completed
S0008602,A001437,3,Credit Assessment,Credit,2024-06-12,2024-06-16,4,Completed
S0008603,A001438,1,Application Received,SME Sales,2024-02-08,2024-02-08,0,Completed
S0008604,A001438,2,Initial Screening,SME Sales,2024-02-08,2024-02-10,2,Completed
S0008605,A001438,3,Credit Assessment,Credit,2024-02-10,2024-02-13,3,Completed
S0008606,A001438,4,Risk Review,Risk,2024-02-13,2024-02-14,1,Completed
S0008607,A001439,1,Application Received,SME Sales,2024-12-08,2024-12-09,1,Completed
S0008608,A001439,2,Initial Screening,SME Sales,2024-12-09,2024-12-12,3,Completed
S0008609,A001439,3,Credit Assessment,Credit,2024-12-12,2024-12-14,2,Completed
S0008610,A001439,4,Risk Review,Risk,2024-12-14,2024-12-17,3,Completed
S0008611,A001439,5,Approval Committee,Credit,2024-12-17,2024-12-18,1,Completed
S0008612,A001439,6,Documentation,Operations,2024-12-18,2024-12-21,3,Completed
S0008613,A001439,7,Disbursement,Operations,2024-12-21,2024-12-22,1,Completed
S0008614,A001440,1,Application Received,SME Sales,2025-08-06,2025-08-06,0,Completed
S0008615,A001440,2,Initial Screening,SME Sales,2025-08-06,2025-08-07,1,Completed
S0008616,A001440,3,Credit Assessment,Credit,2025-08-07,2025-08-13,6,Completed
S0008617,A001440,4,Risk Review,Risk,2025-08-13,2025-08-17,4,Completed
S0008618,A001440,5,Approval Committee,Credit,2025-08-17,2025-08-19,2,Completed
S0008619,A001440,6,Documentation,Operations,2025-08-19,2025-08-22,3,Completed
S0008620,A001440,7,Disbursement,Operations,2025-08-22,2025-08-23,1,Completed
S0008621,A001441,1,Application Received,SME Sales,2024-09-22,2024-09-22,0,Completed
S0008622,A001441,2,Initial Screening,SME Sales,2024-09-22,2024-09-24,2,Completed
S0008623,A001441,3,Credit Assessment,Credit,2024-09-24,2024-09-26,2,Completed
S0008624,A001441,4,Risk Review,Risk,2024-09-26,2024-09-30,4,Completed
S0008625,A001441,5,Approval Committee,Credit,2024-09-30,2024-10-02,2,Completed
S0008626,A001441,6,Documentation,Operations,2024-10-02,2024-10-04,2,Completed
S0008627,A001441,7,Disbursement,Operations,2024-10-04,2024-10-05,1,Completed
S0008628,A001442,1,Application Received,SME Sales,2024-05-16,2024-05-17,1,Completed
S0008629,A001442,2,Initial Screening,SME Sales,2024-05-17,2024-05-20,3,Completed
S0008630,A001442,3,Credit Assessment,Credit,2024-05-20,2024-05-25,5,Completed
S0008631,A001442,4,Risk Review,Risk,2024-05-25,2024-05-29,4,Completed
S0008632,A001442,5,Approval Committee,Credit,2024-05-29,2024-05-31,2,Completed
S0008633,A001442,6,Documentation,Operations,2024-05-31,2024-06-03,3,Completed
S0008634,A001442,7,Disbursement,Operations,2024-06-03,2024-06-04,1,Completed
S0008635,A001443,1,Application Received,SME Sales,2025-11-11,2025-11-11,0,Completed
S0008636,A001443,2,Initial Screening,SME Sales,2025-11-11,2025-11-12,1,Completed
S0008637,A001443,3,Credit Assessment,Credit,2025-11-12,2025-11-17,5,Completed
S0008638,A001443,4,Risk Review,Risk,2025-11-17,2025-11-19,2,Completed
S0008639,A001443,5,Approval Committee,Credit,2025-11-19,2025-11-22,3,Completed
S0008640,A001444,1,Application Received,SME Sales,2025-09-03,2025-09-04,1,Completed
S0008641,A001444,2,Initial Screening,SME Sales,2025-09-04,2025-09-06,2,Completed
S0008642,A001444,3,Credit Assessment,Credit,2025-09-06,2025-09-10,4,Completed
S0008643,A001444,4,Risk Review,Risk,2025-09-10,2025-09-12,2,Completed
S0008644,A001444,5,Approval Committee,Credit,2025-09-12,2025-09-13,1,Completed
S0008645,A001444,6,Documentation,Operations,2025-09-13,2025-09-15,2,Completed
S0008646,A001444,7,Disbursement,Operations,2025-09-15,2025-09-17,2,Completed
S0008647,A001445,1,Application Received,SME Sales,2024-06-30,2024-06-30,0,Completed
S0008648,A001445,2,Initial Screening,SME Sales,2024-06-30,2024-07-03,3,Completed
S0008649,A001445,3,Credit Assessment,Credit,2024-07-03,2024-07-05,2,Completed
S0008650,A001445,4,Risk Review,Risk,2024-07-05,2024-07-06,1,Completed
S0008651,A001445,5,Approval Committee,Credit,2024-07-06,2024-07-09,3,Completed
S0008652,A001445,6,Documentation,Operations,2024-07-09,2024-07-13,4,Completed
S0008653,A001445,7,Disbursement,Operations,2024-07-13,2024-07-14,1,Completed
S0008654,A001446,1,Application Received,SME Sales,2024-10-18,2024-10-19,1,Completed
S0008655,A001446,2,Initial Screening,SME Sales,2024-10-19,2024-10-20,1,Completed
S0008656,A001446,3,Credit Assessment,Credit,2024-10-20,2024-10-25,5,Completed
S0008657,A001446,4,Risk Review,Risk,2024-10-25,2024-10-29,4,Completed
S0008658,A001446,5,Approval Committee,Credit,2024-10-29,2024-10-31,2,Completed
S0008659,A001446,6,Documentation,Operations,2024-10-31,2024-11-02,2,Completed
S0008660,A001446,7,Disbursement,Operations,2024-11-02,2024-11-03,1,Completed
S0008661,A001447,1,Application Received,SME Sales,2024-05-03,2024-05-04,1,Completed
S0008662,A001447,2,Initial Screening,SME Sales,2024-05-04,2024-05-06,2,Completed
S0008663,A001447,3,Credit Assessment,Credit,2024-05-06,2024-05-13,7,Completed
S0008664,A001447,4,Risk Review,Risk,2024-05-13,2024-05-14,1,Completed
S0008665,A001447,5,Approval Committee,Credit,2024-05-14,2024-05-16,2,Completed
S0008666,A001447,6,Documentation,Operations,2024-05-16,2024-05-21,5,Completed
S0008667,A001447,7,Disbursement,Operations,2024-05-21,2024-05-23,2,Completed
S0008668,A001448,1,Application Received,SME Sales,2025-10-01,2025-10-01,0,Completed
S0008669,A001448,2,Initial Screening,SME Sales,2025-10-01,2025-10-02,1,Completed
S0008670,A001448,3,Credit Assessment,Credit,2025-10-02,2025-10-08,6,Completed
S0008671,A001449,1,Application Received,SME Sales,2024-11-15,2024-11-16,1,Completed
S0008672,A001449,2,Initial Screening,SME Sales,2024-11-16,2024-11-18,2,Completed
S0008673,A001449,3,Credit Assessment,Credit,2024-11-18,2024-11-27,9,Completed
S0008674,A001449,4,Risk Review,Risk,2024-11-27,2024-11-30,3,Completed
S0008675,A001450,1,Application Received,SME Sales,2026-06-22,2026-06-23,1,Completed
S0008676,A001450,2,Initial Screening,SME Sales,2026-06-23,2026-06-26,3,Completed
S0008677,A001450,3,Credit Assessment,Credit,2026-06-26,2026-06-30,4,Completed
S0008678,A001450,4,Risk Review,Risk,2026-06-30,2026-07-02,2,Completed
S0008679,A001450,5,Approval Committee,Credit,2026-07-02,2026-07-03,1,Completed
S0008680,A001450,6,Documentation,Operations,2026-07-03,2026-07-05,2,Completed
S0008681,A001450,7,Disbursement,Operations,2026-07-05,2026-07-06,1,Completed
S0008682,A001451,1,Application Received,SME Sales,2026-01-13,2026-01-13,0,Completed
S0008683,A001451,2,Initial Screening,SME Sales,2026-01-13,2026-01-14,1,Completed
S0008684,A001451,3,Credit Assessment,Credit,2026-01-14,2026-01-17,3,Completed
S0008685,A001451,4,Risk Review,Risk,2026-01-17,2026-01-19,2,Completed
S0008686,A001451,5,Approval Committee,Credit,2026-01-19,2026-01-20,1,Completed
S0008687,A001451,6,Documentation,Operations,2026-01-20,2026-01-22,2,Completed
S0008688,A001451,7,Disbursement,Operations,2026-01-22,2026-01-24,2,Completed
S0008689,A001452,1,Application Received,SME Sales,2025-07-03,2025-07-04,1,Completed
S0008690,A001452,2,Initial Screening,SME Sales,2025-07-04,2025-07-05,1,Completed
S0008691,A001452,3,Credit Assessment,Credit,2025-07-05,2025-07-11,6,Completed
S0008692,A001452,4,Risk Review,Risk,2025-07-11,2025-07-12,1,Completed
S0008693,A001452,5,Approval Committee,Credit,2025-07-12,2025-07-14,2,Completed
S0008694,A001452,6,Documentation,Operations,2025-07-14,2025-07-16,2,Completed
S0008695,A001452,7,Disbursement,Operations,2025-07-16,2025-07-17,1,Completed
S0008696,A001453,1,Application Received,SME Sales,2026-07-20,2026-07-21,1,Completed
S0008697,A001453,2,Initial Screening,SME Sales,2026-07-21,2026-07-22,1,Completed
S0008698,A001453,3,Credit Assessment,Credit,2026-07-22,2026-07-27,5,Completed
S0008699,A001453,4,Risk Review,Risk,2026-07-27,2026-07-30,3,Completed
S0008700,A001454,1,Application Received,SME Sales,2024-10-26,2024-10-26,0,Completed
S0008701,A001454,2,Initial Screening,SME Sales,2024-10-26,2024-10-28,2,Completed
S0008702,A001455,1,Application Received,SME Sales,2024-05-28,2024-05-29,1,Completed
S0008703,A001455,2,Initial Screening,SME Sales,2024-05-29,2024-05-31,2,Completed
S0008704,A001455,3,Credit Assessment,Credit,2024-05-31,2024-06-04,4,Completed
S0008705,A001455,4,Risk Review,Risk,2024-06-04,2024-06-05,1,Completed
S0008706,A001455,5,Approval Committee,Credit,2024-06-05,2024-06-07,2,Completed
S0008707,A001455,6,Documentation,Operations,2024-06-07,2024-06-12,5,Completed
S0008708,A001455,7,Disbursement,Operations,2024-06-12,2024-06-13,1,Completed
S0008709,A001456,1,Application Received,SME Sales,2025-05-12,2025-05-13,1,Completed
S0008710,A001456,2,Initial Screening,SME Sales,2025-05-13,2025-05-16,3,Completed
S0008711,A001456,3,Credit Assessment,Credit,2025-05-16,2025-05-19,3,Completed
S0008712,A001456,4,Risk Review,Risk,2025-05-19,2025-05-21,2,Completed
S0008713,A001456,5,Approval Committee,Credit,2025-05-21,2025-05-24,3,Completed
S0008714,A001456,6,Documentation,Operations,2025-05-24,2025-05-28,4,Completed
S0008715,A001456,7,Disbursement,Operations,2025-05-28,2025-05-29,1,Completed
S0008716,A001457,1,Application Received,SME Sales,2025-10-25,2025-10-26,1,Completed
S0008717,A001457,2,Initial Screening,SME Sales,2025-10-26,2025-10-28,2,Completed
S0008718,A001457,3,Credit Assessment,Credit,2025-10-28,2025-11-02,5,Completed
S0008719,A001457,4,Risk Review,Risk,2025-11-02,2025-11-06,4,Completed
S0008720,A001457,5,Approval Committee,Credit,2025-11-06,2025-11-07,1,Completed
S0008721,A001458,1,Application Received,SME Sales,2026-07-25,2026-07-25,0,Completed
S0008722,A001458,2,Initial Screening,SME Sales,2026-07-25,2026-07-26,1,Completed
S0008723,A001458,3,Credit Assessment,Credit,2026-07-26,2026-07-30,4,Completed
S0008724,A001459,1,Application Received,SME Sales,2024-11-15,2024-11-16,1,Completed
S0008725,A001459,2,Initial Screening,SME Sales,2024-11-16,2024-11-17,1,Completed
S0008726,A001459,3,Credit Assessment,Credit,2024-11-17,2024-11-19,2,Completed
S0008727,A001459,4,Risk Review,Risk,2024-11-19,2024-11-21,2,Completed
S0008728,A001459,5,Approval Committee,Credit,2024-11-21,2024-11-23,2,Completed
S0008729,A001459,6,Documentation,Operations,2024-11-23,2024-11-27,4,Completed
S0008730,A001459,7,Disbursement,Operations,2024-11-27,2024-11-28,1,Completed
S0008731,A001460,1,Application Received,SME Sales,2025-09-16,2025-09-17,1,Completed
S0008732,A001460,2,Initial Screening,SME Sales,2025-09-17,2025-09-19,2,Completed
S0008733,A001460,3,Credit Assessment,Credit,2025-09-19,2025-09-24,5,Completed
S0008734,A001460,4,Risk Review,Risk,2025-09-24,2025-09-27,3,Completed
S0008735,A001460,5,Approval Committee,Credit,2025-09-27,2025-09-28,1,Completed
S0008736,A001460,6,Documentation,Operations,2025-09-28,2025-10-02,4,Completed
S0008737,A001460,7,Disbursement,Operations,2025-10-02,2025-10-04,2,Completed
S0008738,A001461,1,Application Received,SME Sales,2025-01-02,2025-01-02,0,Completed
S0008739,A001461,2,Initial Screening,SME Sales,2025-01-02,2025-01-05,3,Completed
S0008740,A001461,3,Credit Assessment,Credit,2025-01-05,2025-01-10,5,Completed
S0008741,A001461,4,Risk Review,Risk,2025-01-10,2025-01-11,1,Completed
S0008742,A001461,5,Approval Committee,Credit,2025-01-11,2025-01-14,3,Completed
S0008743,A001461,6,Documentation,Operations,2025-01-14,2025-01-19,5,Completed
S0008744,A001461,7,Disbursement,Operations,2025-01-19,2025-01-21,2,Completed
S0008745,A001462,1,Application Received,SME Sales,2025-09-19,2025-09-20,1,Completed
S0008746,A001462,2,Initial Screening,SME Sales,2025-09-20,2025-09-21,1,Completed
S0008747,A001462,3,Credit Assessment,Credit,2025-09-21,2025-09-25,4,Completed
S0008748,A001462,4,Risk Review,Risk,2025-09-25,2025-09-28,3,Completed
S0008749,A001462,5,Approval Committee,Credit,2025-09-28,2025-10-01,3,Completed
S0008750,A001462,6,Documentation,Operations,2025-10-01,2025-10-05,4,Completed
S0008751,A001462,7,Disbursement,Operations,2025-10-05,2025-10-07,2,Completed
S0008752,A001463,1,Application Received,SME Sales,2024-08-23,2024-08-23,0,Completed
S0008753,A001463,2,Initial Screening,SME Sales,2024-08-23,2024-08-26,3,Completed
S0008754,A001463,3,Credit Assessment,Credit,2024-08-26,2024-08-29,3,Completed
S0008755,A001463,4,Risk Review,Risk,2024-08-29,2024-08-31,2,Completed
S0008756,A001463,5,Approval Committee,Credit,2024-08-31,2024-09-03,3,Completed
S0008757,A001463,6,Documentation,Operations,2024-09-03,2024-09-05,2,Completed
S0008758,A001463,7,Disbursement,Operations,2024-09-05,2024-09-07,2,Completed
S0008759,A001464,1,Application Received,SME Sales,2024-09-24,2024-09-25,1,Completed
S0008760,A001464,2,Initial Screening,SME Sales,2024-09-25,2024-09-27,2,Completed
S0008761,A001464,3,Credit Assessment,Credit,2024-09-27,2024-10-02,5,Completed
S0008762,A001464,4,Risk Review,Risk,2024-10-02,2024-10-04,2,Completed
S0008763,A001464,5,Approval Committee,Credit,2024-10-04,2024-10-06,2,Completed
S0008764,A001464,6,Documentation,Operations,2024-10-06,2024-10-11,5,Completed
S0008765,A001464,7,Disbursement,Operations,2024-10-11,2024-10-13,2,Completed
S0008766,A001465,1,Application Received,SME Sales,2025-07-12,2025-07-12,0,Completed
S0008767,A001465,2,Initial Screening,SME Sales,2025-07-12,2025-07-14,2,Completed
S0008768,A001465,3,Credit Assessment,Credit,2025-07-14,2025-07-17,3,Completed
S0008769,A001465,4,Risk Review,Risk,2025-07-17,2025-07-20,3,Completed
S0008770,A001465,5,Approval Committee,Credit,2025-07-20,2025-07-21,1,Completed
S0008771,A001465,6,Documentation,Operations,2025-07-21,2025-07-26,5,Completed
S0008772,A001465,7,Disbursement,Operations,2025-07-26,2025-07-27,1,Completed
S0008773,A001466,1,Application Received,SME Sales,2026-05-22,2026-05-22,0,Completed
S0008774,A001466,2,Initial Screening,SME Sales,2026-05-22,2026-05-25,3,Completed
S0008775,A001466,3,Credit Assessment,Credit,2026-05-25,2026-05-27,2,Completed
S0008776,A001466,4,Risk Review,Risk,2026-05-27,2026-05-29,2,Completed
S0008777,A001466,5,Approval Committee,Credit,2026-05-29,2026-05-31,2,Completed
S0008778,A001466,6,Documentation,Operations,2026-05-31,2026-06-04,4,Completed
S0008779,A001466,7,Disbursement,Operations,2026-06-04,2026-06-05,1,Completed
S0008780,A001467,1,Application Received,SME Sales,2026-05-11,2026-05-11,0,Completed
S0008781,A001467,2,Initial Screening,SME Sales,2026-05-11,2026-05-13,2,Completed
S0008782,A001467,3,Credit Assessment,Credit,2026-05-13,2026-05-21,8,Completed
S0008783,A001467,4,Risk Review,Risk,2026-05-21,2026-05-24,3,Completed
S0008784,A001467,5,Approval Committee,Credit,2026-05-24,2026-05-26,2,Completed
S0008785,A001468,1,Application Received,SME Sales,2024-01-27,2024-01-27,0,Completed
S0008786,A001468,2,Initial Screening,SME Sales,2024-01-27,2024-01-28,1,Completed
S0008787,A001468,3,Credit Assessment,Credit,2024-01-28,2024-02-02,5,Completed
S0008788,A001469,1,Application Received,SME Sales,2024-11-07,2024-11-07,0,Completed
S0008789,A001469,2,Initial Screening,SME Sales,2024-11-07,2024-11-09,2,Completed
S0008790,A001469,3,Credit Assessment,Credit,2024-11-09,2024-11-14,5,Completed
S0008791,A001469,4,Risk Review,Risk,2024-11-14,2024-11-18,4,Completed
S0008792,A001469,5,Approval Committee,Credit,2024-11-18,2024-11-19,1,Completed
S0008793,A001469,6,Documentation,Operations,2024-11-19,2024-11-24,5,Completed
S0008794,A001469,7,Disbursement,Operations,2024-11-24,2024-11-25,1,Completed
S0008795,A001470,1,Application Received,SME Sales,2024-03-06,2024-03-06,0,Completed
S0008796,A001470,2,Initial Screening,SME Sales,2024-03-06,2024-03-07,1,Completed
S0008797,A001470,3,Credit Assessment,Credit,2024-03-07,2024-03-11,4,Completed
S0008798,A001470,4,Risk Review,Risk,2024-03-11,2024-03-13,2,Completed
S0008799,A001470,5,Approval Committee,Credit,2024-03-13,2024-03-15,2,Completed
S0008800,A001470,6,Documentation,Operations,2024-03-15,2024-03-19,4,Completed
S0008801,A001470,7,Disbursement,Operations,2024-03-19,2024-03-20,1,Completed
S0008802,A001471,1,Application Received,SME Sales,2024-05-12,2024-05-12,0,Completed
S0008803,A001471,2,Initial Screening,SME Sales,2024-05-12,2024-05-14,2,Completed
S0008804,A001472,1,Application Received,SME Sales,2025-01-10,2025-01-10,0,Completed
S0008805,A001472,2,Initial Screening,SME Sales,2025-01-10,2025-01-12,2,Completed
S0008806,A001472,3,Credit Assessment,Credit,2025-01-12,2025-01-17,5,Completed
S0008807,A001472,4,Risk Review,Risk,2025-01-17,2025-01-19,2,Completed
S0008808,A001472,5,Approval Committee,Credit,2025-01-19,2025-01-20,1,Completed
S0008809,A001472,6,Documentation,Operations,2025-01-20,2025-01-22,2,Completed
S0008810,A001472,7,Disbursement,Operations,2025-01-22,2025-01-24,2,Completed
S0008811,A001473,1,Application Received,SME Sales,2024-03-28,2024-03-29,1,Completed
S0008812,A001473,2,Initial Screening,SME Sales,2024-03-29,2024-03-30,1,Completed
S0008813,A001473,3,Credit Assessment,Credit,2024-03-30,2024-04-04,5,Completed
S0008814,A001473,4,Risk Review,Risk,2024-04-04,2024-04-07,3,Completed
S0008815,A001473,5,Approval Committee,Credit,2024-04-07,2024-04-09,2,Completed
S0008816,A001473,6,Documentation,Operations,2024-04-09,2024-04-11,2,Completed
S0008817,A001473,7,Disbursement,Operations,2024-04-11,2024-04-12,1,Completed
S0008818,A001474,1,Application Received,SME Sales,2025-03-24,2025-03-24,0,Completed
S0008819,A001474,2,Initial Screening,SME Sales,2025-03-24,2025-03-26,2,Completed
S0008820,A001474,3,Credit Assessment,Credit,2025-03-26,2025-04-01,6,Completed
S0008821,A001474,4,Risk Review,Risk,2025-04-01,2025-04-02,1,Completed
S0008822,A001475,1,Application Received,SME Sales,2026-03-30,2026-03-31,1,Completed
S0008823,A001475,2,Initial Screening,SME Sales,2026-03-31,2026-04-03,3,Completed
S0008824,A001475,3,Credit Assessment,Credit,2026-04-03,2026-04-07,4,Completed
S0008825,A001475,4,Risk Review,Risk,2026-04-07,2026-04-09,2,Completed
S0008826,A001475,5,Approval Committee,Credit,2026-04-09,2026-04-12,3,Completed
S0008827,A001475,6,Documentation,Operations,2026-04-12,2026-04-14,2,Completed
S0008828,A001475,7,Disbursement,Operations,2026-04-14,2026-04-16,2,Completed
S0008829,A001476,1,Application Received,SME Sales,2024-08-16,2024-08-16,0,Completed
S0008830,A001476,2,Initial Screening,SME Sales,2024-08-16,2024-08-19,3,Completed
S0008831,A001476,3,Credit Assessment,Credit,2024-08-19,2024-08-22,3,Completed
S0008832,A001476,4,Risk Review,Risk,2024-08-22,2024-08-24,2,Completed
S0008833,A001476,5,Approval Committee,Credit,2024-08-24,2024-08-27,3,Completed
S0008834,A001476,6,Documentation,Operations,2024-08-27,2024-09-01,5,Completed
S0008835,A001476,7,Disbursement,Operations,2024-09-01,2024-09-02,1,Completed
S0008836,A001477,1,Application Received,SME Sales,2025-05-11,2025-05-11,0,Completed
S0008837,A001477,2,Initial Screening,SME Sales,2025-05-11,2025-05-14,3,Completed
S0008838,A001477,3,Credit Assessment,Credit,2025-05-14,2025-05-17,3,Completed
S0008839,A001477,4,Risk Review,Risk,2025-05-17,2025-05-21,4,Completed
S0008840,A001477,5,Approval Committee,Credit,2025-05-21,2025-05-24,3,Completed
S0008841,A001477,6,Documentation,Operations,2025-05-24,2025-05-28,4,Completed
S0008842,A001477,7,Disbursement,Operations,2025-05-28,2025-05-30,2,Completed
S0008843,A001478,1,Application Received,SME Sales,2025-09-07,2025-09-07,0,Completed
S0008844,A001478,2,Initial Screening,SME Sales,2025-09-07,2025-09-08,1,Completed
S0008845,A001478,3,Credit Assessment,Credit,2025-09-08,2025-09-10,2,Completed
S0008846,A001478,4,Risk Review,Risk,2025-09-10,2025-09-14,4,Completed
S0008847,A001478,5,Approval Committee,Credit,2025-09-14,2025-09-16,2,Completed
S0008848,A001478,6,Documentation,Operations,2025-09-16,2025-09-21,5,Completed
S0008849,A001478,7,Disbursement,Operations,2025-09-21,2025-09-23,2,Completed
S0008850,A001479,1,Application Received,SME Sales,2026-01-26,2026-01-27,1,Completed
S0008851,A001479,2,Initial Screening,SME Sales,2026-01-27,2026-01-29,2,Completed
S0008852,A001479,3,Credit Assessment,Credit,2026-01-29,2026-02-03,5,Completed
S0008853,A001479,4,Risk Review,Risk,2026-02-03,2026-02-06,3,Completed
S0008854,A001479,5,Approval Committee,Credit,2026-02-06,2026-02-08,2,Completed
S0008855,A001479,6,Documentation,Operations,2026-02-08,2026-02-12,4,Completed
S0008856,A001479,7,Disbursement,Operations,2026-02-12,2026-02-14,2,Completed
S0008857,A001480,1,Application Received,SME Sales,2024-09-30,2024-09-30,0,Completed
S0008858,A001480,2,Initial Screening,SME Sales,2024-09-30,2024-10-02,2,Completed
S0008859,A001480,3,Credit Assessment,Credit,2024-10-02,2024-10-04,2,Completed
S0008860,A001480,4,Risk Review,Risk,2024-10-04,2024-10-07,3,Completed
S0008861,A001480,5,Approval Committee,Credit,2024-10-07,2024-10-09,2,Completed
S0008862,A001480,6,Documentation,Operations,2024-10-09,2024-10-11,2,Completed
S0008863,A001480,7,Disbursement,Operations,2024-10-11,2024-10-12,1,Completed
S0008864,A001481,1,Application Received,SME Sales,2026-07-08,2026-07-09,1,Completed
S0008865,A001481,2,Initial Screening,SME Sales,2026-07-09,2026-07-10,1,Completed
S0008866,A001481,3,Credit Assessment,Credit,2026-07-10,2026-07-16,6,Completed
S0008867,A001481,4,Risk Review,Risk,2026-07-16,2026-07-18,2,Completed
S0008868,A001481,5,Approval Committee,Credit,2026-07-18,2026-07-20,2,Completed
S0008869,A001481,6,Documentation,Operations,2026-07-20,2026-07-25,5,Completed
S0008870,A001481,7,Disbursement,Operations,2026-07-25,2026-07-26,1,Completed
S0008871,A001482,1,Application Received,SME Sales,2024-03-10,2024-03-11,1,Completed
S0008872,A001482,2,Initial Screening,SME Sales,2024-03-11,2024-03-12,1,Completed
S0008873,A001482,3,Credit Assessment,Credit,2024-03-12,2024-03-14,2,Completed
S0008874,A001483,1,Application Received,SME Sales,2024-11-14,2024-11-14,0,Completed
S0008875,A001483,2,Initial Screening,SME Sales,2024-11-14,2024-11-17,3,Completed
S0008876,A001483,3,Credit Assessment,Credit,2024-11-17,2024-11-21,4,Completed
S0008877,A001483,4,Risk Review,Risk,2024-11-21,2024-11-24,3,Completed
S0008878,A001483,5,Approval Committee,Credit,2024-11-24,2024-11-25,1,Completed
S0008879,A001483,6,Documentation,Operations,2024-11-25,2024-11-29,4,Completed
S0008880,A001483,7,Disbursement,Operations,2024-11-29,2024-11-30,1,Completed
S0008881,A001484,1,Application Received,SME Sales,2025-02-28,2025-02-28,0,Completed
S0008882,A001484,2,Initial Screening,SME Sales,2025-02-28,2025-03-02,2,Completed
S0008883,A001484,3,Credit Assessment,Credit,2025-03-02,2025-03-06,4,Completed
S0008884,A001484,4,Risk Review,Risk,2025-03-06,2025-03-08,2,Completed
S0008885,A001484,5,Approval Committee,Credit,2025-03-08,2025-03-09,1,Completed
S0008886,A001484,6,Documentation,Operations,2025-03-09,2025-03-12,3,Completed
S0008887,A001484,7,Disbursement,Operations,2025-03-12,2025-03-13,1,Completed
S0008888,A001485,1,Application Received,SME Sales,2026-02-11,2026-02-12,1,Completed
S0008889,A001485,2,Initial Screening,SME Sales,2026-02-12,2026-02-14,2,Completed
S0008890,A001485,3,Credit Assessment,Credit,2026-02-14,2026-02-20,6,Completed
S0008891,A001485,4,Risk Review,Risk,2026-02-20,2026-02-21,1,Completed
S0008892,A001485,5,Approval Committee,Credit,2026-02-21,2026-02-24,3,Completed
S0008893,A001485,6,Documentation,Operations,2026-02-24,2026-02-26,2,Completed
S0008894,A001485,7,Disbursement,Operations,2026-02-26,2026-02-27,1,Completed
S0008895,A001486,1,Application Received,SME Sales,2024-02-28,2024-02-29,1,Completed
S0008896,A001486,2,Initial Screening,SME Sales,2024-02-29,2024-03-01,1,Completed
S0008897,A001486,3,Credit Assessment,Credit,2024-03-01,2024-03-07,6,Completed
S0008898,A001486,4,Risk Review,Risk,2024-03-07,2024-03-09,2,Completed
S0008899,A001486,5,Approval Committee,Credit,2024-03-09,2024-03-12,3,Completed
S0008900,A001486,6,Documentation,Operations,2024-03-12,2024-03-14,2,Completed
S0008901,A001486,7,Disbursement,Operations,2024-03-14,2024-03-16,2,Completed
S0008902,A001487,1,Application Received,SME Sales,2024-01-23,2024-01-23,0,Completed
S0008903,A001487,2,Initial Screening,SME Sales,2024-01-23,2024-01-24,1,Completed
S0008904,A001487,3,Credit Assessment,Credit,2024-01-24,2024-01-29,5,Completed
S0008905,A001487,4,Risk Review,Risk,2024-01-29,2024-02-02,4,Completed
S0008906,A001487,5,Approval Committee,Credit,2024-02-02,2024-02-03,1,Completed
S0008907,A001487,6,Documentation,Operations,2024-02-03,2024-02-05,2,Completed
S0008908,A001487,7,Disbursement,Operations,2024-02-05,2024-02-06,1,Completed
S0008909,A001488,1,Application Received,SME Sales,2026-04-15,2026-04-15,0,Completed
S0008910,A001488,2,Initial Screening,SME Sales,2026-04-15,2026-04-18,3,Completed
S0008911,A001489,1,Application Received,SME Sales,2026-01-16,2026-01-17,1,Completed
S0008912,A001489,2,Initial Screening,SME Sales,2026-01-17,2026-01-18,1,Completed
S0008913,A001489,3,Credit Assessment,Credit,2026-01-18,2026-01-20,2,Completed
S0008914,A001489,4,Risk Review,Risk,2026-01-20,2026-01-24,4,Completed
S0008915,A001489,5,Approval Committee,Credit,2026-01-24,2026-01-27,3,Completed
S0008916,A001489,6,Documentation,Operations,2026-01-27,2026-02-01,5,Completed
S0008917,A001489,7,Disbursement,Operations,2026-02-01,2026-02-03,2,Completed
S0008918,A001490,1,Application Received,SME Sales,2024-03-15,2024-03-15,0,Completed
S0008919,A001490,2,Initial Screening,SME Sales,2024-03-15,2024-03-18,3,Completed
S0008920,A001490,3,Credit Assessment,Credit,2024-03-18,2024-03-20,2,Completed
S0008921,A001490,4,Risk Review,Risk,2024-03-20,2024-03-21,1,Completed
S0008922,A001490,5,Approval Committee,Credit,2024-03-21,2024-03-24,3,Completed
S0008923,A001491,1,Application Received,SME Sales,2025-10-27,2025-10-28,1,Completed
S0008924,A001491,2,Initial Screening,SME Sales,2025-10-28,2025-10-29,1,Completed
S0008925,A001491,3,Credit Assessment,Credit,2025-10-29,2025-11-03,5,Completed
S0008926,A001492,1,Application Received,SME Sales,2025-01-09,2025-01-10,1,Completed
S0008927,A001492,2,Initial Screening,SME Sales,2025-01-10,2025-01-11,1,Completed
S0008928,A001492,3,Credit Assessment,Credit,2025-01-11,2025-01-17,6,Completed
S0008929,A001493,1,Application Received,SME Sales,2025-12-19,2025-12-20,1,Completed
S0008930,A001493,2,Initial Screening,SME Sales,2025-12-20,2025-12-22,2,Completed
S0008931,A001493,3,Credit Assessment,Credit,2025-12-22,2025-12-26,4,Completed
S0008932,A001493,4,Risk Review,Risk,2025-12-26,2025-12-29,3,Completed
S0008933,A001493,5,Approval Committee,Credit,2025-12-29,2025-12-31,2,Completed
S0008934,A001493,6,Documentation,Operations,2025-12-31,2026-01-04,4,Completed
S0008935,A001493,7,Disbursement,Operations,2026-01-04,2026-01-05,1,Completed
S0008936,A001494,1,Application Received,SME Sales,2024-04-19,2024-04-19,0,Completed
S0008937,A001494,2,Initial Screening,SME Sales,2024-04-19,2024-04-21,2,Completed
S0008938,A001494,3,Credit Assessment,Credit,2024-04-21,2024-04-27,6,Completed
S0008939,A001494,4,Risk Review,Risk,2024-04-27,2024-05-01,4,Completed
S0008940,A001495,1,Application Received,SME Sales,2026-08-29,2026-08-30,1,Completed
S0008941,A001495,2,Initial Screening,SME Sales,2026-08-30,2026-08-31,1,Completed
S0008942,A001495,3,Credit Assessment,Credit,2026-08-31,2026-09-09,9,Completed
S0008943,A001495,4,Risk Review,Risk,2026-09-09,2026-09-12,3,Completed
S0008944,A001496,1,Application Received,SME Sales,2025-01-04,2025-01-04,0,Completed
S0008945,A001496,2,Initial Screening,SME Sales,2025-01-04,2025-01-05,1,Completed
S0008946,A001496,3,Credit Assessment,Credit,2025-01-05,2025-01-09,4,Completed
S0008947,A001496,4,Risk Review,Risk,2025-01-09,2025-01-12,3,Completed
S0008948,A001496,5,Approval Committee,Credit,2025-01-12,2025-01-14,2,Completed
S0008949,A001496,6,Documentation,Operations,2025-01-14,2025-01-19,5,Completed
S0008950,A001496,7,Disbursement,Operations,2025-01-19,2025-01-21,2,Completed
S0008951,A001497,1,Application Received,SME Sales,2025-08-24,2025-08-25,1,Completed
S0008952,A001497,2,Initial Screening,SME Sales,2025-08-25,2025-08-28,3,Completed
S0008953,A001497,3,Credit Assessment,Credit,2025-08-28,2025-09-02,5,Completed
S0008954,A001497,4,Risk Review,Risk,2025-09-02,2025-09-04,2,Completed
S0008955,A001497,5,Approval Committee,Credit,2025-09-04,2025-09-07,3,Completed
S0008956,A001497,6,Documentation,Operations,2025-09-07,2025-09-12,5,Completed
S0008957,A001497,7,Disbursement,Operations,2025-09-12,2025-09-13,1,Completed
S0008958,A001498,1,Application Received,SME Sales,2025-01-08,2025-01-09,1,Completed
S0008959,A001498,2,Initial Screening,SME Sales,2025-01-09,2025-01-10,1,Completed
S0008960,A001498,3,Credit Assessment,Credit,2025-01-10,2025-01-13,3,Completed
S0008961,A001498,4,Risk Review,Risk,2025-01-13,2025-01-17,4,Completed
S0008962,A001498,5,Approval Committee,Credit,2025-01-17,2025-01-18,1,Completed
S0008963,A001498,6,Documentation,Operations,2025-01-18,2025-01-21,3,Completed
S0008964,A001498,7,Disbursement,Operations,2025-01-21,2025-01-23,2,Completed
S0008965,A001499,1,Application Received,SME Sales,2026-06-26,2026-06-26,0,Completed
S0008966,A001499,2,Initial Screening,SME Sales,2026-06-26,2026-06-28,2,Completed
S0008967,A001499,3,Credit Assessment,Credit,2026-06-28,2026-06-30,2,Completed
S0008968,A001499,4,Risk Review,Risk,2026-06-30,2026-07-02,2,Completed
S0008969,A001499,5,Approval Committee,Credit,2026-07-02,2026-07-05,3,Completed
S0008970,A001499,6,Documentation,Operations,2026-07-05,2026-07-07,2,Completed
S0008971,A001499,7,Disbursement,Operations,2026-07-07,2026-07-08,1,Completed
S0008972,A001500,1,Application Received,SME Sales,2025-10-09,2025-10-10,1,Completed
S0008973,A001500,2,Initial Screening,SME Sales,2025-10-10,2025-10-12,2,Completed
S0008974,A001500,3,Credit Assessment,Credit,2025-10-12,2025-10-17,5,Completed
S0008975,A001500,4,Risk Review,Risk,2025-10-17,2025-10-20,3,Completed
S0008976,A001500,5,Approval Committee,Credit,2025-10-20,2025-10-23,3,Completed
S0008977,A001500,6,Documentation,Operations,2025-10-23,2025-10-25,2,Completed
S0008978,A001500,7,Disbursement,Operations,2025-10-25,2025-10-27,2,Completed
