ApplicationID,CustomerID,BranchID,ApplicationDate,LoanPurpose,RequestedAmountBDT,RequestedTermMonths,CollateralValueBDT,ApplicationStatus,ApprovedAmountBDT,DecisionDate,DecisionReason,CreditOfficerID
A000001,C00751,B006,2025-09-07,Inventory,4350000.0,36,3791157.55,Approved,4063788.68,2025-09-19,,CO11
A000002,C00397,B004,2025-04-30,Working Capital,4700000.0,12,3679654.35,Approved,3900345.97,2025-05-18,,CO11
A000003,C00649,B007,2026-02-08,Working Capital,1400000.0,36,34104.5,Withdrawn,,2026-02-18,Required documents not submitted,CO01
A000004,C00005,B003,2024-01-29,Vehicle,3000000.0,18,1706871.55,Rejected,,2024-02-06,High existing debt,CO11
A000005,C00935,B002,2025-08-10,Working Capital,3600000.0,36,2530553.37,Rejected,,2025-08-23,Credit assessment not satisfactory,CO05
A000006,C00958,B001,2025-11-30,Working Capital,2600000.0,36,3895853.37,Rejected,,2025-12-19,Business profile outside policy,CO07
A000007,C00803,B005,2025-11-15,Expansion,1750000.0,18,1447309.85,Rejected,,2025-11-26,Insufficient financial information,CO11
A000008,C00725,B001,2024-04-03,Inventory,550000.0,18,392023.65,Rejected,,2024-04-14,High existing debt,CO04
A000009,C00300,B006,2025-01-21,Working Capital,1200000.0,12,1300246.26,Approved,1120510.04,2025-02-02,,CO09
A000010,C00852,B001,2024-04-01,Working Capital,17600000.0,36,13312164.29,Withdrawn,,2024-04-02,Customer changed financing plan,CO07
A000011,C00193,B003,2024-02-23,Vehicle,5500000.0,18,6628860.43,Withdrawn,,2024-03-01,Customer withdrew application,CO02
A000012,C00469,B002,2025-12-30,Machinery,2650000.0,18,1974798.07,Approved,2236327.5,2026-01-15,,CO04
A000013,C00676,B005,2025-02-03,Vehicle,3850000.0,36,4033660.01,Approved,3486247.15,2025-02-20,,CO11
A000014,C00318,B008,2025-10-31,Inventory,550000.0,24,586768.61,Approved,501615.68,2025-11-15,,CO11
A000015,C00710,B001,2026-02-24,Machinery,3300000.0,12,1802167.49,Approved,3258983.27,2026-03-10,,CO05
A000016,C00979,B006,2024-10-20,Working Capital,3550000.0,12,5077976.57,Approved,2868276.84,2024-11-08,,CO01
A000017,C00481,B001,2024-08-22,Working Capital,1100000.0,12,579656.17,Approved,1044128.63,2024-09-10,,CO11
A000018,C00957,B002,2026-01-12,Working Capital,2100000.0,36,1848348.09,Approved,1818786.08,2026-01-27,,CO03
A000019,C00970,B003,2024-08-18,Working Capital,1050000.0,24,184326.07,Approved,852116.96,2024-09-06,,CO06
A000020,C00059,B006,2025-02-23,Expansion,11000000.0,24,10153638.14,Approved,8588278.71,2025-03-06,,CO01
A000021,C00834,B004,2024-05-02,Vehicle,11650000.0,6,5917237.05,Approved,10844218.39,2024-05-17,,CO07
A000022,C00461,B002,2025-09-19,Working Capital,8400000.0,24,9849284.91,Approved,7902848.33,2025-10-13,,CO07
A000023,C00264,B004,2024-01-22,Machinery,10800000.0,6,15238910.04,Approved,8918447.79,2024-02-06,,CO07
A000024,C00432,B004,2025-04-08,Machinery,4600000.0,18,599860.21,Approved,3784937.16,2025-04-20,,CO12
A000025,C00676,B005,2025-07-15,Vehicle,6750000.0,18,4435639.81,Rejected,,2025-07-23,Requested amount high vs revenue,CO01
A000026,C00205,B002,2026-06-30,Working Capital,3550000.0,18,2404032.09,Approved,3351603.9,2026-07-17,,CO10
A000027,C00788,B004,2025-08-11,Inventory,6950000.0,18,6799414.7,Rejected,,2025-08-19,Business profile outside policy,CO09
A000028,C00753,B004,2026-03-16,Working Capital,1100000.0,36,1049365.0,Approved,1089825.49,2026-03-31,,CO05
A000029,C00861,B008,2026-07-20,Working Capital,3000000.0,18,3245832.86,Rejected,,2026-07-28,High existing debt,CO07
A000030,C00122,B008,2025-07-19,Inventory,800000.0,12,774413.01,Approved,630930.59,2025-08-04,,CO07
A000031,C00485,B006,2026-02-24,Working Capital,4900000.0,24,4944590.98,Rejected,,2026-03-04,Requested amount high vs revenue,CO06
A000032,C00088,B001,2024-05-18,Inventory,1300000.0,36,57705.34,Approved,1240735.61,2024-06-02,,CO02
A000033,C00364,B001,2026-07-01,Expansion,3750000.0,18,5584581.88,Withdrawn,,2026-07-09,Customer changed financing plan,CO03
A000034,C00054,B002,2024-09-26,Machinery,4050000.0,6,1214996.15,Approved,4030619.56,2024-10-14,,CO10
A000035,C00011,B005,2024-07-23,Renovation,1250000.0,6,1376726.18,Approved,1086978.64,2024-08-07,,CO06
A000036,C00136,B006,2025-07-19,Working Capital,1000000.0,12,1383285.1,Rejected,,2025-07-23,Credit assessment not satisfactory,CO03
A000037,C00826,B006,2024-06-30,Machinery,1750000.0,24,545213.67,Rejected,,2024-07-11,Insufficient collateral,CO03
A000038,C00597,B005,2024-12-04,Inventory,2200000.0,12,619649.91,Rejected,,2024-12-09,High existing debt,CO07
A000039,C00811,B002,2026-01-04,Working Capital,2250000.0,18,3358704.93,Approved,2089698.87,2026-01-22,,CO01
A000040,C00454,B004,2024-03-22,Working Capital,650000.0,12,857987.14,Approved,552960.98,2024-04-09,,CO04
A000041,C00167,B006,2025-08-29,Working Capital,5600000.0,24,488898.43,Withdrawn,,2025-09-08,Required documents not submitted,CO05
A000042,C00289,B001,2024-03-05,Expansion,3250000.0,6,4239368.3,Rejected,,2024-03-15,Requested amount high vs revenue,CO06
A000043,C00603,B003,2025-09-12,Inventory,2000000.0,12,1360629.56,Approved,1697928.86,2025-09-30,,CO12
A000044,C00195,B005,2024-02-13,Inventory,1400000.0,36,1145900.93,Approved,1139026.93,2024-02-28,,CO12
A000045,C00769,B004,2024-01-26,Vehicle,7800000.0,18,4366077.85,Rejected,,2024-02-07,Requested amount high vs revenue,CO10
A000046,C00969,B005,2024-01-17,Machinery,1450000.0,12,1569064.25,Approved,1286204.59,2024-02-01,,CO12
A000047,C00512,B004,2026-05-22,Working Capital,4500000.0,6,2370430.94,Approved,4443904.61,2026-06-08,,CO04
A000048,C00427,B001,2024-11-11,Inventory,3400000.0,12,2531812.39,Approved,3167008.85,2024-12-01,,CO03
A000049,C00379,B001,2025-04-02,Machinery,650000.0,36,936996.09,Approved,547115.98,2025-04-21,,CO06
A000050,C00592,B004,2026-07-12,Working Capital,1450000.0,24,563258.7,Approved,1280851.06,2026-07-31,,CO01
A000051,C00321,B002,2024-05-31,Inventory,600000.0,18,513818.54,Approved,572449.17,2024-06-20,,CO05
A000052,C00729,B005,2026-03-07,Working Capital,16400000.0,24,2146526.32,Approved,16346906.73,2026-03-22,,CO10
A000053,C00905,B007,2025-10-23,Working Capital,12050000.0,24,6316913.43,Approved,10395799.62,2025-11-08,,CO12
A000054,C00839,B006,2024-07-28,Working Capital,1150000.0,24,1355808.24,Approved,1037481.88,2024-08-13,,CO10
A000055,C00455,B001,2024-10-07,Machinery,500000.0,24,56952.56,Withdrawn,,2024-10-17,Customer changed financing plan,CO09
A000056,C00489,B004,2026-05-01,Inventory,7500000.0,24,8219747.09,Withdrawn,,2026-05-12,Customer changed financing plan,CO06
A000057,C00580,B006,2024-02-27,Inventory,1950000.0,18,723020.01,Approved,1675575.96,2024-03-16,,CO06
A000058,C00347,B001,2026-02-07,Working Capital,2550000.0,6,2080523.27,Approved,2078232.92,2026-02-25,,CO05
A000059,C00233,B001,2025-11-30,Expansion,800000.0,36,72166.36,Rejected,,2025-12-09,Insufficient collateral,CO06
A000060,C00397,B001,2026-02-22,Working Capital,1900000.0,24,315353.42,Approved,1628041.48,2026-03-09,,CO02
A000061,C00596,B004,2026-04-28,Working Capital,5300000.0,18,4227818.25,Approved,4369049.18,2026-05-13,,CO10
A000062,C00263,B005,2026-07-08,Working Capital,1900000.0,12,1408559.57,Approved,1499413.92,2026-07-23,,CO02
A000063,C00761,B002,2025-08-06,Inventory,2850000.0,24,2101314.31,Approved,2781159.48,2025-08-22,,CO05
A000064,C00223,B008,2024-08-09,Vehicle,6000000.0,12,6578491.66,Approved,5329020.58,2024-08-23,,CO09
A000065,C00612,B007,2025-11-14,Vehicle,3350000.0,24,4259746.25,Rejected,,2025-11-26,Insufficient financial information,CO08
A000066,C00391,B001,2025-01-11,Working Capital,4700000.0,18,1647715.92,Rejected,,2025-01-28,Insufficient collateral,CO03
A000067,C00270,B008,2026-06-27,Renovation,900000.0,12,1238091.76,Approved,724292.18,2026-07-13,,CO12
A000068,C00241,B007,2025-08-16,Inventory,7000000.0,6,1577045.83,Approved,5517228.2,2025-08-31,,CO07
A000069,C00851,B004,2024-01-14,Expansion,8850000.0,6,5419113.15,Approved,7432510.87,2024-02-02,,CO04
A000070,C00241,B007,2025-10-27,Working Capital,11350000.0,36,15608273.29,Approved,9073774.75,2025-11-14,,CO06
A000071,C00468,B004,2025-01-17,Inventory,3450000.0,18,201060.06,Approved,2954704.77,2025-02-02,,CO05
A000072,C00152,B005,2025-02-21,Machinery,2700000.0,24,1709428.4,Rejected,,2025-03-03,Credit assessment not satisfactory,CO01
A000073,C00352,B002,2025-07-07,Inventory,2600000.0,36,3575953.37,Rejected,,2025-07-14,Requested amount high vs revenue,CO09
A000074,C00558,B006,2025-08-12,Working Capital,11000000.0,24,6497842.24,Rejected,,2025-08-20,Requested amount high vs revenue,CO09
A000075,C00960,B004,2026-04-19,Machinery,1350000.0,24,1397910.0,Approved,1276735.72,2026-05-05,,CO12
A000076,C00001,B006,2026-07-26,Working Capital,16700000.0,12,2712880.73,Approved,13140252.01,2026-08-15,,CO02
A000077,C00213,B002,2025-11-27,Working Capital,1950000.0,36,2226510.95,Approved,1610424.37,2025-12-14,,CO07
A000078,C00635,B004,2025-08-30,Working Capital,2900000.0,6,3829098.81,Approved,2324528.35,2025-09-13,,CO12
A000079,C00602,B003,2025-12-02,Expansion,1450000.0,6,1250407.74,Approved,1359279.11,2025-12-13,,CO02
A000080,C00466,B004,2024-09-04,Expansion,2650000.0,12,3102406.39,Approved,2412969.15,2024-09-24,,CO11
A000081,C00800,B007,2025-03-31,Working Capital,1900000.0,12,2320655.73,Approved,1697995.78,2025-04-17,,CO03
A000082,C00924,B004,2024-06-15,Working Capital,1550000.0,18,1375510.16,Approved,1462884.99,2024-06-30,,CO11
A000083,C00928,B002,2024-02-14,Working Capital,1300000.0,36,1726785.8,Approved,1061027.92,2024-03-03,,CO03
A000084,C00759,B001,2025-01-10,Inventory,3550000.0,24,2297969.38,Withdrawn,,2025-01-27,Customer changed financing plan,CO09
A000085,C00719,B001,2024-03-30,Working Capital,3850000.0,12,5559283.51,Approved,3486146.27,2024-04-18,,CO11
A000086,C00202,B002,2025-07-13,Machinery,1050000.0,6,602914.28,Approved,849772.62,2025-08-01,,CO12
A000087,C00401,B001,2025-06-06,Inventory,2200000.0,24,515304.11,Rejected,,2025-06-15,Insufficient collateral,CO04
A000088,C00680,B004,2024-08-07,Working Capital,2800000.0,24,606371.17,Rejected,,2024-08-17,Insufficient collateral,CO08
A000089,C00526,B007,2024-09-09,Inventory,8050000.0,24,9207870.77,Withdrawn,,2024-09-23,Customer changed financing plan,CO07
A000090,C00029,B004,2026-08-11,Machinery,500000.0,36,593809.74,Approved,485905.83,2026-08-26,,CO11
A000091,C00162,B006,2024-10-21,Expansion,1000000.0,24,1322684.62,Approved,841025.68,2024-11-08,,CO05
A000092,C00476,B007,2025-07-02,Expansion,13500000.0,36,18285083.43,Approved,12556085.86,2025-07-23,,CO10
A000093,C00677,B006,2024-04-03,Inventory,16600000.0,18,21206048.87,Approved,13780079.82,2024-04-18,,CO06
A000094,C00929,B002,2024-12-22,Renovation,3800000.0,12,4782893.96,Approved,3621842.87,2025-01-03,,CO12
A000095,C00303,B004,2025-01-05,Inventory,2200000.0,12,2134718.21,Approved,2005495.52,2025-01-16,,CO11
A000096,C00851,B003,2025-10-25,Vehicle,21400000.0,18,18682062.32,Approved,17277813.04,2025-11-04,,CO07
A000097,C00833,B001,2024-07-12,Vehicle,650000.0,18,468167.49,Approved,647365.6,2024-08-03,,CO11
A000098,C00502,B001,2025-01-31,Working Capital,6100000.0,12,1854703.59,Approved,4929000.48,2025-02-19,,CO02
A000099,C00948,B004,2026-07-01,Inventory,1100000.0,12,429807.95,Approved,1039917.83,2026-07-18,,CO09
A000100,C00363,B005,2025-07-20,Expansion,3200000.0,12,1236991.63,Approved,2928349.12,2025-08-06,,CO05
A000101,C00829,B006,2024-09-09,Vehicle,900000.0,18,59631.32,Approved,816768.24,2024-09-28,,CO10
A000102,C00870,B004,2024-08-25,Working Capital,2900000.0,24,3278987.41,Approved,2435359.47,2024-09-15,,CO11
A000103,C00504,B002,2025-06-20,Machinery,1350000.0,18,209466.36,Rejected,,2025-07-05,Insufficient collateral,CO03
A000104,C00807,B004,2024-11-17,Machinery,2100000.0,24,2995940.51,Approved,1936210.49,2024-12-03,,CO02
A000105,C00464,B002,2024-12-19,Machinery,600000.0,18,401793.08,Rejected,,2024-12-27,Insufficient financial information,CO08
A000106,C00162,B006,2025-08-22,Inventory,3050000.0,24,3412166.47,Rejected,,2025-09-01,Credit assessment not satisfactory,CO10
A000107,C00713,B006,2025-06-21,Renovation,6150000.0,12,2111910.62,Approved,5110646.55,2025-07-06,,CO02
A000108,C00636,B001,2026-03-12,Inventory,11900000.0,36,17435994.99,Rejected,,2026-03-26,Requested amount high vs revenue,CO10
A000109,C00730,B001,2024-04-13,Working Capital,600000.0,18,186974.24,Approved,571871.9,2024-04-28,,CO06
A000110,C00876,B002,2025-06-09,Vehicle,6450000.0,36,7620288.86,Approved,5552043.82,2025-06-26,,CO05
A000111,C00474,B006,2025-12-28,Working Capital,1450000.0,24,437617.9,Rejected,,2026-01-05,Insufficient collateral,CO09
A000112,C00555,B006,2025-04-22,Renovation,4450000.0,12,6005746.61,Approved,3963586.34,2025-05-02,,CO08
A000113,C00130,B001,2025-09-06,Renovation,13950000.0,12,5045241.84,Rejected,,2025-09-21,Requested amount high vs revenue,CO07
A000114,C00794,B005,2025-08-27,Inventory,6700000.0,24,809285.33,Approved,5913398.5,2025-09-09,,CO08
A000115,C00381,B007,2025-03-01,Renovation,2200000.0,12,1189130.66,Rejected,,2025-03-09,Insufficient financial information,CO02
A000116,C00613,B008,2025-06-08,Expansion,2000000.0,36,1054204.53,Approved,1604573.2,2025-06-24,,CO12
A000117,C00729,B001,2025-06-05,Working Capital,25000000.0,6,29404364.57,Approved,22343486.36,2025-06-21,,CO02
A000118,C00905,B007,2025-03-19,Inventory,2450000.0,24,2303915.1,Approved,2267072.17,2025-04-04,,CO08
A000119,C00750,B006,2026-02-19,Renovation,2250000.0,18,2433928.89,Approved,1961706.58,2026-03-10,,CO03
A000120,C00438,B004,2024-08-03,Working Capital,4900000.0,36,3396022.57,Rejected,,2024-08-11,Insufficient financial information,CO02
A000121,C00082,B004,2024-12-16,Expansion,4800000.0,36,5928677.53,Approved,4446178.22,2024-12-31,,CO09
A000122,C00160,B007,2026-03-07,Vehicle,2350000.0,6,1483464.41,Approved,2325235.93,2026-03-25,,CO05
A000123,C00821,B001,2024-05-31,Expansion,13800000.0,12,5278095.92,Approved,13018301.56,2024-06-22,,CO07
A000124,C00581,B008,2024-09-05,Working Capital,7300000.0,36,4566754.46,Approved,6453917.67,2024-09-17,,CO01
A000125,C00342,B001,2024-08-29,Expansion,6000000.0,36,951227.22,Rejected,,2024-09-09,Requested amount high vs revenue,CO03
A000126,C00613,B008,2026-05-23,Working Capital,2350000.0,24,7980.47,Approved,2168000.37,2026-06-09,,CO01
A000127,C00003,B004,2024-05-16,Working Capital,18700000.0,24,6867265.1,Approved,14997281.97,2024-06-04,,CO10
A000128,C00085,B001,2026-04-21,Renovation,2850000.0,36,1984010.5,Approved,2607186.08,2026-05-08,,CO03
A000129,C00067,B005,2024-09-23,Working Capital,1050000.0,18,618992.6,Approved,928184.53,2024-10-11,,CO08
A000130,C00368,B006,2025-12-23,Vehicle,4900000.0,36,1556744.71,Rejected,,2025-12-31,Adverse repayment history,CO02
A000131,C00061,B001,2025-04-04,Working Capital,6500000.0,12,4081871.02,Rejected,,2025-04-14,Requested amount high vs revenue,CO12
A000132,C00215,B004,2025-01-07,Working Capital,4700000.0,6,58993.48,Rejected,,2025-01-14,Insufficient collateral,CO12
A000133,C00884,B003,2026-04-15,Machinery,6050000.0,18,7501644.52,Withdrawn,,2026-04-21,Customer withdrew application,CO05
A000134,C00426,B006,2024-12-08,Working Capital,10000000.0,12,14443841.38,Rejected,,2024-12-12,Requested amount high vs revenue,CO12
A000135,C00352,B003,2024-04-17,Expansion,2800000.0,18,3626558.28,Approved,2731985.2,2024-05-01,,CO10
A000136,C00628,B005,2026-08-30,Inventory,2150000.0,36,1324566.23,Withdrawn,,2026-09-13,Required documents not submitted,CO11
A000137,C00989,B007,2026-06-18,Machinery,1550000.0,36,354576.54,Rejected,,2026-06-26,Insufficient collateral,CO04
A000138,C00685,B004,2024-01-05,Expansion,600000.0,36,694803.87,Approved,575504.06,2024-01-17,,CO09
A000139,C00963,B001,2026-06-08,Renovation,8650000.0,24,8050705.64,Approved,7294221.23,2026-06-26,,CO02
A000140,C00876,B002,2025-02-02,Expansion,4800000.0,18,4549469.45,Approved,3881150.62,2025-02-17,,CO12
A000141,C00749,B006,2024-10-26,Inventory,7450000.0,36,7141291.27,Approved,6710287.61,2024-11-10,,CO02
A000142,C00079,B005,2026-05-23,Renovation,25000000.0,6,7703394.43,Approved,22252546.91,2026-06-05,,CO09
A000143,C00477,B004,2025-09-21,Working Capital,1300000.0,24,1317654.13,Rejected,,2025-09-30,Business profile outside policy,CO02
A000144,C00065,B004,2024-06-13,Expansion,5450000.0,12,4375945.3,Rejected,,2024-06-24,Requested amount high vs revenue,CO09
A000145,C00795,B006,2024-07-13,Inventory,1950000.0,24,2626241.97,Rejected,,2024-07-23,High existing debt,CO07
A000146,C00330,B003,2024-02-12,Working Capital,1850000.0,18,1416789.38,Approved,1571274.26,2024-02-28,,CO08
A000147,C00088,B002,2025-08-31,Expansion,1400000.0,24,1723347.84,Rejected,,2025-09-12,Requested amount high vs revenue,CO04
A000148,C00320,B005,2026-05-29,Working Capital,6950000.0,24,9656441.28,Rejected,,2026-06-07,Requested amount high vs revenue,CO09
A000149,C00373,B001,2026-01-26,Working Capital,1150000.0,36,1634958.37,Rejected,,2026-02-11,Insufficient financial information,CO02
A000150,C00098,B003,2024-11-21,Vehicle,900000.0,12,959318.04,Approved,872132.01,2024-12-07,,CO12
A000151,C00563,B003,2025-11-04,Working Capital,9700000.0,24,11175396.14,Approved,7712707.27,2025-11-15,,CO10
A000152,C00005,B001,2024-02-13,Machinery,2200000.0,18,2720771.42,Approved,2029867.11,2024-03-09,,CO10
A000153,C00718,B001,2024-01-18,Expansion,2250000.0,12,664075.5,Rejected,,2024-02-01,Requested amount high vs revenue,CO10
A000154,C00814,B008,2024-08-31,Working Capital,3550000.0,24,2524449.23,Rejected,,2024-09-08,Insufficient financial information,CO05
A000155,C00256,B001,2024-09-18,Inventory,1250000.0,36,202772.48,Approved,1007993.74,2024-10-05,,CO11
A000156,C00255,B005,2024-08-24,Renovation,5750000.0,24,5927568.07,Approved,5392304.18,2024-09-11,,CO12
A000157,C00015,B001,2024-07-30,Machinery,1050000.0,24,679877.87,Approved,972180.66,2024-08-20,,CO11
A000158,C00150,B006,2024-07-11,Vehicle,15200000.0,24,13370789.5,Approved,14468978.48,2024-07-27,,CO01
A000159,C00767,B004,2024-07-27,Machinery,2800000.0,12,2543129.6,Approved,2398271.27,2024-08-17,,CO11
A000160,C00230,B005,2026-06-03,Working Capital,800000.0,18,51346.65,Approved,662521.63,2026-06-20,,CO09
A000161,C00522,B001,2026-01-08,Machinery,6000000.0,12,4239553.26,Rejected,,2026-01-20,Credit assessment not satisfactory,CO04
A000162,C00921,B003,2024-09-07,Inventory,2650000.0,18,650409.77,Approved,2153923.14,2024-09-26,,CO01
A000163,C00336,B006,2024-01-02,Expansion,1700000.0,24,1138897.1,Approved,1640874.35,2024-01-17,,CO10
A000164,C00579,B001,2025-04-28,Inventory,3100000.0,12,1992532.01,Approved,2801580.86,2025-05-17,,CO12
A000165,C00079,B005,2024-05-20,Working Capital,25000000.0,12,23589059.46,Approved,20246466.85,2024-06-07,,CO12
A000166,C00220,B002,2024-02-07,Working Capital,14700000.0,18,21078049.8,Rejected,,2024-02-13,Requested amount high vs revenue,CO02
A000167,C00825,B003,2025-07-03,Inventory,700000.0,12,700155.85,Rejected,,2025-07-09,Requested amount high vs revenue,CO04
A000168,C00815,B005,2024-04-12,Working Capital,20800000.0,36,13953519.55,Rejected,,2024-04-20,High existing debt,CO12
A000169,C00100,B008,2024-07-16,Working Capital,700000.0,24,205083.26,Approved,580746.28,2024-07-29,,CO03
A000170,C00033,B002,2026-01-11,Working Capital,3250000.0,36,389471.73,Approved,2540450.3,2026-01-23,,CO06
A000171,C00036,B002,2026-07-03,Machinery,5550000.0,12,6442279.47,Approved,5200454.94,2026-07-19,,CO11
A000172,C00544,B008,2024-06-10,Vehicle,10450000.0,24,10484286.54,Approved,9544840.74,2024-06-27,,CO12
A000173,C00818,B006,2024-10-29,Machinery,1250000.0,36,1645888.22,Approved,1236129.72,2024-11-15,,CO02
A000174,C00574,B005,2025-10-27,Expansion,5800000.0,12,1201654.28,Approved,5298406.18,2025-11-15,,CO02
A000175,C00248,B006,2025-07-04,Working Capital,4650000.0,18,5553518.31,Rejected,,2025-07-11,High existing debt,CO09
A000176,C00152,B001,2026-01-08,Inventory,1200000.0,24,927042.69,Withdrawn,,2026-01-22,Customer withdrew application,CO01
A000177,C00794,B005,2026-01-10,Working Capital,3650000.0,24,1179639.32,Approved,3476270.69,2026-01-28,,CO09
A000178,C00664,B001,2025-10-07,Inventory,7000000.0,24,9123149.95,Approved,5909892.41,2025-10-28,,CO03
A000179,C00088,B002,2025-08-13,Expansion,700000.0,18,392161.63,Approved,604434.57,2025-09-01,,CO01
A000180,C00520,B008,2024-02-15,Expansion,850000.0,12,542419.74,Approved,738769.29,2024-03-04,,CO10
A000181,C00126,B002,2026-03-27,Working Capital,1400000.0,12,1950125.7,Approved,1312000.74,2026-04-12,,CO11
A000182,C00482,B001,2024-09-03,Machinery,2600000.0,18,2366511.21,Rejected,,2024-09-20,Requested amount high vs revenue,CO03
A000183,C00067,B005,2024-02-18,Renovation,1150000.0,12,1666512.1,Rejected,,2024-02-24,High existing debt,CO09
A000184,C00972,B006,2026-08-11,Working Capital,700000.0,24,52551.52,Approved,607612.73,2026-08-29,,CO11
A000185,C00303,B004,2025-10-22,Inventory,2700000.0,18,3110075.54,Rejected,,2025-10-29,Requested amount high vs revenue,CO04
A000186,C00107,B006,2024-09-14,Working Capital,3000000.0,24,2678650.07,Approved,2911740.48,2024-10-01,,CO01
A000187,C00192,B004,2026-01-08,Inventory,4950000.0,24,581789.54,Approved,4308787.68,2026-01-29,,CO05
A000188,C00884,B003,2026-09-10,Vehicle,3650000.0,36,2891938.91,Rejected,,2026-09-19,Insufficient financial information,CO12
A000189,C00996,B002,2026-05-01,Inventory,10100000.0,12,7631888.39,Approved,10032744.27,2026-05-21,,CO06
A000190,C00199,B006,2026-06-23,Inventory,11000000.0,12,5949572.91,Approved,10485442.86,2026-07-06,,CO09
A000191,C00050,B002,2024-04-03,Inventory,12550000.0,12,12994653.56,Approved,12429097.44,2024-04-18,,CO10
A000192,C00780,B004,2024-12-01,Renovation,7100000.0,36,5762113.9,Withdrawn,,2024-12-15,Customer withdrew application,CO04
A000193,C00841,B008,2024-01-31,Expansion,2800000.0,18,615709.29,Approved,2576289.4,2024-02-14,,CO08
A000194,C00271,B003,2025-09-02,Working Capital,3300000.0,18,2469796.7,Approved,2616068.1,2025-09-15,,CO05
A000195,C00619,B001,2026-06-10,Expansion,13500000.0,12,7969558.07,Rejected,,2026-06-18,Requested amount high vs revenue,CO04
A000196,C00175,B006,2025-09-13,Expansion,500000.0,12,317538.94,Withdrawn,,2025-09-16,Required documents not submitted,CO12
A000197,C00302,B006,2025-02-21,Renovation,800000.0,18,834071.35,Rejected,,2025-02-26,Business profile outside policy,CO01
A000198,C00532,B001,2024-05-11,Machinery,10750000.0,36,10032249.09,Approved,9821565.81,2024-05-26,,CO01
A000199,C00396,B002,2024-03-15,Machinery,7050000.0,12,4141463.49,Rejected,,2024-03-22,High existing debt,CO07
A000200,C00586,B001,2026-05-17,Expansion,1400000.0,24,818080.82,Approved,1166566.84,2026-06-01,,CO09
A000201,C00006,B007,2024-12-16,Working Capital,5350000.0,24,1177616.78,Approved,5024980.09,2024-12-29,,CO01
A000202,C00105,B008,2025-12-11,Working Capital,2300000.0,18,1684376.14,Rejected,,2025-12-19,Requested amount high vs revenue,CO05
A000203,C00597,B005,2025-09-04,Inventory,6000000.0,24,6753124.8,Approved,5478151.27,2025-09-22,,CO10
A000204,C00764,B001,2025-06-18,Working Capital,2700000.0,18,2378089.96,Approved,2403260.4,2025-07-06,,CO05
A000205,C00584,B005,2026-06-30,Working Capital,3300000.0,24,3249758.6,Approved,3254646.08,2026-07-16,,CO07
A000206,C00638,B001,2025-04-29,Working Capital,2350000.0,18,392641.44,Approved,2347255.7,2025-05-18,,CO04
A000207,C00533,B002,2025-11-09,Expansion,2150000.0,12,3092214.83,Rejected,,2025-11-19,Credit assessment not satisfactory,CO06
A000208,C00984,B006,2024-04-30,Renovation,6250000.0,18,8642194.73,Approved,5623688.08,2024-05-16,,CO03
A000209,C00445,B001,2025-07-17,Machinery,1350000.0,18,1122775.93,Approved,1256644.31,2025-07-31,,CO03
A000210,C00785,B005,2024-11-17,Expansion,2350000.0,24,1355518.45,Rejected,,2024-11-29,Requested amount high vs revenue,CO09
A000211,C00279,B004,2026-05-02,Renovation,1450000.0,12,1219280.5,Approved,1148593.14,2026-05-15,,CO07
A000212,C00516,B001,2025-11-15,Working Capital,9350000.0,24,4770315.13,Withdrawn,,2025-11-19,Required documents not submitted,CO05
A000213,C00083,B004,2024-03-15,Vehicle,1850000.0,18,2244206.57,Approved,1698179.91,2024-03-28,,CO01
A000214,C00748,B002,2024-10-13,Working Capital,2200000.0,18,2056800.24,Approved,2085275.72,2024-10-30,,CO07
A000215,C00688,B002,2024-12-18,Working Capital,4100000.0,24,3075639.09,Withdrawn,,2024-12-19,Customer withdrew application,CO10
A000216,C00717,B006,2024-09-26,Working Capital,10300000.0,24,9147623.53,Approved,10144522.09,2024-10-11,,CO06
A000217,C00733,B002,2026-07-26,Renovation,12500000.0,18,17621591.15,Approved,11408049.72,2026-08-11,,CO01
A000218,C00389,B005,2025-03-08,Working Capital,2500000.0,24,1745748.08,Approved,1990884.82,2025-03-22,,CO11
A000219,C00559,B004,2025-08-29,Working Capital,4300000.0,36,2392263.95,Approved,3614520.63,2025-09-18,,CO01
A000220,C00243,B002,2024-09-13,Vehicle,1600000.0,18,1379227.39,Rejected,,2024-09-19,Credit assessment not satisfactory,CO01
A000221,C00854,B002,2026-06-18,Expansion,7900000.0,18,8347606.26,Approved,6753159.07,2026-07-07,,CO08
A000222,C00804,B004,2025-03-12,Vehicle,950000.0,24,518694.48,Approved,811740.5,2025-03-24,,CO10
A000223,C00769,B004,2024-01-24,Expansion,7100000.0,18,1808086.44,Approved,6882732.11,2024-02-10,,CO08
A000224,C00242,B005,2026-04-06,Working Capital,22800000.0,18,21673942.28,Rejected,,2026-04-15,Requested amount high vs revenue,CO11
A000225,C00164,B001,2025-11-26,Vehicle,1750000.0,24,1188097.63,Approved,1566292.42,2025-12-14,,CO03
A000226,C00075,B002,2025-02-11,Renovation,4600000.0,36,1025848.6,Approved,4380749.52,2025-03-02,,CO01
A000227,C00976,B006,2026-07-29,Working Capital,6650000.0,6,5265833.86,Rejected,,2026-08-11,High existing debt,CO09
A000228,C00993,B006,2024-11-01,Vehicle,850000.0,24,639035.45,Rejected,,2024-11-09,Adverse repayment history,CO01
A000229,C00712,B001,2026-08-03,Working Capital,2550000.0,18,3471734.18,Withdrawn,,2026-08-17,Required documents not submitted,CO08
A000230,C00282,B004,2026-09-13,Expansion,2100000.0,24,1562762.82,Rejected,,2026-09-25,Requested amount high vs revenue,CO12
A000231,C00866,B008,2024-05-12,Machinery,6550000.0,18,7986312.82,Withdrawn,,2024-05-22,Required documents not submitted,CO03
A000232,C00699,B002,2025-12-13,Working Capital,650000.0,36,733566.28,Approved,511380.68,2025-12-26,,CO02
A000233,C00172,B003,2024-06-29,Inventory,1350000.0,18,1179484.66,Approved,1295122.29,2024-07-16,,CO05
A000234,C00191,B008,2024-05-16,Inventory,6050000.0,36,6251575.66,Rejected,,2024-05-26,Requested amount high vs revenue,CO06
A000235,C00415,B002,2025-12-01,Inventory,1300000.0,18,1546976.22,Approved,1178576.89,2025-12-10,,CO07
A000236,C00969,B005,2024-08-15,Machinery,3350000.0,24,136975.77,Rejected,,2024-08-24,Adverse repayment history,CO11
A000237,C00502,B003,2026-08-30,Vehicle,9500000.0,24,7687412.31,Pending,,,,CO05
A000238,C00644,B005,2026-07-04,Expansion,2800000.0,36,126780.52,Rejected,,2026-07-11,High existing debt,CO05
A000239,C00813,B001,2025-01-07,Working Capital,2850000.0,12,517191.47,Approved,2778584.0,2025-01-27,,CO07
A000240,C00488,B004,2025-03-12,Machinery,7200000.0,6,7126645.67,Approved,6835298.85,2025-03-29,,CO02
A000241,C00037,B006,2025-01-27,Expansion,25000000.0,12,23402134.92,Approved,20994251.15,2025-02-18,,CO03
A000242,C00241,B007,2026-06-30,Working Capital,7850000.0,24,5269396.55,Approved,7491294.49,2026-07-12,,CO08
A000243,C00552,B006,2026-06-02,Working Capital,6700000.0,12,5335349.03,Approved,6647725.18,2026-06-16,,CO06
A000244,C00807,B004,2024-05-11,Working Capital,3600000.0,12,119488.14,Approved,2839206.53,2024-05-29,,CO03
A000245,C00821,B006,2024-08-23,Expansion,14300000.0,6,19955513.66,Approved,12152467.77,2024-09-10,,CO04
A000246,C00006,B007,2024-02-04,Expansion,6600000.0,18,5100466.64,Rejected,,2024-02-11,High existing debt,CO10
A000247,C00635,B004,2026-09-13,Vehicle,5000000.0,12,5823191.48,Approved,4302923.52,2026-09-30,,CO09
A000248,C00757,B002,2024-10-21,Working Capital,4600000.0,18,5639686.62,Approved,3651670.57,2024-11-04,,CO04
A000249,C00622,B007,2025-10-22,Working Capital,5000000.0,12,754312.66,Approved,4689299.04,2025-11-05,,CO08
A000250,C00354,B001,2026-02-24,Expansion,4400000.0,12,3584984.39,Approved,3783565.4,2026-03-17,,CO11
A000251,C00273,B004,2024-06-07,Vehicle,7200000.0,12,9830237.92,Rejected,,2024-06-14,Requested amount high vs revenue,CO12
A000252,C00105,B001,2026-06-08,Working Capital,1450000.0,12,271888.04,Approved,1426328.6,2026-07-02,,CO11
A000253,C00597,B005,2026-08-06,Working Capital,2750000.0,12,2375605.68,Approved,2403395.53,2026-08-25,,CO06
A000254,C00674,B001,2024-08-29,Expansion,1400000.0,36,2069887.26,Approved,1190622.74,2024-09-16,,CO05
A000255,C00274,B007,2026-01-12,Inventory,3900000.0,36,4188232.14,Approved,3259842.98,2026-02-01,,CO08
A000256,C00626,B001,2025-04-02,Expansion,5650000.0,24,6075.06,Rejected,,2025-04-12,Insufficient collateral,CO09
A000257,C00933,B004,2024-08-07,Expansion,3900000.0,12,904142.55,Rejected,,2024-08-16,Requested amount high vs revenue,CO03
A000258,C00813,B008,2026-03-20,Inventory,1400000.0,12,724900.74,Approved,1235405.42,2026-04-04,,CO09
A000259,C00519,B004,2024-08-03,Inventory,2750000.0,36,1768100.7,Rejected,,2024-08-17,High existing debt,CO04
A000260,C00018,B003,2024-08-29,Renovation,1650000.0,24,564422.51,Approved,1363248.66,2024-09-12,,CO12
A000261,C00585,B001,2024-06-01,Inventory,3900000.0,36,1469250.96,Approved,3786621.27,2024-06-16,,CO09
A000262,C00198,B004,2024-07-20,Renovation,1950000.0,36,2339842.33,Approved,1792681.7,2024-07-31,,CO12
A000263,C00156,B007,2024-04-30,Vehicle,2600000.0,36,426515.97,Rejected,,2024-05-10,Requested amount high vs revenue,CO02
A000264,C00392,B001,2026-07-24,Working Capital,850000.0,24,1102476.01,Rejected,,2026-08-06,Credit assessment not satisfactory,CO10
A000265,C00765,B001,2025-08-08,Working Capital,950000.0,12,1225857.12,Approved,772273.04,2025-08-23,,CO05
A000266,C00181,B001,2024-01-24,Inventory,900000.0,24,814720.77,Approved,758769.17,2024-02-11,,CO03
A000267,C00018,B002,2025-01-10,Renovation,1050000.0,18,332209.76,Approved,950408.99,2025-01-22,,CO06
A000268,C00132,B006,2026-03-05,Working Capital,2850000.0,12,1908202.82,Approved,2802360.57,2026-03-25,,CO04
A000269,C00867,B001,2024-03-17,Vehicle,4600000.0,6,4011540.82,Approved,4088795.37,2024-04-03,,CO01
A000270,C00171,B004,2026-01-08,Renovation,3250000.0,36,1921661.62,Rejected,,2026-01-12,High existing debt,CO06
A000271,C00268,B008,2025-12-01,Inventory,2550000.0,24,883783.41,Rejected,,2025-12-07,Insufficient collateral,CO10
A000272,C00937,B004,2026-07-03,Inventory,3650000.0,18,2961435.28,Rejected,,2026-07-15,Insufficient financial information,CO08
A000273,C00862,B001,2026-04-09,Working Capital,7500000.0,12,6057470.62,Withdrawn,,2026-04-22,Customer withdrew application,CO12
A000274,C00812,B004,2024-04-12,Machinery,500000.0,36,97796.84,Approved,430286.83,2024-04-28,,CO02
A000275,C00152,B005,2024-04-20,Renovation,3900000.0,18,304957.77,Approved,3110389.1,2024-05-07,,CO01
A000276,C00833,B006,2025-06-27,Renovation,950000.0,12,152234.51,Approved,920615.55,2025-07-11,,CO11
A000277,C00364,B006,2025-03-15,Expansion,2200000.0,12,3299681.53,Approved,1791786.88,2025-03-31,,CO08
A000278,C00945,B003,2026-06-29,Machinery,1150000.0,6,1608178.2,Approved,1144895.17,2026-07-17,,CO07
A000279,C00425,B001,2026-09-15,Machinery,7450000.0,24,9335658.86,Pending,,,,CO05
A000280,C00039,B001,2024-09-25,Expansion,1050000.0,36,1422090.96,Approved,819699.21,2024-10-13,,CO04
A000281,C00684,B001,2024-06-25,Working Capital,4900000.0,18,6850585.0,Approved,4475385.62,2024-07-11,,CO08
A000282,C00655,B006,2024-07-22,Machinery,2550000.0,12,422867.79,Rejected,,2024-08-05,Adverse repayment history,CO04
A000283,C00497,B003,2025-05-11,Expansion,1150000.0,12,1161280.58,Approved,1047565.7,2025-05-28,,CO10
A000284,C00583,B007,2025-04-01,Vehicle,1450000.0,24,2042865.73,Approved,1147262.87,2025-04-16,,CO08
A000285,C00840,B001,2025-02-24,Working Capital,4000000.0,24,43887.05,Rejected,,2025-03-08,Insufficient collateral,CO04
A000286,C00379,B004,2026-07-07,Working Capital,1750000.0,36,2232258.71,Approved,1678897.76,2026-07-21,,CO02
A000287,C00994,B008,2024-11-07,Expansion,750000.0,12,909875.83,Rejected,,2024-11-11,Business profile outside policy,CO06
A000288,C00449,B001,2024-03-04,Vehicle,1750000.0,6,1673381.92,Approved,1397774.29,2024-03-20,,CO10
A000289,C00413,B006,2025-11-15,Working Capital,1100000.0,36,809789.17,Rejected,,2025-11-20,Credit assessment not satisfactory,CO08
A000290,C00744,B006,2025-11-17,Renovation,9650000.0,24,1031139.04,Approved,8760409.37,2025-12-01,,CO02
A000291,C00364,B001,2026-07-10,Expansion,1400000.0,18,377547.78,Approved,1331941.45,2026-07-28,,CO08
A000292,C00595,B008,2025-10-17,Working Capital,3100000.0,18,2585507.39,Rejected,,2025-10-30,Insufficient financial information,CO01
A000293,C00273,B004,2024-06-04,Working Capital,1300000.0,18,724016.64,Approved,1130296.45,2024-06-16,,CO09
A000294,C00560,B001,2026-09-17,Expansion,12800000.0,12,15373891.48,Approved,11334338.46,2026-09-30,,CO09
A000295,C00456,B005,2025-09-30,Vehicle,2200000.0,6,3162798.84,Approved,2193773.72,2025-10-16,,CO11
A000296,C00835,B002,2026-06-13,Working Capital,800000.0,12,152035.32,Rejected,,2026-06-26,Insufficient collateral,CO09
A000297,C00524,B001,2026-03-09,Vehicle,550000.0,12,199414.4,Approved,467463.92,2026-04-02,,CO01
A000298,C00894,B008,2024-10-07,Working Capital,1950000.0,18,2321560.32,Approved,1575387.45,2024-10-23,,CO05
A000299,C00609,B006,2026-09-06,Renovation,850000.0,18,474456.46,Approved,705350.67,2026-09-27,,CO06
A000300,C00638,B002,2025-10-03,Machinery,1300000.0,18,1883807.69,Approved,1171171.91,2025-10-19,,CO05
A000301,C00953,B008,2025-12-06,Vehicle,6850000.0,12,715739.72,Rejected,,2025-12-13,Insufficient collateral,CO01
A000302,C00866,B008,2024-09-09,Inventory,4900000.0,24,4641102.6,Rejected,,2024-09-22,Business profile outside policy,CO09
A000303,C00827,B004,2024-11-17,Working Capital,3000000.0,24,2195122.62,Approved,2356350.31,2024-11-30,,CO11
A000304,C00667,B002,2024-11-01,Expansion,2050000.0,12,2306304.95,Approved,1850095.32,2024-11-21,,CO07
A000305,C00442,B007,2024-11-30,Inventory,1150000.0,6,717941.36,Approved,1122793.29,2024-12-17,,CO10
A000306,C00462,B003,2026-09-14,Working Capital,11500000.0,24,6351936.82,Rejected,,2026-09-25,Requested amount high vs revenue,CO07
A000307,C00345,B001,2025-02-10,Inventory,4750000.0,12,2392396.59,Approved,3864002.84,2025-02-23,,CO03
A000308,C00987,B004,2026-06-21,Expansion,800000.0,12,42987.7,Approved,797094.93,2026-07-07,,CO02
A000309,C00382,B003,2025-06-13,Inventory,9450000.0,6,6754294.68,Approved,8399136.64,2025-06-29,,CO09
A000310,C00131,B005,2024-06-26,Expansion,850000.0,12,730070.23,Approved,811202.8,2024-07-13,,CO03
A000311,C00654,B001,2026-01-17,Working Capital,2600000.0,12,2064832.39,Approved,2445271.84,2026-02-06,,CO09
A000312,C00050,B004,2026-04-18,Inventory,18000000.0,12,11230293.23,Approved,17519453.81,2026-05-06,,CO06
A000313,C00817,B001,2025-11-23,Renovation,650000.0,24,873509.33,Approved,527011.95,2025-12-16,,CO04
A000314,C00158,B007,2025-07-04,Expansion,5400000.0,36,1473491.73,Rejected,,2025-07-09,Requested amount high vs revenue,CO04
A000315,C00681,B002,2025-11-25,Inventory,1200000.0,6,416452.72,Approved,1124553.23,2025-12-12,,CO11
A000316,C00556,B001,2024-03-09,Expansion,10450000.0,12,174316.65,Rejected,,2024-03-20,Insufficient collateral,CO06
A000317,C00737,B005,2026-07-04,Working Capital,3900000.0,36,5529941.36,Approved,3655603.32,2026-07-21,,CO07
A000318,C00452,B005,2025-06-10,Renovation,25000000.0,12,36251846.52,Approved,24042185.16,2025-06-22,,CO04
A000319,C00840,B003,2025-05-01,Expansion,4650000.0,24,6099610.74,Approved,3873464.81,2025-05-15,,CO10
A000320,C00127,B005,2026-09-10,Expansion,2850000.0,36,2341451.84,Approved,2778976.46,2026-09-25,,CO12
A000321,C00614,B001,2024-11-18,Expansion,8450000.0,36,7063340.38,Rejected,,2024-11-29,Requested amount high vs revenue,CO12
A000322,C00259,B006,2026-07-15,Working Capital,2750000.0,12,2868140.82,Approved,2535873.17,2026-08-01,,CO09
A000323,C00512,B001,2026-04-16,Working Capital,4200000.0,12,6108867.48,Approved,3410632.05,2026-05-03,,CO01
A000324,C00836,B001,2024-08-23,Working Capital,500000.0,6,104404.31,Withdrawn,,2024-08-30,Required documents not submitted,CO10
A000325,C00688,B004,2024-05-04,Working Capital,1150000.0,12,1234247.08,Approved,1131924.71,2024-05-18,,CO11
A000326,C00250,B001,2026-02-12,Working Capital,5350000.0,18,1607300.8,Rejected,,2026-02-26,Insufficient collateral,CO11
A000327,C00810,B001,2024-07-22,Inventory,10300000.0,18,9291681.35,Approved,9715812.72,2024-08-11,,CO07
A000328,C00449,B001,2026-07-13,Inventory,2450000.0,36,655073.12,Rejected,,2026-07-25,Insufficient collateral,CO02
A000329,C00726,B006,2026-07-02,Renovation,2900000.0,12,2784994.55,Approved,2754807.74,2026-07-18,,CO08
A000330,C00043,B001,2025-07-29,Inventory,5750000.0,18,3198901.44,Approved,5252770.56,2025-08-14,,CO01
A000331,C00541,B002,2025-07-25,Expansion,5250000.0,18,4714513.66,Rejected,,2025-08-03,High existing debt,CO10
A000332,C00440,B002,2026-05-14,Working Capital,1300000.0,18,360471.0,Approved,1296639.83,2026-05-31,,CO08
A000333,C00870,B002,2024-11-05,Renovation,7950000.0,6,3000673.77,Approved,6787989.59,2024-11-19,,CO06
A000334,C00995,B007,2025-04-12,Working Capital,3600000.0,24,703119.96,Rejected,,2025-04-23,High existing debt,CO05
A000335,C00095,B007,2025-03-22,Working Capital,1500000.0,24,286516.76,Rejected,,2025-04-03,Insufficient collateral,CO12
A000336,C00749,B006,2024-05-15,Working Capital,9150000.0,24,7625386.65,Approved,8300469.43,2024-06-03,,CO03
A000337,C00865,B008,2024-01-01,Inventory,750000.0,24,1091403.35,Rejected,,2024-01-09,Insufficient financial information,CO03
A000338,C00217,B007,2026-06-04,Expansion,6900000.0,12,9195434.73,Withdrawn,,2026-06-10,Customer withdrew application,CO08
A000339,C00533,B002,2024-09-25,Inventory,1700000.0,12,2482639.6,Approved,1506069.9,2024-10-10,,CO01
A000340,C00806,B008,2025-10-18,Inventory,6550000.0,12,8293944.35,Approved,6285261.81,2025-11-04,,CO02
A000341,C00323,B005,2026-02-04,Vehicle,18350000.0,12,15002556.98,Approved,14599143.26,2026-02-14,,CO07
A000342,C00608,B003,2024-01-05,Renovation,5550000.0,24,6673919.44,Approved,4686796.43,2024-01-19,,CO11
A000343,C00145,B004,2025-07-22,Expansion,7700000.0,18,11349260.48,Approved,7631115.47,2025-08-04,,CO12
A000344,C00528,B002,2024-07-26,Vehicle,24750000.0,12,19555993.31,Withdrawn,,2024-08-05,Customer changed financing plan,CO09
A000345,C00680,B004,2024-07-06,Working Capital,5250000.0,12,4285402.54,Rejected,,2024-07-13,Requested amount high vs revenue,CO03
A000346,C00431,B001,2024-10-06,Renovation,6550000.0,24,6755785.53,Approved,5889938.45,2024-10-27,,CO04
A000347,C00561,B007,2024-11-21,Vehicle,3450000.0,36,3721684.64,Approved,2731282.38,2024-12-08,,CO08
A000348,C00950,B004,2025-02-06,Machinery,3750000.0,12,546333.12,Approved,3371194.78,2025-02-24,,CO06
A000349,C00924,B001,2025-05-20,Inventory,1000000.0,6,1040142.6,Approved,891652.28,2025-06-03,,CO07
A000350,C00098,B001,2026-04-04,Working Capital,2800000.0,24,60461.42,Approved,2328025.63,2026-04-21,,CO05
A000351,C00716,B008,2024-01-01,Vehicle,25000000.0,12,20349335.73,Approved,24229623.75,2024-01-21,,CO12
A000352,C00942,B001,2024-04-23,Machinery,2500000.0,36,3446921.44,Approved,2439828.23,2024-05-14,,CO06
A000353,C00033,B002,2026-09-05,Vehicle,1150000.0,18,87980.9,Approved,1059910.06,2026-09-24,,CO04
A000354,C00683,B001,2025-02-06,Working Capital,3600000.0,12,3679049.02,Approved,2907836.75,2025-02-21,,CO01
A000355,C00900,B002,2025-06-02,Expansion,25000000.0,12,720086.51,Rejected,,2025-06-10,Requested amount high vs revenue,CO09
A000356,C00368,B006,2024-09-06,Renovation,7050000.0,12,4618941.02,Rejected,,2024-09-17,Adverse repayment history,CO11
A000357,C00020,B007,2026-08-23,Renovation,9400000.0,6,2055724.8,Approved,7884271.56,2026-09-08,,CO11
A000358,C00129,B002,2025-08-06,Vehicle,14850000.0,24,12544614.86,Approved,14348552.48,2025-08-21,,CO06
A000359,C00336,B006,2025-10-10,Machinery,900000.0,18,562717.3,Approved,752444.69,2025-10-27,,CO10
A000360,C00063,B002,2025-08-09,Inventory,1550000.0,24,1459861.93,Withdrawn,,2025-08-14,Customer withdrew application,CO11
A000361,C00917,B004,2024-02-17,Machinery,500000.0,24,108202.77,Rejected,,2024-02-28,High existing debt,CO07
A000362,C00403,B004,2024-05-19,Expansion,1200000.0,36,1068132.57,Approved,1144547.96,2024-06-03,,CO09
A000363,C00462,B003,2026-05-31,Working Capital,4300000.0,24,1326233.58,Approved,4114685.08,2026-06-15,,CO03
A000364,C00817,B001,2024-05-24,Machinery,800000.0,12,1147165.5,Rejected,,2024-06-07,Adverse repayment history,CO02
A000365,C00821,B006,2024-08-19,Inventory,9900000.0,12,9497909.47,Approved,8489901.04,2024-09-04,,CO09
A000366,C00805,B002,2026-07-20,Expansion,4300000.0,18,2333035.53,Approved,3874868.65,2026-08-09,,CO12
A000367,C00603,B003,2025-04-19,Inventory,5150000.0,24,194044.53,Approved,4284765.49,2025-05-05,,CO09
A000368,C00784,B001,2025-01-19,Expansion,500000.0,36,284475.65,Rejected,,2025-01-31,Business profile outside policy,CO02
A000369,C00527,B005,2026-02-11,Expansion,500000.0,12,488238.25,Approved,494006.58,2026-03-02,,CO01
A000370,C00259,B006,2025-05-13,Renovation,3100000.0,24,1146447.91,Rejected,,2025-05-24,High existing debt,CO12
A000371,C00011,B005,2026-01-22,Working Capital,500000.0,12,10141.53,Approved,444782.97,2026-02-09,,CO03
A000372,C00713,B006,2026-01-05,Working Capital,10400000.0,24,6938583.35,Approved,10364218.39,2026-01-19,,CO01
A000373,C00353,B002,2025-03-26,Machinery,9350000.0,36,358867.23,Withdrawn,,2025-04-02,Customer withdrew application,CO10
A000374,C00092,B007,2026-04-12,Inventory,5400000.0,18,816739.43,Approved,4353765.98,2026-04-28,,CO01
A000375,C00270,B008,2026-01-29,Expansion,500000.0,24,474347.96,Approved,391539.13,2026-02-13,,CO01
A000376,C00376,B004,2025-01-12,Renovation,2050000.0,36,322470.11,Approved,1667990.22,2025-02-03,,CO10
A000377,C00525,B004,2024-03-02,Working Capital,1500000.0,24,1143616.25,Rejected,,2024-03-13,High existing debt,CO12
A000378,C00231,B008,2024-11-05,Inventory,2000000.0,18,1961627.56,Approved,1624617.54,2024-11-19,,CO04
A000379,C00805,B002,2026-07-30,Vehicle,11750000.0,24,11641704.33,Approved,11633571.03,2026-08-17,,CO09
A000380,C00753,B004,2025-08-31,Renovation,4150000.0,24,2319881.39,Approved,3785516.83,2025-09-16,,CO11
A000381,C00390,B006,2025-07-27,Machinery,1500000.0,12,2202511.23,Approved,1189009.05,2025-08-12,,CO09
A000382,C00242,B005,2026-08-30,Working Capital,23300000.0,24,32635664.56,Approved,21858404.63,2026-09-13,,CO06
A000383,C00885,B006,2025-02-03,Renovation,1450000.0,12,1815539.07,Approved,1377296.29,2025-02-18,,CO11
A000384,C00344,B006,2024-09-02,Machinery,4300000.0,36,5748584.31,Approved,3761638.99,2024-09-16,,CO05
A000385,C00130,B001,2024-10-19,Machinery,9800000.0,36,14328657.42,Approved,8380684.7,2024-11-07,,CO07
A000386,C00611,B002,2026-08-20,Machinery,4900000.0,12,875501.2,Approved,4659519.37,2026-09-06,,CO10
A000387,C00122,B008,2024-05-05,Renovation,500000.0,36,190731.39,Rejected,,2024-05-09,High existing debt,CO05
A000388,C00796,B003,2024-08-06,Inventory,550000.0,18,569581.81,Approved,493633.11,2024-08-20,,CO11
A000389,C00749,B006,2025-06-27,Vehicle,13650000.0,12,656550.0,Approved,11116724.5,2025-07-17,,CO06
A000390,C00836,B005,2024-06-29,Machinery,1850000.0,24,2387040.4,Withdrawn,,2024-07-11,Customer changed financing plan,CO04
A000391,C00659,B002,2026-08-14,Vehicle,3600000.0,18,1147150.99,Approved,3265225.34,2026-08-27,,CO07
A000392,C00699,B003,2024-07-18,Machinery,900000.0,36,1222123.75,Rejected,,2024-07-26,High existing debt,CO01
A000393,C00950,B004,2025-06-15,Inventory,1100000.0,6,66872.55,Approved,1018341.47,2025-07-03,,CO04
A000394,C00123,B001,2024-11-04,Working Capital,5500000.0,24,6263386.84,Approved,4489018.89,2024-11-18,,CO01
A000395,C00204,B001,2025-09-29,Machinery,7650000.0,18,7007961.44,Rejected,,2025-10-10,Requested amount high vs revenue,CO04
A000396,C00353,B002,2026-09-16,Expansion,17400000.0,36,4752883.18,Approved,15929851.23,2026-09-30,,CO09
A000397,C00618,B001,2025-01-07,Vehicle,3650000.0,24,1141299.96,Approved,3128056.48,2025-01-25,,CO01
A000398,C00481,B001,2024-02-20,Expansion,1250000.0,18,1844706.67,Rejected,,2024-03-02,Credit assessment not satisfactory,CO07
A000399,C00040,B001,2024-05-07,Working Capital,2750000.0,24,2841731.27,Approved,2255645.43,2024-05-26,,CO02
A000400,C00987,B004,2026-05-12,Inventory,1050000.0,24,224335.59,Approved,852529.33,2026-05-26,,CO04
A000401,C00708,B007,2024-06-14,Renovation,2050000.0,24,1264470.28,Approved,1854299.16,2024-06-30,,CO12
A000402,C00836,B005,2026-09-08,Machinery,500000.0,12,448580.56,Pending,,,,CO07
A000403,C00249,B007,2024-09-07,Working Capital,4100000.0,18,445351.88,Approved,3482360.29,2024-09-25,,CO09
A000404,C00973,B003,2025-10-30,Expansion,1050000.0,36,1054944.31,Approved,911237.48,2025-11-15,,CO10
A000405,C00849,B004,2025-01-30,Working Capital,9800000.0,24,12163820.59,Approved,8438027.71,2025-02-18,,CO07
A000406,C00738,B001,2025-08-02,Inventory,1250000.0,12,909787.72,Rejected,,2025-08-16,Requested amount high vs revenue,CO08
A000407,C00561,B007,2024-07-08,Working Capital,5950000.0,24,8840728.01,Rejected,,2024-07-14,Requested amount high vs revenue,CO02
A000408,C00140,B001,2024-03-16,Renovation,6550000.0,24,5755183.48,Approved,5925174.75,2024-04-04,,CO09
A000409,C00486,B001,2025-03-12,Expansion,2500000.0,6,2447777.41,Approved,2477529.11,2025-04-01,,CO12
A000410,C00591,B006,2025-03-06,Machinery,8250000.0,36,11880540.66,Approved,6601427.36,2025-03-23,,CO07
A000411,C00337,B006,2026-09-03,Expansion,6650000.0,18,890757.3,Approved,5697741.25,2026-09-19,,CO07
A000412,C00279,B004,2025-04-12,Inventory,1000000.0,6,556112.18,Approved,947753.37,2025-04-30,,CO08
A000413,C00411,B005,2025-08-30,Machinery,1450000.0,36,841757.65,Approved,1236469.65,2025-09-15,,CO01
A000414,C00417,B002,2025-12-16,Working Capital,2650000.0,24,409288.19,Approved,2581632.7,2026-01-04,,CO10
A000415,C00666,B003,2025-12-13,Machinery,1350000.0,6,926613.89,Approved,1190413.75,2025-12-30,,CO11
A000416,C00212,B004,2024-03-21,Vehicle,5950000.0,36,4306826.85,Rejected,,2024-03-29,Insufficient financial information,CO11
A000417,C00446,B002,2024-12-04,Inventory,3650000.0,36,4837790.33,Approved,2944413.75,2024-12-21,,CO10
A000418,C00951,B002,2024-09-05,Vehicle,1400000.0,12,859649.77,Approved,1325793.71,2024-09-20,,CO11
A000419,C00717,B006,2024-02-18,Expansion,6300000.0,12,4973336.03,Approved,6136918.87,2024-03-02,,CO10
A000420,C00879,B001,2024-06-10,Working Capital,500000.0,36,114201.39,Approved,425950.58,2024-06-25,,CO09
A000421,C00357,B002,2025-12-27,Inventory,2750000.0,18,644165.63,Withdrawn,,2026-01-08,Customer changed financing plan,CO10
A000422,C00444,B006,2024-03-06,Working Capital,8850000.0,18,4925680.42,Approved,8331784.27,2024-03-21,,CO08
A000423,C00342,B004,2025-06-25,Inventory,2950000.0,12,398110.55,Rejected,,2025-07-07,High existing debt,CO10
A000424,C00625,B002,2024-09-24,Inventory,12200000.0,12,3395323.23,Approved,9644987.48,2024-10-08,,CO04
A000425,C00304,B002,2025-02-21,Working Capital,5100000.0,12,1750269.53,Rejected,,2025-03-05,Requested amount high vs revenue,CO05
A000426,C00238,B004,2025-03-01,Expansion,8450000.0,24,1339308.31,Rejected,,2025-03-10,Insufficient collateral,CO12
A000427,C00725,B002,2024-10-14,Machinery,850000.0,6,1094782.91,Approved,750107.63,2024-10-30,,CO04
A000428,C00039,B003,2024-11-22,Working Capital,600000.0,24,598813.03,Approved,519591.33,2024-12-10,,CO03
A000429,C00460,B006,2026-02-10,Renovation,6500000.0,12,1352816.3,Withdrawn,,2026-02-14,Customer changed financing plan,CO07
A000430,C00588,B001,2026-06-17,Working Capital,1050000.0,12,171482.42,Rejected,,2026-06-28,Insufficient collateral,CO01
A000431,C00449,B004,2025-05-04,Expansion,2100000.0,24,2108686.58,Approved,2055422.32,2025-05-18,,CO04
A000432,C00753,B004,2024-06-23,Working Capital,2100000.0,24,1160720.39,Rejected,,2024-07-03,Business profile outside policy,CO12
A000433,C00817,B001,2026-01-04,Working Capital,550000.0,24,514301.6,Rejected,,2026-01-17,High existing debt,CO11
A000434,C00905,B007,2026-09-08,Working Capital,12000000.0,24,3316722.34,Rejected,,2026-09-15,Insufficient collateral,CO01
A000435,C00396,B003,2024-08-20,Expansion,8350000.0,12,9215786.78,Approved,7612990.46,2024-09-07,,CO10
A000436,C00801,B004,2026-02-15,Expansion,4300000.0,36,1246496.2,Rejected,,2026-02-20,High existing debt,CO03
A000437,C00103,B001,2024-02-18,Working Capital,1050000.0,18,670595.36,Approved,973679.83,2024-03-09,,CO02
A000438,C00466,B001,2025-05-11,Working Capital,900000.0,24,865927.26,Approved,737284.15,2025-06-01,,CO06
A000439,C00753,B004,2024-06-25,Working Capital,5650000.0,36,1691470.54,Withdrawn,,2024-07-04,Customer changed financing plan,CO03
A000440,C00148,B001,2025-01-20,Inventory,8250000.0,12,12167664.41,Approved,7414334.92,2025-02-08,,CO04
A000441,C00208,B006,2025-03-29,Vehicle,4100000.0,12,5164081.98,Withdrawn,,2025-03-30,Customer changed financing plan,CO01
A000442,C00824,B001,2025-01-18,Expansion,3850000.0,18,538015.74,Approved,3531455.2,2025-02-01,,CO03
A000443,C00407,B002,2024-08-02,Working Capital,4450000.0,24,2702053.28,Approved,4363895.51,2024-08-13,,CO10
A000444,C00158,B007,2026-06-26,Machinery,4250000.0,12,4765657.87,Approved,3424418.95,2026-07-13,,CO06
A000445,C00947,B006,2024-06-04,Expansion,2100000.0,24,2197898.33,Approved,1717630.54,2024-06-21,,CO10
A000446,C00741,B006,2026-09-03,Working Capital,3100000.0,6,2840346.19,Rejected,,2026-09-14,High existing debt,CO11
A000447,C00552,B001,2025-08-10,Expansion,10200000.0,24,9692292.71,Rejected,,2025-08-23,Requested amount high vs revenue,CO06
A000448,C00768,B005,2026-07-22,Vehicle,1000000.0,18,1221471.28,Approved,947986.7,2026-08-09,,CO02
A000449,C00544,B008,2025-07-04,Working Capital,6650000.0,12,5988830.37,Rejected,,2025-07-13,Insufficient financial information,CO08
A000450,C00654,B004,2024-11-17,Expansion,7100000.0,36,10097121.37,Approved,6218007.97,2024-12-05,,CO03
A000451,C00223,B008,2024-04-24,Expansion,5150000.0,18,2729713.66,Approved,4710094.89,2024-05-07,,CO09
A000452,C00223,B008,2025-05-12,Renovation,6300000.0,18,6010379.93,Rejected,,2025-05-28,Requested amount high vs revenue,CO10
A000453,C00625,B003,2025-06-23,Working Capital,5750000.0,24,5371695.05,Approved,5355558.95,2025-07-08,,CO03
A000454,C00724,B001,2024-12-22,Renovation,2750000.0,18,212730.97,Rejected,,2025-01-01,High existing debt,CO05
A000455,C00251,B002,2024-01-02,Renovation,6750000.0,12,6767210.18,Approved,5934886.27,2024-01-14,,CO09
A000456,C00715,B004,2025-04-13,Inventory,11000000.0,36,15770933.58,Rejected,,2025-04-25,Requested amount high vs revenue,CO04
A000457,C00835,B004,2026-02-03,Working Capital,700000.0,12,970756.61,Approved,562132.25,2026-02-19,,CO07
A000458,C00566,B008,2024-04-21,Working Capital,650000.0,12,936026.88,Approved,628428.26,2024-05-06,,CO12
A000459,C00995,B007,2024-07-10,Machinery,10150000.0,36,14846784.08,Approved,9916993.26,2024-07-25,,CO08
A000460,C00395,B005,2025-03-08,Inventory,12650000.0,24,9537108.55,Rejected,,2025-03-17,Requested amount high vs revenue,CO02
A000461,C00637,B007,2025-03-31,Renovation,1150000.0,36,737077.91,Approved,1072273.11,2025-04-19,,CO06
A000462,C00677,B006,2025-11-22,Working Capital,12950000.0,24,17062385.16,Approved,11843549.7,2025-12-11,,CO06
A000463,C00589,B001,2025-04-03,Working Capital,3500000.0,24,3834915.61,Approved,2736955.0,2025-04-23,,CO08
A000464,C00756,B003,2025-08-16,Vehicle,650000.0,12,523856.37,Approved,569615.8,2025-09-03,,CO10
A000465,C00406,B001,2024-01-04,Expansion,6700000.0,12,7444812.2,Approved,5336944.99,2024-01-24,,CO09
A000466,C00199,B001,2025-04-18,Working Capital,19350000.0,18,11271436.01,Rejected,,2025-05-01,Requested amount high vs revenue,CO10
A000467,C00547,B001,2024-11-19,Working Capital,3500000.0,24,3170816.8,Approved,2754177.26,2024-12-04,,CO07
A000468,C00143,B001,2025-02-13,Working Capital,1300000.0,6,743153.58,Approved,1014155.8,2025-03-04,,CO09
A000469,C00587,B004,2026-04-03,Working Capital,1700000.0,24,1011133.61,Approved,1365638.88,2026-04-24,,CO06
A000470,C00426,B001,2026-08-05,Renovation,9100000.0,36,11900927.46,Approved,8283532.09,2026-08-23,,CO10
A000471,C00365,B001,2026-09-18,Renovation,2650000.0,12,3697494.15,Approved,2328665.27,2026-09-30,,CO01
A000472,C00515,B006,2026-07-23,Working Capital,4550000.0,18,754290.61,Approved,4438444.15,2026-08-08,,CO02
A000473,C00049,B004,2024-10-29,Working Capital,12200000.0,12,14522499.1,Rejected,,2024-11-07,Requested amount high vs revenue,CO06
A000474,C00169,B006,2025-01-21,Working Capital,1750000.0,12,1302897.28,Approved,1433630.27,2025-02-05,,CO03
A000475,C00128,B001,2024-08-08,Renovation,2100000.0,12,2277202.01,Approved,2000885.92,2024-08-26,,CO06
A000476,C00612,B007,2024-11-30,Working Capital,7950000.0,24,1699320.62,Approved,6809124.07,2024-12-16,,CO02
A000477,C00171,B001,2024-09-12,Machinery,4450000.0,36,2346021.24,Rejected,,2024-09-19,Requested amount high vs revenue,CO08
A000478,C00161,B002,2025-07-02,Inventory,6700000.0,24,5259139.54,Rejected,,2025-07-17,Requested amount high vs revenue,CO11
A000479,C00862,B003,2026-05-29,Working Capital,7200000.0,36,943752.2,Approved,6965060.29,2026-06-16,,CO01
A000480,C00372,B002,2024-09-21,Machinery,600000.0,18,183524.58,Approved,566122.19,2024-10-08,,CO12
A000481,C00303,B004,2026-05-14,Machinery,1600000.0,12,1165488.68,Approved,1365346.25,2026-05-31,,CO08
A000482,C00523,B001,2024-05-07,Expansion,3700000.0,36,2147538.08,Approved,3648180.02,2024-05-22,,CO09
A000483,C00486,B006,2025-07-24,Working Capital,3650000.0,18,1839078.31,Approved,2992776.04,2025-08-08,,CO08
A000484,C00709,B003,2026-05-01,Inventory,6250000.0,24,1206577.3,Approved,5459176.7,2026-05-18,,CO08
A000485,C00193,B003,2025-01-25,Expansion,5850000.0,18,3305449.55,Approved,4833141.49,2025-02-10,,CO07
A000486,C00140,B003,2025-10-06,Inventory,3900000.0,36,82146.93,Withdrawn,,2025-10-13,Customer withdrew application,CO09
A000487,C00610,B003,2025-08-14,Working Capital,2150000.0,36,588031.99,Rejected,,2025-08-20,Insufficient collateral,CO05
A000488,C00175,B006,2026-01-23,Renovation,1300000.0,12,1692593.72,Approved,1174457.44,2026-02-08,,CO06
A000489,C00844,B006,2025-12-28,Expansion,3550000.0,12,736004.07,Rejected,,2026-01-11,Requested amount high vs revenue,CO12
A000490,C00552,B006,2024-11-02,Expansion,3700000.0,24,4355911.06,Approved,3631545.92,2024-11-20,,CO05
A000491,C00948,B003,2026-03-19,Working Capital,4850000.0,18,7260199.26,Approved,4015219.54,2026-04-02,,CO01
A000492,C00215,B003,2026-05-19,Expansion,11950000.0,18,2914627.02,Approved,9350856.28,2026-06-07,,CO01
A000493,C00756,B002,2025-03-31,Machinery,700000.0,12,156876.73,Approved,642712.64,2025-04-11,,CO11
A000494,C00321,B002,2025-04-20,Renovation,500000.0,36,568369.14,Approved,476599.13,2025-05-10,,CO02
A000495,C00011,B005,2025-06-29,Working Capital,1700000.0,18,91392.75,Approved,1584091.58,2025-07-15,,CO06
A000496,C00847,B004,2026-01-04,Working Capital,1350000.0,6,789575.8,Rejected,,2026-01-11,Business profile outside policy,CO08
A000497,C00211,B004,2024-05-23,Renovation,1850000.0,24,377146.18,Approved,1729656.0,2024-06-05,,CO11
A000498,C00342,B003,2026-02-08,Vehicle,3100000.0,18,3248137.08,Rejected,,2026-02-12,High existing debt,CO10
A000499,C00500,B002,2026-03-19,Vehicle,1650000.0,12,259305.67,Approved,1463475.74,2026-04-07,,CO08
A000500,C00029,B004,2025-03-07,Renovation,650000.0,18,89210.01,Approved,623831.03,2025-03-21,,CO11
A000501,C00423,B001,2024-04-17,Inventory,4200000.0,36,4623600.51,Approved,4041289.59,2024-04-29,,CO01
A000502,C00999,B002,2024-02-08,Working Capital,3250000.0,6,1903191.18,Approved,3147908.77,2024-02-25,,CO02
A000503,C00270,B008,2025-04-09,Working Capital,750000.0,12,438424.38,Approved,651351.77,2025-04-23,,CO12
A000504,C00775,B004,2024-06-26,Expansion,7550000.0,12,5147121.14,Approved,7063180.61,2024-07-13,,CO06
A000505,C00551,B005,2025-05-17,Working Capital,1050000.0,12,703423.66,Approved,907645.66,2025-06-03,,CO05
A000506,C00795,B006,2026-08-27,Working Capital,2000000.0,18,1394734.13,Approved,1662976.03,2026-09-10,,CO07
A000507,C00291,B004,2026-04-29,Working Capital,1900000.0,6,1643989.68,Approved,1657196.82,2026-05-15,,CO01
A000508,C00191,B008,2024-12-23,Working Capital,2350000.0,6,2355243.82,Approved,2207391.33,2025-01-09,,CO06
A000509,C00462,B004,2024-10-01,Inventory,3050000.0,6,2366149.8,Approved,2628096.28,2024-10-16,,CO04
A000510,C00861,B001,2025-05-09,Inventory,1350000.0,36,1439408.76,Withdrawn,,2025-05-21,Required documents not submitted,CO12
A000511,C00572,B005,2025-02-03,Renovation,1000000.0,18,570982.43,Approved,843714.77,2025-02-18,,CO05
A000512,C00853,B007,2024-04-12,Working Capital,2150000.0,6,2491791.29,Approved,1747623.29,2024-05-01,,CO07
A000513,C00460,B001,2026-08-10,Working Capital,4200000.0,24,2497228.77,Rejected,,2026-08-17,Adverse repayment history,CO07
A000514,C00982,B001,2025-04-21,Expansion,2600000.0,6,1442023.95,Withdrawn,,2025-04-23,Customer changed financing plan,CO04
A000515,C00631,B001,2026-02-09,Inventory,550000.0,12,319922.65,Rejected,,2026-02-18,High existing debt,CO11
A000516,C00400,B007,2024-05-02,Working Capital,7100000.0,12,9557231.24,Approved,5799141.21,2024-05-20,,CO02
A000517,C00486,B006,2024-11-09,Working Capital,900000.0,36,968293.31,Approved,730556.49,2024-11-20,,CO11
A000518,C00407,B002,2024-07-04,Working Capital,3250000.0,24,4751212.48,Approved,3123654.38,2024-07-20,,CO08
A000519,C00905,B007,2024-01-24,Working Capital,4050000.0,24,2177884.87,Approved,3888141.99,2024-02-07,,CO12
A000520,C00571,B001,2025-11-24,Working Capital,20300000.0,24,2915813.2,Rejected,,2025-12-04,Adverse repayment history,CO06
A000521,C00979,B006,2025-03-16,Expansion,2800000.0,24,2079448.34,Approved,2725345.84,2025-03-30,,CO09
A000522,C00691,B004,2025-04-19,Machinery,500000.0,6,312392.31,Rejected,,2025-04-28,Business profile outside policy,CO02
A000523,C00579,B001,2025-05-17,Working Capital,3000000.0,12,3426595.06,Rejected,,2025-05-27,Requested amount high vs revenue,CO07
A000524,C00623,B008,2026-03-15,Machinery,3050000.0,18,622031.04,Approved,3026826.48,2026-03-30,,CO07
A000525,C00327,B006,2024-05-31,Inventory,1400000.0,6,1673001.1,Approved,1370020.01,2024-06-13,,CO01
A000526,C00900,B002,2024-01-03,Working Capital,5450000.0,18,3360885.96,Approved,4256790.27,2024-01-20,,CO09
A000527,C00534,B007,2024-05-01,Machinery,1450000.0,18,1798914.15,Approved,1349678.0,2024-05-20,,CO04
A000528,C00957,B002,2025-08-18,Inventory,3100000.0,18,570190.59,Approved,2788548.79,2025-09-04,,CO02
A000529,C00966,B006,2024-09-21,Machinery,500000.0,6,418231.5,Approved,487935.05,2024-10-06,,CO12
A000530,C00856,B002,2024-03-25,Renovation,2150000.0,12,2768032.69,Approved,1948185.61,2024-04-10,,CO05
A000531,C00154,B005,2024-09-23,Vehicle,2000000.0,6,1610111.31,Approved,1812891.82,2024-10-09,,CO10
A000532,C00257,B008,2025-12-21,Working Capital,2600000.0,18,1399310.15,Approved,2107667.67,2026-01-04,,CO09
A000533,C00933,B001,2024-06-04,Renovation,3050000.0,18,727685.48,Approved,2735219.44,2024-06-19,,CO09
A000534,C00909,B001,2025-12-06,Machinery,2300000.0,12,1736199.6,Approved,2297847.36,2025-12-23,,CO01
A000535,C00009,B001,2025-09-26,Working Capital,1750000.0,36,2151399.65,Approved,1667726.19,2025-10-12,,CO06
A000536,C00355,B004,2026-06-06,Vehicle,500000.0,6,284578.61,Withdrawn,,2026-06-19,Customer withdrew application,CO03
A000537,C00576,B006,2025-04-14,Working Capital,1550000.0,36,899312.38,Approved,1232407.53,2025-05-02,,CO02
A000538,C00129,B001,2024-09-27,Renovation,25000000.0,6,27376534.52,Rejected,,2024-10-11,Requested amount high vs revenue,CO05
A000539,C00391,B006,2024-11-08,Inventory,13300000.0,36,7813819.28,Approved,10631817.43,2024-11-25,,CO04
A000540,C00008,B003,2026-01-31,Inventory,15550000.0,36,13033041.49,Approved,15547171.23,2026-02-10,,CO09
A000541,C00174,B008,2026-02-14,Working Capital,16550000.0,24,4423341.71,Approved,15855442.19,2026-03-06,,CO06
A000542,C00955,B008,2026-05-26,Working Capital,3750000.0,36,5620027.02,Rejected,,2026-06-01,Requested amount high vs revenue,CO10
A000543,C00301,B004,2024-03-23,Inventory,1500000.0,24,216963.37,Approved,1329512.97,2024-04-08,,CO05
A000544,C00997,B007,2024-11-16,Vehicle,4500000.0,12,3004697.05,Approved,3596011.84,2024-12-06,,CO11
A000545,C00444,B006,2026-02-08,Machinery,6050000.0,18,5372149.67,Approved,5739098.28,2026-02-28,,CO02
A000546,C00687,B006,2025-07-13,Expansion,3900000.0,18,3933.47,Rejected,,2025-07-18,Insufficient collateral,CO12
A000547,C00067,B005,2025-03-05,Expansion,1250000.0,18,1760056.68,Approved,1019274.41,2025-03-22,,CO06
A000548,C00319,B005,2024-10-12,Working Capital,800000.0,12,744459.7,Approved,768988.03,2024-10-29,,CO04
A000549,C00509,B001,2026-01-17,Inventory,2500000.0,6,58454.16,Approved,2275724.67,2026-02-03,,CO10
A000550,C00935,B001,2026-04-06,Working Capital,6450000.0,12,2370977.65,Rejected,,2026-04-16,Insufficient collateral,CO11
A000551,C00569,B001,2026-02-06,Working Capital,4650000.0,18,6807339.83,Rejected,,2026-02-17,High existing debt,CO12
A000552,C00520,B001,2025-10-25,Working Capital,5050000.0,18,7336431.43,Rejected,,2025-11-07,Requested amount high vs revenue,CO04
A000553,C00346,B006,2024-01-24,Expansion,2850000.0,18,1930750.27,Approved,2258261.29,2024-02-07,,CO04
A000554,C00480,B001,2024-04-18,Machinery,3450000.0,18,1075292.19,Approved,3266449.58,2024-05-09,,CO11
A000555,C00394,B003,2026-03-04,Working Capital,2200000.0,12,2533377.43,Approved,2102362.14,2026-03-23,,CO09
A000556,C00016,B003,2025-04-21,Vehicle,2900000.0,6,3120098.79,Rejected,,2025-05-03,High existing debt,CO03
A000557,C00994,B008,2024-02-08,Inventory,1250000.0,24,801205.79,Approved,1096683.1,2024-02-28,,CO11
A000558,C00366,B002,2025-12-07,Working Capital,7850000.0,36,11490530.34,Approved,6322365.01,2025-12-23,,CO07
A000559,C00917,B003,2025-02-01,Working Capital,1600000.0,6,2343376.29,Approved,1523182.99,2025-02-15,,CO05
A000560,C00869,B002,2025-12-12,Working Capital,1000000.0,12,54781.42,Withdrawn,,2025-12-15,Customer changed financing plan,CO02
A000561,C00757,B004,2026-04-08,Working Capital,800000.0,36,432298.88,Rejected,,2026-04-16,High existing debt,CO12
A000562,C00298,B004,2024-09-07,Working Capital,7250000.0,24,956985.05,Withdrawn,,2024-09-16,Customer withdrew application,CO05
A000563,C00934,B004,2026-02-26,Renovation,8150000.0,24,5458825.29,Approved,7691816.78,2026-03-17,,CO02
A000564,C00141,B008,2026-07-18,Expansion,5050000.0,12,1196396.17,Approved,4887885.02,2026-08-06,,CO11
A000565,C00047,B006,2026-01-21,Machinery,3250000.0,24,4857011.76,Approved,2636062.69,2026-02-02,,CO06
A000566,C00067,B001,2025-04-16,Working Capital,1100000.0,18,904423.94,Rejected,,2025-04-26,Requested amount high vs revenue,CO11
A000567,C00741,B006,2025-05-13,Working Capital,5800000.0,18,1801054.72,Rejected,,2025-05-21,Insufficient collateral,CO08
A000568,C00688,B002,2024-06-14,Expansion,2150000.0,24,3200832.07,Approved,1819021.74,2024-06-28,,CO01
A000569,C00460,B006,2024-05-19,Working Capital,15700000.0,18,14766771.26,Rejected,,2024-05-28,Requested amount high vs revenue,CO08
A000570,C00428,B002,2024-05-08,Working Capital,3550000.0,24,4060710.75,Withdrawn,,2024-05-18,Customer changed financing plan,CO09
A000571,C00941,B004,2024-08-27,Working Capital,3550000.0,24,1103937.5,Rejected,,2024-09-02,Requested amount high vs revenue,CO08
A000572,C00205,B002,2026-09-06,Renovation,4850000.0,18,5279527.45,Approved,4288427.21,2026-09-22,,CO10
A000573,C00903,B004,2024-12-13,Machinery,1500000.0,36,1567116.05,Rejected,,2024-12-22,High existing debt,CO04
A000574,C00881,B005,2024-05-13,Machinery,1450000.0,6,102116.96,Rejected,,2024-05-21,Insufficient collateral,CO11
A000575,C00909,B004,2024-05-03,Renovation,2100000.0,12,1182396.28,Rejected,,2024-05-10,High existing debt,CO10
A000576,C00567,B001,2024-06-28,Renovation,3450000.0,36,10851.81,Rejected,,2024-07-06,Requested amount high vs revenue,CO02
A000577,C00912,B003,2025-02-11,Working Capital,10150000.0,6,11879013.62,Rejected,,2025-02-18,Requested amount high vs revenue,CO07
A000578,C00947,B006,2026-03-08,Working Capital,2200000.0,6,1613306.22,Approved,1851356.88,2026-03-21,,CO10
A000579,C00230,B005,2025-03-27,Working Capital,550000.0,18,215355.34,Rejected,,2025-04-11,Insufficient collateral,CO05
A000580,C00063,B002,2025-09-22,Inventory,4600000.0,18,200055.31,Approved,4355207.96,2025-10-10,,CO03
A000581,C00554,B002,2025-08-09,Working Capital,2350000.0,12,2091443.8,Approved,2050026.93,2025-08-27,,CO07
A000582,C00662,B004,2025-04-09,Vehicle,7300000.0,12,7729714.46,Approved,6854794.25,2025-04-29,,CO09
A000583,C00880,B002,2024-01-03,Machinery,500000.0,18,424207.47,Rejected,,2024-01-14,Business profile outside policy,CO03
A000584,C00610,B001,2026-03-01,Working Capital,1100000.0,24,908093.15,Rejected,,2026-03-16,Business profile outside policy,CO04
A000585,C00178,B005,2024-07-16,Working Capital,7950000.0,36,4188809.39,Approved,7693783.76,2024-08-02,,CO01
A000586,C00117,B004,2024-10-17,Machinery,19800000.0,36,13106175.4,Rejected,,2024-10-29,Requested amount high vs revenue,CO10
A000587,C00199,B006,2024-06-15,Working Capital,8200000.0,36,1942073.23,Approved,8199677.48,2024-06-30,,CO04
A000588,C00126,B002,2026-03-18,Working Capital,1550000.0,12,1050485.23,Approved,1413989.93,2026-03-31,,CO03
A000589,C00975,B001,2024-09-05,Renovation,800000.0,6,147131.43,Withdrawn,,2024-09-14,Customer withdrew application,CO10
A000590,C00794,B005,2025-08-02,Working Capital,4550000.0,24,3341441.48,Approved,3921749.42,2025-08-22,,CO12
A000591,C00411,B005,2026-05-25,Renovation,1900000.0,12,1428462.04,Approved,1492619.22,2026-06-10,,CO10
A000592,C00436,B006,2026-02-23,Working Capital,950000.0,24,809156.61,Approved,775739.01,2026-03-12,,CO02
A000593,C00065,B004,2026-05-30,Machinery,1250000.0,12,1200275.63,Approved,988576.58,2026-06-14,,CO08
A000594,C00497,B004,2024-09-24,Machinery,3000000.0,18,889498.8,Rejected,,2024-10-01,Insufficient collateral,CO11
A000595,C00818,B006,2025-07-06,Inventory,1350000.0,24,838356.0,Approved,1299365.9,2025-07-19,,CO04
A000596,C00985,B004,2026-02-14,Working Capital,13100000.0,18,1856480.39,Rejected,,2026-02-23,Insufficient collateral,CO07
A000597,C00282,B001,2024-12-07,Inventory,2250000.0,12,474562.53,Rejected,,2024-12-19,Insufficient collateral,CO08
A000598,C00139,B006,2024-01-19,Inventory,1000000.0,18,1117447.56,Approved,850154.07,2024-02-03,,CO06
A000599,C00083,B004,2024-06-11,Working Capital,3800000.0,6,5082886.32,Approved,3702123.62,2024-06-28,,CO05
A000600,C00458,B002,2024-07-12,Expansion,500000.0,12,2542.48,Approved,452670.48,2024-07-29,,CO03
A000601,C00609,B006,2025-09-12,Inventory,2650000.0,12,735241.5,Rejected,,2025-09-22,Insufficient collateral,CO10
A000602,C00370,B005,2024-03-09,Expansion,750000.0,6,697456.01,Approved,710897.56,2024-03-21,,CO09
A000603,C00635,B002,2024-11-01,Vehicle,1200000.0,36,1009045.43,Withdrawn,,2024-11-09,Required documents not submitted,CO03
A000604,C00473,B004,2024-11-24,Machinery,4300000.0,36,4011623.68,Approved,3560595.65,2024-12-13,,CO09
A000605,C00731,B001,2025-08-09,Machinery,4250000.0,12,720220.73,Approved,4234141.27,2025-08-25,,CO04
A000606,C00806,B001,2025-10-20,Renovation,4650000.0,12,173265.48,Approved,4547626.54,2025-11-07,,CO05
A000607,C00120,B008,2025-04-20,Machinery,11850000.0,18,2259125.67,Approved,9897377.49,2025-05-05,,CO05
A000608,C00185,B001,2026-06-20,Machinery,1500000.0,12,1747242.27,Approved,1373113.61,2026-07-06,,CO04
A000609,C00177,B006,2024-02-12,Vehicle,950000.0,12,768168.34,Approved,904209.1,2024-03-05,,CO04
A000610,C00514,B006,2025-04-04,Expansion,9850000.0,12,3444137.1,Approved,8895245.61,2025-04-17,,CO01
A000611,C00288,B004,2025-06-12,Machinery,1350000.0,6,6527.49,Rejected,,2025-06-22,Requested amount high vs revenue,CO08
A000612,C00760,B004,2025-02-04,Inventory,5200000.0,24,4781404.31,Approved,4824724.1,2025-02-20,,CO01
A000613,C00313,B005,2025-10-12,Machinery,3650000.0,12,737575.69,Withdrawn,,2025-10-21,Required documents not submitted,CO07
A000614,C00085,B004,2026-09-13,Vehicle,3150000.0,12,2163865.82,Rejected,,2026-09-23,Requested amount high vs revenue,CO06
A000615,C00675,B004,2024-03-30,Expansion,3550000.0,24,3107503.09,Rejected,,2024-04-12,Adverse repayment history,CO01
A000616,C00796,B003,2025-12-15,Machinery,2400000.0,18,2683210.93,Approved,1891274.63,2026-01-02,,CO12
A000617,C00254,B008,2025-03-11,Expansion,6100000.0,6,6262224.64,Approved,5972192.67,2025-03-26,,CO09
A000618,C00956,B005,2024-07-06,Machinery,3200000.0,18,735534.17,Approved,2852974.96,2024-07-25,,CO06
A000619,C00224,B003,2026-04-07,Vehicle,1300000.0,24,297773.39,Approved,1256475.73,2026-04-26,,CO08
A000620,C00410,B006,2024-11-18,Inventory,5150000.0,36,1738315.56,Approved,4314255.86,2024-12-04,,CO09
A000621,C00433,B002,2025-02-15,Inventory,3100000.0,18,2590280.51,Rejected,,2025-02-26,Business profile outside policy,CO01
A000622,C00486,B006,2025-08-17,Expansion,3550000.0,18,2730523.54,Approved,2889210.31,2025-08-30,,CO12
A000623,C00331,B005,2024-08-26,Machinery,500000.0,36,699137.56,Approved,407350.86,2024-09-12,,CO04
A000624,C00736,B005,2024-03-30,Inventory,1150000.0,12,316060.42,Approved,1144533.88,2024-04-13,,CO08
A000625,C00028,B006,2024-03-06,Expansion,1050000.0,18,836.54,Approved,1029778.9,2024-03-21,,CO12
A000626,C00795,B006,2024-09-08,Vehicle,2550000.0,24,2410277.37,Rejected,,2024-09-20,High existing debt,CO07
A000627,C00650,B004,2024-10-04,Inventory,13050000.0,12,17661389.04,Withdrawn,,2024-10-16,Customer changed financing plan,CO11
A000628,C00872,B005,2025-08-17,Renovation,2050000.0,36,1846811.42,Approved,1623534.05,2025-08-31,,CO10
A000629,C00160,B007,2024-02-13,Machinery,1350000.0,6,1733903.73,Approved,1172427.02,2024-02-27,,CO09
A000630,C00170,B005,2025-10-28,Vehicle,2350000.0,12,2157568.91,Approved,2174101.65,2025-11-13,,CO06
A000631,C00975,B002,2025-04-23,Inventory,500000.0,18,655626.89,Approved,402119.66,2025-05-06,,CO08
A000632,C00416,B007,2025-07-24,Working Capital,1550000.0,6,1986110.44,Approved,1438328.58,2025-08-07,,CO05
A000633,C00288,B003,2026-04-02,Expansion,1200000.0,12,1569936.1,Approved,938891.33,2026-04-22,,CO12
A000634,C00303,B004,2025-11-04,Vehicle,1200000.0,24,281072.1,Approved,1081548.4,2025-11-17,,CO05
A000635,C00584,B005,2026-04-15,Renovation,2200000.0,24,2154054.1,Approved,2124719.44,2026-04-28,,CO12
A000636,C00316,B001,2024-08-15,Inventory,4100000.0,18,2923773.09,Rejected,,2024-08-25,Adverse repayment history,CO07
A000637,C00847,B004,2026-07-09,Expansion,950000.0,12,646672.39,Approved,826922.8,2026-07-24,,CO04
A000638,C00984,B006,2024-02-09,Machinery,5700000.0,24,1424839.06,Approved,5470012.14,2024-02-29,,CO11
A000639,C00927,B007,2024-02-21,Renovation,2800000.0,18,206661.16,Approved,2779363.01,2024-03-03,,CO10
A000640,C00598,B005,2026-07-02,Machinery,7450000.0,24,5515437.41,Approved,7014052.24,2026-07-22,,CO04
A000641,C00221,B006,2026-01-22,Expansion,4950000.0,18,3455955.79,Approved,3993224.25,2026-02-09,,CO05
A000642,C00538,B001,2026-08-28,Vehicle,1100000.0,24,1388060.87,Approved,888505.24,2026-09-11,,CO01
A000643,C00031,B004,2024-10-23,Working Capital,5200000.0,24,7301036.41,Rejected,,2024-11-03,Requested amount high vs revenue,CO12
A000644,C00668,B008,2026-06-10,Working Capital,2350000.0,6,1190681.72,Rejected,,2026-06-20,Requested amount high vs revenue,CO08
A000645,C00136,B006,2025-07-07,Machinery,1100000.0,24,1430305.35,Approved,1008302.5,2025-07-19,,CO12
A000646,C00665,B001,2024-07-06,Working Capital,1800000.0,6,2082355.72,Rejected,,2024-07-18,Requested amount high vs revenue,CO03
A000647,C00938,B001,2026-05-27,Machinery,3500000.0,36,3666610.29,Approved,2807388.11,2026-06-12,,CO09
A000648,C00441,B006,2024-06-05,Inventory,1700000.0,24,1047458.19,Approved,1422352.68,2024-06-24,,CO12
A000649,C00168,B008,2024-03-15,Inventory,13500000.0,24,7273438.92,Approved,12004097.29,2024-04-01,,CO06
A000650,C00064,B006,2026-02-14,Expansion,1900000.0,36,2419095.66,Approved,1564879.35,2026-03-02,,CO08
A000651,C00199,B006,2024-07-13,Working Capital,7050000.0,12,4300673.92,Withdrawn,,2024-07-27,Customer changed financing plan,CO08
A000652,C00442,B007,2026-09-08,Expansion,2700000.0,24,340430.3,Approved,2555691.02,2026-09-26,,CO02
A000653,C00806,B008,2026-07-29,Inventory,6000000.0,36,215588.21,Approved,5033739.6,2026-08-18,,CO07
A000654,C00198,B001,2026-04-13,Working Capital,2500000.0,18,2368580.58,Rejected,,2026-04-22,Requested amount high vs revenue,CO05
A000655,C00278,B004,2024-09-11,Expansion,3050000.0,18,2526934.96,Rejected,,2024-09-17,Credit assessment not satisfactory,CO12
A000656,C00319,B005,2024-04-30,Expansion,1000000.0,36,99457.83,Approved,929813.98,2024-05-19,,CO10
A000657,C00392,B006,2026-02-24,Renovation,2550000.0,12,3143664.88,Rejected,,2026-03-05,Requested amount high vs revenue,CO11
A000658,C00456,B005,2024-11-25,Working Capital,7000000.0,12,8136783.33,Rejected,,2024-12-06,Requested amount high vs revenue,CO12
A000659,C00428,B002,2026-08-12,Working Capital,5800000.0,12,1972009.75,Approved,4578321.23,2026-08-25,,CO12
A000660,C00989,B007,2024-02-13,Expansion,550000.0,24,525576.62,Approved,547468.87,2024-03-05,,CO04
A000661,C00081,B001,2026-05-26,Renovation,14500000.0,18,10365260.4,Rejected,,2026-06-05,Requested amount high vs revenue,CO03
A000662,C00674,B001,2025-11-02,Machinery,2050000.0,18,1834986.58,Approved,1602161.7,2025-11-15,,CO08
A000663,C00975,B003,2024-10-12,Working Capital,1200000.0,36,1722032.99,Rejected,,2024-10-28,High existing debt,CO08
A000664,C00769,B001,2026-02-02,Working Capital,6450000.0,12,3927532.23,Approved,6269474.27,2026-02-25,,CO03
A000665,C00255,B005,2025-08-13,Machinery,1200000.0,12,959539.34,Withdrawn,,2025-08-20,Customer changed financing plan,CO08
A000666,C00833,B001,2026-07-17,Machinery,850000.0,12,558746.05,Approved,671231.14,2026-08-03,,CO12
A000667,C00544,B008,2025-03-15,Working Capital,2650000.0,18,2236155.97,Approved,2498874.7,2025-03-31,,CO11
A000668,C00030,B005,2024-01-24,Expansion,1800000.0,24,1231248.99,Approved,1448397.11,2024-02-12,,CO11
A000669,C00845,B006,2024-02-12,Working Capital,3300000.0,18,3660657.42,Approved,2807540.21,2024-02-25,,CO05
A000670,C00646,B001,2024-10-19,Inventory,13250000.0,12,1512160.45,Withdrawn,,2024-10-27,Required documents not submitted,CO02
A000671,C00736,B005,2024-12-24,Expansion,1300000.0,36,147154.87,Approved,1120104.48,2025-01-11,,CO02
A000672,C00506,B001,2025-12-17,Machinery,1000000.0,36,824344.03,Approved,845193.19,2026-01-03,,CO11
A000673,C00158,B007,2025-02-19,Working Capital,2250000.0,24,1578571.09,Approved,1973403.44,2025-03-04,,CO11
A000674,C00744,B006,2026-04-08,Working Capital,8850000.0,12,4643907.85,Approved,7538495.46,2026-04-28,,CO08
A000675,C00581,B001,2025-01-19,Renovation,10050000.0,18,13232211.54,Approved,9436849.74,2025-02-05,,CO02
A000676,C00587,B004,2026-08-12,Expansion,1950000.0,18,1705648.94,Approved,1900739.95,2026-09-02,,CO09
A000677,C00241,B007,2025-12-31,Expansion,6850000.0,24,6193423.0,Withdrawn,,2026-01-14,Customer withdrew application,CO04
A000678,C00764,B004,2026-03-31,Inventory,2700000.0,12,6457.51,Approved,2249685.93,2026-04-13,,CO04
A000679,C00871,B002,2025-09-10,Inventory,12450000.0,24,11196491.63,Approved,10076304.27,2025-09-30,,CO04
A000680,C00782,B005,2026-08-15,Vehicle,6350000.0,18,4832961.65,Rejected,,2026-08-28,Requested amount high vs revenue,CO04
A000681,C00739,B004,2024-02-17,Working Capital,11700000.0,6,9073302.47,Rejected,,2024-02-26,High existing debt,CO09
A000682,C00286,B008,2026-09-11,Working Capital,1650000.0,24,1494001.86,Approved,1592915.03,2026-09-29,,CO12
A000683,C00351,B006,2024-02-28,Renovation,1700000.0,18,1735774.3,Approved,1637294.52,2024-03-20,,CO05
A000684,C00252,B008,2024-07-07,Inventory,4050000.0,24,3505049.75,Rejected,,2024-07-13,Insufficient financial information,CO12
A000685,C00519,B001,2025-02-15,Renovation,2750000.0,6,882920.51,Approved,2516689.42,2025-03-07,,CO03
A000686,C00639,B003,2024-10-21,Working Capital,3300000.0,24,3076218.58,Rejected,,2024-10-28,Requested amount high vs revenue,CO08
A000687,C00801,B004,2025-03-14,Machinery,1550000.0,18,1500.62,Withdrawn,,2025-03-30,Required documents not submitted,CO07
A000688,C00196,B006,2026-03-23,Vehicle,5850000.0,36,3888197.92,Rejected,,2026-04-02,High existing debt,CO02
A000689,C00536,B006,2025-12-16,Inventory,11350000.0,24,8889626.29,Rejected,,2025-12-23,Requested amount high vs revenue,CO01
A000690,C00604,B003,2024-01-15,Vehicle,4500000.0,24,3732382.9,Approved,3730207.42,2024-01-27,,CO10
A000691,C00264,B001,2024-04-13,Working Capital,16300000.0,24,15399879.77,Approved,14730712.18,2024-05-03,,CO06
A000692,C00234,B001,2025-12-17,Working Capital,7400000.0,18,7385269.81,Rejected,,2025-12-27,Requested amount high vs revenue,CO08
A000693,C00308,B002,2026-08-09,Inventory,6750000.0,24,5254424.88,Approved,6698308.62,2026-08-26,,CO04
A000694,C00462,B001,2025-11-04,Expansion,12300000.0,6,11638518.1,Approved,11332425.91,2025-11-20,,CO07
A000695,C00314,B005,2025-08-11,Expansion,3400000.0,36,2724132.15,Approved,3231733.19,2025-08-27,,CO07
A000696,C00198,B004,2026-05-26,Inventory,2850000.0,12,450267.47,Approved,2463887.81,2026-06-16,,CO03
A000697,C00008,B001,2024-12-30,Renovation,12200000.0,24,14634599.6,Rejected,,2025-01-11,High existing debt,CO08
A000698,C00361,B001,2024-06-25,Working Capital,2450000.0,6,2701240.38,Rejected,,2024-07-07,Adverse repayment history,CO05
A000699,C00700,B001,2025-02-28,Machinery,4400000.0,12,308220.16,Approved,4335098.86,2025-03-14,,CO01
A000700,C00148,B002,2025-02-20,Renovation,11200000.0,6,15594312.63,Approved,11097328.77,2025-03-13,,CO07
A000701,C00199,B006,2024-11-01,Vehicle,8600000.0,36,8634529.71,Approved,7864888.98,2024-11-17,,CO09
A000702,C00229,B007,2026-03-06,Vehicle,4650000.0,12,6333740.81,Approved,4122941.13,2026-03-19,,CO10
A000703,C00899,B004,2024-10-06,Machinery,1100000.0,12,92287.76,Approved,907523.84,2024-10-19,,CO07
A000704,C00770,B004,2025-06-05,Renovation,500000.0,12,621911.16,Rejected,,2025-06-12,Adverse repayment history,CO03
A000705,C00674,B001,2026-01-04,Expansion,1950000.0,24,630818.91,Approved,1848201.0,2026-01-29,,CO06
A000706,C00534,B007,2026-06-10,Working Capital,2850000.0,12,3837414.05,Approved,2511592.97,2026-06-24,,CO10
A000707,C00375,B001,2024-03-09,Expansion,2050000.0,12,745423.8,Approved,1977433.68,2024-03-26,,CO06
A000708,C00806,B008,2026-04-05,Renovation,1700000.0,18,1701681.57,Withdrawn,,2026-04-12,Required documents not submitted,CO06
A000709,C00740,B002,2026-02-13,Working Capital,800000.0,36,767355.35,Approved,694902.5,2026-03-04,,CO10
A000710,C00219,B001,2026-04-11,Expansion,7950000.0,24,1490590.14,Approved,6795460.16,2026-04-26,,CO05
A000711,C00425,B006,2026-08-08,Working Capital,3100000.0,24,2137458.91,Rejected,,2026-08-21,Credit assessment not satisfactory,CO04
A000712,C00483,B001,2026-04-12,Inventory,2550000.0,12,3124493.84,Withdrawn,,2026-04-26,Required documents not submitted,CO05
A000713,C00830,B006,2025-08-17,Machinery,6850000.0,24,4785134.84,Approved,6646396.49,2025-08-31,,CO09
A000714,C00640,B001,2026-02-05,Working Capital,6600000.0,12,4604457.01,Rejected,,2026-02-18,Business profile outside policy,CO11
A000715,C00400,B007,2025-07-17,Working Capital,3200000.0,18,4533589.54,Approved,2602260.13,2025-08-01,,CO10
A000716,C00409,B002,2026-08-16,Inventory,2450000.0,6,3009357.6,Rejected,,2026-08-24,Requested amount high vs revenue,CO11
A000717,C00803,B005,2024-05-17,Vehicle,700000.0,24,930412.82,Approved,553249.6,2024-05-31,,CO10
A000718,C00136,B006,2024-05-30,Expansion,700000.0,18,412693.04,Approved,592783.38,2024-06-12,,CO08
A000719,C00944,B001,2024-11-19,Working Capital,3000000.0,18,4109293.07,Approved,2573846.74,2024-12-07,,CO08
A000720,C00014,B006,2026-01-27,Working Capital,1000000.0,24,587208.17,Withdrawn,,2026-02-03,Customer changed financing plan,CO08
A000721,C00693,B001,2025-10-21,Working Capital,2700000.0,24,2873634.5,Approved,2689222.22,2025-11-09,,CO09
A000722,C00215,B001,2024-11-14,Working Capital,13350000.0,36,18042867.37,Rejected,,2024-11-27,High existing debt,CO04
A000723,C00411,B001,2025-10-04,Inventory,2900000.0,24,2312639.31,Rejected,,2025-10-18,Requested amount high vs revenue,CO03
A000724,C00238,B003,2025-10-04,Working Capital,5900000.0,12,972352.35,Approved,5604252.23,2025-10-20,,CO12
A000725,C00877,B005,2026-04-13,Working Capital,500000.0,36,345953.17,Approved,454052.14,2026-04-30,,CO08
A000726,C00375,B004,2024-06-13,Expansion,3000000.0,12,1625352.7,Rejected,,2024-06-24,Requested amount high vs revenue,CO10
A000727,C00850,B008,2025-01-12,Renovation,5200000.0,24,2071533.92,Rejected,,2025-01-18,Requested amount high vs revenue,CO09
A000728,C00356,B005,2025-08-20,Machinery,1800000.0,36,2478285.89,Approved,1691953.55,2025-09-04,,CO06
A000729,C00761,B003,2025-10-27,Working Capital,4750000.0,12,1770593.4,Withdrawn,,2025-11-06,Customer withdrew application,CO03
A000730,C00920,B001,2025-11-11,Working Capital,10750000.0,6,3586755.49,Rejected,,2025-11-21,Insufficient collateral,CO07
A000731,C00716,B008,2024-09-18,Vehicle,25000000.0,18,12758304.53,Approved,21727874.52,2024-10-06,,CO11
A000732,C00653,B006,2026-02-28,Renovation,15350000.0,18,5235831.39,Approved,14360809.76,2026-03-17,,CO03
A000733,C00120,B008,2025-04-08,Machinery,8650000.0,18,1437588.04,Approved,7204691.12,2025-04-26,,CO03
A000734,C00831,B007,2026-05-19,Vehicle,900000.0,24,79264.88,Rejected,,2026-05-25,Insufficient collateral,CO09
A000735,C00227,B004,2025-09-24,Inventory,1250000.0,36,788698.92,Approved,982397.99,2025-10-10,,CO03
A000736,C00217,B007,2024-12-24,Working Capital,9250000.0,18,9102624.35,Approved,7995890.75,2025-01-09,,CO08
A000737,C00770,B002,2024-03-09,Expansion,850000.0,12,554673.34,Approved,697166.34,2024-03-30,,CO11
A000738,C00450,B006,2024-09-26,Vehicle,4050000.0,6,5571535.13,Rejected,,2024-10-08,High existing debt,CO06
A000739,C00066,B006,2026-03-11,Renovation,4850000.0,36,496286.89,Approved,3783846.8,2026-03-30,,CO08
A000740,C00774,B002,2024-03-08,Working Capital,1150000.0,18,613498.34,Approved,920477.13,2024-03-24,,CO05
A000741,C00714,B004,2025-04-22,Expansion,500000.0,6,251615.45,Approved,437899.14,2025-05-04,,CO02
A000742,C00527,B001,2025-06-25,Vehicle,600000.0,6,173540.8,Approved,480157.1,2025-07-18,,CO02
A000743,C00257,B008,2025-07-01,Machinery,3600000.0,36,2949741.81,Withdrawn,,2025-07-09,Required documents not submitted,CO07
A000744,C00647,B003,2024-05-11,Machinery,4250000.0,6,3830863.96,Approved,3543505.7,2024-05-25,,CO12
A000745,C00074,B006,2024-07-02,Inventory,2650000.0,18,1531951.93,Rejected,,2024-07-13,Business profile outside policy,CO06
A000746,C00932,B006,2026-07-26,Vehicle,3850000.0,24,3138922.46,Withdrawn,,2026-08-08,Customer changed financing plan,CO02
A000747,C00263,B005,2025-08-02,Working Capital,1750000.0,36,1049894.14,Rejected,,2025-08-15,High existing debt,CO01
A000748,C00033,B002,2025-08-24,Working Capital,3400000.0,6,3255035.81,Approved,2708493.19,2025-09-08,,CO04
A000749,C00263,B005,2025-08-12,Working Capital,2550000.0,12,3783471.98,Rejected,,2025-08-25,High existing debt,CO06
A000750,C00853,B007,2024-12-07,Working Capital,1050000.0,18,862746.04,Withdrawn,,2024-12-15,Customer changed financing plan,CO10
A000751,C00525,B004,2024-10-01,Working Capital,800000.0,24,1080170.01,Rejected,,2024-10-09,High existing debt,CO05
A000752,C00678,B003,2025-04-28,Vehicle,2800000.0,36,4195428.4,Approved,2530635.86,2025-05-09,,CO02
A000753,C00274,B007,2025-02-03,Renovation,2350000.0,12,1231943.95,Approved,2346184.11,2025-02-20,,CO04
A000754,C00256,B004,2025-12-15,Machinery,850000.0,18,517070.27,Approved,701966.75,2025-12-28,,CO10
A000755,C00716,B008,2025-10-11,Vehicle,25000000.0,36,25538219.61,Approved,24580784.21,2025-10-25,,CO03
A000756,C00305,B005,2024-03-24,Working Capital,1950000.0,24,1716703.65,Approved,1924339.86,2024-04-10,,CO05
A000757,C00421,B004,2025-03-15,Working Capital,3400000.0,18,2693791.52,Approved,3107097.05,2025-04-05,,CO09
A000758,C00807,B004,2024-12-28,Vehicle,3900000.0,18,158349.53,Approved,3061838.18,2025-01-15,,CO04
A000759,C00486,B006,2025-04-27,Inventory,3600000.0,24,4565256.31,Rejected,,2025-05-07,Requested amount high vs revenue,CO09
A000760,C00918,B005,2024-10-08,Expansion,750000.0,36,763406.69,Approved,615350.68,2024-10-27,,CO11
A000761,C00285,B008,2026-05-01,Inventory,11500000.0,24,1584574.3,Approved,11324791.76,2026-05-23,,CO10
A000762,C00646,B001,2025-02-08,Vehicle,5200000.0,36,3988960.7,Approved,4704827.56,2025-02-25,,CO02
A000763,C00636,B004,2025-11-19,Working Capital,9100000.0,18,795160.97,Approved,8670105.01,2025-12-04,,CO10
A000764,C00029,B004,2026-01-05,Working Capital,650000.0,24,8810.71,Approved,638222.79,2026-01-24,,CO07
A000765,C00854,B004,2024-07-29,Renovation,3650000.0,24,4479634.69,Approved,2904140.49,2024-08-13,,CO07
A000766,C00506,B001,2024-09-14,Renovation,1400000.0,18,1856716.87,Approved,1353313.6,2024-10-04,,CO11
A000767,C00921,B002,2024-02-09,Working Capital,2300000.0,36,2001763.24,Withdrawn,,2024-02-21,Customer withdrew application,CO10
A000768,C00617,B001,2024-05-27,Working Capital,25000000.0,12,19927180.03,Rejected,,2024-06-04,Requested amount high vs revenue,CO06
A000769,C00203,B001,2025-12-13,Expansion,25000000.0,12,23995340.04,Approved,23829624.42,2025-12-30,,CO02
A000770,C00876,B001,2024-04-28,Working Capital,3050000.0,24,711219.46,Rejected,,2024-05-11,Insufficient collateral,CO03
A000771,C00994,B008,2024-05-02,Working Capital,1550000.0,36,1845658.36,Approved,1539685.71,2024-05-16,,CO08
A000772,C00870,B003,2024-10-28,Vehicle,4050000.0,6,3736147.42,Rejected,,2024-11-07,Business profile outside policy,CO07
A000773,C00126,B003,2025-10-18,Working Capital,1850000.0,36,56340.02,Withdrawn,,2025-10-23,Required documents not submitted,CO11
A000774,C00444,B006,2025-02-20,Expansion,11100000.0,12,14358880.4,Approved,10203777.66,2025-03-08,,CO05
A000775,C00499,B008,2025-04-22,Expansion,1950000.0,24,1688623.12,Approved,1928394.77,2025-05-08,,CO04
A000776,C00060,B005,2025-08-28,Renovation,4500000.0,12,812551.86,Approved,4387647.57,2025-09-17,,CO03
A000777,C00460,B006,2025-02-03,Machinery,17700000.0,18,10683653.1,Approved,17151029.43,2025-02-20,,CO11
A000778,C00944,B001,2024-08-15,Working Capital,4500000.0,18,1720297.54,Approved,4309946.43,2024-09-07,,CO01
A000779,C00004,B005,2025-09-05,Working Capital,3400000.0,36,1033186.94,Approved,3190646.05,2025-09-22,,CO02
A000780,C00360,B006,2024-05-26,Expansion,2000000.0,18,2365250.95,Approved,1826638.1,2024-06-15,,CO10
A000781,C00305,B001,2024-04-04,Working Capital,2850000.0,12,3202873.97,Rejected,,2024-04-16,Requested amount high vs revenue,CO11
A000782,C00031,B004,2026-09-17,Inventory,3900000.0,12,3817129.67,Approved,3642779.21,2026-09-30,,CO11
A000783,C00369,B004,2024-02-11,Expansion,850000.0,12,43392.76,Approved,833176.27,2024-02-29,,CO12
A000784,C00966,B006,2024-03-20,Expansion,1100000.0,12,1053100.57,Approved,1051567.92,2024-04-02,,CO05
A000785,C00751,B006,2024-06-28,Working Capital,2600000.0,18,1323475.73,Approved,2434330.78,2024-07-15,,CO01
A000786,C00690,B007,2025-08-22,Inventory,11450000.0,12,8567188.12,Rejected,,2025-09-02,Requested amount high vs revenue,CO10
A000787,C00590,B008,2024-12-05,Expansion,4300000.0,36,4659637.53,Approved,3898813.29,2024-12-23,,CO12
A000788,C00001,B006,2025-03-16,Expansion,3500000.0,12,2477750.66,Rejected,,2025-03-24,Adverse repayment history,CO06
A000789,C00431,B004,2025-04-08,Inventory,5850000.0,36,194206.78,Rejected,,2025-04-20,High existing debt,CO05
A000790,C00602,B001,2024-08-13,Inventory,4650000.0,12,4633433.96,Approved,4097408.12,2024-09-01,,CO08
A000791,C00881,B005,2026-06-16,Vehicle,2650000.0,24,254811.58,Approved,2226687.58,2026-07-04,,CO08
A000792,C00727,B005,2026-01-07,Machinery,1700000.0,36,1072787.15,Approved,1336769.05,2026-01-24,,CO03
A000793,C00855,B008,2025-01-22,Working Capital,1600000.0,18,1644379.12,Approved,1459123.89,2025-02-08,,CO06
A000794,C00186,B004,2024-11-25,Inventory,2550000.0,12,2325991.38,Approved,2496604.61,2024-12-10,,CO12
A000795,C00633,B001,2024-04-11,Expansion,5400000.0,24,2757116.46,Approved,4353637.48,2024-04-27,,CO11
A000796,C00247,B002,2025-01-26,Expansion,10150000.0,36,5973440.61,Withdrawn,,2025-02-05,Customer withdrew application,CO02
A000797,C00860,B002,2025-05-27,Working Capital,2750000.0,36,394120.99,Approved,2289812.51,2025-06-14,,CO04
A000798,C00217,B007,2025-05-16,Expansion,5150000.0,6,6824985.51,Approved,4225705.25,2025-06-01,,CO06
A000799,C00386,B003,2024-03-06,Expansion,4050000.0,36,5052862.09,Approved,3413518.31,2024-03-20,,CO06
A000800,C00745,B006,2024-08-27,Working Capital,6000000.0,24,4876415.88,Approved,5060080.61,2024-09-15,,CO04
A000801,C00455,B001,2024-05-01,Expansion,1150000.0,12,311732.42,Approved,1142206.71,2024-05-21,,CO12
A000802,C00439,B001,2024-06-30,Inventory,1250000.0,24,638251.36,Approved,1106117.27,2024-07-23,,CO01
A000803,C00417,B001,2025-10-01,Working Capital,2200000.0,6,2702164.7,Withdrawn,,2025-10-13,Required documents not submitted,CO08
A000804,C00648,B004,2024-09-08,Working Capital,650000.0,18,140179.28,Approved,547681.2,2024-09-25,,CO09
A000805,C00377,B004,2025-05-24,Working Capital,1900000.0,12,1742966.53,Approved,1861682.17,2025-06-06,,CO10
A000806,C00771,B002,2025-12-20,Inventory,2900000.0,12,2214098.48,Approved,2567441.08,2026-01-07,,CO09
A000807,C00731,B001,2025-11-05,Expansion,6450000.0,18,9618620.58,Approved,5164737.32,2025-11-26,,CO05
A000808,C00684,B001,2026-04-03,Machinery,5450000.0,18,401096.26,Approved,4424255.4,2026-04-17,,CO03
A000809,C00287,B007,2024-08-13,Renovation,8050000.0,18,8761694.22,Rejected,,2024-08-20,Requested amount high vs revenue,CO09
A000810,C00452,B005,2024-06-12,Working Capital,25000000.0,18,20804609.74,Approved,21773016.48,2024-06-28,,CO03
A000811,C00994,B008,2025-06-30,Renovation,2300000.0,12,3126963.6,Approved,1884737.5,2025-07-13,,CO04
A000812,C00758,B004,2025-09-20,Machinery,15650000.0,12,13249119.38,Rejected,,2025-09-26,Requested amount high vs revenue,CO01
A000813,C00191,B008,2024-10-26,Vehicle,4250000.0,36,5528731.92,Approved,3775718.1,2024-11-08,,CO10
A000814,C00475,B007,2026-06-03,Expansion,6450000.0,6,62506.57,Rejected,,2026-06-13,Requested amount high vs revenue,CO04
A000815,C00198,B004,2026-06-20,Working Capital,650000.0,18,407330.6,Approved,508680.35,2026-07-05,,CO04
A000816,C00417,B002,2026-05-19,Vehicle,7950000.0,18,11869856.49,Approved,7861060.46,2026-06-07,,CO01
A000817,C00913,B007,2024-10-01,Working Capital,25000000.0,24,8696778.53,Rejected,,2024-10-12,Requested amount high vs revenue,CO01
A000818,C00970,B002,2025-12-08,Expansion,1650000.0,24,1862378.68,Approved,1619999.69,2025-12-24,,CO07
A000819,C00898,B001,2025-01-14,Renovation,1050000.0,24,1036709.94,Approved,949266.77,2025-02-01,,CO04
A000820,C00384,B001,2026-09-19,Vehicle,3450000.0,12,4088650.43,Approved,2736550.91,2026-09-30,,CO01
A000821,C00222,B007,2025-10-15,Working Capital,1350000.0,12,894060.12,Rejected,,2025-10-25,Credit assessment not satisfactory,CO09
A000822,C00650,B001,2025-10-23,Working Capital,7550000.0,12,1527171.23,Approved,6416801.28,2025-11-07,,CO05
A000823,C00459,B002,2026-04-15,Machinery,14000000.0,12,20064048.95,Approved,12787432.78,2026-04-30,,CO12
A000824,C00573,B006,2024-04-15,Machinery,700000.0,18,624666.73,Approved,673296.67,2024-05-02,,CO07
A000825,C00450,B006,2025-12-30,Expansion,7100000.0,12,9454717.09,Rejected,,2026-01-07,Adverse repayment history,CO06
A000826,C00195,B005,2025-07-06,Working Capital,1250000.0,12,1310185.3,Approved,1138148.43,2025-07-18,,CO09
A000827,C00168,B008,2025-02-13,Inventory,5700000.0,36,5278135.09,Approved,4979354.3,2025-03-02,,CO09
A000828,C00497,B001,2026-06-14,Inventory,500000.0,24,68194.48,Approved,451619.32,2026-07-01,,CO11
A000829,C00228,B003,2025-10-15,Machinery,1150000.0,6,977402.39,Approved,1100359.33,2025-10-29,,CO08
A000830,C00838,B002,2024-01-08,Expansion,5800000.0,18,7443401.82,Rejected,,2024-01-14,Credit assessment not satisfactory,CO08
A000831,C00813,B008,2026-07-30,Inventory,5450000.0,12,5948258.9,Approved,4718533.17,2026-08-18,,CO01
A000832,C00799,B001,2026-07-18,Working Capital,1100000.0,24,1117684.99,Approved,1091363.5,2026-08-09,,CO06
A000833,C00757,B004,2025-12-09,Inventory,4700000.0,12,4094488.98,Approved,4318347.31,2025-12-29,,CO02
A000834,C00386,B003,2025-03-20,Machinery,4250000.0,24,5378969.99,Approved,3583879.88,2025-04-05,,CO05
A000835,C00017,B006,2025-01-10,Working Capital,4850000.0,36,5470398.03,Rejected,,2025-01-17,High existing debt,CO12
A000836,C00187,B004,2025-08-16,Working Capital,850000.0,36,580942.6,Approved,805543.19,2025-08-31,,CO06
A000837,C00505,B001,2026-08-25,Machinery,7450000.0,12,5837340.77,Pending,,,,CO01
A000838,C00138,B005,2025-08-08,Inventory,5500000.0,36,7799606.24,Approved,4904196.12,2025-08-29,,CO12
A000839,C00212,B003,2024-04-01,Expansion,2200000.0,18,415354.43,Approved,1915973.12,2024-04-14,,CO11
A000840,C00397,B004,2024-09-02,Vehicle,1850000.0,12,2433867.33,Approved,1759922.84,2024-09-22,,CO03
A000841,C00318,B008,2024-09-27,Vehicle,950000.0,12,273829.6,Withdrawn,,2024-10-02,Required documents not submitted,CO11
A000842,C00674,B001,2025-02-04,Inventory,1150000.0,24,173415.55,Approved,1105447.08,2025-02-22,,CO08
A000843,C00899,B004,2025-10-29,Working Capital,800000.0,24,716272.63,Approved,729295.99,2025-11-14,,CO04
A000844,C00832,B001,2024-02-29,Working Capital,500000.0,6,367728.86,Approved,493456.37,2024-03-16,,CO09
A000845,C00991,B006,2025-10-21,Renovation,5350000.0,24,7642307.54,Approved,4904667.38,2025-11-07,,CO04
A000846,C00051,B005,2025-10-10,Machinery,2900000.0,12,484281.63,Approved,2890458.91,2025-10-24,,CO11
A000847,C00651,B002,2024-12-23,Vehicle,4700000.0,18,6997527.45,Rejected,,2024-12-28,Requested amount high vs revenue,CO02
A000848,C00849,B001,2024-12-23,Inventory,12100000.0,24,6090496.25,Approved,10779217.23,2025-01-11,,CO03
A000849,C00097,B006,2024-05-23,Inventory,6100000.0,18,7860358.08,Approved,5331222.95,2024-06-06,,CO12
A000850,C00888,B006,2025-05-05,Machinery,5550000.0,24,1204778.05,Rejected,,2025-05-15,Insufficient collateral,CO01
A000851,C00090,B004,2026-03-12,Inventory,13350000.0,18,7657962.89,Approved,12086725.74,2026-03-27,,CO12
A000852,C00200,B004,2024-03-28,Renovation,10600000.0,12,13370159.88,Approved,9349580.56,2024-04-10,,CO10
A000853,C00598,B005,2025-08-02,Expansion,3050000.0,12,3538916.42,Approved,2395733.09,2025-08-17,,CO04
A000854,C00935,B003,2025-06-28,Working Capital,1250000.0,6,1092533.94,Approved,1065656.9,2025-07-16,,CO09
A000855,C00597,B005,2026-09-03,Vehicle,5750000.0,36,3786907.92,Rejected,,2026-09-12,High existing debt,CO09
A000856,C00439,B001,2025-10-29,Machinery,500000.0,24,36727.13,Approved,487789.3,2025-11-20,,CO06
A000857,C00655,B006,2025-10-03,Working Capital,850000.0,12,66700.16,Approved,757841.87,2025-10-21,,CO11
A000858,C00037,B006,2025-08-08,Inventory,4700000.0,24,1129366.27,Approved,4514748.37,2025-08-28,,CO11
A000859,C00575,B005,2026-06-26,Working Capital,10250000.0,18,14221175.37,Approved,8949935.08,2026-07-15,,CO05
A000860,C00719,B006,2025-04-25,Renovation,3150000.0,12,3770206.29,Approved,2649022.99,2025-05-15,,CO07
A000861,C00969,B005,2025-11-25,Inventory,2900000.0,6,2497733.02,Rejected,,2025-12-01,Adverse repayment history,CO05
A000862,C00339,B001,2025-11-02,Machinery,16250000.0,18,5347688.2,Approved,13383919.45,2025-11-19,,CO05
A000863,C00576,B006,2026-08-07,Machinery,4100000.0,18,2733045.11,Approved,3480497.23,2026-08-20,,CO03
A000864,C00031,B004,2025-06-21,Expansion,6850000.0,36,3860846.61,Approved,6332929.04,2025-07-03,,CO11
A000865,C00258,B003,2026-01-16,Machinery,3200000.0,12,4345265.22,Approved,3196146.38,2026-01-30,,CO01
A000866,C00611,B002,2025-02-14,Machinery,7950000.0,6,11532743.7,Approved,7419953.27,2025-02-28,,CO08
A000867,C00233,B006,2026-05-14,Renovation,1650000.0,24,608576.68,Approved,1440080.78,2026-05-27,,CO06
A000868,C00573,B001,2024-02-09,Inventory,2050000.0,24,2654258.36,Approved,1701366.1,2024-02-26,,CO02
A000869,C00143,B004,2026-03-01,Inventory,1400000.0,12,1981116.9,Approved,1315264.1,2026-03-20,,CO02
A000870,C00115,B002,2024-12-27,Expansion,6700000.0,36,3844863.55,Rejected,,2025-01-01,Insufficient financial information,CO03
A000871,C00826,B001,2024-02-22,Expansion,3500000.0,18,2697655.9,Approved,3062169.44,2024-03-10,,CO01
A000872,C00818,B006,2024-11-27,Working Capital,1150000.0,36,1250738.5,Approved,1130722.99,2024-12-14,,CO07
A000873,C00139,B006,2026-05-15,Working Capital,1400000.0,12,1968490.45,Approved,1207361.96,2026-05-27,,CO07
A000874,C00737,B005,2024-09-20,Vehicle,1350000.0,18,1629042.84,Approved,1227979.17,2024-10-01,,CO01
A000875,C00435,B001,2026-05-02,Machinery,1200000.0,36,886902.18,Approved,1024594.93,2026-05-21,,CO12
A000876,C00338,B006,2024-05-08,Renovation,3150000.0,18,4626044.97,Rejected,,2024-05-16,Requested amount high vs revenue,CO05
A000877,C00515,B006,2024-04-02,Inventory,12350000.0,6,10205596.17,Approved,10110388.4,2024-04-21,,CO12
A000878,C00244,B002,2024-05-15,Expansion,2450000.0,18,2298967.36,Approved,2064743.05,2024-05-30,,CO05
A000879,C00199,B006,2025-12-25,Working Capital,9200000.0,18,12671410.73,Approved,8520892.23,2026-01-09,,CO10
A000880,C00496,B001,2025-10-19,Working Capital,1000000.0,12,1461676.58,Approved,854741.05,2025-10-31,,CO02
A000881,C00932,B006,2024-06-14,Expansion,11000000.0,12,8772012.78,Approved,8817039.54,2024-06-30,,CO09
A000882,C00253,B004,2024-03-18,Inventory,4150000.0,24,2878517.0,Approved,3681926.72,2024-04-03,,CO08
A000883,C00659,B003,2025-09-01,Inventory,17200000.0,12,5940114.59,Approved,13911447.26,2025-09-18,,CO11
A000884,C00387,B002,2025-07-22,Expansion,700000.0,24,446941.63,Rejected,,2025-07-30,Requested amount high vs revenue,CO01
A000885,C00244,B002,2025-09-11,Inventory,2500000.0,12,2771978.52,Rejected,,2025-09-17,Requested amount high vs revenue,CO07
A000886,C00555,B001,2026-06-28,Working Capital,2900000.0,12,200126.86,Approved,2326150.93,2026-07-16,,CO05
A000887,C00164,B001,2024-08-28,Expansion,2300000.0,18,217162.23,Rejected,,2024-09-07,Insufficient collateral,CO09
A000888,C00125,B002,2026-05-11,Working Capital,1350000.0,24,1783145.14,Approved,1191359.42,2026-05-26,,CO09
A000889,C00607,B004,2025-03-14,Expansion,500000.0,6,665181.41,Rejected,,2025-03-26,Insufficient financial information,CO02
A000890,C00445,B007,2025-01-08,Vehicle,500000.0,24,106626.59,Withdrawn,,2025-01-10,Customer changed financing plan,CO02
A000891,C00784,B005,2025-08-21,Inventory,750000.0,24,838515.88,Approved,640841.2,2025-09-09,,CO02
A000892,C00615,B006,2025-05-25,Working Capital,4100000.0,24,3178481.68,Rejected,,2025-06-06,Credit assessment not satisfactory,CO10
A000893,C00363,B001,2026-01-29,Machinery,3450000.0,36,2026886.99,Approved,3104253.19,2026-02-17,,CO09
A000894,C00490,B002,2024-02-17,Working Capital,4450000.0,24,3580336.17,Approved,3853771.68,2024-03-05,,CO07
A000895,C00181,B007,2026-01-14,Working Capital,500000.0,24,683740.59,Approved,431205.26,2026-01-27,,CO05
A000896,C00524,B001,2025-02-10,Renovation,2450000.0,12,1481693.24,Approved,2215737.98,2025-02-25,,CO10
A000897,C00523,B004,2024-08-09,Machinery,4550000.0,36,4695297.85,Approved,4278665.44,2024-08-28,,CO12
A000898,C00864,B002,2025-08-13,Renovation,2300000.0,12,2889525.59,Rejected,,2025-08-16,Requested amount high vs revenue,CO06
A000899,C00613,B008,2024-02-14,Renovation,2050000.0,24,1499787.73,Approved,1815396.22,2024-02-27,,CO09
A000900,C00198,B001,2024-04-26,Machinery,2000000.0,36,1042742.65,Approved,1907625.81,2024-05-11,,CO12
A000901,C00534,B007,2025-05-03,Vehicle,5700000.0,18,1368609.76,Approved,5131041.72,2025-05-20,,CO07
A000902,C00810,B003,2024-12-30,Expansion,2500000.0,24,662909.58,Approved,2390433.78,2025-01-12,,CO12
A000903,C00321,B002,2024-04-06,Renovation,900000.0,12,803185.14,Approved,851152.31,2024-04-17,,CO02
A000904,C00429,B003,2024-08-11,Expansion,2600000.0,6,3159866.94,Approved,2362761.52,2024-08-31,,CO07
A000905,C00544,B008,2024-04-26,Inventory,11150000.0,6,12363514.81,Approved,9241083.73,2024-05-07,,CO12
A000906,C00200,B004,2026-04-01,Vehicle,2400000.0,24,2212748.59,Approved,1901717.07,2026-04-18,,CO08
A000907,C00689,B005,2026-02-06,Working Capital,4300000.0,12,6201817.85,Approved,3908352.78,2026-02-23,,CO02
A000908,C00157,B004,2026-01-20,Working Capital,5650000.0,12,4997027.43,Approved,5277800.91,2026-02-02,,CO03
A000909,C00331,B005,2026-05-13,Renovation,800000.0,12,806161.99,Rejected,,2026-05-21,Requested amount high vs revenue,CO07
A000910,C00831,B007,2025-07-09,Machinery,2150000.0,12,1784340.56,Approved,1861286.38,2025-07-25,,CO01
A000911,C00618,B001,2026-03-01,Vehicle,3250000.0,18,4137436.64,Approved,2794089.16,2026-03-18,,CO10
A000912,C00552,B006,2024-10-11,Renovation,2200000.0,36,1862294.42,Rejected,,2024-10-19,Insufficient financial information,CO11
A000913,C00969,B005,2025-06-04,Working Capital,4500000.0,12,1119060.09,Approved,4160293.7,2025-06-19,,CO12
A000914,C00301,B004,2024-07-03,Working Capital,1650000.0,24,1578117.04,Rejected,,2024-07-11,High existing debt,CO01
A000915,C00422,B002,2024-08-28,Machinery,16100000.0,6,8693214.58,Approved,14515829.54,2024-09-13,,CO05
A000916,C00160,B007,2024-10-13,Working Capital,5850000.0,18,6708848.12,Approved,5510024.3,2024-10-30,,CO07
A000917,C00674,B001,2025-03-02,Renovation,850000.0,24,944292.03,Approved,699001.32,2025-03-16,,CO01
A000918,C00328,B008,2024-05-17,Working Capital,650000.0,12,164693.8,Approved,624518.71,2024-06-03,,CO02
A000919,C00028,B006,2024-11-23,Expansion,500000.0,18,198015.31,Approved,454139.46,2024-12-09,,CO07
A000920,C00615,B006,2025-08-06,Machinery,2750000.0,18,2582951.25,Approved,2554468.41,2025-08-22,,CO10
A000921,C00813,B008,2024-11-08,Working Capital,4850000.0,36,3159380.6,Approved,3998077.06,2024-11-25,,CO05
A000922,C00691,B002,2024-09-20,Working Capital,1100000.0,36,717749.53,Withdrawn,,2024-09-27,Customer changed financing plan,CO06
A000923,C00832,B005,2024-09-12,Inventory,850000.0,36,613524.92,Rejected,,2024-09-22,Credit assessment not satisfactory,CO10
A000924,C00883,B003,2026-02-16,Vehicle,10350000.0,36,13095515.14,Approved,10044036.8,2026-02-28,,CO04
A000925,C00583,B007,2025-09-11,Vehicle,3400000.0,12,1830731.54,Withdrawn,,2025-09-13,Customer changed financing plan,CO02
A000926,C00822,B001,2026-02-19,Expansion,1550000.0,12,1363714.77,Rejected,,2026-03-01,High existing debt,CO11
A000927,C00387,B004,2025-08-26,Expansion,500000.0,18,660084.02,Withdrawn,,2025-08-28,Customer changed financing plan,CO10
A000928,C00053,B005,2025-09-28,Machinery,1250000.0,6,1320532.47,Rejected,,2025-10-05,Credit assessment not satisfactory,CO06
A000929,C00402,B008,2025-03-04,Machinery,10400000.0,24,318546.11,Approved,8781311.32,2025-03-19,,CO10
A000930,C00909,B002,2025-12-11,Working Capital,8200000.0,24,2098088.88,Rejected,,2025-12-22,Requested amount high vs revenue,CO01
A000931,C00662,B004,2025-02-22,Vehicle,7500000.0,36,7360714.91,Rejected,,2025-03-04,Business profile outside policy,CO07
A000932,C00074,B006,2025-07-03,Expansion,7450000.0,24,6582718.64,Approved,6205535.92,2025-07-18,,CO06
A000933,C00893,B008,2024-06-25,Inventory,8450000.0,12,9690149.58,Approved,7045513.99,2024-07-09,,CO12
A000934,C00417,B001,2024-07-19,Machinery,3650000.0,6,3459031.37,Approved,3329668.99,2024-08-07,,CO02
A000935,C00991,B001,2024-10-28,Inventory,8800000.0,18,7581031.76,Approved,8590008.99,2024-11-13,,CO07
A000936,C00336,B006,2026-08-26,Working Capital,2800000.0,12,1636639.02,Rejected,,2026-09-02,Credit assessment not satisfactory,CO04
A000937,C00108,B006,2024-06-03,Working Capital,12050000.0,24,427906.44,Rejected,,2024-06-12,Insufficient collateral,CO05
A000938,C00287,B007,2026-06-26,Machinery,6350000.0,36,5570730.43,Withdrawn,,2026-07-05,Required documents not submitted,CO09
A000939,C00937,B004,2024-09-28,Inventory,5200000.0,36,6708197.29,Approved,4214257.9,2024-10-15,,CO06
A000940,C00869,B002,2025-04-15,Inventory,1500000.0,36,1220404.9,Approved,1257495.68,2025-05-02,,CO03
A000941,C00024,B004,2024-12-29,Working Capital,4400000.0,12,5951566.13,Approved,4034086.59,2025-01-11,,CO01
A000942,C00808,B006,2024-02-17,Expansion,8400000.0,6,1374378.38,Rejected,,2024-02-26,Insufficient collateral,CO04
A000943,C00538,B003,2025-03-08,Machinery,1350000.0,12,1040490.35,Withdrawn,,2025-03-13,Required documents not submitted,CO11
A000944,C00781,B001,2024-02-07,Working Capital,1450000.0,36,1944982.69,Approved,1246373.72,2024-03-02,,CO07
A000945,C00080,B006,2026-02-22,Expansion,4200000.0,24,1400360.76,Approved,3967961.21,2026-03-08,,CO08
A000946,C00807,B004,2024-03-19,Working Capital,2250000.0,18,1584654.04,Approved,2111670.87,2024-04-06,,CO12
A000947,C00598,B005,2025-10-28,Vehicle,9500000.0,18,12770132.28,Approved,8664833.69,2025-11-12,,CO06
A000948,C00018,B001,2024-06-17,Inventory,1750000.0,6,2096198.57,Approved,1687697.72,2024-07-06,,CO11
A000949,C00248,B006,2024-06-08,Working Capital,2550000.0,6,1817572.81,Rejected,,2024-06-17,High existing debt,CO09
A000950,C00605,B006,2026-01-20,Inventory,11450000.0,12,1370483.85,Approved,8973034.58,2026-02-03,,CO12
A000951,C00895,B006,2024-08-19,Inventory,14350000.0,12,20799837.24,Approved,12171966.12,2024-09-04,,CO08
A000952,C00491,B001,2024-04-02,Renovation,11550000.0,6,5815021.58,Rejected,,2024-04-15,Requested amount high vs revenue,CO06
A000953,C00548,B006,2026-08-31,Inventory,2350000.0,18,2804432.69,Approved,2251173.34,2026-09-16,,CO09
A000954,C00311,B001,2025-07-21,Renovation,5200000.0,24,4623842.67,Approved,4671514.26,2025-08-08,,CO02
A000955,C00602,B002,2026-02-19,Renovation,1900000.0,36,2841737.89,Approved,1643005.02,2026-03-07,,CO05
A000956,C00131,B005,2024-06-09,Working Capital,650000.0,18,966449.22,Approved,521529.49,2024-06-23,,CO02
A000957,C00528,B003,2026-07-15,Working Capital,6950000.0,12,3719976.58,Approved,6719082.6,2026-08-03,,CO02
A000958,C00329,B001,2024-03-01,Vehicle,7050000.0,18,1502563.46,Rejected,,2024-03-12,Insufficient collateral,CO10
A000959,C00563,B003,2024-11-16,Working Capital,5350000.0,36,5795419.96,Approved,5046313.37,2024-12-03,,CO03
A000960,C00612,B007,2026-08-19,Expansion,8350000.0,12,10944023.96,Approved,8298010.99,2026-08-31,,CO12
A000961,C00767,B004,2025-01-24,Inventory,750000.0,6,627060.66,Approved,607109.61,2025-02-08,,CO12
A000962,C00127,B005,2025-03-03,Vehicle,3700000.0,12,4119964.02,Rejected,,2025-03-13,Requested amount high vs revenue,CO03
A000963,C00032,B002,2025-05-23,Expansion,3700000.0,12,3841475.9,Rejected,,2025-06-02,Requested amount high vs revenue,CO08
A000964,C00133,B002,2025-04-11,Working Capital,1050000.0,12,1236880.63,Approved,988788.71,2025-04-29,,CO05
A000965,C00825,B002,2026-08-19,Working Capital,500000.0,12,430193.51,Approved,392537.48,2026-09-05,,CO03
A000966,C00936,B001,2025-01-24,Working Capital,4050000.0,12,3676088.75,Rejected,,2025-02-03,High existing debt,CO08
A000967,C00978,B004,2025-09-13,Renovation,900000.0,18,1081445.29,Approved,892661.48,2025-09-28,,CO05
A000968,C00210,B001,2025-02-02,Machinery,10700000.0,18,7553443.85,Rejected,,2025-02-15,Requested amount high vs revenue,CO06
A000969,C00436,B001,2025-02-02,Inventory,1150000.0,24,1443188.95,Approved,1116638.45,2025-02-22,,CO09
A000970,C00392,B006,2025-05-08,Vehicle,1300000.0,24,469326.41,Approved,1048678.41,2025-05-23,,CO12
A000971,C00748,B002,2025-06-17,Expansion,2350000.0,12,1333379.14,Rejected,,2025-06-28,Requested amount high vs revenue,CO05
A000972,C00471,B001,2024-08-26,Working Capital,500000.0,12,268595.15,Rejected,,2024-09-06,Insufficient financial information,CO12
A000973,C00227,B002,2025-02-07,Expansion,4400000.0,12,3110039.45,Rejected,,2025-02-15,Requested amount high vs revenue,CO07
A000974,C00706,B006,2024-06-19,Machinery,2950000.0,24,2936164.99,Rejected,,2024-06-28,Requested amount high vs revenue,CO09
A000975,C00224,B002,2024-08-02,Working Capital,2450000.0,18,3206817.28,Approved,2177917.68,2024-08-13,,CO01
A000976,C00626,B004,2026-03-31,Expansion,3650000.0,12,2300162.53,Approved,3008134.88,2026-04-12,,CO08
A000977,C00331,B005,2025-12-27,Machinery,550000.0,36,382479.84,Rejected,,2026-01-02,Credit assessment not satisfactory,CO12
A000978,C00652,B006,2025-01-30,Inventory,20400000.0,12,28629732.89,Approved,17816710.73,2025-02-19,,CO06
A000979,C00230,B005,2024-12-30,Inventory,500000.0,12,312136.1,Approved,492890.18,2025-01-10,,CO01
A000980,C00936,B006,2024-07-30,Machinery,3800000.0,12,1269306.76,Approved,3361434.39,2024-08-18,,CO11
A000981,C00159,B002,2024-05-28,Working Capital,5400000.0,18,1609432.3,Approved,4886458.03,2024-06-13,,CO09
A000982,C00785,B005,2025-12-11,Working Capital,550000.0,24,111353.17,Approved,437710.73,2025-12-31,,CO06
A000983,C00892,B002,2024-09-04,Machinery,6450000.0,18,4478803.6,Rejected,,2024-09-09,Requested amount high vs revenue,CO04
A000984,C00600,B002,2024-02-11,Expansion,1350000.0,36,1541349.48,Approved,1151829.11,2024-03-01,,CO04
A000985,C00405,B005,2024-03-05,Working Capital,5600000.0,24,6533343.55,Rejected,,2024-03-18,Requested amount high vs revenue,CO12
A000986,C00044,B005,2026-06-19,Vehicle,8950000.0,12,3172119.44,Approved,7959843.9,2026-07-03,,CO06
A000987,C00896,B006,2024-04-01,Renovation,2500000.0,18,2846497.44,Approved,1951390.23,2024-04-19,,CO09
A000988,C00625,B001,2026-04-30,Machinery,14100000.0,36,3930895.87,Approved,11473154.24,2026-05-22,,CO11
A000989,C00705,B003,2026-03-23,Working Capital,4050000.0,12,2720699.34,Rejected,,2026-03-29,Requested amount high vs revenue,CO09
A000990,C00800,B007,2025-05-02,Working Capital,3250000.0,12,1014171.55,Approved,2723276.65,2025-05-19,,CO12
A000991,C00216,B003,2026-02-23,Machinery,12400000.0,18,15353759.09,Approved,10396642.7,2026-03-11,,CO10
A000992,C00880,B002,2026-08-27,Renovation,500000.0,36,69154.84,Pending,,,,CO01
A000993,C00113,B008,2025-10-20,Working Capital,11050000.0,12,1271794.91,Approved,9923376.44,2025-11-06,,CO03
A000994,C00178,B005,2025-04-24,Renovation,11500000.0,12,17018186.39,Approved,9801861.49,2025-05-09,,CO11
A000995,C00384,B004,2025-11-12,Working Capital,7750000.0,12,9544997.76,Approved,7695385.31,2025-11-30,,CO06
A000996,C00498,B003,2025-01-05,Renovation,1500000.0,18,2168953.69,Approved,1426309.23,2025-01-24,,CO07
A000997,C00172,B002,2026-01-23,Inventory,2900000.0,12,1471161.75,Rejected,,2026-01-31,Requested amount high vs revenue,CO05
A000998,C00748,B002,2025-05-15,Inventory,2000000.0,24,1099588.45,Approved,1873661.88,2025-05-30,,CO08
A000999,C00962,B003,2026-02-23,Machinery,850000.0,6,557023.35,Approved,821273.78,2026-03-14,,CO02
A001000,C00449,B001,2025-04-16,Expansion,3250000.0,18,4089895.76,Approved,2819475.96,2025-05-02,,CO12
A001001,C00160,B007,2025-01-08,Expansion,5500000.0,24,4781362.4,Rejected,,2025-01-14,Requested amount high vs revenue,CO08
A001002,C00246,B006,2026-03-25,Machinery,10000000.0,18,6817818.29,Approved,8269988.62,2026-04-08,,CO06
A001003,C00840,B001,2025-09-18,Working Capital,5300000.0,6,5294599.81,Approved,4606449.89,2025-10-05,,CO11
A001004,C00946,B005,2025-12-30,Inventory,2200000.0,18,1155048.92,Withdrawn,,2026-01-01,Required documents not submitted,CO11
A001005,C00012,B005,2025-11-20,Inventory,10100000.0,24,6523619.99,Withdrawn,,2025-11-24,Customer withdrew application,CO06
A001006,C00186,B004,2026-01-16,Expansion,1800000.0,12,2577264.44,Approved,1634976.49,2026-01-28,,CO02
A001007,C00830,B006,2026-09-06,Working Capital,15100000.0,6,21442638.92,Pending,,,,CO02
A001008,C00600,B002,2025-07-13,Expansion,2550000.0,36,2898301.09,Rejected,,2025-07-23,Requested amount high vs revenue,CO07
A001009,C00937,B003,2024-07-04,Machinery,4550000.0,12,4361327.17,Rejected,,2024-07-14,Requested amount high vs revenue,CO02
A001010,C00219,B004,2024-07-11,Expansion,1550000.0,12,1117622.46,Approved,1494587.96,2024-07-26,,CO12
A001011,C00440,B003,2025-07-03,Inventory,950000.0,18,30503.05,Approved,791960.49,2025-07-16,,CO04
A001012,C00332,B006,2026-07-09,Working Capital,1600000.0,12,1049067.12,Approved,1350460.12,2026-07-22,,CO08
A001013,C00048,B008,2025-11-08,Inventory,2200000.0,36,2170583.2,Withdrawn,,2025-11-17,Customer changed financing plan,CO11
A001014,C00495,B005,2024-07-08,Renovation,9250000.0,6,2018720.55,Approved,8871332.1,2024-07-28,,CO04
A001015,C00046,B002,2025-11-18,Working Capital,3100000.0,24,1868311.23,Approved,2443237.39,2025-12-09,,CO12
A001016,C00928,B002,2024-01-21,Machinery,3500000.0,24,4660568.08,Approved,2830630.06,2024-02-03,,CO11
A001017,C00118,B006,2024-05-06,Expansion,1250000.0,18,286934.09,Rejected,,2024-05-14,Requested amount high vs revenue,CO05
A001018,C00180,B001,2026-08-02,Working Capital,4400000.0,24,6269021.09,Approved,3600656.78,2026-08-17,,CO07
A001019,C00586,B001,2025-06-06,Machinery,1400000.0,18,79276.15,Approved,1324849.64,2025-06-24,,CO05
A001020,C00197,B001,2025-01-05,Machinery,1500000.0,12,936899.04,Rejected,,2025-01-13,Requested amount high vs revenue,CO02
A001021,C00027,B006,2024-11-07,Working Capital,3500000.0,12,2092360.87,Rejected,,2024-11-17,Requested amount high vs revenue,CO10
A001022,C00593,B001,2024-12-13,Vehicle,15450000.0,18,21849578.18,Approved,13751577.57,2024-12-30,,CO01
A001023,C00915,B001,2024-09-16,Renovation,550000.0,6,20508.99,Approved,467811.98,2024-10-02,,CO04
A001024,C00459,B002,2024-04-28,Inventory,19900000.0,36,3641740.56,Approved,16943087.43,2024-05-15,,CO11
A001025,C00864,B002,2025-11-15,Vehicle,2550000.0,24,481867.51,Approved,2453910.35,2025-12-05,,CO12
A001026,C00463,B003,2025-05-26,Vehicle,500000.0,36,612853.54,Approved,467100.05,2025-06-10,,CO08
A001027,C00743,B004,2025-07-08,Working Capital,1500000.0,6,923706.05,Approved,1479968.07,2025-07-26,,CO10
A001028,C00736,B005,2025-02-27,Vehicle,800000.0,6,908258.26,Approved,685792.42,2025-03-12,,CO06
A001029,C00473,B004,2026-03-20,Machinery,2600000.0,24,2758646.5,Withdrawn,,2026-03-28,Customer withdrew application,CO10
A001030,C00011,B005,2025-01-24,Expansion,1200000.0,18,781898.93,Rejected,,2025-01-30,Business profile outside policy,CO07
A001031,C00070,B005,2026-08-11,Machinery,3100000.0,6,2099145.54,Approved,2934184.55,2026-08-26,,CO04
A001032,C00584,B005,2024-08-16,Expansion,6850000.0,36,6451709.83,Withdrawn,,2024-08-22,Customer changed financing plan,CO04
A001033,C00367,B007,2025-09-03,Machinery,2950000.0,24,480102.62,Approved,2745182.66,2025-09-18,,CO04
A001034,C00054,B002,2025-08-26,Renovation,2900000.0,18,4157898.77,Approved,2890373.01,2025-09-15,,CO05
A001035,C00725,B002,2024-01-03,Machinery,600000.0,12,681043.61,Approved,534771.98,2024-01-15,,CO04
A001036,C00494,B001,2025-01-26,Vehicle,3100000.0,18,3778976.99,Approved,3073979.36,2025-02-14,,CO11
A001037,C00772,B004,2025-01-05,Machinery,2650000.0,12,1668422.49,Rejected,,2025-01-13,Insufficient financial information,CO06
A001038,C00820,B007,2026-05-30,Renovation,800000.0,18,307387.28,Rejected,,2026-06-12,Adverse repayment history,CO03
A001039,C00126,B002,2026-07-28,Expansion,3700000.0,12,4573605.5,Rejected,,2026-08-09,Requested amount high vs revenue,CO09
A001040,C00831,B007,2026-03-06,Expansion,3100000.0,18,2931896.92,Rejected,,2026-03-16,Requested amount high vs revenue,CO03
A001041,C00591,B006,2025-11-13,Expansion,4000000.0,12,2311516.99,Withdrawn,,2025-11-17,Customer withdrew application,CO01
A001042,C00332,B006,2024-07-02,Expansion,2150000.0,24,2813626.24,Approved,2019053.97,2024-07-21,,CO08
A001043,C00370,B005,2024-10-05,Working Capital,700000.0,18,658623.33,Approved,680664.71,2024-10-23,,CO06
A001044,C00666,B001,2024-12-30,Working Capital,2350000.0,18,2186629.1,Approved,2302719.13,2025-01-19,,CO06
A001045,C00300,B006,2025-08-09,Renovation,3950000.0,18,3063295.28,Approved,3772394.62,2025-08-27,,CO05
A001046,C00344,B006,2024-06-06,Working Capital,3350000.0,6,993645.67,Approved,2881992.16,2024-06-24,,CO12
A001047,C00110,B007,2026-05-17,Renovation,1850000.0,6,95553.66,Rejected,,2026-05-29,Insufficient collateral,CO06
A001048,C00130,B002,2024-06-01,Renovation,8650000.0,6,6565160.45,Approved,8477761.73,2024-06-16,,CO06
A001049,C00549,B005,2026-04-10,Working Capital,3000000.0,12,725229.62,Withdrawn,,2026-04-19,Customer changed financing plan,CO06
A001050,C00851,B004,2026-05-29,Working Capital,25000000.0,12,1835185.01,Approved,21402048.68,2026-06-16,,CO02
A001051,C00530,B002,2024-07-01,Working Capital,6300000.0,36,7369230.02,Approved,5553067.94,2024-07-17,,CO03
A001052,C00904,B003,2025-10-12,Working Capital,2200000.0,12,267784.58,Approved,1946651.62,2025-10-28,,CO06
A001053,C00926,B007,2026-05-21,Working Capital,5750000.0,36,4795311.01,Approved,5659041.17,2026-06-09,,CO11
A001054,C00020,B007,2025-04-27,Expansion,5650000.0,6,6058202.78,Approved,4690471.77,2025-05-14,,CO07
A001055,C00131,B005,2025-02-19,Machinery,750000.0,24,942254.71,Rejected,,2025-03-05,Requested amount high vs revenue,CO01
A001056,C00610,B001,2024-10-01,Renovation,1600000.0,6,64163.71,Approved,1312890.03,2024-10-21,,CO03
A001057,C00406,B003,2024-09-21,Expansion,9000000.0,18,3490770.3,Rejected,,2024-09-28,Requested amount high vs revenue,CO04
A001058,C00338,B006,2024-11-09,Working Capital,2700000.0,24,2389853.36,Approved,2517962.5,2024-11-21,,CO08
A001059,C00817,B001,2024-09-12,Vehicle,500000.0,12,432555.15,Rejected,,2024-09-25,Adverse repayment history,CO01
A001060,C00737,B005,2025-07-30,Working Capital,850000.0,36,18904.72,Approved,690236.36,2025-08-18,,CO09
A001061,C00501,B006,2025-12-23,Machinery,3650000.0,36,1043021.93,Approved,3428467.06,2026-01-10,,CO12
A001062,C00063,B004,2025-01-07,Vehicle,2100000.0,18,1306852.7,Approved,2032396.3,2025-01-26,,CO12
A001063,C00797,B002,2025-12-06,Machinery,4750000.0,18,4982141.92,Rejected,,2025-12-14,Credit assessment not satisfactory,CO01
A001064,C00957,B002,2024-12-14,Working Capital,3000000.0,24,60568.35,Approved,2653931.05,2024-12-28,,CO05
A001065,C00023,B003,2026-04-18,Machinery,1000000.0,12,17928.95,Approved,960147.79,2026-05-06,,CO08
A001066,C00726,B006,2024-12-31,Machinery,7400000.0,6,9475181.59,Approved,6826342.1,2025-01-19,,CO11
A001067,C00692,B003,2025-02-06,Working Capital,1100000.0,24,713795.08,Approved,1085814.03,2025-02-23,,CO09
A001068,C00078,B001,2026-04-22,Renovation,2500000.0,12,2584820.7,Approved,2369150.42,2026-05-14,,CO02
A001069,C00632,B001,2025-12-09,Expansion,1350000.0,12,1532788.82,Rejected,,2025-12-22,Requested amount high vs revenue,CO03
A001070,C00285,B008,2026-05-10,Inventory,6150000.0,18,3258106.36,Rejected,,2026-05-21,Adverse repayment history,CO04
A001071,C00324,B001,2026-03-08,Working Capital,3150000.0,6,1768841.84,Rejected,,2026-03-19,Business profile outside policy,CO11
A001072,C00431,B004,2024-03-20,Working Capital,9150000.0,24,11008473.22,Approved,7295316.91,2024-04-08,,CO05
A001073,C00784,B005,2026-05-19,Working Capital,500000.0,12,354889.0,Approved,497119.24,2026-06-02,,CO07
A001074,C00673,B002,2024-09-05,Expansion,1700000.0,36,1214246.6,Rejected,,2024-09-13,High existing debt,CO06
A001075,C00643,B001,2025-01-25,Machinery,25000000.0,18,7586634.17,Approved,22185513.28,2025-02-14,,CO01
A001076,C00742,B001,2026-08-24,Vehicle,1600000.0,24,1025091.14,Rejected,,2026-09-02,Business profile outside policy,CO04
A001077,C00051,B005,2026-09-02,Vehicle,4500000.0,24,2918211.04,Approved,4392781.77,2026-09-22,,CO05
A001078,C00397,B004,2024-02-06,Renovation,5000000.0,18,3245148.48,Approved,4367485.23,2024-02-19,,CO06
A001079,C00442,B007,2025-09-14,Inventory,2600000.0,12,315817.02,Approved,2364662.77,2025-09-27,,CO03
A001080,C00017,B006,2025-06-25,Vehicle,2300000.0,12,1371008.31,Approved,1895231.81,2025-07-10,,CO07
A001081,C00508,B001,2026-03-12,Working Capital,3000000.0,18,657007.1,Approved,2969597.99,2026-03-30,,CO05
A001082,C00346,B001,2024-02-29,Renovation,3900000.0,36,3111226.26,Rejected,,2024-03-12,Business profile outside policy,CO08
A001083,C00412,B006,2025-06-06,Expansion,1250000.0,12,726098.94,Rejected,,2025-06-10,Credit assessment not satisfactory,CO01
A001084,C00031,B004,2024-11-16,Working Capital,3050000.0,36,2124896.7,Approved,3024350.29,2024-12-04,,CO07
A001085,C00322,B003,2025-01-31,Working Capital,11500000.0,24,1652440.96,Approved,9798085.12,2025-02-11,,CO07
A001086,C00058,B004,2024-09-12,Working Capital,5800000.0,36,6848980.22,Approved,4982627.22,2024-10-03,,CO11
A001087,C00378,B004,2024-04-14,Renovation,8800000.0,12,3034441.78,Approved,7913824.98,2024-04-30,,CO02
A001088,C00871,B002,2024-05-10,Expansion,22950000.0,24,17113460.27,Approved,18610561.56,2024-05-29,,CO07
A001089,C00627,B003,2026-04-09,Vehicle,1400000.0,12,781058.67,Approved,1259619.71,2026-04-25,,CO07
A001090,C00196,B006,2025-04-17,Working Capital,2650000.0,18,239945.59,Rejected,,2025-04-27,Insufficient collateral,CO11
A001091,C00390,B006,2026-03-17,Working Capital,3300000.0,24,2155869.91,Approved,2937987.83,2026-04-02,,CO12
A001092,C00128,B001,2026-04-03,Inventory,800000.0,12,303364.48,Approved,722595.01,2026-04-19,,CO11
A001093,C00796,B002,2026-09-19,Working Capital,1050000.0,12,1010296.1,Approved,821242.42,2026-09-30,,CO06
A001094,C00944,B001,2024-08-25,Working Capital,3650000.0,18,857379.71,Approved,3445106.64,2024-09-17,,CO01
A001095,C00827,B004,2024-10-30,Inventory,1800000.0,18,1903690.21,Approved,1528622.18,2024-11-17,,CO03
A001096,C00970,B002,2025-11-08,Renovation,2150000.0,24,2222004.51,Approved,1969426.05,2025-11-29,,CO10
A001097,C00629,B001,2026-08-23,Working Capital,1900000.0,24,298820.15,Approved,1483800.33,2026-09-09,,CO07
A001098,C00018,B002,2026-02-16,Vehicle,1050000.0,36,1164040.25,Approved,1012235.17,2026-03-04,,CO02
A001099,C00028,B006,2024-10-29,Machinery,500000.0,12,79232.96,Rejected,,2024-11-07,Insufficient collateral,CO08
A001100,C00614,B003,2025-01-22,Inventory,7800000.0,24,5487348.61,Approved,7470740.13,2025-02-03,,CO01
A001101,C00055,B004,2024-01-05,Inventory,10950000.0,36,6447025.08,Approved,9027591.31,2024-01-16,,CO01
A001102,C00455,B001,2026-06-25,Working Capital,500000.0,24,460954.1,Approved,421527.54,2026-07-12,,CO02
A001103,C00968,B003,2025-08-29,Machinery,2550000.0,12,3310295.61,Rejected,,2025-09-07,Insufficient financial information,CO03
A001104,C00235,B001,2025-11-27,Working Capital,500000.0,12,48760.62,Rejected,,2025-12-05,Insufficient collateral,CO07
A001105,C00642,B004,2024-08-07,Inventory,23700000.0,36,5815255.42,Rejected,,2024-08-12,Insufficient collateral,CO07
A001106,C00712,B006,2025-05-22,Inventory,800000.0,36,1114887.95,Approved,740380.7,2025-06-08,,CO10
A001107,C00158,B007,2025-02-01,Expansion,4950000.0,12,4307269.17,Rejected,,2025-02-07,Requested amount high vs revenue,CO10
A001108,C00400,B007,2025-03-16,Working Capital,3900000.0,24,4257466.21,Approved,3375402.65,2025-04-01,,CO06
A001109,C00026,B006,2025-08-24,Expansion,2200000.0,36,2508850.24,Approved,1723538.55,2025-09-08,,CO05
A001110,C00679,B003,2024-01-06,Vehicle,2400000.0,24,3161678.7,Rejected,,2024-01-09,High existing debt,CO12
A001111,C00598,B005,2024-05-09,Expansion,9700000.0,6,92551.87,Withdrawn,,2024-05-19,Customer withdrew application,CO02
A001112,C00684,B001,2024-11-30,Machinery,3700000.0,36,5078874.49,Approved,2952667.15,2024-12-14,,CO02
A001113,C00876,B001,2025-11-19,Inventory,6550000.0,24,5511679.42,Approved,6089455.27,2025-12-04,,CO12
A001114,C00840,B004,2024-07-20,Inventory,4650000.0,6,5562674.74,Rejected,,2024-07-25,Credit assessment not satisfactory,CO11
A001115,C00423,B004,2026-01-12,Machinery,3750000.0,12,4605638.27,Withdrawn,,2026-01-27,Customer withdrew application,CO02
A001116,C00539,B004,2024-05-04,Expansion,2550000.0,24,994242.45,Approved,2341190.96,2024-05-17,,CO10
A001117,C00245,B004,2024-11-20,Renovation,18250000.0,6,6187601.9,Approved,14506895.03,2024-12-02,,CO10
A001118,C00752,B004,2024-12-17,Working Capital,9550000.0,12,13207897.93,Rejected,,2024-12-24,High existing debt,CO08
A001119,C00598,B005,2025-10-01,Expansion,9650000.0,12,12245275.29,Approved,8118088.03,2025-10-16,,CO04
A001120,C00821,B006,2026-01-17,Expansion,9300000.0,36,3287712.69,Withdrawn,,2026-01-26,Customer changed financing plan,CO01
A001121,C00620,B001,2025-05-26,Expansion,1100000.0,12,152996.8,Approved,1073084.26,2025-06-18,,CO08
A001122,C00544,B008,2024-02-23,Working Capital,7300000.0,12,5732658.74,Approved,6356404.83,2024-03-10,,CO12
A001123,C00990,B007,2024-01-24,Working Capital,7100000.0,18,5811503.47,Approved,7024067.95,2024-02-07,,CO08
A001124,C00789,B008,2026-09-20,Renovation,1300000.0,24,1621517.84,Pending,,,,CO11
A001125,C00836,B005,2025-04-07,Working Capital,500000.0,6,447527.8,Approved,406325.94,2025-04-22,,CO06
A001126,C00403,B004,2024-04-16,Working Capital,3450000.0,18,3535548.16,Approved,3416786.67,2024-04-28,,CO01
A001127,C00761,B002,2024-06-19,Inventory,6850000.0,18,9901453.74,Approved,6053856.73,2024-07-06,,CO12
A001128,C00535,B001,2025-10-13,Machinery,3900000.0,36,1189494.84,Approved,3571542.78,2025-11-01,,CO01
A001129,C00564,B008,2025-04-26,Working Capital,900000.0,18,1187021.02,Approved,715112.04,2025-05-13,,CO10
A001130,C00749,B006,2024-04-03,Inventory,2600000.0,36,1333655.53,Approved,2101729.63,2024-04-20,,CO07
A001131,C00899,B004,2024-02-18,Working Capital,1900000.0,36,1753646.42,Approved,1860045.3,2024-03-07,,CO11
A001132,C00279,B004,2025-10-17,Working Capital,2550000.0,12,1392022.59,Approved,2473967.0,2025-10-31,,CO02
A001133,C00893,B008,2024-08-14,Working Capital,8150000.0,24,9639390.22,Withdrawn,,2024-08-26,Customer withdrew application,CO01
A001134,C00261,B008,2024-09-15,Working Capital,2750000.0,12,2482068.91,Approved,2345429.14,2024-09-30,,CO01
A001135,C00103,B006,2024-04-07,Expansion,800000.0,24,621855.29,Approved,625068.53,2024-04-24,,CO01
A001136,C00670,B004,2025-12-23,Machinery,3950000.0,24,3296602.47,Approved,3196715.28,2026-01-06,,CO09
A001137,C00958,B001,2026-05-07,Expansion,4250000.0,24,6174146.37,Rejected,,2026-05-19,Requested amount high vs revenue,CO08
A001138,C00415,B002,2026-02-03,Vehicle,1000000.0,18,1448781.27,Approved,930881.1,2026-02-16,,CO03
A001139,C00475,B007,2025-07-19,Expansion,4300000.0,12,5385907.54,Withdrawn,,2025-07-26,Customer changed financing plan,CO09
A001140,C00913,B007,2025-08-30,Expansion,25000000.0,18,27142474.07,Rejected,,2025-09-08,Adverse repayment history,CO06
A001141,C00981,B002,2026-02-25,Working Capital,23150000.0,24,14593620.94,Approved,21110683.19,2026-03-15,,CO02
A001142,C00110,B007,2025-08-29,Inventory,900000.0,24,618384.92,Rejected,,2025-09-11,High existing debt,CO02
A001143,C00399,B004,2026-07-02,Vehicle,4350000.0,18,5889498.0,Rejected,,2026-07-11,Requested amount high vs revenue,CO02
A001144,C00796,B002,2025-12-27,Expansion,2250000.0,6,2643983.63,Rejected,,2026-01-07,High existing debt,CO01
A001145,C00704,B002,2026-07-13,Working Capital,2800000.0,12,2076813.7,Approved,2471390.06,2026-07-25,,CO11
A001146,C00929,B003,2026-08-15,Working Capital,9650000.0,36,13016894.33,Rejected,,2026-08-24,Requested amount high vs revenue,CO09
A001147,C00375,B004,2024-04-17,Expansion,3200000.0,24,1240517.74,Approved,2950115.11,2024-05-01,,CO08
A001148,C00243,B002,2025-09-22,Expansion,2150000.0,24,1783521.8,Approved,1796503.97,2025-10-10,,CO05
A001149,C00284,B001,2024-02-14,Machinery,6850000.0,24,8796425.52,Approved,6501268.51,2024-03-04,,CO06
A001150,C00582,B008,2024-02-01,Renovation,3350000.0,12,3435688.92,Rejected,,2024-02-16,High existing debt,CO08
A001151,C00832,B005,2026-05-25,Working Capital,1550000.0,12,2014373.63,Approved,1314515.64,2026-06-08,,CO04
A001152,C00314,B005,2026-09-05,Inventory,700000.0,18,575783.69,Rejected,,2026-09-09,High existing debt,CO06
A001153,C00674,B001,2024-01-03,Expansion,3050000.0,18,1757711.78,Approved,2505879.66,2024-01-23,,CO10
A001154,C00602,B003,2025-07-21,Machinery,6350000.0,24,9380240.18,Approved,5226207.71,2025-08-05,,CO08
A001155,C00244,B002,2025-12-28,Machinery,800000.0,24,49880.05,Approved,709764.6,2026-01-12,,CO05
A001156,C00435,B008,2025-08-22,Working Capital,3050000.0,18,2821680.01,Withdrawn,,2025-09-02,Customer changed financing plan,CO02
A001157,C00482,B001,2025-03-04,Renovation,1150000.0,36,701083.58,Approved,1039620.77,2025-03-24,,CO11
A001158,C00612,B007,2024-05-31,Expansion,7050000.0,24,4441296.21,Approved,5730761.53,2024-06-16,,CO09
A001159,C00665,B002,2025-10-09,Working Capital,1000000.0,12,1302718.0,Approved,986707.11,2025-10-21,,CO10
A001160,C00341,B001,2025-02-21,Working Capital,1500000.0,6,1895143.63,Approved,1383234.78,2025-03-14,,CO08
A001161,C00420,B005,2025-09-07,Working Capital,750000.0,18,8769.53,Rejected,,2025-09-21,Requested amount high vs revenue,CO07
A001162,C00912,B001,2025-12-03,Working Capital,2500000.0,18,1926534.59,Approved,2466203.08,2025-12-19,,CO08
A001163,C00025,B005,2025-11-25,Working Capital,1500000.0,12,901710.84,Rejected,,2025-12-08,Adverse repayment history,CO07
A001164,C00187,B004,2024-07-17,Inventory,1800000.0,24,2526205.93,Rejected,,2024-07-27,Requested amount high vs revenue,CO02
A001165,C00003,B003,2025-05-06,Working Capital,6600000.0,18,2285955.08,Approved,6234963.81,2025-05-21,,CO03
A001166,C00465,B002,2025-09-27,Expansion,7600000.0,18,10901428.39,Approved,6193479.2,2025-10-17,,CO11
A001167,C00531,B005,2024-06-20,Machinery,19350000.0,6,12894509.27,Approved,16245590.13,2024-07-05,,CO07
A001168,C00014,B006,2026-04-21,Working Capital,1700000.0,36,2170179.72,Approved,1498425.94,2026-05-07,,CO08
A001169,C00564,B008,2025-04-25,Expansion,1150000.0,12,947813.21,Rejected,,2025-05-03,High existing debt,CO07
A001170,C00089,B002,2025-06-10,Expansion,5000000.0,36,6067358.03,Rejected,,2025-06-22,High existing debt,CO07
A001171,C00704,B002,2026-02-13,Machinery,2800000.0,6,2369569.14,Approved,2632839.65,2026-02-26,,CO07
A001172,C00556,B001,2024-03-17,Inventory,20900000.0,18,29719112.19,Approved,18980947.94,2024-04-07,,CO04
A001173,C00920,B007,2026-02-18,Inventory,6450000.0,18,5761092.55,Rejected,,2026-02-28,High existing debt,CO10
A001174,C00619,B001,2025-07-23,Inventory,10500000.0,18,12419070.95,Approved,9312426.4,2025-08-08,,CO02
A001175,C00376,B001,2025-04-23,Inventory,3050000.0,6,1596022.49,Approved,2676007.8,2025-05-10,,CO07
A001176,C00464,B002,2024-10-27,Machinery,2500000.0,12,3493015.92,Withdrawn,,2024-10-31,Customer changed financing plan,CO01
A001177,C00835,B001,2026-01-24,Machinery,1200000.0,6,767047.48,Rejected,,2026-02-01,Requested amount high vs revenue,CO12
A001178,C00700,B001,2024-01-13,Renovation,3600000.0,36,3102432.69,Approved,3325930.62,2024-01-29,,CO06
A001179,C00656,B005,2025-03-08,Machinery,2850000.0,36,1715021.61,Approved,2608937.37,2025-03-28,,CO12
A001180,C00265,B001,2024-03-26,Machinery,2200000.0,24,3222328.26,Approved,2150666.52,2024-04-12,,CO04
A001181,C00245,B004,2025-09-19,Inventory,24150000.0,24,30043981.81,Approved,19449122.82,2025-10-01,,CO11
A001182,C00923,B007,2024-01-05,Vehicle,1200000.0,18,1296848.61,Approved,1098459.53,2024-01-19,,CO07
A001183,C00529,B002,2025-08-25,Expansion,6400000.0,12,4063767.54,Withdrawn,,2025-09-06,Customer changed financing plan,CO08
A001184,C00262,B006,2025-08-01,Expansion,7250000.0,12,7905420.0,Approved,7092672.72,2025-08-19,,CO02
A001185,C00709,B001,2025-06-14,Machinery,4950000.0,6,3287509.77,Rejected,,2025-06-30,Requested amount high vs revenue,CO10
A001186,C00228,B001,2024-12-31,Vehicle,750000.0,18,879281.9,Approved,725484.53,2025-01-16,,CO01
A001187,C00899,B004,2024-05-31,Inventory,1900000.0,12,468311.73,Approved,1710499.25,2024-06-17,,CO03
A001188,C00843,B006,2025-07-15,Vehicle,3500000.0,12,3742023.11,Approved,2945631.46,2025-07-29,,CO05
A001189,C00396,B001,2025-08-20,Working Capital,4850000.0,12,6350181.41,Approved,4241575.34,2025-09-06,,CO08
A001190,C00188,B004,2024-02-18,Vehicle,750000.0,12,875706.4,Rejected,,2024-02-29,High existing debt,CO10
A001191,C00555,B006,2024-12-04,Working Capital,2050000.0,12,1266827.01,Approved,2047797.04,2024-12-20,,CO12
A001192,C00959,B002,2026-06-30,Renovation,6450000.0,36,7093212.11,Approved,5387407.22,2026-07-19,,CO04
A001193,C00529,B001,2026-05-10,Working Capital,10600000.0,12,12223489.57,Approved,10336686.58,2026-05-31,,CO06
A001194,C00420,B005,2024-05-15,Inventory,500000.0,36,412277.99,Approved,485302.79,2024-06-03,,CO04
A001195,C00105,B001,2025-12-24,Working Capital,1850000.0,12,2153391.82,Rejected,,2025-12-30,Business profile outside policy,CO08
A001196,C00070,B005,2024-06-14,Working Capital,2700000.0,36,451839.39,Approved,2520925.93,2024-06-26,,CO08
A001197,C00558,B006,2025-05-14,Expansion,9650000.0,36,6056146.81,Approved,8379044.56,2025-05-31,,CO04
A001198,C00363,B005,2026-05-03,Working Capital,2400000.0,6,1728936.31,Approved,2221943.81,2026-05-19,,CO12
A001199,C00554,B002,2024-02-12,Renovation,2050000.0,36,1508252.2,Approved,2000643.15,2024-03-01,,CO12
A001200,C00861,B008,2024-02-06,Machinery,650000.0,6,500373.06,Approved,620351.72,2024-02-20,,CO03
A001201,C00215,B002,2024-07-31,Vehicle,14050000.0,18,16375392.72,Approved,12280327.66,2024-08-19,,CO09
A001202,C00720,B003,2024-05-27,Expansion,5950000.0,36,7160773.72,Approved,4992646.64,2024-06-09,,CO02
A001203,C00980,B004,2025-11-12,Expansion,13900000.0,12,18801631.61,Approved,11584231.25,2025-11-23,,CO07
A001204,C00178,B005,2024-05-12,Vehicle,22700000.0,18,18315299.31,Approved,20622552.2,2024-05-31,,CO04
A001205,C00063,B002,2024-08-13,Inventory,3950000.0,12,5474952.54,Withdrawn,,2024-08-15,Required documents not submitted,CO03
A001206,C00808,B001,2026-01-14,Renovation,9350000.0,12,12490357.93,Approved,8218378.81,2026-02-05,,CO08
A001207,C00665,B001,2024-04-16,Machinery,2050000.0,18,2563051.01,Approved,1889860.48,2024-05-02,,CO04
A001208,C00541,B002,2026-06-13,Machinery,3850000.0,12,2717944.87,Rejected,,2026-06-20,Adverse repayment history,CO04
A001209,C00192,B004,2024-03-13,Renovation,3300000.0,18,2355749.94,Withdrawn,,2024-03-21,Customer changed financing plan,CO03
A001210,C00245,B004,2025-08-19,Vehicle,19800000.0,12,1264506.14,Approved,15701687.44,2025-09-04,,CO03
A001211,C00967,B006,2026-09-05,Working Capital,8150000.0,24,9774127.31,Approved,7117766.97,2026-09-21,,CO10
A001212,C00055,B004,2025-07-15,Inventory,4600000.0,18,31111.81,Rejected,,2025-07-18,Insufficient collateral,CO07
A001213,C00470,B001,2025-11-02,Machinery,1950000.0,24,2200736.78,Approved,1819943.33,2025-11-20,,CO10
A001214,C00684,B003,2025-05-21,Machinery,3250000.0,18,3593076.45,Approved,2630812.67,2025-06-06,,CO12
A001215,C00647,B001,2024-11-03,Expansion,7050000.0,36,3734544.81,Approved,6645295.31,2024-11-26,,CO11
A001216,C00919,B007,2026-08-13,Working Capital,2400000.0,24,2396196.79,Approved,2333295.76,2026-08-23,,CO10
A001217,C00645,B001,2026-05-02,Renovation,3150000.0,24,3221522.92,Approved,2724302.08,2026-05-24,,CO10
A001218,C00903,B003,2024-01-27,Expansion,4200000.0,12,5616530.17,Rejected,,2024-02-09,High existing debt,CO03
A001219,C00756,B003,2024-10-19,Working Capital,2650000.0,24,2845402.81,Approved,2119618.19,2024-11-05,,CO12
A001220,C00091,B004,2026-04-30,Inventory,2200000.0,18,2015520.75,Rejected,,2026-05-11,Credit assessment not satisfactory,CO03
A001221,C00820,B007,2024-11-28,Working Capital,500000.0,18,118868.69,Rejected,,2024-12-06,Adverse repayment history,CO05
A001222,C00821,B006,2024-07-25,Working Capital,12800000.0,24,10969568.16,Approved,12291392.57,2024-08-09,,CO02
A001223,C00787,B001,2026-03-02,Working Capital,800000.0,24,65221.22,Approved,630049.09,2026-03-16,,CO10
A001224,C00539,B001,2025-10-22,Expansion,2600000.0,18,428655.32,Approved,2524987.7,2025-11-12,,CO01
A001225,C00526,B001,2024-08-10,Working Capital,7800000.0,18,2547918.97,Rejected,,2024-08-23,Insufficient collateral,CO08
A001226,C00056,B003,2025-12-29,Vehicle,12500000.0,36,10541287.87,Approved,12191605.44,2026-01-13,,CO08
A001227,C00298,B001,2026-06-06,Working Capital,2950000.0,12,2375862.1,Approved,2579977.41,2026-06-24,,CO08
A001228,C00079,B005,2025-05-01,Inventory,15750000.0,24,10059540.38,Approved,13068414.5,2025-05-16,,CO07
A001229,C00775,B001,2024-01-27,Vehicle,6750000.0,36,8716908.33,Approved,5733454.01,2024-02-16,,CO12
A001230,C00774,B004,2024-02-01,Renovation,2000000.0,18,1617188.91,Approved,1821275.51,2024-02-17,,CO05
A001231,C00413,B006,2025-09-11,Working Capital,2800000.0,36,2172824.4,Approved,2688376.0,2025-10-02,,CO01
A001232,C00594,B004,2024-03-08,Working Capital,4200000.0,18,419407.25,Approved,3769893.48,2024-03-24,,CO08
A001233,C00301,B004,2025-07-08,Inventory,1450000.0,24,1596496.78,Approved,1176342.86,2025-07-27,,CO06
A001234,C00936,B006,2025-07-17,Renovation,5100000.0,12,2037829.77,Rejected,,2025-07-22,High existing debt,CO04
A001235,C00942,B005,2024-06-18,Inventory,1000000.0,18,224317.49,Rejected,,2024-06-23,Insufficient collateral,CO03
A001236,C00976,B006,2024-02-03,Working Capital,5450000.0,12,6281969.63,Rejected,,2024-02-16,High existing debt,CO02
A001237,C00403,B004,2024-03-31,Working Capital,3650000.0,12,3124781.7,Withdrawn,,2024-04-09,Customer changed financing plan,CO06
A001238,C00526,B001,2024-04-15,Working Capital,12900000.0,12,15820947.99,Rejected,,2024-04-27,High existing debt,CO02
A001239,C00425,B001,2024-11-10,Machinery,2100000.0,12,1125033.81,Rejected,,2024-11-25,Insufficient financial information,CO06
A001240,C00727,B005,2024-12-25,Renovation,1450000.0,18,1960161.84,Rejected,,2025-01-01,Credit assessment not satisfactory,CO08
A001241,C00463,B001,2026-04-06,Working Capital,500000.0,24,387197.12,Approved,476672.22,2026-04-25,,CO01
A001242,C00010,B007,2026-05-21,Working Capital,5050000.0,18,6894572.03,Approved,4591206.94,2026-06-07,,CO05
A001243,C00704,B002,2025-10-29,Vehicle,10500000.0,18,3663604.85,Rejected,,2025-11-04,High existing debt,CO10
A001244,C00333,B001,2026-03-19,Expansion,550000.0,24,720379.5,Withdrawn,,2026-03-21,Customer withdrew application,CO02
A001245,C00194,B004,2026-03-20,Working Capital,5800000.0,24,3538219.31,Rejected,,2026-03-26,Requested amount high vs revenue,CO08
A001246,C00035,B001,2024-06-25,Vehicle,4000000.0,12,2536614.42,Rejected,,2024-07-07,Requested amount high vs revenue,CO05
A001247,C00628,B005,2024-12-03,Working Capital,9550000.0,36,12579142.87,Approved,8169212.19,2024-12-18,,CO09
A001248,C00008,B001,2026-09-17,Renovation,14300000.0,36,4109533.54,Rejected,,2026-09-26,Requested amount high vs revenue,CO10
A001249,C00189,B002,2024-04-30,Vehicle,4400000.0,18,2943710.18,Approved,4356972.15,2024-05-17,,CO01
A001250,C00055,B004,2025-04-21,Expansion,19600000.0,12,12025539.58,Rejected,,2025-04-29,Requested amount high vs revenue,CO01
A001251,C00877,B005,2026-03-07,Renovation,600000.0,18,643831.08,Approved,573654.84,2026-03-25,,CO06
A001252,C00731,B003,2026-03-17,Renovation,6550000.0,18,8545796.54,Rejected,,2026-03-22,Requested amount high vs revenue,CO10
A001253,C00569,B005,2024-02-19,Renovation,3400000.0,12,372529.65,Approved,2749161.2,2024-03-11,,CO12
A001254,C00747,B001,2026-06-05,Renovation,1300000.0,6,1386524.28,Approved,1178981.31,2026-06-23,,CO02
A001255,C00427,B001,2026-08-13,Machinery,2900000.0,24,1569562.49,Rejected,,2026-08-25,High existing debt,CO05
A001256,C00177,B006,2025-05-16,Working Capital,1800000.0,24,1293566.47,Approved,1799995.59,2025-05-30,,CO11
A001257,C00495,B005,2026-05-08,Renovation,9200000.0,6,1725022.77,Approved,7367888.95,2026-05-20,,CO02
A001258,C00769,B001,2024-06-16,Inventory,4750000.0,18,3542558.97,Withdrawn,,2024-06-24,Required documents not submitted,CO07
A001259,C00370,B005,2024-08-08,Vehicle,1300000.0,18,1761224.9,Approved,1219141.85,2024-08-27,,CO01
A001260,C00194,B001,2026-02-14,Inventory,5550000.0,6,103547.8,Rejected,,2026-02-26,Insufficient collateral,CO12
A001261,C00722,B004,2026-08-19,Expansion,3800000.0,18,3500080.26,Approved,3460473.5,2026-09-04,,CO11
A001262,C00712,B006,2024-11-07,Expansion,2450000.0,36,1626648.93,Rejected,,2024-11-17,Requested amount high vs revenue,CO07
A001263,C00325,B004,2025-04-27,Machinery,22150000.0,12,21303376.54,Approved,18982671.71,2025-05-17,,CO01
A001264,C00199,B006,2024-05-15,Inventory,4750000.0,18,341147.34,Approved,4398150.78,2024-05-29,,CO05
A001265,C00354,B002,2025-01-15,Renovation,2550000.0,6,2049115.25,Approved,2415695.4,2025-01-29,,CO12
A001266,C00391,B006,2025-03-19,Expansion,4150000.0,12,771873.95,Approved,3930931.43,2025-04-02,,CO10
A001267,C00608,B001,2026-03-28,Machinery,12800000.0,12,3703448.06,Approved,10595351.82,2026-04-14,,CO05
A001268,C00133,B002,2024-12-29,Inventory,950000.0,36,1365269.43,Approved,777933.2,2025-01-17,,CO06
A001269,C00769,B001,2024-08-26,Vehicle,7200000.0,24,5657416.92,Approved,5944864.23,2024-09-17,,CO01
A001270,C00210,B001,2024-07-21,Working Capital,11200000.0,12,8407816.89,Approved,10299697.11,2024-08-07,,CO02
A001271,C00131,B005,2026-07-01,Expansion,850000.0,12,1032120.05,Rejected,,2026-07-08,Requested amount high vs revenue,CO08
A001272,C00973,B004,2025-01-29,Expansion,3300000.0,24,2137778.4,Rejected,,2025-02-09,Requested amount high vs revenue,CO06
A001273,C00502,B002,2025-11-15,Working Capital,8850000.0,12,10356104.72,Approved,7920102.56,2025-11-28,,CO06
A001274,C00632,B006,2026-09-11,Working Capital,1700000.0,12,2145294.86,Rejected,,2026-09-23,Requested amount high vs revenue,CO04
A001275,C00694,B001,2025-01-16,Working Capital,6300000.0,24,8218448.24,Approved,5857776.38,2025-01-31,,CO12
A001276,C00031,B004,2025-02-09,Machinery,6550000.0,24,4946288.77,Rejected,,2025-02-20,Requested amount high vs revenue,CO07
A001277,C00483,B001,2026-04-28,Expansion,1900000.0,18,108167.68,Approved,1622008.72,2026-05-14,,CO05
A001278,C00151,B004,2024-06-05,Working Capital,5700000.0,24,4393570.51,Approved,5203061.66,2024-06-21,,CO10
A001279,C00345,B001,2025-07-23,Expansion,3050000.0,24,2056285.31,Approved,2708192.8,2025-08-09,,CO01
A001280,C00055,B004,2024-04-03,Working Capital,5800000.0,24,1085163.37,Approved,5462919.57,2024-04-19,,CO11
A001281,C00814,B008,2025-12-22,Vehicle,3200000.0,24,364903.72,Approved,2771571.63,2026-01-05,,CO02
A001282,C00595,B001,2024-01-11,Working Capital,2800000.0,18,3263173.45,Approved,2371391.39,2024-01-27,,CO08
A001283,C00793,B002,2025-06-10,Machinery,3750000.0,36,5163658.69,Approved,3088207.71,2025-06-26,,CO02
A001284,C00941,B004,2026-08-18,Inventory,3400000.0,18,3642550.82,Approved,3371101.83,2026-09-01,,CO05
A001285,C00262,B006,2025-12-06,Renovation,4100000.0,18,5586642.54,Approved,4048933.07,2025-12-23,,CO01
A001286,C00676,B005,2024-12-19,Renovation,1900000.0,12,1629386.04,Rejected,,2024-12-29,Business profile outside policy,CO09
A001287,C00243,B002,2026-04-14,Working Capital,650000.0,24,485932.11,Approved,541283.34,2026-04-29,,CO09
A001288,C00882,B002,2026-04-01,Expansion,12900000.0,12,10446566.92,Approved,12890764.97,2026-04-16,,CO03
A001289,C00840,B001,2025-02-02,Working Capital,4850000.0,18,4974868.93,Approved,4238786.73,2025-02-26,,CO05
A001290,C00602,B001,2025-02-16,Working Capital,3100000.0,18,1133367.6,Approved,2972117.96,2025-03-07,,CO01
A001291,C00773,B006,2026-04-15,Inventory,3250000.0,36,3905281.47,Approved,2991763.81,2026-05-01,,CO01
A001292,C00807,B004,2025-06-17,Expansion,1850000.0,18,1232828.06,Approved,1570714.7,2025-07-07,,CO12
A001293,C00001,B006,2024-12-12,Inventory,9850000.0,24,45553.16,Rejected,,2024-12-18,Insufficient collateral,CO02
A001294,C00987,B004,2025-07-26,Working Capital,900000.0,24,556273.3,Approved,857313.24,2025-08-12,,CO06
A001295,C00038,B007,2025-08-12,Working Capital,11900000.0,24,10370621.1,Rejected,,2025-08-21,Requested amount high vs revenue,CO02
A001296,C00495,B005,2025-10-19,Working Capital,15300000.0,24,21440601.2,Rejected,,2025-10-27,Requested amount high vs revenue,CO01
A001297,C00503,B006,2024-03-26,Working Capital,7450000.0,12,5996970.39,Approved,7239443.49,2024-04-11,,CO05
A001298,C00043,B001,2026-04-26,Working Capital,9900000.0,6,6914265.75,Rejected,,2026-05-08,Requested amount high vs revenue,CO01
A001299,C00398,B001,2025-12-08,Renovation,3250000.0,12,538868.13,Approved,2812655.73,2025-12-22,,CO06
A001300,C00966,B006,2025-05-17,Inventory,500000.0,12,86324.33,Approved,484982.76,2025-06-04,,CO12
A001301,C00661,B006,2025-09-21,Vehicle,1950000.0,12,1253598.24,Rejected,,2025-10-02,Requested amount high vs revenue,CO01
A001302,C00440,B002,2026-03-20,Working Capital,1700000.0,24,2245136.15,Rejected,,2026-03-29,Requested amount high vs revenue,CO11
A001303,C00111,B004,2024-02-19,Renovation,2450000.0,12,87272.66,Approved,2129267.09,2024-03-03,,CO05
A001304,C00795,B006,2026-06-30,Expansion,600000.0,12,397696.75,Rejected,,2026-07-09,High existing debt,CO05
A001305,C00040,B002,2025-07-31,Machinery,4450000.0,36,5581962.25,Approved,4363575.98,2025-08-21,,CO01
A001306,C00424,B006,2025-04-12,Working Capital,2750000.0,24,3376530.36,Approved,2301024.41,2025-05-01,,CO10
A001307,C00281,B001,2025-11-12,Expansion,2650000.0,24,3419362.49,Approved,2460223.55,2025-11-26,,CO11
A001308,C00547,B003,2026-02-09,Machinery,1200000.0,24,1361337.2,Approved,1194828.25,2026-02-25,,CO07
A001309,C00127,B005,2025-11-19,Inventory,3600000.0,12,4929806.81,Rejected,,2025-12-01,Requested amount high vs revenue,CO02
A001310,C00124,B006,2026-02-26,Inventory,4550000.0,6,4443005.96,Approved,4467407.01,2026-03-19,,CO11
A001311,C00423,B004,2024-05-07,Machinery,2700000.0,36,805692.44,Rejected,,2024-05-18,Insufficient collateral,CO03
A001312,C00212,B001,2024-05-31,Machinery,3400000.0,36,4575254.0,Withdrawn,,2024-06-12,Customer changed financing plan,CO12
A001313,C00858,B003,2026-06-18,Working Capital,900000.0,18,891107.33,Approved,767430.67,2026-07-07,,CO02
A001314,C00193,B001,2025-01-15,Renovation,1300000.0,24,431246.94,Approved,1049343.75,2025-02-02,,CO10
A001315,C00088,B002,2025-08-15,Working Capital,650000.0,24,693093.85,Approved,511428.55,2025-08-25,,CO09
A001316,C00949,B005,2024-09-28,Inventory,7650000.0,12,5249663.45,Rejected,,2024-10-07,Requested amount high vs revenue,CO01
A001317,C00775,B001,2024-04-27,Machinery,5700000.0,12,7065205.43,Approved,4582747.8,2024-05-17,,CO01
A001318,C00984,B006,2025-08-03,Machinery,6000000.0,12,7269545.84,Approved,5576653.15,2025-08-20,,CO06
A001319,C00517,B004,2024-10-16,Inventory,7450000.0,36,6011388.9,Approved,7052043.27,2024-10-30,,CO08
A001320,C00844,B006,2024-10-29,Inventory,1200000.0,12,632452.05,Approved,942663.96,2024-11-16,,CO01
A001321,C00256,B003,2024-08-23,Expansion,1300000.0,18,653699.98,Rejected,,2024-09-06,Business profile outside policy,CO01
A001322,C00546,B002,2026-09-20,Expansion,3350000.0,24,670742.3,Approved,3218483.0,2026-09-30,,CO12
A001323,C00934,B004,2025-09-10,Working Capital,6750000.0,24,367913.14,Approved,6661743.13,2025-09-22,,CO05
A001324,C00810,B003,2025-10-12,Vehicle,1800000.0,18,1773723.55,Rejected,,2025-10-21,Insufficient financial information,CO12
A001325,C00473,B004,2024-07-28,Working Capital,5700000.0,24,4698564.89,Approved,4792890.81,2024-08-13,,CO10
A001326,C00956,B005,2025-03-18,Vehicle,1950000.0,12,1557123.12,Approved,1733927.47,2025-04-03,,CO12
A001327,C00729,B005,2026-01-04,Machinery,9750000.0,18,8142691.2,Rejected,,2026-01-10,Credit assessment not satisfactory,CO02
A001328,C00376,B002,2024-09-18,Working Capital,2100000.0,36,2253467.2,Approved,1692296.5,2024-10-03,,CO03
A001329,C00191,B008,2024-11-25,Working Capital,1500000.0,36,1967186.09,Rejected,,2024-12-08,Business profile outside policy,CO04
A001330,C00817,B004,2024-11-13,Machinery,1350000.0,18,684719.35,Rejected,,2024-11-21,High existing debt,CO01
A001331,C00004,B005,2026-01-04,Working Capital,7700000.0,18,7766152.53,Approved,7410315.06,2026-01-17,,CO04
A001332,C00880,B002,2025-07-04,Working Capital,500000.0,12,88072.79,Rejected,,2025-07-13,Insufficient collateral,CO12
A001333,C00798,B005,2026-05-08,Machinery,2700000.0,24,972144.66,Rejected,,2026-05-13,Adverse repayment history,CO02
A001334,C00187,B004,2026-07-25,Working Capital,2250000.0,18,654303.79,Rejected,,2026-07-30,Insufficient collateral,CO06
A001335,C00101,B002,2024-07-04,Working Capital,13300000.0,24,15751240.91,Rejected,,2024-07-17,High existing debt,CO07
A001336,C00259,B001,2025-02-24,Inventory,2800000.0,36,3874904.0,Rejected,,2025-03-11,Adverse repayment history,CO10
A001337,C00253,B004,2024-07-21,Renovation,2650000.0,36,2055708.33,Approved,2369965.72,2024-08-09,,CO08
A001338,C00500,B003,2025-01-04,Inventory,3500000.0,12,1875018.38,Approved,3356799.71,2025-01-19,,CO09
A001339,C00025,B005,2026-03-16,Expansion,2100000.0,12,1620844.55,Approved,1681417.31,2026-04-06,,CO02
A001340,C00230,B005,2025-06-22,Renovation,600000.0,12,47714.32,Rejected,,2025-07-03,High existing debt,CO02
A001341,C00003,B001,2026-08-14,Machinery,18300000.0,24,16673658.91,Rejected,,2026-08-31,Requested amount high vs revenue,CO06
A001342,C00928,B004,2025-11-08,Renovation,1800000.0,24,1232488.75,Approved,1560183.77,2025-11-26,,CO01
A001343,C00821,B006,2025-04-14,Working Capital,6650000.0,24,4678719.78,Rejected,,2025-04-20,Insufficient financial information,CO10
A001344,C00481,B006,2026-02-09,Inventory,1050000.0,24,590921.44,Approved,890206.78,2026-02-23,,CO10
A001345,C00099,B007,2024-07-29,Inventory,2450000.0,36,2025813.16,Approved,2199925.96,2024-08-13,,CO11
A001346,C00704,B002,2024-02-05,Renovation,6500000.0,24,7803722.42,Rejected,,2024-02-15,High existing debt,CO04
A001347,C00972,B006,2025-02-24,Working Capital,2000000.0,6,1120304.57,Rejected,,2025-03-04,Requested amount high vs revenue,CO10
A001348,C00404,B006,2025-06-14,Machinery,1850000.0,18,1356691.92,Approved,1698741.36,2025-06-30,,CO12
A001349,C00245,B004,2026-07-17,Working Capital,11650000.0,6,2975531.72,Approved,9101250.62,2026-08-01,,CO12
A001350,C00280,B004,2024-08-20,Inventory,1100000.0,36,904080.99,Approved,974653.54,2024-09-06,,CO01
A001351,C00384,B002,2024-07-22,Inventory,10200000.0,18,8044191.54,Rejected,,2024-07-26,Business profile outside policy,CO01
A001352,C00714,B003,2024-01-30,Expansion,650000.0,6,722181.78,Approved,648489.24,2024-02-16,,CO05
A001353,C00859,B007,2024-02-16,Vehicle,5250000.0,18,4450633.52,Rejected,,2024-02-28,Requested amount high vs revenue,CO08
A001354,C00288,B004,2026-03-18,Renovation,850000.0,18,12696.53,Rejected,,2026-03-25,Insufficient collateral,CO05
A001355,C00115,B003,2026-03-12,Working Capital,16450000.0,18,5383504.39,Approved,14578755.26,2026-03-27,,CO09
A001356,C00113,B001,2024-11-02,Renovation,7750000.0,36,1474907.37,Rejected,,2024-11-10,Insufficient collateral,CO02
A001357,C00270,B008,2024-11-25,Machinery,700000.0,12,497869.38,Rejected,,2024-12-02,Requested amount high vs revenue,CO07
A001358,C00033,B002,2024-01-30,Inventory,4150000.0,18,4932404.56,Approved,4097349.92,2024-02-17,,CO03
A001359,C00615,B006,2026-01-06,Machinery,1850000.0,12,1063826.4,Approved,1564121.51,2026-01-21,,CO11
A001360,C00105,B008,2024-09-11,Expansion,2550000.0,18,341155.44,Rejected,,2024-09-22,Insufficient collateral,CO11
A001361,C00373,B001,2026-04-18,Machinery,1250000.0,6,1528381.46,Approved,1115879.84,2026-05-05,,CO04
A001362,C00825,B001,2025-06-13,Vehicle,500000.0,12,535424.48,Rejected,,2025-06-23,Business profile outside policy,CO03
A001363,C00491,B002,2025-09-21,Working Capital,3200000.0,18,4400372.5,Approved,3016507.42,2025-10-08,,CO02
A001364,C00439,B002,2024-11-29,Inventory,1000000.0,12,606860.49,Approved,943335.55,2024-12-15,,CO04
A001365,C00025,B005,2025-10-02,Working Capital,5400000.0,18,4240611.23,Approved,5094941.99,2025-10-13,,CO03
A001366,C00212,B001,2025-09-13,Renovation,6250000.0,18,7876489.52,Approved,6200949.37,2025-10-02,,CO06
A001367,C00272,B002,2024-01-31,Machinery,7650000.0,12,10747887.54,Approved,6241922.09,2024-02-19,,CO02
A001368,C00150,B006,2025-07-25,Renovation,7500000.0,6,384068.53,Withdrawn,,2025-07-31,Required documents not submitted,CO07
A001369,C00956,B005,2024-02-26,Working Capital,3200000.0,24,4737990.89,Approved,2995006.86,2024-03-08,,CO04
A001370,C00938,B003,2026-04-24,Expansion,3100000.0,12,3069671.33,Approved,2579430.88,2026-05-12,,CO02
A001371,C00384,B001,2025-05-12,Working Capital,15750000.0,24,5483140.63,Rejected,,2025-05-23,Insufficient collateral,CO03
A001372,C00892,B003,2025-04-23,Inventory,5800000.0,24,3083896.65,Rejected,,2025-04-30,Requested amount high vs revenue,CO10
A001373,C00434,B008,2024-09-25,Inventory,3350000.0,12,1694956.57,Approved,2697849.83,2024-10-12,,CO12
A001374,C00866,B008,2025-06-06,Expansion,7250000.0,12,2064351.62,Approved,7138797.95,2025-06-18,,CO06
A001375,C00803,B005,2026-03-30,Inventory,1350000.0,36,1265222.46,Approved,1183275.87,2026-04-16,,CO06
A001376,C00308,B002,2025-04-07,Inventory,14300000.0,12,15305620.42,Approved,11620818.47,2025-04-21,,CO05
A001377,C00755,B002,2025-04-26,Expansion,500000.0,6,559256.43,Approved,465678.79,2025-05-11,,CO07
A001378,C00473,B004,2026-05-15,Vehicle,4550000.0,12,5246441.71,Approved,4135709.49,2026-05-30,,CO06
A001379,C00924,B001,2026-03-06,Machinery,1250000.0,24,395617.4,Approved,1015569.46,2026-03-22,,CO08
A001380,C00407,B002,2024-03-05,Renovation,4200000.0,36,4040111.8,Approved,3589221.98,2024-03-26,,CO06
A001381,C00345,B006,2024-12-27,Machinery,6950000.0,36,1010614.88,Rejected,,2025-01-05,Requested amount high vs revenue,CO04
A001382,C00382,B004,2026-05-31,Inventory,4850000.0,6,3613757.22,Approved,3814977.24,2026-06-14,,CO07
A001383,C00778,B008,2024-03-22,Expansion,5300000.0,12,5274588.33,Approved,4394096.74,2024-04-08,,CO09
A001384,C00393,B007,2025-09-22,Inventory,600000.0,6,747271.34,Approved,514234.4,2025-10-11,,CO11
A001385,C00026,B001,2025-01-15,Inventory,4300000.0,24,159675.56,Approved,3932090.37,2025-02-06,,CO04
A001386,C00703,B007,2026-08-21,Expansion,3600000.0,24,266315.0,Approved,3326667.57,2026-09-08,,CO02
A001387,C00574,B005,2024-10-17,Renovation,4000000.0,12,1209473.61,Rejected,,2024-10-24,Insufficient collateral,CO12
A001388,C00009,B002,2025-12-17,Working Capital,850000.0,24,906827.98,Approved,668607.4,2026-01-01,,CO08
A001389,C00664,B005,2026-02-22,Working Capital,6050000.0,24,4095470.78,Approved,5350388.47,2026-03-08,,CO05
A001390,C00280,B002,2025-06-23,Machinery,700000.0,36,721235.19,Approved,560145.13,2025-07-08,,CO06
A001391,C00339,B004,2025-10-31,Working Capital,17750000.0,6,24430312.11,Rejected,,2025-11-11,Insufficient financial information,CO05
A001392,C00785,B005,2025-11-14,Renovation,1400000.0,36,68171.71,Approved,1296816.63,2025-12-04,,CO11
A001393,C00646,B002,2025-07-27,Expansion,4300000.0,6,5694066.61,Withdrawn,,2025-08-06,Customer changed financing plan,CO11
A001394,C00730,B008,2025-02-27,Expansion,500000.0,36,104165.32,Approved,454253.38,2025-03-16,,CO11
A001395,C00820,B007,2025-04-05,Inventory,1100000.0,24,713609.59,Approved,1072579.56,2025-04-20,,CO06
A001396,C00069,B005,2025-10-14,Inventory,8900000.0,12,6591889.55,Rejected,,2025-10-26,Requested amount high vs revenue,CO07
A001397,C00110,B007,2024-12-29,Working Capital,950000.0,12,905034.68,Approved,890510.0,2025-01-13,,CO06
A001398,C00141,B008,2024-03-25,Inventory,1450000.0,36,1272552.77,Approved,1202391.6,2024-04-06,,CO09
A001399,C00328,B008,2025-10-02,Working Capital,500000.0,12,362530.93,Approved,412529.31,2025-10-19,,CO08
A001400,C00688,B001,2024-05-11,Working Capital,3050000.0,6,4209732.76,Approved,2407999.12,2024-05-28,,CO06
A001401,C00155,B002,2025-06-25,Working Capital,4400000.0,36,5492200.03,Approved,3755072.27,2025-07-16,,CO03
A001402,C00485,B006,2024-12-25,Expansion,3450000.0,36,2022484.93,Approved,3349316.18,2025-01-09,,CO11
A001403,C00496,B004,2026-01-29,Inventory,1500000.0,6,1487828.45,Approved,1363932.41,2026-02-13,,CO05
A001404,C00348,B005,2024-04-22,Working Capital,14350000.0,36,889686.11,Approved,11760045.29,2024-05-08,,CO07
A001405,C00422,B003,2024-02-14,Working Capital,12600000.0,12,8093246.33,Approved,10747630.04,2024-03-02,,CO03
A001406,C00432,B004,2026-07-04,Working Capital,3400000.0,24,1778122.57,Withdrawn,,2026-07-15,Customer changed financing plan,CO12
A001407,C00866,B008,2024-02-12,Machinery,1650000.0,18,1661052.4,Approved,1602628.67,2024-02-25,,CO10
A001408,C00208,B006,2025-01-08,Inventory,1500000.0,24,1365028.21,Approved,1362311.34,2025-01-22,,CO06
A001409,C00992,B001,2025-03-04,Machinery,2550000.0,36,3611849.84,Approved,2088093.68,2025-03-24,,CO11
A001410,C00272,B002,2026-03-13,Machinery,10250000.0,12,5225654.29,Rejected,,2026-03-19,Requested amount high vs revenue,CO06
A001411,C00728,B008,2024-02-03,Inventory,1450000.0,24,110409.58,Approved,1206959.01,2024-02-23,,CO06
A001412,C00494,B008,2024-07-17,Machinery,7250000.0,6,7044903.23,Approved,6371112.43,2024-07-31,,CO11
A001413,C00663,B001,2025-04-18,Working Capital,9450000.0,12,10438521.22,Approved,8784639.96,2025-05-03,,CO04
A001414,C00884,B002,2025-10-04,Vehicle,4900000.0,12,4109825.72,Rejected,,2025-10-13,Requested amount high vs revenue,CO01
A001415,C00364,B006,2026-01-27,Working Capital,2800000.0,18,4168133.3,Rejected,,2026-02-05,Requested amount high vs revenue,CO07
A001416,C00622,B007,2025-10-28,Working Capital,7850000.0,36,7196549.65,Approved,6197537.97,2025-11-13,,CO06
A001417,C00722,B003,2026-06-09,Machinery,3650000.0,24,833563.46,Rejected,,2026-06-22,Insufficient collateral,CO06
A001418,C00007,B003,2026-06-09,Working Capital,8200000.0,24,6240373.71,Rejected,,2026-06-16,Insufficient financial information,CO01
A001419,C00779,B007,2026-04-30,Inventory,3200000.0,24,3717331.2,Withdrawn,,2026-05-01,Customer withdrew application,CO01
A001420,C00621,B007,2024-01-04,Expansion,2600000.0,12,2147164.97,Withdrawn,,2024-01-18,Customer withdrew application,CO03
A001421,C00512,B004,2025-06-24,Working Capital,4350000.0,24,3086556.09,Approved,3658596.42,2025-07-06,,CO10
A001422,C00476,B007,2025-06-02,Working Capital,14000000.0,12,10625885.46,Approved,13889552.67,2025-06-15,,CO08
A001423,C00208,B006,2025-01-05,Machinery,3950000.0,24,3266548.01,Rejected,,2025-01-11,High existing debt,CO06
A001424,C00411,B005,2026-01-16,Vehicle,3200000.0,24,4382276.64,Approved,2747274.8,2026-02-02,,CO07
A001425,C00479,B003,2026-01-09,Expansion,25000000.0,12,18009967.29,Approved,24691297.75,2026-01-21,,CO05
A001426,C00512,B004,2025-01-17,Vehicle,3150000.0,24,854398.57,Approved,2858031.4,2025-01-31,,CO08
A001427,C00770,B001,2024-05-28,Inventory,900000.0,24,947253.26,Rejected,,2024-06-02,High existing debt,CO02
A001428,C00592,B004,2026-09-12,Expansion,1100000.0,18,1040359.17,Approved,953182.2,2026-09-25,,CO03
A001429,C00528,B004,2024-08-29,Machinery,12900000.0,18,16838654.76,Approved,11492865.15,2024-09-11,,CO02
A001430,C00191,B008,2026-05-25,Inventory,2500000.0,24,3710331.75,Approved,2192272.91,2026-06-07,,CO08
A001431,C00523,B004,2026-08-13,Working Capital,2650000.0,24,3083609.56,Approved,2256857.9,2026-08-28,,CO08
A001432,C00710,B004,2026-03-10,Vehicle,1050000.0,12,577726.43,Approved,935170.89,2026-03-25,,CO12
A001433,C00079,B005,2025-05-21,Machinery,25000000.0,12,14079211.28,Approved,22753382.83,2025-06-03,,CO06
A001434,C00462,B003,2024-07-09,Vehicle,5300000.0,12,7599920.75,Approved,4760266.9,2024-07-24,,CO06
A001435,C00017,B006,2024-10-05,Working Capital,4800000.0,24,4494076.76,Withdrawn,,2024-10-07,Customer withdrew application,CO08
A001436,C00799,B004,2024-07-16,Machinery,4350000.0,12,6135589.74,Rejected,,2024-07-25,Requested amount high vs revenue,CO10
A001437,C00916,B007,2024-06-08,Inventory,8200000.0,24,7285308.4,Rejected,,2024-06-16,Requested amount high vs revenue,CO02
A001438,C00092,B007,2024-02-08,Vehicle,2800000.0,18,1503609.6,Rejected,,2024-02-14,Credit assessment not satisfactory,CO07
A001439,C00192,B004,2024-12-08,Renovation,4400000.0,36,5713.83,Approved,4035048.05,2024-12-22,,CO12
A001440,C00174,B008,2025-08-06,Working Capital,12950000.0,36,7749901.96,Approved,12812339.0,2025-08-23,,CO10
A001441,C00949,B005,2024-09-22,Expansion,1850000.0,24,1514118.65,Approved,1622689.23,2024-10-05,,CO06
A001442,C00111,B004,2024-05-16,Working Capital,3700000.0,24,1850673.5,Approved,2940843.26,2024-06-04,,CO09
A001443,C00043,B003,2025-11-11,Vehicle,6700000.0,36,899879.87,Rejected,,2025-11-22,Adverse repayment history,CO03
A001444,C00531,B005,2025-09-03,Vehicle,6500000.0,36,5536098.06,Approved,6109648.82,2025-09-17,,CO09
A001445,C00175,B006,2024-06-30,Inventory,650000.0,12,630295.86,Approved,590354.25,2024-07-14,,CO10
A001446,C00277,B002,2024-10-18,Working Capital,2050000.0,24,1593561.28,Approved,1984479.02,2024-11-03,,CO07
A001447,C00330,B001,2024-05-03,Vehicle,4950000.0,6,4906876.02,Approved,4195566.57,2024-05-23,,CO10
A001448,C00516,B007,2025-10-01,Working Capital,3100000.0,18,574555.39,Rejected,,2025-10-08,Insufficient collateral,CO10
A001449,C00975,B001,2024-11-15,Renovation,1150000.0,18,458226.27,Rejected,,2024-11-30,High existing debt,CO02
A001450,C00196,B006,2026-06-22,Working Capital,2900000.0,18,1018273.85,Approved,2718339.36,2026-07-06,,CO01
A001451,C00745,B006,2026-01-13,Vehicle,11600000.0,18,4373986.68,Approved,9403844.65,2026-01-24,,CO04
A001452,C00960,B003,2025-07-03,Machinery,1750000.0,24,2386395.83,Approved,1609275.0,2025-07-17,,CO11
A001453,C00677,B006,2026-07-20,Vehicle,12800000.0,36,16902144.12,Rejected,,2026-07-30,Requested amount high vs revenue,CO01
A001454,C00460,B006,2024-10-26,Vehicle,4500000.0,12,6186719.62,Withdrawn,,2024-10-28,Required documents not submitted,CO10
A001455,C00732,B004,2024-05-28,Working Capital,10900000.0,36,12075163.07,Approved,10873112.56,2024-06-13,,CO10
A001456,C00688,B002,2025-05-12,Renovation,2600000.0,24,2041841.82,Approved,2087143.69,2025-05-29,,CO09
A001457,C00174,B008,2025-10-25,Working Capital,16350000.0,12,5455663.16,Rejected,,2025-11-07,Requested amount high vs revenue,CO05
A001458,C00185,B002,2026-07-25,Machinery,4850000.0,6,5049620.18,Rejected,,2026-07-30,Requested amount high vs revenue,CO11
A001459,C00083,B004,2024-11-15,Inventory,3250000.0,12,1059624.52,Approved,2934391.72,2024-11-28,,CO05
A001460,C00580,B006,2025-09-16,Expansion,2400000.0,12,2759254.0,Approved,2160728.38,2025-10-04,,CO01
A001461,C00832,B005,2025-01-02,Working Capital,2200000.0,12,245936.79,Approved,1764797.67,2025-01-21,,CO04
A001462,C00725,B001,2025-09-19,Working Capital,550000.0,24,531212.18,Approved,501194.69,2025-10-07,,CO08
A001463,C00317,B001,2024-08-23,Renovation,14000000.0,18,17685412.29,Approved,11119847.39,2024-09-07,,CO04
A001464,C00509,B004,2024-09-24,Working Capital,3800000.0,18,5399895.4,Approved,3763085.68,2024-10-13,,CO11
A001465,C00177,B006,2025-07-12,Working Capital,1400000.0,18,1945446.46,Approved,1382916.46,2025-07-27,,CO05
A001466,C00691,B004,2026-05-22,Inventory,2100000.0,36,1808652.67,Approved,2033762.7,2026-06-05,,CO04
A001467,C00073,B001,2026-05-11,Renovation,700000.0,36,251346.37,Rejected,,2026-05-26,Insufficient collateral,CO10
A001468,C00910,B008,2024-01-27,Working Capital,1900000.0,18,964221.46,Rejected,,2024-02-02,High existing debt,CO01
A001469,C00133,B001,2024-11-07,Working Capital,1200000.0,18,664663.67,Approved,1076701.14,2024-11-25,,CO11
A001470,C00812,B002,2024-03-06,Working Capital,800000.0,18,1039075.14,Approved,740915.32,2024-03-20,,CO05
A001471,C00219,B002,2024-05-12,Working Capital,4400000.0,6,79172.67,Withdrawn,,2024-05-14,Customer changed financing plan,CO02
A001472,C00205,B002,2025-01-10,Machinery,5750000.0,18,7796445.37,Approved,4778507.11,2025-01-24,,CO06
A001473,C00434,B008,2024-03-28,Expansion,5100000.0,6,4109116.3,Approved,4599280.43,2024-04-12,,CO08
A001474,C00503,B006,2025-03-24,Renovation,10050000.0,12,1931139.59,Rejected,,2025-04-02,Insufficient collateral,CO04
A001475,C00630,B007,2026-03-30,Working Capital,1100000.0,18,708948.26,Approved,981373.04,2026-04-16,,CO02
A001476,C00661,B006,2024-08-16,Working Capital,1250000.0,36,1105920.2,Approved,1043193.14,2024-09-02,,CO11
A001477,C00815,B005,2025-05-11,Vehicle,18850000.0,24,28099235.86,Approved,15284447.21,2025-05-30,,CO06
A001478,C00923,B007,2025-09-07,Working Capital,1000000.0,12,1050997.51,Approved,872504.85,2025-09-23,,CO08
A001479,C00009,B002,2026-01-26,Machinery,1500000.0,24,118331.89,Approved,1384130.69,2026-02-14,,CO12
A001480,C00345,B006,2024-09-30,Working Capital,5700000.0,6,7552065.9,Approved,5077182.69,2024-10-12,,CO09
A001481,C00551,B005,2026-07-08,Inventory,2750000.0,24,2538853.64,Approved,2312725.25,2026-07-26,,CO10
A001482,C00318,B008,2024-03-10,Renovation,1200000.0,12,812924.69,Withdrawn,,2024-03-14,Customer changed financing plan,CO02
A001483,C00966,B006,2024-11-14,Expansion,600000.0,12,528248.67,Approved,593032.63,2024-11-30,,CO08
A001484,C00061,B003,2025-02-28,Expansion,2150000.0,6,101024.46,Approved,1699233.93,2025-03-13,,CO05
A001485,C00676,B005,2026-02-11,Working Capital,3000000.0,12,3654200.88,Approved,2509202.25,2026-02-27,,CO11
A001486,C00062,B002,2024-02-28,Working Capital,2350000.0,18,2995301.99,Approved,1906792.53,2024-03-16,,CO07
A001487,C00862,B002,2024-01-23,Working Capital,8650000.0,12,4988106.62,Approved,7217917.4,2024-02-06,,CO05
A001488,C00945,B003,2026-04-15,Machinery,800000.0,12,590296.76,Withdrawn,,2026-04-18,Customer changed financing plan,CO04
A001489,C00926,B007,2026-01-16,Vehicle,2900000.0,18,4302158.52,Approved,2504403.33,2026-02-03,,CO06
A001490,C00094,B007,2024-03-15,Vehicle,3600000.0,24,5186115.75,Withdrawn,,2024-03-24,Customer withdrew application,CO08
A001491,C00105,B008,2025-10-27,Expansion,550000.0,6,313837.97,Rejected,,2025-11-03,Insufficient financial information,CO11
A001492,C00969,B005,2025-01-09,Vehicle,3150000.0,24,2109769.33,Rejected,,2025-01-17,Adverse repayment history,CO05
A001493,C00753,B004,2025-12-19,Working Capital,2400000.0,24,3274529.76,Approved,2151822.98,2026-01-05,,CO12
A001494,C00657,B001,2024-04-19,Working Capital,2850000.0,24,748875.83,Rejected,,2024-05-01,High existing debt,CO06
A001495,C00524,B001,2026-08-29,Inventory,3000000.0,12,773807.35,Rejected,,2026-09-12,Requested amount high vs revenue,CO10
A001496,C00703,B007,2025-01-04,Working Capital,8200000.0,12,4693135.88,Approved,7800603.36,2025-01-21,,CO05
A001497,C00580,B006,2025-08-24,Working Capital,1050000.0,12,707599.64,Approved,887757.47,2025-09-13,,CO07
A001498,C00129,B004,2025-01-08,Vehicle,20500000.0,24,25368405.73,Approved,17703074.38,2025-01-23,,CO10
A001499,C00104,B004,2026-06-26,Vehicle,1500000.0,12,216276.87,Approved,1313266.27,2026-07-08,,CO10
A001500,C00854,B002,2025-10-09,Inventory,5150000.0,18,5749158.02,Approved,4353103.02,2025-10-27,,CO02
