RepaymentID,LoanID,InstallmentNo,DueDate,PaymentDate,AmountDueBDT,AmountPaidBDT,PaymentStatus,DaysLate
R00000001,L000001,1,2025-10-20,2025-10-20,138437.14,138437.14,Paid On Time,0
R00000002,L000001,2,2025-11-20,2025-12-25,138437.14,80745.33,Partial,35
R00000003,L000001,3,2025-12-20,2025-12-25,138437.14,138437.14,Paid Late,5
R00000004,L000001,4,2026-01-20,,138437.14,0.0,Unpaid,120
R00000005,L000001,5,2026-02-20,2026-02-18,138437.14,138437.14,Paid On Time,0
R00000006,L000001,6,2026-03-20,2026-03-18,138437.14,138437.14,Paid On Time,0
R00000007,L000001,7,2026-04-20,2026-04-19,138437.14,138437.14,Paid On Time,0
R00000008,L000001,8,2026-05-20,2026-05-19,138437.14,138437.14,Paid On Time,0
R00000009,L000001,9,2026-06-20,2026-07-11,138437.14,138437.14,Paid Late,21
R00000010,L000001,10,2026-07-20,2026-07-20,138437.14,138437.14,Paid On Time,0
R00000011,L000001,11,2026-08-20,2026-08-20,138437.14,138437.14,Paid On Time,0
R00000012,L000001,12,2026-09-20,2026-09-19,138437.14,138437.14,Paid On Time,0
R00000013,L000002,1,2025-06-20,2025-06-20,351597.09,351597.09,Paid On Time,0
R00000014,L000002,2,2025-07-20,2025-07-18,351597.09,351597.09,Paid On Time,0
R00000015,L000002,3,2025-08-20,2025-08-19,351597.09,351597.09,Paid On Time,0
R00000016,L000002,4,2025-09-20,2025-09-20,351597.09,351597.09,Paid On Time,0
R00000017,L000002,5,2025-10-20,2025-10-20,351597.09,351597.09,Paid On Time,0
R00000018,L000002,6,2025-11-20,2025-11-19,351597.09,351597.09,Paid On Time,0
R00000019,L000002,7,2025-12-20,2025-12-20,351597.09,351597.09,Paid On Time,0
R00000020,L000002,8,2026-01-20,2026-01-18,351597.09,351597.09,Paid On Time,0
R00000021,L000002,9,2026-02-20,2026-02-20,351597.09,351597.09,Paid On Time,0
R00000022,L000002,10,2026-03-20,2026-04-13,351597.09,351597.09,Paid Late,24
R00000023,L000002,11,2026-04-20,2026-04-19,351597.09,351597.09,Paid On Time,0
R00000024,L000002,12,2026-05-20,2026-05-20,351597.09,351597.09,Paid On Time,0
R00000025,L000003,1,2025-03-05,2025-03-25,99839.24,36074.67,Partial,20
R00000026,L000003,2,2025-04-05,2025-04-04,99839.24,99839.24,Paid On Time,0
R00000027,L000003,3,2025-05-05,2025-05-05,99839.24,99839.24,Paid On Time,0
R00000028,L000003,4,2025-06-05,2025-06-04,99839.24,99839.24,Paid On Time,0
R00000029,L000003,5,2025-07-05,2025-07-04,99839.24,99839.24,Paid On Time,0
R00000030,L000003,6,2025-08-05,2025-10-04,99839.24,76922.75,Partial,60
R00000031,L000003,7,2025-09-05,2025-09-20,99839.24,99839.24,Paid Late,15
R00000032,L000003,8,2025-10-05,2025-10-12,99839.24,99839.24,Paid Late,7
R00000033,L000003,9,2025-11-05,2025-11-05,99839.24,99839.24,Paid On Time,0
R00000034,L000003,10,2025-12-05,2025-12-03,99839.24,99839.24,Paid On Time,0
R00000035,L000003,11,2026-01-05,2026-01-03,99839.24,99839.24,Paid On Time,0
R00000036,L000003,12,2026-02-05,2026-02-04,99839.24,99839.24,Paid On Time,0
R00000037,L000004,1,2026-02-17,2026-02-18,136999.95,136999.95,Paid Late,1
R00000038,L000004,2,2026-03-17,2026-03-15,136999.95,136999.95,Paid On Time,0
R00000039,L000004,3,2026-04-17,2026-04-15,136999.95,136999.95,Paid On Time,0
R00000040,L000004,4,2026-05-17,2026-05-15,136999.95,136999.95,Paid On Time,0
R00000041,L000004,5,2026-06-17,2026-06-17,136999.95,136999.95,Paid On Time,0
R00000042,L000004,6,2026-07-17,2026-07-15,136999.95,136999.95,Paid On Time,0
R00000043,L000004,7,2026-08-17,2026-08-15,136999.95,136999.95,Paid On Time,0
R00000044,L000004,8,2026-09-17,2026-10-16,136999.95,136999.95,Paid Late,29
R00000045,L000005,1,2025-03-21,2025-03-22,116176.64,116176.64,Paid Late,1
R00000046,L000005,2,2025-04-21,2025-04-21,116176.64,116176.64,Paid On Time,0
R00000047,L000005,3,2025-05-21,2025-06-16,116176.64,116176.64,Paid Late,26
R00000048,L000005,4,2025-06-21,2025-07-05,116176.64,67233.16,Partial,14
R00000049,L000005,5,2025-07-21,2025-07-19,116176.64,116176.64,Paid On Time,0
R00000050,L000005,6,2025-08-21,2025-08-20,116176.64,116176.64,Paid On Time,0
R00000051,L000005,7,2025-09-21,2025-11-15,116176.64,50311.74,Partial,55
R00000052,L000005,8,2025-10-21,2025-10-21,116176.64,116176.64,Paid On Time,0
R00000053,L000005,9,2025-11-21,2025-11-20,116176.64,116176.64,Paid On Time,0
R00000054,L000005,10,2025-12-21,2025-12-19,116176.64,116176.64,Paid On Time,0
R00000055,L000005,11,2026-01-21,2026-01-19,116176.64,116176.64,Paid On Time,0
R00000056,L000005,12,2026-02-21,2026-02-20,116176.64,116176.64,Paid On Time,0
R00000057,L000005,13,2026-03-21,2026-03-24,116176.64,116176.64,Paid Late,3
R00000058,L000005,14,2026-04-21,2026-04-21,116176.64,116176.64,Paid On Time,0
R00000059,L000005,15,2026-05-21,2026-05-19,116176.64,116176.64,Paid On Time,0
R00000060,L000005,16,2026-06-21,2026-06-20,116176.64,116176.64,Paid On Time,0
R00000061,L000005,17,2026-07-21,2026-09-17,116176.64,48592.84,Partial,58
R00000062,L000005,18,2026-08-21,2026-08-19,116176.64,116176.64,Paid On Time,0
R00000063,L000005,19,2026-09-21,2026-09-21,116176.64,116176.64,Paid On Time,0
R00000064,L000006,1,2025-12-18,2025-12-18,23582.35,23582.35,Paid On Time,0
R00000065,L000006,2,2026-01-18,2026-01-16,23582.35,23582.35,Paid On Time,0
R00000066,L000006,3,2026-02-18,2026-02-16,23582.35,23582.35,Paid On Time,0
R00000067,L000006,4,2026-03-18,2026-03-16,23582.35,23582.35,Paid On Time,0
R00000068,L000006,5,2026-04-18,2026-04-18,23582.35,23582.35,Paid On Time,0
R00000069,L000006,6,2026-05-18,2026-05-17,23582.35,23582.35,Paid On Time,0
R00000070,L000006,7,2026-06-18,2026-06-16,23582.35,23582.35,Paid On Time,0
R00000071,L000006,8,2026-07-18,2026-07-17,23582.35,23582.35,Paid On Time,0
R00000072,L000006,9,2026-08-18,2026-08-16,23582.35,23582.35,Paid On Time,0
R00000073,L000006,10,2026-09-18,,23582.35,0.0,Unpaid,12
R00000074,L000007,1,2026-04-12,2026-05-22,293888.96,188688.15,Partial,40
R00000075,L000007,2,2026-05-12,2026-06-01,293888.96,186925.69,Partial,20
R00000076,L000007,3,2026-06-12,2026-07-07,293888.96,293888.96,Paid Late,25
R00000077,L000007,4,2026-07-12,2026-07-10,293888.96,293888.96,Paid On Time,0
R00000078,L000007,5,2026-08-12,2026-08-11,293888.96,293888.96,Paid On Time,0
R00000079,L000007,6,2026-09-12,2026-09-30,293888.96,179518.48,Partial,52
R00000080,L000008,1,2024-12-11,2024-12-11,257250.98,257250.98,Paid On Time,0
R00000081,L000008,2,2025-01-11,,257250.98,0.0,Unpaid,30
R00000082,L000008,3,2025-02-11,2025-02-10,257250.98,257250.98,Paid On Time,0
R00000083,L000008,4,2025-03-11,2025-03-11,257250.98,257250.98,Paid On Time,0
R00000084,L000008,5,2025-04-11,2025-04-11,257250.98,257250.98,Paid On Time,0
R00000085,L000008,6,2025-05-11,2025-05-11,257250.98,257250.98,Paid On Time,0
R00000086,L000008,7,2025-06-11,2025-07-21,257250.98,177928.1,Partial,40
R00000087,L000008,8,2025-07-11,2025-07-11,257250.98,257250.98,Paid On Time,0
R00000088,L000008,9,2025-08-11,2025-08-10,257250.98,257250.98,Paid On Time,0
R00000089,L000008,10,2025-09-11,2025-09-11,257250.98,257250.98,Paid On Time,0
R00000090,L000008,11,2025-10-11,2025-10-10,257250.98,257250.98,Paid On Time,0
R00000091,L000008,12,2025-11-11,2026-01-03,257250.98,119079.92,Partial,53
R00000092,L000009,1,2024-10-15,2024-10-15,91984.99,91984.99,Paid On Time,0
R00000093,L000009,2,2024-11-15,2024-11-15,91984.99,91984.99,Paid On Time,0
R00000094,L000009,3,2024-12-15,2024-12-13,91984.99,91984.99,Paid On Time,0
R00000095,L000009,4,2025-01-15,2025-01-13,91984.99,91984.99,Paid On Time,0
R00000096,L000009,5,2025-02-15,2025-02-15,91984.99,91984.99,Paid On Time,0
R00000097,L000009,6,2025-03-15,2025-03-13,91984.99,91984.99,Paid On Time,0
R00000098,L000009,7,2025-04-15,2025-04-13,91984.99,91984.99,Paid On Time,0
R00000099,L000009,8,2025-05-15,2025-05-13,91984.99,91984.99,Paid On Time,0
R00000100,L000009,9,2025-06-15,2025-06-15,91984.99,91984.99,Paid On Time,0
R00000101,L000009,10,2025-07-15,2025-07-15,91984.99,91984.99,Paid On Time,0
R00000102,L000009,11,2025-08-15,,91984.99,0.0,Unpaid,60
R00000103,L000009,12,2025-09-15,2025-10-06,91984.99,91984.99,Paid Late,21
R00000104,L000010,1,2026-03-01,2026-02-28,59140.72,59140.72,Paid On Time,0
R00000105,L000010,2,2026-04-01,2026-03-31,59140.72,59140.72,Paid On Time,0
R00000106,L000010,3,2026-05-01,2026-04-30,59140.72,59140.72,Paid On Time,0
R00000107,L000010,4,2026-06-01,2026-05-30,59140.72,59140.72,Paid On Time,0
R00000108,L000010,5,2026-07-01,2026-07-01,59140.72,59140.72,Paid On Time,0
R00000109,L000010,6,2026-08-01,2026-08-01,59140.72,59140.72,Paid On Time,0
R00000110,L000010,7,2026-09-01,2026-08-30,59140.72,59140.72,Paid On Time,0
R00000111,L000011,1,2024-10-10,2024-10-09,39537.54,39537.54,Paid On Time,0
R00000112,L000011,2,2024-11-10,2024-11-08,39537.54,39537.54,Paid On Time,0
R00000113,L000011,3,2024-12-10,2025-01-04,39537.54,39537.54,Paid Late,25
R00000114,L000011,4,2025-01-10,2025-01-10,39537.54,39537.54,Paid On Time,0
R00000115,L000011,5,2025-02-10,,39537.54,0.0,Unpaid,120
R00000116,L000011,6,2025-03-10,2025-03-10,39537.54,39537.54,Paid On Time,0
R00000117,L000011,7,2025-04-10,2025-04-08,39537.54,39537.54,Paid On Time,0
R00000118,L000011,8,2025-05-10,2025-05-09,39537.54,39537.54,Paid On Time,0
R00000119,L000011,9,2025-06-10,2025-06-10,39537.54,39537.54,Paid On Time,0
R00000120,L000011,10,2025-07-10,2025-07-10,39537.54,39537.54,Paid On Time,0
R00000121,L000011,11,2025-08-10,2025-08-28,39537.54,39537.54,Paid Late,18
R00000122,L000011,12,2025-09-10,2025-09-11,39537.54,39537.54,Paid Late,1
R00000123,L000011,13,2025-10-10,2025-10-09,39537.54,39537.54,Paid On Time,0
R00000124,L000011,14,2025-11-10,2025-11-10,39537.54,39537.54,Paid On Time,0
R00000125,L000011,15,2025-12-10,2025-12-08,39537.54,39537.54,Paid On Time,0
R00000126,L000011,16,2026-01-10,2026-01-09,39537.54,39537.54,Paid On Time,0
R00000127,L000011,17,2026-02-10,2026-02-08,39537.54,39537.54,Paid On Time,0
R00000128,L000011,18,2026-03-10,2026-03-08,39537.54,39537.54,Paid On Time,0
R00000129,L000011,19,2026-04-10,2026-04-10,39537.54,39537.54,Paid On Time,0
R00000130,L000011,20,2026-05-10,2026-05-09,39537.54,39537.54,Paid On Time,0
R00000131,L000011,21,2026-06-10,2026-06-08,39537.54,39537.54,Paid On Time,0
R00000132,L000011,22,2026-07-10,2026-07-10,39537.54,39537.54,Paid On Time,0
R00000133,L000011,23,2026-08-10,2026-08-10,39537.54,39537.54,Paid On Time,0
R00000134,L000011,24,2026-09-10,2026-09-15,39537.54,39537.54,Paid Late,5
R00000135,L000012,1,2025-04-10,2025-04-08,406409.03,406409.03,Paid On Time,0
R00000136,L000012,2,2025-05-10,2025-05-10,406409.03,406409.03,Paid On Time,0
R00000137,L000012,3,2025-06-10,2025-06-08,406409.03,406409.03,Paid On Time,0
R00000138,L000012,4,2025-07-10,2025-07-08,406409.03,406409.03,Paid On Time,0
R00000139,L000012,5,2025-08-10,2025-08-10,406409.03,406409.03,Paid On Time,0
R00000140,L000012,6,2025-09-10,2025-09-08,406409.03,406409.03,Paid On Time,0
R00000141,L000012,7,2025-10-10,2025-10-12,406409.03,406409.03,Paid Late,2
R00000142,L000012,8,2025-11-10,2025-11-09,406409.03,406409.03,Paid On Time,0
R00000143,L000012,9,2025-12-10,2025-12-08,406409.03,406409.03,Paid On Time,0
R00000144,L000012,10,2026-01-10,2026-01-08,406409.03,406409.03,Paid On Time,0
R00000145,L000012,11,2026-02-10,2026-02-10,406409.03,406409.03,Paid On Time,0
R00000146,L000012,12,2026-03-10,2026-04-15,406409.03,216250.14,Partial,36
R00000147,L000012,13,2026-04-10,2026-04-08,406409.03,406409.03,Paid On Time,0
R00000148,L000012,14,2026-05-10,2026-05-08,406409.03,406409.03,Paid On Time,0
R00000149,L000012,15,2026-06-10,2026-06-22,406409.03,406409.03,Paid Late,12
R00000150,L000012,16,2026-07-10,2026-07-10,406409.03,406409.03,Paid On Time,0
R00000151,L000012,17,2026-08-10,2026-08-27,406409.03,406409.03,Paid Late,17
R00000152,L000012,18,2026-09-10,2026-09-10,406409.03,406409.03,Paid On Time,0
R00000153,L000013,1,2024-06-20,2024-06-19,1874636.84,1874636.84,Paid On Time,0
R00000154,L000013,2,2024-07-20,2024-08-22,1874636.84,1130942.75,Partial,33
R00000155,L000013,3,2024-08-20,2024-08-19,1874636.84,1874636.84,Paid On Time,0
R00000156,L000013,4,2024-09-20,,1874636.84,0.0,Unpaid,60
R00000157,L000013,5,2024-10-20,2024-10-18,1874636.84,1874636.84,Paid On Time,0
R00000158,L000013,6,2024-11-20,,1874636.84,0.0,Unpaid,60
R00000159,L000014,1,2025-11-17,2025-11-15,370540.0,370540.0,Paid On Time,0
R00000160,L000014,2,2025-12-17,2026-01-08,370540.0,256177.45,Partial,22
R00000161,L000014,3,2026-01-17,2026-02-20,370540.0,135947.13,Partial,34
R00000162,L000014,4,2026-02-17,2026-02-16,370540.0,370540.0,Paid On Time,0
R00000163,L000014,5,2026-03-17,2026-03-17,370540.0,370540.0,Paid On Time,0
R00000164,L000014,6,2026-04-17,2026-04-16,370540.0,370540.0,Paid On Time,0
R00000165,L000014,7,2026-05-17,2026-05-17,370540.0,370540.0,Paid On Time,0
R00000166,L000014,8,2026-06-17,2026-06-16,370540.0,370540.0,Paid On Time,0
R00000167,L000014,9,2026-07-17,2026-07-23,370540.0,370540.0,Paid Late,6
R00000168,L000014,10,2026-08-17,2026-08-15,370540.0,370540.0,Paid On Time,0
R00000169,L000014,11,2026-09-17,2026-09-17,370540.0,370540.0,Paid On Time,0
R00000170,L000015,1,2024-03-10,2024-03-18,1548440.88,1548440.88,Paid Late,8
R00000171,L000015,2,2024-04-10,2024-04-09,1548440.88,1548440.88,Paid On Time,0
R00000172,L000015,3,2024-05-10,2024-05-10,1548440.88,1548440.88,Paid On Time,0
R00000173,L000015,4,2024-06-10,2024-06-10,1548440.88,1548440.88,Paid On Time,0
R00000174,L000015,5,2024-07-10,2024-07-08,1548440.88,1548440.88,Paid On Time,0
R00000175,L000015,6,2024-08-10,,1548440.88,0.0,Unpaid,30
R00000176,L000016,1,2025-05-23,2025-05-21,229374.09,229374.09,Paid On Time,0
R00000177,L000016,2,2025-06-23,2025-06-21,229374.09,229374.09,Paid On Time,0
R00000178,L000016,3,2025-07-23,2025-08-10,229374.09,229374.09,Paid Late,18
R00000179,L000016,4,2025-08-23,2025-10-04,229374.09,155749.13,Partial,42
R00000180,L000016,5,2025-09-23,2025-09-23,229374.09,229374.09,Paid On Time,0
R00000181,L000016,6,2025-10-23,2025-10-22,229374.09,229374.09,Paid On Time,0
R00000182,L000016,7,2025-11-23,2025-11-23,229374.09,229374.09,Paid On Time,0
R00000183,L000016,8,2025-12-23,2025-12-21,229374.09,229374.09,Paid On Time,0
R00000184,L000016,9,2026-01-23,2026-01-23,229374.09,229374.09,Paid On Time,0
R00000185,L000016,10,2026-02-23,2026-03-23,229374.09,229374.09,Paid Late,28
R00000186,L000016,11,2026-03-23,2026-03-21,229374.09,229374.09,Paid On Time,0
R00000187,L000016,12,2026-04-23,2026-04-23,229374.09,229374.09,Paid On Time,0
R00000188,L000016,13,2026-05-23,2026-05-23,229374.09,229374.09,Paid On Time,0
R00000189,L000016,14,2026-06-23,2026-06-22,229374.09,229374.09,Paid On Time,0
R00000190,L000016,15,2026-07-23,2026-07-21,229374.09,229374.09,Paid On Time,0
R00000191,L000016,16,2026-08-23,2026-08-22,229374.09,229374.09,Paid On Time,0
R00000192,L000016,17,2026-09-23,2026-09-23,229374.09,229374.09,Paid On Time,0
R00000193,L000017,1,2026-08-20,2026-08-19,209026.01,209026.01,Paid On Time,0
R00000194,L000017,2,2026-09-20,2026-09-19,209026.01,209026.01,Paid On Time,0
R00000195,L000018,1,2026-05-03,2026-05-02,36073.0,36073.0,Paid On Time,0
R00000196,L000018,2,2026-06-03,2026-06-03,36073.0,36073.0,Paid On Time,0
R00000197,L000018,3,2026-07-03,2026-07-03,36073.0,36073.0,Paid On Time,0
R00000198,L000018,4,2026-08-03,2026-08-01,36073.0,36073.0,Paid On Time,0
R00000199,L000018,5,2026-09-03,2026-09-01,36073.0,36073.0,Paid On Time,0
R00000200,L000019,1,2025-09-05,2025-09-04,56741.51,56741.51,Paid On Time,0
R00000201,L000019,2,2025-10-05,,56741.51,0.0,Unpaid,120
R00000202,L000019,3,2025-11-05,2025-11-03,56741.51,56741.51,Paid On Time,0
R00000203,L000019,4,2025-12-05,2025-12-04,56741.51,56741.51,Paid On Time,0
R00000204,L000019,5,2026-01-05,2026-01-03,56741.51,56741.51,Paid On Time,0
R00000205,L000019,6,2026-02-05,2026-02-05,56741.51,56741.51,Paid On Time,0
R00000206,L000019,7,2026-03-05,2026-04-04,56741.51,56741.51,Paid Late,30
R00000207,L000019,8,2026-04-05,2026-04-05,56741.51,56741.51,Paid On Time,0
R00000208,L000019,9,2026-05-05,2026-05-03,56741.51,56741.51,Paid On Time,0
R00000209,L000019,10,2026-06-05,2026-07-27,56741.51,28614.33,Partial,52
R00000210,L000019,11,2026-07-05,,56741.51,0.0,Unpaid,87
R00000211,L000019,12,2026-08-05,2026-08-05,56741.51,56741.51,Paid On Time,0
R00000212,L000020,1,2024-07-04,2024-07-03,40979.45,40979.45,Paid On Time,0
R00000213,L000020,2,2024-08-04,2024-08-02,40979.45,40979.45,Paid On Time,0
R00000214,L000020,3,2024-09-04,2024-09-02,40979.45,40979.45,Paid On Time,0
R00000215,L000020,4,2024-10-04,2024-10-04,40979.45,40979.45,Paid On Time,0
R00000216,L000020,5,2024-11-04,2024-11-02,40979.45,40979.45,Paid On Time,0
R00000217,L000020,6,2024-12-04,2025-01-07,40979.45,30327.41,Partial,34
R00000218,L000020,7,2025-01-04,,40979.45,0.0,Unpaid,90
R00000219,L000020,8,2025-02-04,2025-02-03,40979.45,40979.45,Paid On Time,0
R00000220,L000020,9,2025-03-04,2025-03-04,40979.45,40979.45,Paid On Time,0
R00000221,L000020,10,2025-04-04,2025-04-04,40979.45,40979.45,Paid On Time,0
R00000222,L000020,11,2025-05-04,2025-05-04,40979.45,40979.45,Paid On Time,0
R00000223,L000020,12,2025-06-04,2025-06-03,40979.45,40979.45,Paid On Time,0
R00000224,L000020,13,2025-07-04,2025-07-02,40979.45,40979.45,Paid On Time,0
R00000225,L000020,14,2025-08-04,2025-08-02,40979.45,40979.45,Paid On Time,0
R00000226,L000020,15,2025-09-04,2025-09-02,40979.45,40979.45,Paid On Time,0
R00000227,L000020,16,2025-10-04,2025-10-03,40979.45,40979.45,Paid On Time,0
R00000228,L000020,17,2025-11-04,2025-11-03,40979.45,40979.45,Paid On Time,0
R00000229,L000020,18,2025-12-04,2025-12-02,40979.45,40979.45,Paid On Time,0
R00000230,L000020,19,2026-01-04,2026-01-02,40979.45,40979.45,Paid On Time,0
R00000231,L000020,20,2026-02-04,2026-02-08,40979.45,40979.45,Paid Late,4
R00000232,L000020,21,2026-03-04,2026-03-03,40979.45,40979.45,Paid On Time,0
R00000233,L000020,22,2026-04-04,2026-04-04,40979.45,40979.45,Paid On Time,0
R00000234,L000020,23,2026-05-04,2026-05-03,40979.45,40979.45,Paid On Time,0
R00000235,L000020,24,2026-06-04,2026-06-04,40979.45,40979.45,Paid On Time,0
R00000236,L000020,25,2026-07-04,2026-07-04,40979.45,40979.45,Paid On Time,0
R00000237,L000020,26,2026-08-04,2026-09-16,40979.45,22547.33,Partial,43
R00000238,L000020,27,2026-09-04,2026-09-04,40979.45,40979.45,Paid On Time,0
R00000239,L000021,1,2024-11-18,2024-11-18,692830.18,692830.18,Paid On Time,0
R00000240,L000021,2,2024-12-18,2025-02-05,692830.18,260113.01,Partial,49
R00000241,L000021,3,2025-01-18,2025-01-16,692830.18,692830.18,Paid On Time,0
R00000242,L000021,4,2025-02-18,2025-03-10,692830.18,692830.18,Paid Late,20
R00000243,L000021,5,2025-03-18,2025-03-18,692830.18,692830.18,Paid On Time,0
R00000244,L000021,6,2025-04-18,2025-04-16,692830.18,692830.18,Paid On Time,0
R00000245,L000022,1,2024-09-10,2024-09-24,187352.33,123451.76,Partial,14
R00000246,L000022,2,2024-10-10,2024-10-10,187352.33,187352.33,Paid On Time,0
R00000247,L000022,3,2024-11-10,2024-11-08,187352.33,187352.33,Paid On Time,0
R00000248,L000022,4,2024-12-10,2024-12-09,187352.33,187352.33,Paid On Time,0
R00000249,L000022,5,2025-01-10,2025-01-08,187352.33,187352.33,Paid On Time,0
R00000250,L000022,6,2025-02-10,2025-02-10,187352.33,187352.33,Paid On Time,0
R00000251,L000023,1,2026-02-26,2026-02-24,126484.86,126484.86,Paid On Time,0
R00000252,L000023,2,2026-03-26,2026-03-26,126484.86,126484.86,Paid On Time,0
R00000253,L000023,3,2026-04-26,2026-04-24,126484.86,126484.86,Paid On Time,0
R00000254,L000023,4,2026-05-26,2026-05-25,126484.86,126484.86,Paid On Time,0
R00000255,L000023,5,2026-06-26,2026-06-24,126484.86,126484.86,Paid On Time,0
R00000256,L000023,6,2026-07-26,,126484.86,0.0,Unpaid,66
R00000257,L000023,7,2026-08-26,2026-08-24,126484.86,126484.86,Paid On Time,0
R00000258,L000023,8,2026-09-26,2026-09-26,126484.86,126484.86,Paid On Time,0
R00000259,L000024,1,2024-05-10,2024-05-09,49018.75,49018.75,Paid On Time,0
R00000260,L000024,2,2024-06-10,2024-06-09,49018.75,49018.75,Paid On Time,0
R00000261,L000024,3,2024-07-10,,49018.75,0.0,Unpaid,90
R00000262,L000024,4,2024-08-10,2024-09-01,49018.75,49018.75,Paid Late,22
R00000263,L000024,5,2024-09-10,2024-09-10,49018.75,49018.75,Paid On Time,0
R00000264,L000024,6,2024-10-10,2024-10-08,49018.75,49018.75,Paid On Time,0
R00000265,L000024,7,2024-11-10,2024-12-07,49018.75,36353.5,Partial,27
R00000266,L000024,8,2024-12-10,2024-12-10,49018.75,49018.75,Paid On Time,0
R00000267,L000024,9,2025-01-10,2025-01-08,49018.75,49018.75,Paid On Time,0
R00000268,L000024,10,2025-02-10,2025-02-09,49018.75,49018.75,Paid On Time,0
R00000269,L000024,11,2025-03-10,2025-03-09,49018.75,49018.75,Paid On Time,0
R00000270,L000024,12,2025-04-10,2025-04-10,49018.75,49018.75,Paid On Time,0
R00000271,L000025,1,2025-11-02,2025-11-01,149409.2,149409.2,Paid On Time,0
R00000272,L000025,2,2025-12-02,2025-12-02,149409.2,149409.2,Paid On Time,0
R00000273,L000025,3,2026-01-02,2026-02-15,149409.2,99684.09,Partial,44
R00000274,L000025,4,2026-02-02,2026-02-11,149409.2,149409.2,Paid Late,9
R00000275,L000025,5,2026-03-02,2026-03-09,149409.2,149409.2,Paid Late,7
R00000276,L000025,6,2026-04-02,2026-03-31,149409.2,149409.2,Paid On Time,0
R00000277,L000025,7,2026-05-02,2026-05-01,149409.2,149409.2,Paid On Time,0
R00000278,L000025,8,2026-06-02,2026-06-17,149409.2,149409.2,Paid Late,15
R00000279,L000025,9,2026-07-02,2026-07-01,149409.2,149409.2,Paid On Time,0
R00000280,L000025,10,2026-08-02,2026-08-27,149409.2,97682.39,Partial,25
R00000281,L000025,11,2026-09-02,2026-09-01,149409.2,149409.2,Paid On Time,0
R00000282,L000026,1,2024-04-04,2024-04-24,38301.56,38301.56,Paid Late,20
R00000283,L000026,2,2024-05-04,,38301.56,0.0,Unpaid,120
R00000284,L000026,3,2024-06-04,2024-06-04,38301.56,38301.56,Paid On Time,0
R00000285,L000026,4,2024-07-04,2024-07-03,38301.56,38301.56,Paid On Time,0
R00000286,L000026,5,2024-08-04,2024-08-04,38301.56,38301.56,Paid On Time,0
R00000287,L000026,6,2024-09-04,2024-09-04,38301.56,38301.56,Paid On Time,0
R00000288,L000026,7,2024-10-04,,38301.56,0.0,Unpaid,90
R00000289,L000026,8,2024-11-04,2024-11-02,38301.56,38301.56,Paid On Time,0
R00000290,L000026,9,2024-12-04,2024-12-02,38301.56,38301.56,Paid On Time,0
R00000291,L000026,10,2025-01-04,2025-01-02,38301.56,38301.56,Paid On Time,0
R00000292,L000026,11,2025-02-04,2025-02-14,38301.56,38301.56,Paid Late,10
R00000293,L000026,12,2025-03-04,2025-03-02,38301.56,38301.56,Paid On Time,0
R00000294,L000026,13,2025-04-04,2025-04-03,38301.56,38301.56,Paid On Time,0
R00000295,L000026,14,2025-05-04,2025-05-03,38301.56,38301.56,Paid On Time,0
R00000296,L000026,15,2025-06-04,2025-06-04,38301.56,38301.56,Paid On Time,0
R00000297,L000026,16,2025-07-04,2025-07-03,38301.56,38301.56,Paid On Time,0
R00000298,L000026,17,2025-08-04,2025-08-03,38301.56,38301.56,Paid On Time,0
R00000299,L000026,18,2025-09-04,2025-09-03,38301.56,38301.56,Paid On Time,0
R00000300,L000026,19,2025-10-04,2025-10-04,38301.56,38301.56,Paid On Time,0
R00000301,L000026,20,2025-11-04,2025-11-03,38301.56,38301.56,Paid On Time,0
R00000302,L000026,21,2025-12-04,2025-12-02,38301.56,38301.56,Paid On Time,0
R00000303,L000026,22,2026-01-04,2026-01-03,38301.56,38301.56,Paid On Time,0
R00000304,L000026,23,2026-02-04,2026-02-04,38301.56,38301.56,Paid On Time,0
R00000305,L000026,24,2026-03-04,2026-03-04,38301.56,38301.56,Paid On Time,0
R00000306,L000026,25,2026-04-04,2026-04-12,38301.56,38301.56,Paid Late,8
R00000307,L000026,26,2026-05-04,2026-05-03,38301.56,38301.56,Paid On Time,0
R00000308,L000026,27,2026-06-04,2026-06-04,38301.56,38301.56,Paid On Time,0
R00000309,L000026,28,2026-07-04,2026-07-02,38301.56,38301.56,Paid On Time,0
R00000310,L000026,29,2026-08-04,2026-08-02,38301.56,38301.56,Paid On Time,0
R00000311,L000026,30,2026-09-04,2026-09-15,38301.56,17341.97,Partial,11
R00000312,L000027,1,2024-03-05,2024-03-28,114807.89,114807.89,Paid Late,23
R00000313,L000027,2,2024-04-05,2024-04-05,114807.89,114807.89,Paid On Time,0
R00000314,L000027,3,2024-05-05,2024-05-03,114807.89,114807.89,Paid On Time,0
R00000315,L000027,4,2024-06-05,2024-06-04,114807.89,114807.89,Paid On Time,0
R00000316,L000027,5,2024-07-05,2024-07-05,114807.89,114807.89,Paid On Time,0
R00000317,L000027,6,2024-08-05,,114807.89,0.0,Unpaid,120
R00000318,L000027,7,2024-09-05,2024-09-05,114807.89,114807.89,Paid On Time,0
R00000319,L000027,8,2024-10-05,2024-10-03,114807.89,114807.89,Paid On Time,0
R00000320,L000027,9,2024-11-05,2024-11-12,114807.89,114807.89,Paid Late,7
R00000321,L000027,10,2024-12-05,2025-01-22,114807.89,72623.49,Partial,48
R00000322,L000027,11,2025-01-05,,114807.89,0.0,Unpaid,120
R00000323,L000027,12,2025-02-05,,114807.89,0.0,Unpaid,120
R00000324,L000028,1,2026-07-13,,773654.25,0.0,Unpaid,79
R00000325,L000028,2,2026-08-13,2026-08-23,773654.25,773654.25,Paid Late,10
R00000326,L000028,3,2026-09-13,2026-10-09,773654.25,773654.25,Paid Late,26
R00000327,L000029,1,2025-01-05,2025-01-04,285072.36,285072.36,Paid On Time,0
R00000328,L000029,2,2025-02-05,2025-02-08,285072.36,285072.36,Paid Late,3
R00000329,L000029,3,2025-03-05,2025-03-05,285072.36,285072.36,Paid On Time,0
R00000330,L000029,4,2025-04-05,2025-04-03,285072.36,285072.36,Paid On Time,0
R00000331,L000029,5,2025-05-05,2025-05-03,285072.36,285072.36,Paid On Time,0
R00000332,L000029,6,2025-06-05,2025-06-04,285072.36,285072.36,Paid On Time,0
R00000333,L000029,7,2025-07-05,2025-09-03,285072.36,128826.56,Partial,60
R00000334,L000029,8,2025-08-05,2025-08-05,285072.36,285072.36,Paid On Time,0
R00000335,L000029,9,2025-09-05,2025-09-09,285072.36,285072.36,Paid Late,4
R00000336,L000029,10,2025-10-05,2025-10-05,285072.36,285072.36,Paid On Time,0
R00000337,L000029,11,2025-11-05,2025-11-04,285072.36,285072.36,Paid On Time,0
R00000338,L000029,12,2025-12-05,2025-12-03,285072.36,285072.36,Paid On Time,0
R00000339,L000030,1,2025-05-26,2025-05-24,18392.36,18392.36,Paid On Time,0
R00000340,L000030,2,2025-06-26,2025-06-25,18392.36,18392.36,Paid On Time,0
R00000341,L000030,3,2025-07-26,2025-07-25,18392.36,18392.36,Paid On Time,0
R00000342,L000030,4,2025-08-26,2025-08-25,18392.36,18392.36,Paid On Time,0
R00000343,L000030,5,2025-09-26,2025-09-25,18392.36,18392.36,Paid On Time,0
R00000344,L000030,6,2025-10-26,2025-10-25,18392.36,18392.36,Paid On Time,0
R00000345,L000030,7,2025-11-26,2025-11-26,18392.36,18392.36,Paid On Time,0
R00000346,L000030,8,2025-12-26,2026-01-14,18392.36,18392.36,Paid Late,19
R00000347,L000030,9,2026-01-26,2026-01-25,18392.36,18392.36,Paid On Time,0
R00000348,L000030,10,2026-02-26,2026-02-26,18392.36,18392.36,Paid On Time,0
R00000349,L000030,11,2026-03-26,2026-03-25,18392.36,18392.36,Paid On Time,0
R00000350,L000030,12,2026-04-26,2026-04-24,18392.36,18392.36,Paid On Time,0
R00000351,L000030,13,2026-05-26,2026-05-26,18392.36,18392.36,Paid On Time,0
R00000352,L000030,14,2026-06-26,2026-06-24,18392.36,18392.36,Paid On Time,0
R00000353,L000030,15,2026-07-26,2026-07-25,18392.36,18392.36,Paid On Time,0
R00000354,L000030,16,2026-08-26,2026-09-15,18392.36,10845.72,Partial,20
R00000355,L000030,17,2026-09-26,2026-09-30,18392.36,12016.64,Partial,60
R00000356,L000031,1,2026-09-02,2026-09-01,61818.54,61818.54,Paid On Time,0
R00000357,L000032,1,2024-07-23,2024-07-22,34416.54,34416.54,Paid On Time,0
R00000358,L000032,2,2024-08-23,2024-08-21,34416.54,34416.54,Paid On Time,0
R00000359,L000032,3,2024-09-23,2024-09-23,34416.54,34416.54,Paid On Time,0
R00000360,L000032,4,2024-10-23,2024-10-23,34416.54,34416.54,Paid On Time,0
R00000361,L000032,5,2024-11-23,2024-11-23,34416.54,34416.54,Paid On Time,0
R00000362,L000032,6,2024-12-23,2024-12-22,34416.54,34416.54,Paid On Time,0
R00000363,L000032,7,2025-01-23,2025-01-22,34416.54,34416.54,Paid On Time,0
R00000364,L000032,8,2025-02-23,2025-02-22,34416.54,34416.54,Paid On Time,0
R00000365,L000032,9,2025-03-23,2025-03-27,34416.54,34416.54,Paid Late,4
R00000366,L000032,10,2025-04-23,2025-06-12,34416.54,19110.73,Partial,50
R00000367,L000032,11,2025-05-23,2025-05-22,34416.54,34416.54,Paid On Time,0
R00000368,L000032,12,2025-06-23,2025-06-23,34416.54,34416.54,Paid On Time,0
R00000369,L000032,13,2025-07-23,2025-07-21,34416.54,34416.54,Paid On Time,0
R00000370,L000032,14,2025-08-23,2025-08-23,34416.54,34416.54,Paid On Time,0
R00000371,L000032,15,2025-09-23,2025-09-23,34416.54,34416.54,Paid On Time,0
R00000372,L000032,16,2025-10-23,2025-10-21,34416.54,34416.54,Paid On Time,0
R00000373,L000032,17,2025-11-23,2026-01-08,34416.54,23549.27,Partial,46
R00000374,L000032,18,2025-12-23,2025-12-23,34416.54,34416.54,Paid On Time,0
R00000375,L000033,1,2026-04-24,2026-04-22,764248.85,764248.85,Paid On Time,0
R00000376,L000033,2,2026-05-24,2026-05-24,764248.85,764248.85,Paid On Time,0
R00000377,L000033,3,2026-06-24,2026-06-22,764248.85,764248.85,Paid On Time,0
R00000378,L000033,4,2026-07-24,2026-07-23,764248.85,764248.85,Paid On Time,0
R00000379,L000033,5,2026-08-24,2026-08-23,764248.85,764248.85,Paid On Time,0
R00000380,L000033,6,2026-09-24,2026-09-22,764248.85,764248.85,Paid On Time,0
R00000381,L000034,1,2025-12-10,2026-01-09,503366.26,503366.26,Paid Late,30
R00000382,L000034,2,2026-01-10,2026-01-09,503366.26,503366.26,Paid On Time,0
R00000383,L000034,3,2026-02-10,2026-02-09,503366.26,503366.26,Paid On Time,0
R00000384,L000034,4,2026-03-10,2026-03-10,503366.26,503366.26,Paid On Time,0
R00000385,L000034,5,2026-04-10,2026-04-08,503366.26,503366.26,Paid On Time,0
R00000386,L000034,6,2026-05-10,2026-05-08,503366.26,503366.26,Paid On Time,0
R00000387,L000034,7,2026-06-10,2026-06-09,503366.26,503366.26,Paid On Time,0
R00000388,L000034,8,2026-07-10,2026-08-31,503366.26,217086.4,Partial,52
R00000389,L000034,9,2026-08-10,2026-08-10,503366.26,503366.26,Paid On Time,0
R00000390,L000034,10,2026-09-10,2026-09-08,503366.26,503366.26,Paid On Time,0
R00000391,L000035,1,2024-09-17,2024-09-29,48852.41,48852.41,Paid Late,12
R00000392,L000035,2,2024-10-17,2024-10-15,48852.41,48852.41,Paid On Time,0
R00000393,L000035,3,2024-11-17,2024-11-15,48852.41,48852.41,Paid On Time,0
R00000394,L000035,4,2024-12-17,2024-12-25,48852.41,48852.41,Paid Late,8
R00000395,L000035,5,2025-01-17,2025-01-15,48852.41,48852.41,Paid On Time,0
R00000396,L000035,6,2025-02-17,2025-02-16,48852.41,48852.41,Paid On Time,0
R00000397,L000035,7,2025-03-17,2025-03-17,48852.41,48852.41,Paid On Time,0
R00000398,L000035,8,2025-04-17,2025-04-16,48852.41,48852.41,Paid On Time,0
R00000399,L000035,9,2025-05-17,2025-05-17,48852.41,48852.41,Paid On Time,0
R00000400,L000035,10,2025-06-17,2025-07-14,48852.41,48852.41,Paid Late,27
R00000401,L000035,11,2025-07-17,2025-07-15,48852.41,48852.41,Paid On Time,0
R00000402,L000035,12,2025-08-17,2025-08-15,48852.41,48852.41,Paid On Time,0
R00000403,L000035,13,2025-09-17,2025-09-21,48852.41,48852.41,Paid Late,4
R00000404,L000035,14,2025-10-17,2025-11-08,48852.41,48852.41,Paid Late,22
R00000405,L000035,15,2025-11-17,2025-11-16,48852.41,48852.41,Paid On Time,0
R00000406,L000035,16,2025-12-17,,48852.41,0.0,Unpaid,90
R00000407,L000035,17,2026-01-17,2026-02-07,48852.41,48852.41,Paid Late,21
R00000408,L000035,18,2026-02-17,2026-02-17,48852.41,48852.41,Paid On Time,0
R00000409,L000035,19,2026-03-17,2026-03-15,48852.41,48852.41,Paid On Time,0
R00000410,L000035,20,2026-04-17,,48852.41,0.0,Unpaid,120
R00000411,L000035,21,2026-05-17,2026-05-15,48852.41,48852.41,Paid On Time,0
R00000412,L000035,22,2026-06-17,2026-06-16,48852.41,48852.41,Paid On Time,0
R00000413,L000035,23,2026-07-17,2026-08-07,48852.41,48852.41,Paid Late,21
R00000414,L000035,24,2026-08-17,2026-08-15,48852.41,48852.41,Paid On Time,0
R00000415,L000036,1,2024-04-21,2024-04-19,100993.18,100993.18,Paid On Time,0
R00000416,L000036,2,2024-05-21,2024-05-19,100993.18,100993.18,Paid On Time,0
R00000417,L000036,3,2024-06-21,2024-06-20,100993.18,100993.18,Paid On Time,0
R00000418,L000036,4,2024-07-21,2024-07-29,100993.18,100993.18,Paid Late,8
R00000419,L000036,5,2024-08-21,2024-08-20,100993.18,100993.18,Paid On Time,0
R00000420,L000036,6,2024-09-21,2024-09-20,100993.18,100993.18,Paid On Time,0
R00000421,L000036,7,2024-10-21,2024-10-19,100993.18,100993.18,Paid On Time,0
R00000422,L000036,8,2024-11-21,2024-11-19,100993.18,100993.18,Paid On Time,0
R00000423,L000036,9,2024-12-21,2024-12-20,100993.18,100993.18,Paid On Time,0
R00000424,L000036,10,2025-01-21,2025-01-19,100993.18,100993.18,Paid On Time,0
R00000425,L000036,11,2025-02-21,2025-02-26,100993.18,100993.18,Paid Late,5
R00000426,L000036,12,2025-03-21,2025-03-21,100993.18,100993.18,Paid On Time,0
R00000427,L000036,13,2025-04-21,2025-04-19,100993.18,100993.18,Paid On Time,0
R00000428,L000036,14,2025-05-21,2025-07-19,100993.18,47592.61,Partial,59
R00000429,L000036,15,2025-06-21,2025-06-21,100993.18,100993.18,Paid On Time,0
R00000430,L000036,16,2025-07-21,2025-07-20,100993.18,100993.18,Paid On Time,0
R00000431,L000036,17,2025-08-21,2025-08-19,100993.18,100993.18,Paid On Time,0
R00000432,L000036,18,2025-09-21,2025-09-20,100993.18,100993.18,Paid On Time,0
R00000433,L000037,1,2026-03-26,,357087.56,0.0,Unpaid,90
R00000434,L000037,2,2026-04-26,2026-05-11,357087.56,357087.56,Paid Late,15
R00000435,L000037,3,2026-05-26,2026-05-25,357087.56,357087.56,Paid On Time,0
R00000436,L000037,4,2026-06-26,2026-06-26,357087.56,357087.56,Paid On Time,0
R00000437,L000037,5,2026-07-26,2026-08-03,357087.56,357087.56,Paid Late,8
R00000438,L000037,6,2026-08-26,2026-08-24,357087.56,357087.56,Paid On Time,0
R00000439,L000038,1,2026-04-12,2026-04-10,76698.4,76698.4,Paid On Time,0
R00000440,L000038,2,2026-05-12,2026-05-21,76698.4,76698.4,Paid Late,9
R00000441,L000038,3,2026-06-12,2026-07-07,76698.4,76698.4,Paid Late,25
R00000442,L000038,4,2026-07-12,2026-07-12,76698.4,76698.4,Paid On Time,0
R00000443,L000038,5,2026-08-12,2026-08-11,76698.4,76698.4,Paid On Time,0
R00000444,L000038,6,2026-09-12,2026-09-12,76698.4,76698.4,Paid On Time,0
R00000445,L000039,1,2026-06-18,2026-07-12,273467.79,273467.79,Paid Late,24
R00000446,L000039,2,2026-07-18,2026-07-22,273467.79,273467.79,Paid Late,4
R00000447,L000039,3,2026-08-18,2026-08-18,273467.79,273467.79,Paid On Time,0
R00000448,L000039,4,2026-09-18,,273467.79,0.0,Unpaid,12
R00000449,L000040,1,2026-08-25,2026-09-16,131878.1,131878.1,Paid Late,22
R00000450,L000040,2,2026-09-25,2026-09-25,131878.1,131878.1,Paid On Time,0
R00000451,L000041,1,2025-09-23,2025-09-21,130037.41,130037.41,Paid On Time,0
R00000452,L000041,2,2025-10-23,2025-10-30,130037.41,130037.41,Paid Late,7
R00000453,L000041,3,2025-11-23,,130037.41,0.0,Unpaid,60
R00000454,L000041,4,2025-12-23,2026-01-11,130037.41,46982.34,Partial,19
R00000455,L000041,5,2026-01-23,2026-01-22,130037.41,130037.41,Paid On Time,0
R00000456,L000041,6,2026-02-23,2026-03-07,130037.41,130037.41,Paid Late,12
R00000457,L000041,7,2026-03-23,2026-03-21,130037.41,130037.41,Paid On Time,0
R00000458,L000041,8,2026-04-23,,130037.41,0.0,Unpaid,60
R00000459,L000041,9,2026-05-23,2026-06-21,130037.41,81032.79,Partial,29
R00000460,L000041,10,2026-06-23,2026-06-22,130037.41,130037.41,Paid On Time,0
R00000461,L000041,11,2026-07-23,2026-08-07,130037.41,130037.41,Paid Late,15
R00000462,L000041,12,2026-08-23,2026-08-23,130037.41,130037.41,Paid On Time,0
R00000463,L000041,13,2026-09-23,2026-10-19,130037.41,130037.41,Paid Late,26
R00000464,L000042,1,2024-09-25,2024-09-24,476648.91,476648.91,Paid On Time,0
R00000465,L000042,2,2024-10-25,2024-10-25,476648.91,476648.91,Paid On Time,0
R00000466,L000042,3,2024-11-25,2024-11-24,476648.91,476648.91,Paid On Time,0
R00000467,L000042,4,2024-12-25,2024-12-23,476648.91,476648.91,Paid On Time,0
R00000468,L000042,5,2025-01-25,2025-01-24,476648.91,476648.91,Paid On Time,0
R00000469,L000042,6,2025-02-25,2025-03-15,476648.91,476648.91,Paid Late,18
R00000470,L000042,7,2025-03-25,2025-03-25,476648.91,476648.91,Paid On Time,0
R00000471,L000042,8,2025-04-25,2025-05-12,476648.91,476648.91,Paid Late,17
R00000472,L000042,9,2025-05-25,,476648.91,0.0,Unpaid,30
R00000473,L000042,10,2025-06-25,2025-06-23,476648.91,476648.91,Paid On Time,0
R00000474,L000042,11,2025-07-25,2025-07-25,476648.91,476648.91,Paid On Time,0
R00000475,L000042,12,2025-08-25,2025-09-21,476648.91,476648.91,Paid Late,27
R00000476,L000043,1,2026-08-18,2026-08-18,64125.69,64125.69,Paid On Time,0
R00000477,L000043,2,2026-09-18,2026-09-18,64125.69,64125.69,Paid On Time,0
R00000478,L000044,1,2025-10-05,2025-10-04,955563.38,955563.38,Paid On Time,0
R00000479,L000044,2,2025-11-05,2025-11-03,955563.38,955563.38,Paid On Time,0
R00000480,L000044,3,2025-12-05,2025-12-27,955563.38,955563.38,Paid Late,22
R00000481,L000044,4,2026-01-05,2026-01-04,955563.38,955563.38,Paid On Time,0
R00000482,L000044,5,2026-02-05,2026-02-03,955563.38,955563.38,Paid On Time,0
R00000483,L000044,6,2026-03-05,2026-03-05,955563.38,955563.38,Paid On Time,0
R00000484,L000045,1,2024-03-06,2024-03-05,1290375.52,1290375.52,Paid On Time,0
R00000485,L000045,2,2024-04-06,2024-04-05,1290375.52,1290375.52,Paid On Time,0
R00000486,L000045,3,2024-05-06,2024-05-05,1290375.52,1290375.52,Paid On Time,0
R00000487,L000045,4,2024-06-06,2024-06-06,1290375.52,1290375.52,Paid On Time,0
R00000488,L000045,5,2024-07-06,2024-07-26,1290375.52,711486.08,Partial,20
R00000489,L000045,6,2024-08-06,,1290375.52,0.0,Unpaid,120
R00000490,L000046,1,2025-12-17,2025-12-19,305119.82,305119.82,Paid Late,2
R00000491,L000046,2,2026-01-17,2026-02-04,305119.82,305119.82,Paid Late,18
R00000492,L000046,3,2026-02-17,2026-03-11,305119.82,305119.82,Paid Late,22
R00000493,L000046,4,2026-03-17,2026-03-16,305119.82,305119.82,Paid On Time,0
R00000494,L000046,5,2026-04-17,2026-04-15,305119.82,305119.82,Paid On Time,0
R00000495,L000046,6,2026-05-17,2026-05-19,305119.82,305119.82,Paid Late,2
R00000496,L000046,7,2026-06-17,2026-06-15,305119.82,305119.82,Paid On Time,0
R00000497,L000046,8,2026-07-17,2026-08-25,305119.82,241469.54,Partial,39
R00000498,L000046,9,2026-08-17,2026-08-17,305119.82,305119.82,Paid On Time,0
R00000499,L000046,10,2026-09-17,2026-09-16,305119.82,305119.82,Paid On Time,0
R00000500,L000047,1,2025-03-07,,179334.13,0.0,Unpaid,60
R00000501,L000047,2,2025-04-07,2025-04-07,179334.13,179334.13,Paid On Time,0
R00000502,L000047,3,2025-05-07,2025-05-05,179334.13,179334.13,Paid On Time,0
R00000503,L000047,4,2025-06-07,2025-07-04,179334.13,179334.13,Paid Late,27
R00000504,L000047,5,2025-07-07,2025-08-03,179334.13,63818.53,Partial,27
R00000505,L000047,6,2025-08-07,2025-08-05,179334.13,179334.13,Paid On Time,0
R00000506,L000047,7,2025-09-07,2025-09-06,179334.13,179334.13,Paid On Time,0
R00000507,L000047,8,2025-10-07,2025-10-05,179334.13,179334.13,Paid On Time,0
R00000508,L000047,9,2025-11-07,2025-11-05,179334.13,179334.13,Paid On Time,0
R00000509,L000047,10,2025-12-07,2025-12-07,179334.13,179334.13,Paid On Time,0
R00000510,L000047,11,2026-01-07,2026-01-07,179334.13,179334.13,Paid On Time,0
R00000511,L000047,12,2026-02-07,2026-03-04,179334.13,179334.13,Paid Late,25
R00000512,L000047,13,2026-03-07,2026-03-07,179334.13,179334.13,Paid On Time,0
R00000513,L000047,14,2026-04-07,2026-04-05,179334.13,179334.13,Paid On Time,0
R00000514,L000047,15,2026-05-07,2026-05-06,179334.13,179334.13,Paid On Time,0
R00000515,L000047,16,2026-06-07,2026-06-05,179334.13,179334.13,Paid On Time,0
R00000516,L000047,17,2026-07-07,2026-07-07,179334.13,179334.13,Paid On Time,0
R00000517,L000047,18,2026-08-07,2026-08-22,179334.13,141756.33,Partial,15
R00000518,L000048,1,2026-06-09,2026-06-08,60267.46,60267.46,Paid On Time,0
R00000519,L000048,2,2026-07-09,2026-07-09,60267.46,60267.46,Paid On Time,0
R00000520,L000048,3,2026-08-09,2026-08-07,60267.46,60267.46,Paid On Time,0
R00000521,L000048,4,2026-09-09,2026-09-09,60267.46,60267.46,Paid On Time,0
R00000522,L000049,1,2026-09-19,2026-09-17,1166757.95,1166757.95,Paid On Time,0
R00000523,L000050,1,2026-01-15,2026-01-13,54253.8,54253.8,Paid On Time,0
R00000524,L000050,2,2026-02-15,2026-04-14,54253.8,37326.66,Partial,58
R00000525,L000050,3,2026-03-15,2026-03-15,54253.8,54253.8,Paid On Time,0
R00000526,L000050,4,2026-04-15,2026-04-14,54253.8,54253.8,Paid On Time,0
R00000527,L000050,5,2026-05-15,2026-05-13,54253.8,54253.8,Paid On Time,0
R00000528,L000050,6,2026-06-15,2026-06-15,54253.8,54253.8,Paid On Time,0
R00000529,L000050,7,2026-07-15,2026-07-13,54253.8,54253.8,Paid On Time,0
R00000530,L000050,8,2026-08-15,2026-08-28,54253.8,39475.34,Partial,13
R00000531,L000050,9,2026-09-15,2026-09-15,54253.8,54253.8,Paid On Time,0
R00000532,L000051,1,2025-10-17,2025-10-16,404338.96,404338.96,Paid On Time,0
R00000533,L000051,2,2025-11-17,2025-11-17,404338.96,404338.96,Paid On Time,0
R00000534,L000051,3,2025-12-17,2025-12-17,404338.96,404338.96,Paid On Time,0
R00000535,L000051,4,2026-01-17,2026-01-22,404338.96,404338.96,Paid Late,5
R00000536,L000051,5,2026-02-17,2026-02-15,404338.96,404338.96,Paid On Time,0
R00000537,L000051,6,2026-03-17,2026-03-16,404338.96,404338.96,Paid On Time,0
R00000538,L000052,1,2026-01-17,2026-01-16,233715.9,233715.9,Paid On Time,0
R00000539,L000052,2,2026-02-17,2026-02-15,233715.9,233715.9,Paid On Time,0
R00000540,L000052,3,2026-03-17,2026-03-16,233715.9,233715.9,Paid On Time,0
R00000541,L000052,4,2026-04-17,2026-04-17,233715.9,233715.9,Paid On Time,0
R00000542,L000052,5,2026-05-17,2026-05-16,233715.9,233715.9,Paid On Time,0
R00000543,L000052,6,2026-06-17,2026-06-16,233715.9,233715.9,Paid On Time,0
R00000544,L000053,1,2024-10-26,2024-10-24,215180.35,215180.35,Paid On Time,0
R00000545,L000053,2,2024-11-26,2024-12-02,215180.35,215180.35,Paid Late,6
R00000546,L000053,3,2024-12-26,2024-12-26,215180.35,215180.35,Paid On Time,0
R00000547,L000053,4,2025-01-26,2025-01-26,215180.35,215180.35,Paid On Time,0
R00000548,L000053,5,2025-02-26,2025-02-26,215180.35,215180.35,Paid On Time,0
R00000549,L000053,6,2025-03-26,2025-03-27,215180.35,215180.35,Paid Late,1
R00000550,L000053,7,2025-04-26,2025-04-25,215180.35,215180.35,Paid On Time,0
R00000551,L000053,8,2025-05-26,2025-05-24,215180.35,215180.35,Paid On Time,0
R00000552,L000053,9,2025-06-26,2025-06-24,215180.35,215180.35,Paid On Time,0
R00000553,L000053,10,2025-07-26,2025-07-26,215180.35,215180.35,Paid On Time,0
R00000554,L000053,11,2025-08-26,2025-08-24,215180.35,215180.35,Paid On Time,0
R00000555,L000053,12,2025-09-26,2025-09-25,215180.35,215180.35,Paid On Time,0
R00000556,L000054,1,2025-05-20,2025-06-03,151310.06,151310.06,Paid Late,14
R00000557,L000054,2,2025-06-20,2025-06-18,151310.06,151310.06,Paid On Time,0
R00000558,L000054,3,2025-07-20,2025-07-19,151310.06,151310.06,Paid On Time,0
R00000559,L000054,4,2025-08-20,2025-08-19,151310.06,151310.06,Paid On Time,0
R00000560,L000054,5,2025-09-20,2025-09-20,151310.06,151310.06,Paid On Time,0
R00000561,L000054,6,2025-10-20,2025-10-28,151310.06,151310.06,Paid Late,8
R00000562,L000054,7,2025-11-20,2025-11-19,151310.06,151310.06,Paid On Time,0
R00000563,L000054,8,2025-12-20,2025-12-31,151310.06,151310.06,Paid Late,11
R00000564,L000054,9,2026-01-20,2026-01-18,151310.06,151310.06,Paid On Time,0
R00000565,L000054,10,2026-02-20,2026-04-20,151310.06,86268.18,Partial,59
R00000566,L000054,11,2026-03-20,2026-03-20,151310.06,151310.06,Paid On Time,0
R00000567,L000054,12,2026-04-20,2026-04-21,151310.06,151310.06,Paid Late,1
R00000568,L000055,1,2024-08-05,2024-08-03,90705.08,90705.08,Paid On Time,0
R00000569,L000055,2,2024-09-05,2024-09-12,90705.08,90705.08,Paid Late,7
R00000570,L000055,3,2024-10-05,2024-10-04,90705.08,90705.08,Paid On Time,0
R00000571,L000055,4,2024-11-05,2024-11-03,90705.08,90705.08,Paid On Time,0
R00000572,L000055,5,2024-12-05,2024-12-04,90705.08,90705.08,Paid On Time,0
R00000573,L000055,6,2025-01-05,2025-01-05,90705.08,90705.08,Paid On Time,0
R00000574,L000055,7,2025-02-05,2025-02-03,90705.08,90705.08,Paid On Time,0
R00000575,L000055,8,2025-03-05,2025-03-04,90705.08,90705.08,Paid On Time,0
R00000576,L000055,9,2025-04-05,2025-04-12,90705.08,90705.08,Paid Late,7
R00000577,L000055,10,2025-05-05,2025-05-05,90705.08,90705.08,Paid On Time,0
R00000578,L000055,11,2025-06-05,2025-06-03,90705.08,90705.08,Paid On Time,0
R00000579,L000055,12,2025-07-05,2025-07-11,90705.08,90705.08,Paid Late,6
R00000580,L000055,13,2025-08-05,2025-08-04,90705.08,90705.08,Paid On Time,0
R00000581,L000055,14,2025-09-05,2025-09-06,90705.08,90705.08,Paid Late,1
R00000582,L000055,15,2025-10-05,2025-10-04,90705.08,90705.08,Paid On Time,0
R00000583,L000055,16,2025-11-05,2025-12-14,90705.08,46012.99,Partial,39
R00000584,L000055,17,2025-12-05,2025-12-04,90705.08,90705.08,Paid On Time,0
R00000585,L000055,18,2026-01-05,2026-01-03,90705.08,90705.08,Paid On Time,0
R00000586,L000056,1,2024-04-08,2024-04-06,35439.28,35439.28,Paid On Time,0
R00000587,L000056,2,2024-05-08,2024-05-07,35439.28,35439.28,Paid On Time,0
R00000588,L000056,3,2024-06-08,2024-06-08,35439.28,35439.28,Paid On Time,0
R00000589,L000056,4,2024-07-08,2024-07-08,35439.28,35439.28,Paid On Time,0
R00000590,L000056,5,2024-08-08,2024-08-08,35439.28,35439.28,Paid On Time,0
R00000591,L000056,6,2024-09-08,2024-09-29,35439.28,35439.28,Paid Late,21
R00000592,L000056,7,2024-10-08,2024-10-08,35439.28,35439.28,Paid On Time,0
R00000593,L000056,8,2024-11-08,2024-11-20,35439.28,35439.28,Paid Late,12
R00000594,L000056,9,2024-12-08,2024-12-08,35439.28,35439.28,Paid On Time,0
R00000595,L000056,10,2025-01-08,2025-01-08,35439.28,35439.28,Paid On Time,0
R00000596,L000056,11,2025-02-08,,35439.28,0.0,Unpaid,60
R00000597,L000056,12,2025-03-08,2025-03-08,35439.28,35439.28,Paid On Time,0
R00000598,L000056,13,2025-04-08,2025-04-08,35439.28,35439.28,Paid On Time,0
R00000599,L000056,14,2025-05-08,2025-06-01,35439.28,35439.28,Paid Late,24
R00000600,L000056,15,2025-06-08,2025-07-23,35439.28,27286.62,Partial,45
R00000601,L000056,16,2025-07-08,2025-07-29,35439.28,35439.28,Paid Late,21
R00000602,L000056,17,2025-08-08,,35439.28,0.0,Unpaid,30
R00000603,L000056,18,2025-09-08,2025-09-06,35439.28,35439.28,Paid On Time,0
R00000604,L000056,19,2025-10-08,2025-10-07,35439.28,35439.28,Paid On Time,0
R00000605,L000056,20,2025-11-08,2025-11-11,35439.28,35439.28,Paid Late,3
R00000606,L000056,21,2025-12-08,2025-12-07,35439.28,35439.28,Paid On Time,0
R00000607,L000056,22,2026-01-08,2026-01-07,35439.28,35439.28,Paid On Time,0
R00000608,L000056,23,2026-02-08,2026-02-08,35439.28,35439.28,Paid On Time,0
R00000609,L000056,24,2026-03-08,2026-03-07,35439.28,35439.28,Paid On Time,0
R00000610,L000056,25,2026-04-08,2026-04-07,35439.28,35439.28,Paid On Time,0
R00000611,L000056,26,2026-05-08,2026-05-26,35439.28,13882.99,Partial,18
R00000612,L000056,27,2026-06-08,2026-06-08,35439.28,35439.28,Paid On Time,0
R00000613,L000056,28,2026-07-08,2026-07-06,35439.28,35439.28,Paid On Time,0
R00000614,L000056,29,2026-08-08,2026-08-06,35439.28,35439.28,Paid On Time,0
R00000615,L000056,30,2026-09-08,2026-09-08,35439.28,35439.28,Paid On Time,0
R00000616,L000057,1,2024-05-22,2024-06-15,315476.77,240010.53,Partial,24
R00000617,L000057,2,2024-06-22,2024-06-21,315476.77,315476.77,Paid On Time,0
R00000618,L000057,3,2024-07-22,2024-07-21,315476.77,315476.77,Paid On Time,0
R00000619,L000057,4,2024-08-22,2024-08-20,315476.77,315476.77,Paid On Time,0
R00000620,L000057,5,2024-09-22,2024-09-22,315476.77,315476.77,Paid On Time,0
R00000621,L000057,6,2024-10-22,2024-10-22,315476.77,315476.77,Paid On Time,0
R00000622,L000057,7,2024-11-22,2025-01-05,315476.77,168679.18,Partial,44
R00000623,L000057,8,2024-12-22,2024-12-21,315476.77,315476.77,Paid On Time,0
R00000624,L000057,9,2025-01-22,2025-01-20,315476.77,315476.77,Paid On Time,0
R00000625,L000057,10,2025-02-22,2025-02-26,315476.77,315476.77,Paid Late,4
R00000626,L000057,11,2025-03-22,2025-03-22,315476.77,315476.77,Paid On Time,0
R00000627,L000057,12,2025-04-22,2025-04-20,315476.77,315476.77,Paid On Time,0
R00000628,L000058,1,2025-09-04,2025-09-04,146773.88,146773.88,Paid On Time,0
R00000629,L000058,2,2025-10-04,2025-10-03,146773.88,146773.88,Paid On Time,0
R00000630,L000058,3,2025-11-04,,146773.88,0.0,Unpaid,90
R00000631,L000058,4,2025-12-04,2025-12-03,146773.88,146773.88,Paid On Time,0
R00000632,L000058,5,2026-01-04,2026-01-03,146773.88,146773.88,Paid On Time,0
R00000633,L000058,6,2026-02-04,2026-02-02,146773.88,146773.88,Paid On Time,0
R00000634,L000059,1,2026-09-28,2026-10-06,16595.31,16595.31,Paid Late,8
R00000635,L000060,1,2024-12-13,2024-12-12,39613.57,39613.57,Paid On Time,0
R00000636,L000060,2,2025-01-13,2025-01-11,39613.57,39613.57,Paid On Time,0
R00000637,L000060,3,2025-02-13,2025-02-11,39613.57,39613.57,Paid On Time,0
R00000638,L000060,4,2025-03-13,2025-03-11,39613.57,39613.57,Paid On Time,0
R00000639,L000060,5,2025-04-13,2025-04-13,39613.57,39613.57,Paid On Time,0
R00000640,L000060,6,2025-05-13,2025-05-11,39613.57,39613.57,Paid On Time,0
R00000641,L000060,7,2025-06-13,2025-06-11,39613.57,39613.57,Paid On Time,0
R00000642,L000060,8,2025-07-13,2025-07-11,39613.57,39613.57,Paid On Time,0
R00000643,L000060,9,2025-08-13,,39613.57,0.0,Unpaid,120
R00000644,L000060,10,2025-09-13,2025-10-09,39613.57,39613.57,Paid Late,26
R00000645,L000060,11,2025-10-13,2025-10-11,39613.57,39613.57,Paid On Time,0
R00000646,L000060,12,2025-11-13,,39613.57,0.0,Unpaid,30
R00000647,L000060,13,2025-12-13,2025-12-12,39613.57,39613.57,Paid On Time,0
R00000648,L000060,14,2026-01-13,2026-01-11,39613.57,39613.57,Paid On Time,0
R00000649,L000060,15,2026-02-13,2026-02-13,39613.57,39613.57,Paid On Time,0
R00000650,L000060,16,2026-03-13,2026-03-11,39613.57,39613.57,Paid On Time,0
R00000651,L000060,17,2026-04-13,2026-04-12,39613.57,39613.57,Paid On Time,0
R00000652,L000060,18,2026-05-13,2026-05-11,39613.57,39613.57,Paid On Time,0
R00000653,L000060,19,2026-06-13,2026-06-13,39613.57,39613.57,Paid On Time,0
R00000654,L000060,20,2026-07-13,2026-07-12,39613.57,39613.57,Paid On Time,0
R00000655,L000060,21,2026-08-13,2026-08-11,39613.57,39613.57,Paid On Time,0
R00000656,L000060,22,2026-09-13,2026-09-11,39613.57,39613.57,Paid On Time,0
R00000657,L000061,1,2025-08-26,2025-08-26,427796.83,427796.83,Paid On Time,0
R00000658,L000061,2,2025-09-26,2025-09-24,427796.83,427796.83,Paid On Time,0
R00000659,L000061,3,2025-10-26,2025-10-29,427796.83,427796.83,Paid Late,3
R00000660,L000061,4,2025-11-26,2025-11-24,427796.83,427796.83,Paid On Time,0
R00000661,L000061,5,2025-12-26,2026-01-17,427796.83,427796.83,Paid Late,22
R00000662,L000061,6,2026-01-26,,427796.83,0.0,Unpaid,30
R00000663,L000061,7,2026-02-26,2026-02-24,427796.83,427796.83,Paid On Time,0
R00000664,L000061,8,2026-03-26,2026-03-24,427796.83,427796.83,Paid On Time,0
R00000665,L000061,9,2026-04-26,2026-04-24,427796.83,427796.83,Paid On Time,0
R00000666,L000061,10,2026-05-26,2026-05-25,427796.83,427796.83,Paid On Time,0
R00000667,L000061,11,2026-06-26,2026-06-24,427796.83,427796.83,Paid On Time,0
R00000668,L000061,12,2026-07-26,2026-08-25,427796.83,427796.83,Paid Late,30
R00000669,L000061,13,2026-08-26,2026-08-24,427796.83,427796.83,Paid On Time,0
R00000670,L000061,14,2026-09-26,2026-09-25,427796.83,427796.83,Paid On Time,0
R00000671,L000062,1,2024-05-19,2024-05-19,850035.32,850035.32,Paid On Time,0
R00000672,L000062,2,2024-06-19,2024-06-17,850035.32,850035.32,Paid On Time,0
R00000673,L000062,3,2024-07-19,2024-07-19,850035.32,850035.32,Paid On Time,0
R00000674,L000062,4,2024-08-19,2024-08-17,850035.32,850035.32,Paid On Time,0
R00000675,L000062,5,2024-09-19,2024-09-17,850035.32,850035.32,Paid On Time,0
R00000676,L000062,6,2024-10-19,2024-10-17,850035.32,850035.32,Paid On Time,0
R00000677,L000062,7,2024-11-19,2024-11-19,850035.32,850035.32,Paid On Time,0
R00000678,L000062,8,2024-12-19,2024-12-19,850035.32,850035.32,Paid On Time,0
R00000679,L000062,9,2025-01-19,2025-01-17,850035.32,850035.32,Paid On Time,0
R00000680,L000062,10,2025-02-19,2025-02-17,850035.32,850035.32,Paid On Time,0
R00000681,L000062,11,2025-03-19,2025-03-18,850035.32,850035.32,Paid On Time,0
R00000682,L000062,12,2025-04-19,2025-04-17,850035.32,850035.32,Paid On Time,0
R00000683,L000062,13,2025-05-19,2025-05-18,850035.32,850035.32,Paid On Time,0
R00000684,L000062,14,2025-06-19,2025-06-17,850035.32,850035.32,Paid On Time,0
R00000685,L000062,15,2025-07-19,2025-07-18,850035.32,850035.32,Paid On Time,0
R00000686,L000062,16,2025-08-19,2025-08-17,850035.32,850035.32,Paid On Time,0
R00000687,L000062,17,2025-09-19,2025-09-19,850035.32,850035.32,Paid On Time,0
R00000688,L000062,18,2025-10-19,2025-10-19,850035.32,850035.32,Paid On Time,0
R00000689,L000063,1,2025-02-06,2025-02-04,323272.28,323272.28,Paid On Time,0
R00000690,L000063,2,2025-03-06,2025-03-27,323272.28,198057.78,Partial,21
R00000691,L000063,3,2025-04-06,2025-04-05,323272.28,323272.28,Paid On Time,0
R00000692,L000063,4,2025-05-06,2025-05-04,323272.28,323272.28,Paid On Time,0
R00000693,L000063,5,2025-06-06,2025-06-06,323272.28,323272.28,Paid On Time,0
R00000694,L000063,6,2025-07-06,2025-07-05,323272.28,323272.28,Paid On Time,0
R00000695,L000063,7,2025-08-06,2025-08-06,323272.28,323272.28,Paid On Time,0
R00000696,L000063,8,2025-09-06,2025-09-05,323272.28,323272.28,Paid On Time,0
R00000697,L000063,9,2025-10-06,2025-10-06,323272.28,323272.28,Paid On Time,0
R00000698,L000063,10,2025-11-06,2025-11-06,323272.28,323272.28,Paid On Time,0
R00000699,L000063,11,2025-12-06,2025-12-06,323272.28,323272.28,Paid On Time,0
R00000700,L000063,12,2026-01-06,2026-01-04,323272.28,323272.28,Paid On Time,0
R00000701,L000064,1,2025-02-20,2025-02-19,178335.99,178335.99,Paid On Time,0
R00000702,L000064,2,2025-03-20,2025-03-20,178335.99,178335.99,Paid On Time,0
R00000703,L000064,3,2025-04-20,2025-04-18,178335.99,178335.99,Paid On Time,0
R00000704,L000064,4,2025-05-20,2025-05-19,178335.99,178335.99,Paid On Time,0
R00000705,L000064,5,2025-06-20,2025-06-18,178335.99,178335.99,Paid On Time,0
R00000706,L000064,6,2025-07-20,2025-07-20,178335.99,178335.99,Paid On Time,0
R00000707,L000064,7,2025-08-20,2025-08-18,178335.99,178335.99,Paid On Time,0
R00000708,L000064,8,2025-09-20,2025-09-19,178335.99,178335.99,Paid On Time,0
R00000709,L000064,9,2025-10-20,2025-11-06,178335.99,95499.02,Partial,17
R00000710,L000064,10,2025-11-20,2025-11-19,178335.99,178335.99,Paid On Time,0
R00000711,L000064,11,2025-12-20,2025-12-19,178335.99,178335.99,Paid On Time,0
R00000712,L000064,12,2026-01-20,2026-01-19,178335.99,178335.99,Paid On Time,0
R00000713,L000065,1,2025-12-06,2025-12-05,1065391.9,1065391.9,Paid On Time,0
R00000714,L000065,2,2026-01-06,2026-01-06,1065391.9,1065391.9,Paid On Time,0
R00000715,L000065,3,2026-02-06,2026-03-05,1065391.9,1065391.9,Paid Late,27
R00000716,L000065,4,2026-03-06,2026-03-04,1065391.9,1065391.9,Paid On Time,0
R00000717,L000065,5,2026-04-06,2026-04-05,1065391.9,1065391.9,Paid On Time,0
R00000718,L000065,6,2026-05-06,2026-05-05,1065391.9,1065391.9,Paid On Time,0
R00000719,L000065,7,2026-06-06,2026-06-06,1065391.9,1065391.9,Paid On Time,0
R00000720,L000065,8,2026-07-06,2026-07-05,1065391.9,1065391.9,Paid On Time,0
R00000721,L000065,9,2026-08-06,2026-08-05,1065391.9,1065391.9,Paid On Time,0
R00000722,L000065,10,2026-09-06,2026-09-06,1065391.9,1065391.9,Paid On Time,0
R00000723,L000066,1,2024-09-05,2024-09-05,39779.06,39779.06,Paid On Time,0
R00000724,L000066,2,2024-10-05,2024-10-05,39779.06,39779.06,Paid On Time,0
R00000725,L000066,3,2024-11-05,2024-11-05,39779.06,39779.06,Paid On Time,0
R00000726,L000066,4,2024-12-05,2024-12-03,39779.06,39779.06,Paid On Time,0
R00000727,L000066,5,2025-01-05,2025-01-05,39779.06,39779.06,Paid On Time,0
R00000728,L000066,6,2025-02-05,2025-02-05,39779.06,39779.06,Paid On Time,0
R00000729,L000066,7,2025-03-05,2025-04-07,39779.06,16192.42,Partial,33
R00000730,L000066,8,2025-04-05,2025-05-01,39779.06,39779.06,Paid Late,26
R00000731,L000066,9,2025-05-05,2025-05-03,39779.06,39779.06,Paid On Time,0
R00000732,L000066,10,2025-06-05,2025-06-05,39779.06,39779.06,Paid On Time,0
R00000733,L000066,11,2025-07-05,2025-07-04,39779.06,39779.06,Paid On Time,0
R00000734,L000066,12,2025-08-05,2025-08-15,39779.06,39779.06,Paid Late,10
R00000735,L000066,13,2025-09-05,2025-09-04,39779.06,39779.06,Paid On Time,0
R00000736,L000066,14,2025-10-05,2025-10-04,39779.06,39779.06,Paid On Time,0
R00000737,L000066,15,2025-11-05,2025-11-05,39779.06,39779.06,Paid On Time,0
R00000738,L000066,16,2025-12-05,2025-12-09,39779.06,39779.06,Paid Late,4
R00000739,L000066,17,2026-01-05,2026-01-03,39779.06,39779.06,Paid On Time,0
R00000740,L000066,18,2026-02-05,2026-02-05,39779.06,39779.06,Paid On Time,0
R00000741,L000067,1,2025-03-20,2025-03-20,437036.96,437036.96,Paid On Time,0
R00000742,L000067,2,2025-04-20,2025-04-18,437036.96,437036.96,Paid On Time,0
R00000743,L000067,3,2025-05-20,2025-05-20,437036.96,437036.96,Paid On Time,0
R00000744,L000067,4,2025-06-20,2025-06-18,437036.96,437036.96,Paid On Time,0
R00000745,L000067,5,2025-07-20,2025-07-18,437036.96,437036.96,Paid On Time,0
R00000746,L000067,6,2025-08-20,2025-08-19,437036.96,437036.96,Paid On Time,0
R00000747,L000067,7,2025-09-20,2025-09-19,437036.96,437036.96,Paid On Time,0
R00000748,L000067,8,2025-10-20,2025-10-18,437036.96,437036.96,Paid On Time,0
R00000749,L000067,9,2025-11-20,2025-11-20,437036.96,437036.96,Paid On Time,0
R00000750,L000067,10,2025-12-20,2025-12-19,437036.96,437036.96,Paid On Time,0
R00000751,L000067,11,2026-01-20,2026-01-19,437036.96,437036.96,Paid On Time,0
R00000752,L000067,12,2026-02-20,,437036.96,0.0,Unpaid,30
R00000753,L000068,1,2026-08-21,2026-08-20,92453.83,92453.83,Paid On Time,0
R00000754,L000068,2,2026-09-21,2026-09-19,92453.83,92453.83,Paid On Time,0
R00000755,L000069,1,2025-09-07,2025-09-06,263727.84,263727.84,Paid On Time,0
R00000756,L000069,2,2025-10-07,2025-10-06,263727.84,263727.84,Paid On Time,0
R00000757,L000069,3,2025-11-07,2025-11-06,263727.84,263727.84,Paid On Time,0
R00000758,L000069,4,2025-12-07,2025-12-05,263727.84,263727.84,Paid On Time,0
R00000759,L000069,5,2026-01-07,2026-01-07,263727.84,263727.84,Paid On Time,0
R00000760,L000069,6,2026-02-07,2026-02-05,263727.84,263727.84,Paid On Time,0
R00000761,L000069,7,2026-03-07,2026-03-07,263727.84,263727.84,Paid On Time,0
R00000762,L000069,8,2026-04-07,2026-04-05,263727.84,263727.84,Paid On Time,0
R00000763,L000069,9,2026-05-07,2026-05-06,263727.84,263727.84,Paid On Time,0
R00000764,L000069,10,2026-06-07,2026-06-07,263727.84,263727.84,Paid On Time,0
R00000765,L000069,11,2026-07-07,2026-07-06,263727.84,263727.84,Paid On Time,0
R00000766,L000069,12,2026-08-07,2026-08-05,263727.84,263727.84,Paid On Time,0
R00000767,L000070,1,2024-11-01,2024-11-01,49120.44,49120.44,Paid On Time,0
R00000768,L000070,2,2024-12-01,2024-11-30,49120.44,49120.44,Paid On Time,0
R00000769,L000070,3,2025-01-01,2024-12-31,49120.44,49120.44,Paid On Time,0
R00000770,L000070,4,2025-02-01,2025-01-30,49120.44,49120.44,Paid On Time,0
R00000771,L000070,5,2025-03-01,2025-03-01,49120.44,49120.44,Paid On Time,0
R00000772,L000070,6,2025-04-01,2025-04-01,49120.44,49120.44,Paid On Time,0
R00000773,L000070,7,2025-05-01,2025-04-30,49120.44,49120.44,Paid On Time,0
R00000774,L000070,8,2025-06-01,2025-06-01,49120.44,49120.44,Paid On Time,0
R00000775,L000070,9,2025-07-01,,49120.44,0.0,Unpaid,30
R00000776,L000070,10,2025-08-01,,49120.44,0.0,Unpaid,30
R00000777,L000070,11,2025-09-01,2025-08-30,49120.44,49120.44,Paid On Time,0
R00000778,L000070,12,2025-10-01,2025-10-01,49120.44,49120.44,Paid On Time,0
R00000779,L000070,13,2025-11-01,2025-11-26,49120.44,49120.44,Paid Late,25
R00000780,L000070,14,2025-12-01,2025-12-01,49120.44,49120.44,Paid On Time,0
R00000781,L000070,15,2026-01-01,2026-01-01,49120.44,49120.44,Paid On Time,0
R00000782,L000070,16,2026-02-01,2026-01-31,49120.44,49120.44,Paid On Time,0
R00000783,L000070,17,2026-03-01,2026-04-09,49120.44,29085.97,Partial,39
R00000784,L000070,18,2026-04-01,2026-03-31,49120.44,49120.44,Paid On Time,0
R00000785,L000071,1,2024-10-20,2024-10-18,116986.16,116986.16,Paid On Time,0
R00000786,L000071,2,2024-11-20,2024-11-18,116986.16,116986.16,Paid On Time,0
R00000787,L000071,3,2024-12-20,2024-12-20,116986.16,116986.16,Paid On Time,0
R00000788,L000071,4,2025-01-20,2025-01-20,116986.16,116986.16,Paid On Time,0
R00000789,L000071,5,2025-02-20,2025-02-18,116986.16,116986.16,Paid On Time,0
R00000790,L000071,6,2025-03-20,2025-03-19,116986.16,116986.16,Paid On Time,0
R00000791,L000071,7,2025-04-20,2025-04-20,116986.16,116986.16,Paid On Time,0
R00000792,L000071,8,2025-05-20,2025-06-12,116986.16,86908.38,Partial,23
R00000793,L000071,9,2025-06-20,2025-06-19,116986.16,116986.16,Paid On Time,0
R00000794,L000071,10,2025-07-20,2025-08-24,116986.16,49754.3,Partial,35
R00000795,L000071,11,2025-08-20,2025-08-20,116986.16,116986.16,Paid On Time,0
R00000796,L000071,12,2025-09-20,2025-09-18,116986.16,116986.16,Paid On Time,0
R00000797,L000071,13,2025-10-20,2025-10-18,116986.16,116986.16,Paid On Time,0
R00000798,L000071,14,2025-11-20,,116986.16,0.0,Unpaid,30
R00000799,L000071,15,2025-12-20,2025-12-18,116986.16,116986.16,Paid On Time,0
R00000800,L000071,16,2026-01-20,2026-02-04,116986.16,116986.16,Paid Late,15
R00000801,L000071,17,2026-02-20,2026-02-18,116986.16,116986.16,Paid On Time,0
R00000802,L000071,18,2026-03-20,2026-03-18,116986.16,116986.16,Paid On Time,0
R00000803,L000071,19,2026-04-20,2026-04-20,116986.16,116986.16,Paid On Time,0
R00000804,L000071,20,2026-05-20,2026-05-19,116986.16,116986.16,Paid On Time,0
R00000805,L000071,21,2026-06-20,2026-06-18,116986.16,116986.16,Paid On Time,0
R00000806,L000071,22,2026-07-20,2026-07-20,116986.16,116986.16,Paid On Time,0
R00000807,L000071,23,2026-08-20,2026-08-20,116986.16,116986.16,Paid On Time,0
R00000808,L000071,24,2026-09-20,2026-09-19,116986.16,116986.16,Paid On Time,0
R00000809,L000072,1,2025-01-05,2025-01-26,92123.75,92123.75,Paid Late,21
R00000810,L000072,2,2025-02-05,2025-02-21,92123.75,92123.75,Paid Late,16
R00000811,L000072,3,2025-03-05,2025-03-04,92123.75,92123.75,Paid On Time,0
R00000812,L000072,4,2025-04-05,2025-04-04,92123.75,92123.75,Paid On Time,0
R00000813,L000072,5,2025-05-05,2025-05-05,92123.75,92123.75,Paid On Time,0
R00000814,L000072,6,2025-06-05,2025-06-03,92123.75,92123.75,Paid On Time,0
R00000815,L000072,7,2025-07-05,2025-07-05,92123.75,92123.75,Paid On Time,0
R00000816,L000072,8,2025-08-05,2025-08-03,92123.75,92123.75,Paid On Time,0
R00000817,L000072,9,2025-09-05,2025-09-04,92123.75,92123.75,Paid On Time,0
R00000818,L000072,10,2025-10-05,2025-10-10,92123.75,92123.75,Paid Late,5
R00000819,L000072,11,2025-11-05,2025-12-26,92123.75,41407.73,Partial,51
R00000820,L000072,12,2025-12-05,2025-12-05,92123.75,92123.75,Paid On Time,0
R00000821,L000072,13,2026-01-05,2026-01-03,92123.75,92123.75,Paid On Time,0
R00000822,L000072,14,2026-02-05,2026-02-04,92123.75,92123.75,Paid On Time,0
R00000823,L000072,15,2026-03-05,2026-03-03,92123.75,92123.75,Paid On Time,0
R00000824,L000072,16,2026-04-05,2026-04-04,92123.75,92123.75,Paid On Time,0
R00000825,L000072,17,2026-05-05,,92123.75,0.0,Unpaid,120
R00000826,L000072,18,2026-06-05,2026-06-05,92123.75,92123.75,Paid On Time,0
R00000827,L000072,19,2026-07-05,2026-07-05,92123.75,92123.75,Paid On Time,0
R00000828,L000072,20,2026-08-05,2026-08-05,92123.75,92123.75,Paid On Time,0
R00000829,L000072,21,2026-09-05,2026-09-03,92123.75,92123.75,Paid On Time,0
R00000830,L000073,1,2025-08-11,2025-08-09,458101.09,458101.09,Paid On Time,0
R00000831,L000073,2,2025-09-11,2025-10-11,458101.09,458101.09,Paid Late,30
R00000832,L000073,3,2025-10-11,2025-10-11,458101.09,458101.09,Paid On Time,0
R00000833,L000073,4,2025-11-11,2025-11-09,458101.09,458101.09,Paid On Time,0
R00000834,L000073,5,2025-12-11,2025-12-09,458101.09,458101.09,Paid On Time,0
R00000835,L000073,6,2026-01-11,2026-01-11,458101.09,458101.09,Paid On Time,0
R00000836,L000073,7,2026-02-11,2026-02-09,458101.09,458101.09,Paid On Time,0
R00000837,L000073,8,2026-03-11,2026-03-28,458101.09,458101.09,Paid Late,17
R00000838,L000073,9,2026-04-11,2026-04-09,458101.09,458101.09,Paid On Time,0
R00000839,L000073,10,2026-05-11,2026-05-10,458101.09,458101.09,Paid On Time,0
R00000840,L000073,11,2026-06-11,2026-06-10,458101.09,458101.09,Paid On Time,0
R00000841,L000073,12,2026-07-11,2026-07-26,458101.09,327229.56,Partial,15
R00000842,L000074,1,2024-06-03,,35740.73,0.0,Unpaid,120
R00000843,L000074,2,2024-07-03,2024-07-01,35740.73,35740.73,Paid On Time,0
R00000844,L000074,3,2024-08-03,2024-08-01,35740.73,35740.73,Paid On Time,0
R00000845,L000074,4,2024-09-03,2024-09-01,35740.73,35740.73,Paid On Time,0
R00000846,L000074,5,2024-10-03,2024-10-01,35740.73,35740.73,Paid On Time,0
R00000847,L000074,6,2024-11-03,2024-11-03,35740.73,35740.73,Paid On Time,0
R00000848,L000074,7,2024-12-03,2024-12-03,35740.73,35740.73,Paid On Time,0
R00000849,L000074,8,2025-01-03,2025-01-01,35740.73,35740.73,Paid On Time,0
R00000850,L000074,9,2025-02-03,2025-03-18,35740.73,28112.63,Partial,43
R00000851,L000074,10,2025-03-03,2025-03-01,35740.73,35740.73,Paid On Time,0
R00000852,L000074,11,2025-04-03,2025-05-02,35740.73,35740.73,Paid Late,29
R00000853,L000074,12,2025-05-03,2025-05-03,35740.73,35740.73,Paid On Time,0
R00000854,L000074,13,2025-06-03,,35740.73,0.0,Unpaid,30
R00000855,L000074,14,2025-07-03,2025-07-01,35740.73,35740.73,Paid On Time,0
R00000856,L000074,15,2025-08-03,2025-08-02,35740.73,35740.73,Paid On Time,0
R00000857,L000074,16,2025-09-03,2025-09-06,35740.73,35740.73,Paid Late,3
R00000858,L000074,17,2025-10-03,2025-10-02,35740.73,35740.73,Paid On Time,0
R00000859,L000074,18,2025-11-03,2025-11-03,35740.73,35740.73,Paid On Time,0
R00000860,L000075,1,2025-07-28,2025-07-26,185602.87,185602.87,Paid On Time,0
R00000861,L000075,2,2025-08-28,2025-09-02,185602.87,185602.87,Paid Late,5
R00000862,L000075,3,2025-09-28,2025-09-26,185602.87,185602.87,Paid On Time,0
R00000863,L000075,4,2025-10-28,2025-10-26,185602.87,185602.87,Paid On Time,0
R00000864,L000075,5,2025-11-28,2025-11-28,185602.87,185602.87,Paid On Time,0
R00000865,L000075,6,2025-12-28,2025-12-26,185602.87,185602.87,Paid On Time,0
R00000866,L000075,7,2026-01-28,2026-01-26,185602.87,185602.87,Paid On Time,0
R00000867,L000075,8,2026-02-28,2026-02-28,185602.87,185602.87,Paid On Time,0
R00000868,L000075,9,2026-03-28,2026-03-26,185602.87,185602.87,Paid On Time,0
R00000869,L000075,10,2026-04-28,2026-04-28,185602.87,185602.87,Paid On Time,0
R00000870,L000075,11,2026-05-28,2026-05-28,185602.87,185602.87,Paid On Time,0
R00000871,L000075,12,2026-06-28,2026-06-28,185602.87,185602.87,Paid On Time,0
R00000872,L000075,13,2026-07-28,2026-07-28,185602.87,185602.87,Paid On Time,0
R00000873,L000075,14,2026-08-28,2026-08-26,185602.87,185602.87,Paid On Time,0
R00000874,L000075,15,2026-09-28,,185602.87,0.0,Unpaid,2
R00000875,L000076,1,2025-06-06,2025-06-05,355375.65,355375.65,Paid On Time,0
R00000876,L000076,2,2025-07-06,2025-07-04,355375.65,355375.65,Paid On Time,0
R00000877,L000076,3,2025-08-06,2025-08-04,355375.65,355375.65,Paid On Time,0
R00000878,L000076,4,2025-09-06,2025-09-06,355375.65,355375.65,Paid On Time,0
R00000879,L000076,5,2025-10-06,2025-10-05,355375.65,355375.65,Paid On Time,0
R00000880,L000076,6,2025-11-06,2025-11-08,355375.65,355375.65,Paid Late,2
R00000881,L000076,7,2025-12-06,2025-12-05,355375.65,355375.65,Paid On Time,0
R00000882,L000076,8,2026-01-06,2026-01-22,355375.65,355375.65,Paid Late,16
R00000883,L000076,9,2026-02-06,2026-02-06,355375.65,355375.65,Paid On Time,0
R00000884,L000076,10,2026-03-06,2026-03-24,355375.65,355375.65,Paid Late,18
R00000885,L000076,11,2026-04-06,2026-04-05,355375.65,355375.65,Paid On Time,0
R00000886,L000076,12,2026-05-06,2026-05-06,355375.65,355375.65,Paid On Time,0
R00000887,L000077,1,2025-10-10,2025-10-09,287254.97,287254.97,Paid On Time,0
R00000888,L000077,2,2025-11-10,2025-11-08,287254.97,287254.97,Paid On Time,0
R00000889,L000077,3,2025-12-10,2025-12-10,287254.97,287254.97,Paid On Time,0
R00000890,L000077,4,2026-01-10,2026-01-26,287254.97,211532.99,Partial,16
R00000891,L000077,5,2026-02-10,2026-02-10,287254.97,287254.97,Paid On Time,0
R00000892,L000077,6,2026-03-10,2026-03-09,287254.97,287254.97,Paid On Time,0
R00000893,L000077,7,2026-04-10,2026-04-08,287254.97,287254.97,Paid On Time,0
R00000894,L000077,8,2026-05-10,2026-05-08,287254.97,287254.97,Paid On Time,0
R00000895,L000077,9,2026-06-10,2026-06-10,287254.97,287254.97,Paid On Time,0
R00000896,L000077,10,2026-07-10,2026-07-09,287254.97,287254.97,Paid On Time,0
R00000897,L000077,11,2026-08-10,2026-08-15,287254.97,287254.97,Paid Late,5
R00000898,L000077,12,2026-09-10,2026-09-10,287254.97,287254.97,Paid On Time,0
R00000899,L000078,1,2025-07-26,2025-07-24,52584.87,52584.87,Paid On Time,0
R00000900,L000078,2,2025-08-26,2025-08-25,52584.87,52584.87,Paid On Time,0
R00000901,L000078,3,2025-09-26,2025-09-26,52584.87,52584.87,Paid On Time,0
R00000902,L000078,4,2025-10-26,,52584.87,0.0,Unpaid,120
R00000903,L000078,5,2025-11-26,,52584.87,0.0,Unpaid,60
R00000904,L000078,6,2025-12-26,2026-02-04,52584.87,27352.86,Partial,40
R00000905,L000078,7,2026-01-26,2026-02-28,52584.87,35623.65,Partial,33
R00000906,L000078,8,2026-02-26,2026-02-25,52584.87,52584.87,Paid On Time,0
R00000907,L000078,9,2026-03-26,2026-03-24,52584.87,52584.87,Paid On Time,0
R00000908,L000078,10,2026-04-26,2026-04-25,52584.87,52584.87,Paid On Time,0
R00000909,L000078,11,2026-05-26,2026-06-07,52584.87,52584.87,Paid Late,12
R00000910,L000078,12,2026-06-26,2026-06-25,52584.87,52584.87,Paid On Time,0
R00000911,L000078,13,2026-07-26,2026-07-25,52584.87,52584.87,Paid On Time,0
R00000912,L000078,14,2026-08-26,,52584.87,0.0,Unpaid,35
R00000913,L000078,15,2026-09-26,2026-09-24,52584.87,52584.87,Paid On Time,0
R00000914,L000079,1,2025-07-25,,3852020.42,0.0,Unpaid,120
R00000915,L000079,2,2025-08-25,2025-08-25,3852020.42,3852020.42,Paid On Time,0
R00000916,L000079,3,2025-09-25,2025-09-25,3852020.42,3852020.42,Paid On Time,0
R00000917,L000079,4,2025-10-25,2025-10-24,3852020.42,3852020.42,Paid On Time,0
R00000918,L000079,5,2025-11-25,2025-11-24,3852020.42,3852020.42,Paid On Time,0
R00000919,L000079,6,2025-12-25,2025-12-25,3852020.42,3852020.42,Paid On Time,0
R00000920,L000080,1,2025-05-06,2025-05-05,106264.28,106264.28,Paid On Time,0
R00000921,L000080,2,2025-06-06,2025-06-05,106264.28,106264.28,Paid On Time,0
R00000922,L000080,3,2025-07-06,2025-07-04,106264.28,106264.28,Paid On Time,0
R00000923,L000080,4,2025-08-06,2025-08-05,106264.28,106264.28,Paid On Time,0
R00000924,L000080,5,2025-09-06,2025-09-06,106264.28,106264.28,Paid On Time,0
R00000925,L000080,6,2025-10-06,2025-10-05,106264.28,106264.28,Paid On Time,0
R00000926,L000080,7,2025-11-06,2025-11-05,106264.28,106264.28,Paid On Time,0
R00000927,L000080,8,2025-12-06,2025-12-05,106264.28,106264.28,Paid On Time,0
R00000928,L000080,9,2026-01-06,2026-01-06,106264.28,106264.28,Paid On Time,0
R00000929,L000080,10,2026-02-06,2026-02-05,106264.28,106264.28,Paid On Time,0
R00000930,L000080,11,2026-03-06,2026-03-05,106264.28,106264.28,Paid On Time,0
R00000931,L000080,12,2026-04-06,2026-04-06,106264.28,106264.28,Paid On Time,0
R00000932,L000080,13,2026-05-06,2026-05-04,106264.28,106264.28,Paid On Time,0
R00000933,L000080,14,2026-06-06,2026-06-06,106264.28,106264.28,Paid On Time,0
R00000934,L000080,15,2026-07-06,2026-07-04,106264.28,106264.28,Paid On Time,0
R00000935,L000080,16,2026-08-06,2026-08-05,106264.28,106264.28,Paid On Time,0
R00000936,L000080,17,2026-09-06,2026-09-05,106264.28,106264.28,Paid On Time,0
R00000937,L000081,1,2026-04-13,2026-04-11,120633.69,120633.69,Paid On Time,0
R00000938,L000081,2,2026-05-13,2026-05-13,120633.69,120633.69,Paid On Time,0
R00000939,L000081,3,2026-06-13,2026-06-13,120633.69,120633.69,Paid On Time,0
R00000940,L000081,4,2026-07-13,2026-08-03,120633.69,120633.69,Paid Late,21
R00000941,L000081,5,2026-08-13,2026-08-13,120633.69,120633.69,Paid On Time,0
R00000942,L000081,6,2026-09-13,2026-09-11,120633.69,120633.69,Paid On Time,0
R00000943,L000082,1,2025-02-04,2025-04-01,153388.97,59699.71,Partial,56
R00000944,L000082,2,2025-03-04,2025-03-04,153388.97,153388.97,Paid On Time,0
R00000945,L000082,3,2025-04-04,2025-04-17,153388.97,153388.97,Paid Late,13
R00000946,L000082,4,2025-05-04,2025-05-03,153388.97,153388.97,Paid On Time,0
R00000947,L000082,5,2025-06-04,2025-06-04,153388.97,153388.97,Paid On Time,0
R00000948,L000082,6,2025-07-04,2025-07-03,153388.97,153388.97,Paid On Time,0
R00000949,L000082,7,2025-08-04,2025-08-04,153388.97,153388.97,Paid On Time,0
R00000950,L000082,8,2025-09-04,2025-10-17,153388.97,76591.46,Partial,43
R00000951,L000082,9,2025-10-04,2025-10-04,153388.97,153388.97,Paid On Time,0
R00000952,L000082,10,2025-11-04,,153388.97,0.0,Unpaid,60
R00000953,L000082,11,2025-12-04,2025-12-23,153388.97,153388.97,Paid Late,19
R00000954,L000082,12,2026-01-04,2026-01-20,153388.97,153388.97,Paid Late,16
R00000955,L000082,13,2026-02-04,2026-02-02,153388.97,153388.97,Paid On Time,0
R00000956,L000082,14,2026-03-04,2026-03-02,153388.97,153388.97,Paid On Time,0
R00000957,L000082,15,2026-04-04,2026-04-03,153388.97,153388.97,Paid On Time,0
R00000958,L000082,16,2026-05-04,2026-05-02,153388.97,153388.97,Paid On Time,0
R00000959,L000082,17,2026-06-04,2026-06-04,153388.97,153388.97,Paid On Time,0
R00000960,L000082,18,2026-07-04,2026-07-18,153388.97,153388.97,Paid Late,14
R00000961,L000082,19,2026-08-04,2026-08-02,153388.97,153388.97,Paid On Time,0
R00000962,L000082,20,2026-09-04,2026-09-27,153388.97,153388.97,Paid Late,23
R00000963,L000083,1,2026-04-28,2026-05-11,403125.16,403125.16,Paid Late,13
R00000964,L000083,2,2026-05-28,2026-05-26,403125.16,403125.16,Paid On Time,0
R00000965,L000083,3,2026-06-28,2026-06-26,403125.16,403125.16,Paid On Time,0
R00000966,L000083,4,2026-07-28,2026-07-27,403125.16,403125.16,Paid On Time,0
R00000967,L000083,5,2026-08-28,2026-08-26,403125.16,403125.16,Paid On Time,0
R00000968,L000083,6,2026-09-28,2026-09-27,403125.16,403125.16,Paid On Time,0
R00000969,L000084,1,2024-07-24,2024-08-31,1168814.52,849438.76,Partial,38
R00000970,L000084,2,2024-08-24,2024-08-22,1168814.52,1168814.52,Paid On Time,0
R00000971,L000084,3,2024-09-24,2024-10-22,1168814.52,1168814.52,Paid Late,28
R00000972,L000084,4,2024-10-24,2024-10-22,1168814.52,1168814.52,Paid On Time,0
R00000973,L000084,5,2024-11-24,2024-11-23,1168814.52,1168814.52,Paid On Time,0
R00000974,L000084,6,2024-12-24,2024-12-23,1168814.52,1168814.52,Paid On Time,0
R00000975,L000084,7,2025-01-24,2025-01-23,1168814.52,1168814.52,Paid On Time,0
R00000976,L000084,8,2025-02-24,2025-02-24,1168814.52,1168814.52,Paid On Time,0
R00000977,L000084,9,2025-03-24,2025-05-07,1168814.52,804874.84,Partial,44
R00000978,L000084,10,2025-04-24,2025-04-23,1168814.52,1168814.52,Paid On Time,0
R00000979,L000084,11,2025-05-24,2025-05-22,1168814.52,1168814.52,Paid On Time,0
R00000980,L000084,12,2025-06-24,2025-07-09,1168814.52,1168814.52,Paid Late,15
R00000981,L000085,1,2024-10-21,2024-10-21,217924.58,217924.58,Paid On Time,0
R00000982,L000085,2,2024-11-21,2024-11-20,217924.58,217924.58,Paid On Time,0
R00000983,L000085,3,2024-12-21,2024-12-21,217924.58,217924.58,Paid On Time,0
R00000984,L000085,4,2025-01-21,2025-01-19,217924.58,217924.58,Paid On Time,0
R00000985,L000085,5,2025-02-21,2025-02-21,217924.58,217924.58,Paid On Time,0
R00000986,L000085,6,2025-03-21,2025-03-19,217924.58,217924.58,Paid On Time,0
R00000987,L000085,7,2025-04-21,2025-04-21,217924.58,217924.58,Paid On Time,0
R00000988,L000085,8,2025-05-21,2025-05-20,217924.58,217924.58,Paid On Time,0
R00000989,L000085,9,2025-06-21,2025-06-19,217924.58,217924.58,Paid On Time,0
R00000990,L000085,10,2025-07-21,2025-07-19,217924.58,217924.58,Paid On Time,0
R00000991,L000085,11,2025-08-21,,217924.58,0.0,Unpaid,90
R00000992,L000085,12,2025-09-21,2025-09-21,217924.58,217924.58,Paid On Time,0
R00000993,L000085,13,2025-10-21,2025-10-20,217924.58,217924.58,Paid On Time,0
R00000994,L000085,14,2025-11-21,2025-11-21,217924.58,217924.58,Paid On Time,0
R00000995,L000085,15,2025-12-21,,217924.58,0.0,Unpaid,60
R00000996,L000085,16,2026-01-21,2026-01-20,217924.58,217924.58,Paid On Time,0
R00000997,L000085,17,2026-02-21,2026-02-24,217924.58,217924.58,Paid Late,3
R00000998,L000085,18,2026-03-21,2026-05-19,217924.58,113853.47,Partial,59
R00000999,L000085,19,2026-04-21,2026-04-19,217924.58,217924.58,Paid On Time,0
R00001000,L000085,20,2026-05-21,2026-05-21,217924.58,217924.58,Paid On Time,0
R00001001,L000085,21,2026-06-21,2026-06-20,217924.58,217924.58,Paid On Time,0
R00001002,L000085,22,2026-07-21,2026-07-19,217924.58,217924.58,Paid On Time,0
R00001003,L000085,23,2026-08-21,2026-08-28,217924.58,217924.58,Paid Late,7
R00001004,L000085,24,2026-09-21,2026-09-19,217924.58,217924.58,Paid On Time,0
R00001005,L000086,1,2026-07-10,2026-07-09,100894.89,100894.89,Paid On Time,0
R00001006,L000086,2,2026-08-10,2026-08-10,100894.89,100894.89,Paid On Time,0
R00001007,L000086,3,2026-09-10,2026-09-08,100894.89,100894.89,Paid On Time,0
R00001008,L000087,1,2024-07-05,2024-07-03,693710.92,693710.92,Paid On Time,0
R00001009,L000087,2,2024-08-05,2024-08-18,693710.92,693710.92,Paid Late,13
R00001010,L000087,3,2024-09-05,2024-09-04,693710.92,693710.92,Paid On Time,0
R00001011,L000087,4,2024-10-05,2024-10-05,693710.92,693710.92,Paid On Time,0
R00001012,L000087,5,2024-11-05,2024-11-04,693710.92,693710.92,Paid On Time,0
R00001013,L000087,6,2024-12-05,2024-12-03,693710.92,693710.92,Paid On Time,0
R00001014,L000087,7,2025-01-05,,693710.92,0.0,Unpaid,120
R00001015,L000087,8,2025-02-05,,693710.92,0.0,Unpaid,60
R00001016,L000087,9,2025-03-05,2025-03-04,693710.92,693710.92,Paid On Time,0
R00001017,L000087,10,2025-04-05,2025-04-05,693710.92,693710.92,Paid On Time,0
R00001018,L000087,11,2025-05-05,2025-05-03,693710.92,693710.92,Paid On Time,0
R00001019,L000087,12,2025-06-05,2025-06-03,693710.92,693710.92,Paid On Time,0
R00001020,L000087,13,2025-07-05,2025-07-04,693710.92,693710.92,Paid On Time,0
R00001021,L000087,14,2025-08-05,2025-08-05,693710.92,693710.92,Paid On Time,0
R00001022,L000087,15,2025-09-05,2025-09-05,693710.92,693710.92,Paid On Time,0
R00001023,L000087,16,2025-10-05,2025-10-03,693710.92,693710.92,Paid On Time,0
R00001024,L000087,17,2025-11-05,2025-12-02,693710.92,454453.02,Partial,27
R00001025,L000087,18,2025-12-05,,693710.92,0.0,Unpaid,60
R00001026,L000087,19,2026-01-05,,693710.92,0.0,Unpaid,30
R00001027,L000087,20,2026-02-05,2026-02-03,693710.92,693710.92,Paid On Time,0
R00001028,L000087,21,2026-03-05,2026-03-04,693710.92,693710.92,Paid On Time,0
R00001029,L000087,22,2026-04-05,2026-05-08,693710.92,256395.96,Partial,33
R00001030,L000087,23,2026-05-05,2026-05-31,693710.92,693710.92,Paid Late,26
R00001031,L000087,24,2026-06-05,2026-06-03,693710.92,693710.92,Paid On Time,0
R00001032,L000088,1,2026-06-11,2026-06-11,85269.53,85269.53,Paid On Time,0
R00001033,L000088,2,2026-07-11,2026-07-19,85269.53,85269.53,Paid Late,8
R00001034,L000088,3,2026-08-11,2026-08-09,85269.53,85269.53,Paid On Time,0
R00001035,L000088,4,2026-09-11,2026-09-11,85269.53,85269.53,Paid On Time,0
R00001036,L000089,1,2024-11-14,2024-11-12,55829.57,55829.57,Paid On Time,0
R00001037,L000089,2,2024-12-14,,55829.57,0.0,Unpaid,60
R00001038,L000089,3,2025-01-14,2025-01-13,55829.57,55829.57,Paid On Time,0
R00001039,L000089,4,2025-02-14,2025-03-03,55829.57,44498.15,Partial,17
R00001040,L000089,5,2025-03-14,2025-03-14,55829.57,55829.57,Paid On Time,0
R00001041,L000089,6,2025-04-14,2025-04-12,55829.57,55829.57,Paid On Time,0
R00001042,L000089,7,2025-05-14,2025-05-12,55829.57,55829.57,Paid On Time,0
R00001043,L000089,8,2025-06-14,2025-06-13,55829.57,55829.57,Paid On Time,0
R00001044,L000089,9,2025-07-14,2025-08-03,55829.57,24472.58,Partial,20
R00001045,L000089,10,2025-08-14,2025-08-13,55829.57,55829.57,Paid On Time,0
R00001046,L000089,11,2025-09-14,2025-09-13,55829.57,55829.57,Paid On Time,0
R00001047,L000089,12,2025-10-14,2025-10-12,55829.57,55829.57,Paid On Time,0
R00001048,L000089,13,2025-11-14,2025-11-13,55829.57,55829.57,Paid On Time,0
R00001049,L000089,14,2025-12-14,2025-12-13,55829.57,55829.57,Paid On Time,0
R00001050,L000089,15,2026-01-14,2026-01-12,55829.57,55829.57,Paid On Time,0
R00001051,L000089,16,2026-02-14,2026-02-12,55829.57,55829.57,Paid On Time,0
R00001052,L000089,17,2026-03-14,2026-03-14,55829.57,55829.57,Paid On Time,0
R00001053,L000089,18,2026-04-14,2026-04-14,55829.57,55829.57,Paid On Time,0
R00001054,L000090,1,2024-06-06,2024-06-04,168001.41,168001.41,Paid On Time,0
R00001055,L000090,2,2024-07-06,2024-07-25,168001.41,168001.41,Paid Late,19
R00001056,L000090,3,2024-08-06,2024-08-06,168001.41,168001.41,Paid On Time,0
R00001057,L000090,4,2024-09-06,2024-09-29,168001.41,168001.41,Paid Late,23
R00001058,L000090,5,2024-10-06,2024-10-04,168001.41,168001.41,Paid On Time,0
R00001059,L000090,6,2024-11-06,,168001.41,0.0,Unpaid,60
R00001060,L000090,7,2024-12-06,2024-12-16,168001.41,93641.0,Partial,10
R00001061,L000090,8,2025-01-06,,168001.41,0.0,Unpaid,60
R00001062,L000090,9,2025-02-06,2025-02-05,168001.41,168001.41,Paid On Time,0
R00001063,L000090,10,2025-03-06,2025-03-04,168001.41,168001.41,Paid On Time,0
R00001064,L000090,11,2025-04-06,2025-04-05,168001.41,168001.41,Paid On Time,0
R00001065,L000090,12,2025-05-06,2025-05-05,168001.41,168001.41,Paid On Time,0
R00001066,L000090,13,2025-06-06,2025-06-05,168001.41,168001.41,Paid On Time,0
R00001067,L000090,14,2025-07-06,2025-07-07,168001.41,168001.41,Paid Late,1
R00001068,L000090,15,2025-08-06,2025-08-04,168001.41,168001.41,Paid On Time,0
R00001069,L000090,16,2025-09-06,2025-09-18,168001.41,168001.41,Paid Late,12
R00001070,L000090,17,2025-10-06,2025-10-23,168001.41,168001.41,Paid Late,17
R00001071,L000090,18,2025-11-06,2025-11-04,168001.41,168001.41,Paid On Time,0
R00001072,L000091,1,2024-02-18,2024-02-17,19543.82,19543.82,Paid On Time,0
R00001073,L000091,2,2024-03-18,2024-04-03,19543.82,19543.82,Paid Late,16
R00001074,L000091,3,2024-04-18,2024-05-12,19543.82,19543.82,Paid Late,24
R00001075,L000091,4,2024-05-18,2024-05-18,19543.82,19543.82,Paid On Time,0
R00001076,L000091,5,2024-06-18,2024-06-18,19543.82,19543.82,Paid On Time,0
R00001077,L000091,6,2024-07-18,2024-07-18,19543.82,19543.82,Paid On Time,0
R00001078,L000091,7,2024-08-18,2024-08-18,19543.82,19543.82,Paid On Time,0
R00001079,L000091,8,2024-09-18,2024-09-18,19543.82,19543.82,Paid On Time,0
R00001080,L000091,9,2024-10-18,2024-10-16,19543.82,19543.82,Paid On Time,0
R00001081,L000091,10,2024-11-18,2024-11-18,19543.82,19543.82,Paid On Time,0
R00001082,L000091,11,2024-12-18,2025-01-15,19543.82,19543.82,Paid Late,28
R00001083,L000091,12,2025-01-18,2025-01-18,19543.82,19543.82,Paid On Time,0
R00001084,L000091,13,2025-02-18,2025-02-18,19543.82,19543.82,Paid On Time,0
R00001085,L000091,14,2025-03-18,2025-03-18,19543.82,19543.82,Paid On Time,0
R00001086,L000091,15,2025-04-18,2025-04-18,19543.82,19543.82,Paid On Time,0
R00001087,L000091,16,2025-05-18,2025-05-18,19543.82,19543.82,Paid On Time,0
R00001088,L000091,17,2025-06-18,2025-07-11,19543.82,19543.82,Paid Late,23
R00001089,L000091,18,2025-07-18,2025-07-18,19543.82,19543.82,Paid On Time,0
R00001090,L000091,19,2025-08-18,,19543.82,0.0,Unpaid,60
R00001091,L000091,20,2025-09-18,2025-09-18,19543.82,19543.82,Paid On Time,0
R00001092,L000091,21,2025-10-18,2025-10-18,19543.82,19543.82,Paid On Time,0
R00001093,L000091,22,2025-11-18,2025-11-16,19543.82,19543.82,Paid On Time,0
R00001094,L000091,23,2025-12-18,2025-12-18,19543.82,19543.82,Paid On Time,0
R00001095,L000091,24,2026-01-18,2026-01-16,19543.82,19543.82,Paid On Time,0
R00001096,L000091,25,2026-02-18,2026-02-16,19543.82,19543.82,Paid On Time,0
R00001097,L000091,26,2026-03-18,2026-03-17,19543.82,19543.82,Paid On Time,0
R00001098,L000091,27,2026-04-18,2026-04-18,19543.82,19543.82,Paid On Time,0
R00001099,L000091,28,2026-05-18,2026-05-16,19543.82,19543.82,Paid On Time,0
R00001100,L000091,29,2026-06-18,2026-06-17,19543.82,19543.82,Paid On Time,0
R00001101,L000091,30,2026-07-18,2026-07-18,19543.82,19543.82,Paid On Time,0
R00001102,L000091,31,2026-08-18,2026-08-18,19543.82,19543.82,Paid On Time,0
R00001103,L000091,32,2026-09-18,2026-09-18,19543.82,19543.82,Paid On Time,0
R00001104,L000092,1,2026-07-27,2026-07-26,337096.52,337096.52,Paid On Time,0
R00001105,L000092,2,2026-08-27,2026-08-25,337096.52,337096.52,Paid On Time,0
R00001106,L000092,3,2026-09-27,2026-09-25,337096.52,337096.52,Paid On Time,0
R00001107,L000093,1,2025-03-19,2025-03-19,235708.1,235708.1,Paid On Time,0
R00001108,L000093,2,2025-04-19,2025-04-18,235708.1,235708.1,Paid On Time,0
R00001109,L000093,3,2025-05-19,2025-05-17,235708.1,235708.1,Paid On Time,0
R00001110,L000093,4,2025-06-19,2025-07-20,235708.1,106920.5,Partial,31
R00001111,L000093,5,2025-07-19,2025-07-18,235708.1,235708.1,Paid On Time,0
R00001112,L000093,6,2025-08-19,,235708.1,0.0,Unpaid,30
R00001113,L000093,7,2025-09-19,2025-09-18,235708.1,235708.1,Paid On Time,0
R00001114,L000093,8,2025-10-19,,235708.1,0.0,Unpaid,60
R00001115,L000093,9,2025-11-19,2025-11-17,235708.1,235708.1,Paid On Time,0
R00001116,L000093,10,2025-12-19,2025-12-18,235708.1,235708.1,Paid On Time,0
R00001117,L000093,11,2026-01-19,2026-01-18,235708.1,235708.1,Paid On Time,0
R00001118,L000093,12,2026-02-19,2026-03-01,235708.1,235708.1,Paid Late,10
R00001119,L000093,13,2026-03-19,2026-03-17,235708.1,235708.1,Paid On Time,0
R00001120,L000093,14,2026-04-19,2026-04-17,235708.1,235708.1,Paid On Time,0
R00001121,L000093,15,2026-05-19,2026-06-03,235708.1,235708.1,Paid Late,15
R00001122,L000093,16,2026-06-19,2026-06-18,235708.1,235708.1,Paid On Time,0
R00001123,L000093,17,2026-07-19,2026-07-19,235708.1,235708.1,Paid On Time,0
R00001124,L000093,18,2026-08-19,2026-08-20,235708.1,235708.1,Paid Late,1
R00001125,L000094,1,2024-12-15,2024-12-15,219813.34,219813.34,Paid On Time,0
R00001126,L000094,2,2025-01-15,2025-01-14,219813.34,219813.34,Paid On Time,0
R00001127,L000094,3,2025-02-15,2025-02-15,219813.34,219813.34,Paid On Time,0
R00001128,L000094,4,2025-03-15,2025-03-15,219813.34,219813.34,Paid On Time,0
R00001129,L000094,5,2025-04-15,2025-04-15,219813.34,219813.34,Paid On Time,0
R00001130,L000094,6,2025-05-15,2025-06-08,219813.34,219813.34,Paid Late,24
R00001131,L000094,7,2025-06-15,,219813.34,0.0,Unpaid,120
R00001132,L000094,8,2025-07-15,2025-07-13,219813.34,219813.34,Paid On Time,0
R00001133,L000094,9,2025-08-15,2025-08-15,219813.34,219813.34,Paid On Time,0
R00001134,L000094,10,2025-09-15,2025-09-15,219813.34,219813.34,Paid On Time,0
R00001135,L000094,11,2025-10-15,2025-10-13,219813.34,219813.34,Paid On Time,0
R00001136,L000094,12,2025-11-15,2025-11-14,219813.34,219813.34,Paid On Time,0
R00001137,L000094,13,2025-12-15,2026-01-06,219813.34,219813.34,Paid Late,22
R00001138,L000094,14,2026-01-15,2026-01-14,219813.34,219813.34,Paid On Time,0
R00001139,L000094,15,2026-02-15,2026-02-14,219813.34,219813.34,Paid On Time,0
R00001140,L000094,16,2026-03-15,2026-03-13,219813.34,219813.34,Paid On Time,0
R00001141,L000094,17,2026-04-15,2026-04-13,219813.34,219813.34,Paid On Time,0
R00001142,L000094,18,2026-05-15,2026-05-13,219813.34,219813.34,Paid On Time,0
R00001143,L000094,19,2026-06-15,2026-06-14,219813.34,219813.34,Paid On Time,0
R00001144,L000094,20,2026-07-15,2026-07-13,219813.34,219813.34,Paid On Time,0
R00001145,L000094,21,2026-08-15,2026-08-15,219813.34,219813.34,Paid On Time,0
R00001146,L000094,22,2026-09-15,,219813.34,0.0,Unpaid,15
R00001147,L000095,1,2026-07-07,2026-07-14,3849212.86,3849212.86,Paid Late,7
R00001148,L000095,2,2026-08-07,2026-08-06,3849212.86,3849212.86,Paid On Time,0
R00001149,L000095,3,2026-09-07,2026-09-07,3849212.86,3849212.86,Paid On Time,0
R00001150,L000096,1,2024-04-01,,95717.37,0.0,Unpaid,120
R00001151,L000096,2,2024-05-01,2024-04-29,95717.37,95717.37,Paid On Time,0
R00001152,L000096,3,2024-06-01,2024-05-30,95717.37,95717.37,Paid On Time,0
R00001153,L000096,4,2024-07-01,2024-07-29,95717.37,73100.97,Partial,28
R00001154,L000096,5,2024-08-01,2024-08-03,95717.37,95717.37,Paid Late,2
R00001155,L000096,6,2024-09-01,2024-10-24,95717.37,37631.56,Partial,53
R00001156,L000096,7,2024-10-01,2024-10-01,95717.37,95717.37,Paid On Time,0
R00001157,L000096,8,2024-11-01,2024-10-31,95717.37,95717.37,Paid On Time,0
R00001158,L000096,9,2024-12-01,2024-12-22,95717.37,58925.37,Partial,21
R00001159,L000096,10,2025-01-01,2024-12-31,95717.37,95717.37,Paid On Time,0
R00001160,L000096,11,2025-02-01,2025-01-30,95717.37,95717.37,Paid On Time,0
R00001161,L000096,12,2025-03-01,2025-02-27,95717.37,95717.37,Paid On Time,0
R00001162,L000096,13,2025-04-01,2025-04-20,95717.37,95717.37,Paid Late,19
R00001163,L000096,14,2025-05-01,2025-04-29,95717.37,95717.37,Paid On Time,0
R00001164,L000096,15,2025-06-01,2025-05-30,95717.37,95717.37,Paid On Time,0
R00001165,L000096,16,2025-07-01,2025-07-01,95717.37,95717.37,Paid On Time,0
R00001166,L000096,17,2025-08-01,2025-08-01,95717.37,95717.37,Paid On Time,0
R00001167,L000096,18,2025-09-01,2025-08-30,95717.37,95717.37,Paid On Time,0
R00001168,L000097,1,2025-01-09,2025-02-05,77113.02,30908.57,Partial,27
R00001169,L000097,2,2025-02-09,2025-03-12,77113.02,46172.77,Partial,31
R00001170,L000097,3,2025-03-09,2025-04-07,77113.02,77113.02,Paid Late,29
R00001171,L000097,4,2025-04-09,2025-05-03,77113.02,34180.37,Partial,24
R00001172,L000097,5,2025-05-09,2025-05-07,77113.02,77113.02,Paid On Time,0
R00001173,L000097,6,2025-06-09,2025-06-07,77113.02,77113.02,Paid On Time,0
R00001174,L000097,7,2025-07-09,2025-07-07,77113.02,77113.02,Paid On Time,0
R00001175,L000097,8,2025-08-09,2025-08-07,77113.02,77113.02,Paid On Time,0
R00001176,L000097,9,2025-09-09,2025-09-09,77113.02,77113.02,Paid On Time,0
R00001177,L000097,10,2025-10-09,2025-10-07,77113.02,77113.02,Paid On Time,0
R00001178,L000097,11,2025-11-09,2025-11-08,77113.02,77113.02,Paid On Time,0
R00001179,L000097,12,2025-12-09,2025-12-08,77113.02,77113.02,Paid On Time,0
R00001180,L000098,1,2025-12-18,2025-12-16,367183.54,367183.54,Paid On Time,0
R00001181,L000098,2,2026-01-18,,367183.54,0.0,Unpaid,90
R00001182,L000098,3,2026-02-18,2026-03-06,367183.54,367183.54,Paid Late,16
R00001183,L000098,4,2026-03-18,2026-03-18,367183.54,367183.54,Paid On Time,0
R00001184,L000098,5,2026-04-18,2026-05-10,367183.54,367183.54,Paid Late,22
R00001185,L000098,6,2026-05-18,2026-05-18,367183.54,367183.54,Paid On Time,0
R00001186,L000098,7,2026-06-18,2026-06-16,367183.54,367183.54,Paid On Time,0
R00001187,L000098,8,2026-07-18,2026-07-18,367183.54,367183.54,Paid On Time,0
R00001188,L000098,9,2026-08-18,2026-08-16,367183.54,367183.54,Paid On Time,0
R00001189,L000098,10,2026-09-18,2026-10-05,367183.54,367183.54,Paid Late,17
R00001190,L000099,1,2024-04-12,2024-04-11,123945.81,123945.81,Paid On Time,0
R00001191,L000099,2,2024-05-12,2024-06-06,123945.81,123945.81,Paid Late,25
R00001192,L000099,3,2024-06-12,2024-06-10,123945.81,123945.81,Paid On Time,0
R00001193,L000099,4,2024-07-12,2024-07-11,123945.81,123945.81,Paid On Time,0
R00001194,L000099,5,2024-08-12,2024-08-10,123945.81,123945.81,Paid On Time,0
R00001195,L000099,6,2024-09-12,2024-09-10,123945.81,123945.81,Paid On Time,0
R00001196,L000099,7,2024-10-12,2024-10-11,123945.81,123945.81,Paid On Time,0
R00001197,L000099,8,2024-11-12,2024-11-10,123945.81,123945.81,Paid On Time,0
R00001198,L000099,9,2024-12-12,2024-12-31,123945.81,123945.81,Paid Late,19
R00001199,L000099,10,2025-01-12,2025-01-12,123945.81,123945.81,Paid On Time,0
R00001200,L000099,11,2025-02-12,2025-02-10,123945.81,123945.81,Paid On Time,0
R00001201,L000099,12,2025-03-12,2025-03-12,123945.81,123945.81,Paid On Time,0
R00001202,L000099,13,2025-04-12,2025-04-12,123945.81,123945.81,Paid On Time,0
R00001203,L000099,14,2025-05-12,2025-05-11,123945.81,123945.81,Paid On Time,0
R00001204,L000099,15,2025-06-12,2025-07-03,123945.81,123945.81,Paid Late,21
R00001205,L000099,16,2025-07-12,2025-07-11,123945.81,123945.81,Paid On Time,0
R00001206,L000099,17,2025-08-12,2025-08-28,123945.81,87777.4,Partial,16
R00001207,L000099,18,2025-09-12,2025-09-14,123945.81,123945.81,Paid Late,2
R00001208,L000100,1,2024-11-08,2024-11-06,33455.75,33455.75,Paid On Time,0
R00001209,L000100,2,2024-12-08,2024-12-08,33455.75,33455.75,Paid On Time,0
R00001210,L000100,3,2025-01-08,2025-01-06,33455.75,33455.75,Paid On Time,0
R00001211,L000100,4,2025-02-08,2025-02-07,33455.75,33455.75,Paid On Time,0
R00001212,L000100,5,2025-03-08,2025-03-25,33455.75,33455.75,Paid Late,17
R00001213,L000100,6,2025-04-08,2025-04-06,33455.75,33455.75,Paid On Time,0
R00001214,L000100,7,2025-05-08,2025-06-03,33455.75,26006.8,Partial,26
R00001215,L000100,8,2025-06-08,2025-06-06,33455.75,33455.75,Paid On Time,0
R00001216,L000100,9,2025-07-08,2025-07-07,33455.75,33455.75,Paid On Time,0
R00001217,L000100,10,2025-08-08,2025-08-08,33455.75,33455.75,Paid On Time,0
R00001218,L000100,11,2025-09-08,2025-09-07,33455.75,33455.75,Paid On Time,0
R00001219,L000100,12,2025-10-08,2025-10-07,33455.75,33455.75,Paid On Time,0
R00001220,L000100,13,2025-11-08,2025-11-19,33455.75,33455.75,Paid Late,11
R00001221,L000100,14,2025-12-08,2025-12-06,33455.75,33455.75,Paid On Time,0
R00001222,L000100,15,2026-01-08,2026-01-07,33455.75,33455.75,Paid On Time,0
R00001223,L000100,16,2026-02-08,2026-02-06,33455.75,33455.75,Paid On Time,0
R00001224,L000100,17,2026-03-08,2026-03-08,33455.75,33455.75,Paid On Time,0
R00001225,L000100,18,2026-04-08,,33455.75,0.0,Unpaid,30
R00001226,L000100,19,2026-05-08,2026-05-08,33455.75,33455.75,Paid On Time,0
R00001227,L000100,20,2026-06-08,2026-06-08,33455.75,33455.75,Paid On Time,0
R00001228,L000100,21,2026-07-08,2026-07-08,33455.75,33455.75,Paid On Time,0
R00001229,L000100,22,2026-08-08,2026-08-07,33455.75,33455.75,Paid On Time,0
R00001230,L000100,23,2026-09-08,2026-09-06,33455.75,33455.75,Paid On Time,0
R00001231,L000101,1,2024-10-14,2024-10-12,251448.83,251448.83,Paid On Time,0
R00001232,L000101,2,2024-11-14,2024-11-12,251448.83,251448.83,Paid On Time,0
R00001233,L000101,3,2024-12-14,2024-12-28,251448.83,251448.83,Paid Late,14
R00001234,L000101,4,2025-01-14,2025-01-12,251448.83,251448.83,Paid On Time,0
R00001235,L000101,5,2025-02-14,2025-04-04,251448.83,191392.32,Partial,49
R00001236,L000101,6,2025-03-14,2025-03-14,251448.83,251448.83,Paid On Time,0
R00001237,L000101,7,2025-04-14,2025-04-14,251448.83,251448.83,Paid On Time,0
R00001238,L000101,8,2025-05-14,2025-05-20,251448.83,251448.83,Paid Late,6
R00001239,L000101,9,2025-06-14,2025-06-13,251448.83,251448.83,Paid On Time,0
R00001240,L000101,10,2025-07-14,2025-07-13,251448.83,251448.83,Paid On Time,0
R00001241,L000101,11,2025-08-14,2025-08-13,251448.83,251448.83,Paid On Time,0
R00001242,L000101,12,2025-09-14,2025-09-12,251448.83,251448.83,Paid On Time,0
R00001243,L000101,13,2025-10-14,2025-10-13,251448.83,251448.83,Paid On Time,0
R00001244,L000101,14,2025-11-14,2025-11-12,251448.83,251448.83,Paid On Time,0
R00001245,L000101,15,2025-12-14,2025-12-13,251448.83,251448.83,Paid On Time,0
R00001246,L000101,16,2026-01-14,2026-01-12,251448.83,251448.83,Paid On Time,0
R00001247,L000101,17,2026-02-14,2026-02-14,251448.83,251448.83,Paid On Time,0
R00001248,L000101,18,2026-03-14,2026-03-12,251448.83,251448.83,Paid On Time,0
R00001249,L000101,19,2026-04-14,2026-04-13,251448.83,251448.83,Paid On Time,0
R00001250,L000101,20,2026-05-14,2026-05-12,251448.83,251448.83,Paid On Time,0
R00001251,L000101,21,2026-06-14,2026-06-14,251448.83,251448.83,Paid On Time,0
R00001252,L000101,22,2026-07-14,2026-07-14,251448.83,251448.83,Paid On Time,0
R00001253,L000101,23,2026-08-14,2026-08-13,251448.83,251448.83,Paid On Time,0
R00001254,L000101,24,2026-09-14,2026-09-14,251448.83,251448.83,Paid On Time,0
R00001255,L000102,1,2024-09-23,2024-09-23,45832.05,45832.05,Paid On Time,0
R00001256,L000102,2,2024-10-23,2024-10-21,45832.05,45832.05,Paid On Time,0
R00001257,L000102,3,2024-11-23,2024-11-22,45832.05,45832.05,Paid On Time,0
R00001258,L000102,4,2024-12-23,2024-12-21,45832.05,45832.05,Paid On Time,0
R00001259,L000102,5,2025-01-23,2025-01-22,45832.05,45832.05,Paid On Time,0
R00001260,L000102,6,2025-02-23,2025-02-23,45832.05,45832.05,Paid On Time,0
R00001261,L000102,7,2025-03-23,2025-04-14,45832.05,45832.05,Paid Late,22
R00001262,L000102,8,2025-04-23,,45832.05,0.0,Unpaid,30
R00001263,L000102,9,2025-05-23,2025-05-21,45832.05,45832.05,Paid On Time,0
R00001264,L000102,10,2025-06-23,2025-06-23,45832.05,45832.05,Paid On Time,0
R00001265,L000102,11,2025-07-23,2025-07-22,45832.05,45832.05,Paid On Time,0
R00001266,L000102,12,2025-08-23,2025-09-13,45832.05,36648.98,Partial,21
R00001267,L000102,13,2025-09-23,2025-09-21,45832.05,45832.05,Paid On Time,0
R00001268,L000102,14,2025-10-23,2025-10-21,45832.05,45832.05,Paid On Time,0
R00001269,L000102,15,2025-11-23,2025-12-21,45832.05,17208.53,Partial,28
R00001270,L000102,16,2025-12-23,2025-12-23,45832.05,45832.05,Paid On Time,0
R00001271,L000102,17,2026-01-23,2026-01-22,45832.05,45832.05,Paid On Time,0
R00001272,L000102,18,2026-02-23,2026-02-22,45832.05,45832.05,Paid On Time,0
R00001273,L000102,19,2026-03-23,2026-03-23,45832.05,45832.05,Paid On Time,0
R00001274,L000102,20,2026-04-23,2026-04-22,45832.05,45832.05,Paid On Time,0
R00001275,L000102,21,2026-05-23,2026-05-23,45832.05,45832.05,Paid On Time,0
R00001276,L000102,22,2026-06-23,2026-06-22,45832.05,45832.05,Paid On Time,0
R00001277,L000102,23,2026-07-23,2026-07-21,45832.05,45832.05,Paid On Time,0
R00001278,L000102,24,2026-08-23,2026-08-22,45832.05,45832.05,Paid On Time,0
R00001279,L000103,1,2024-08-28,2024-08-27,681983.79,681983.79,Paid On Time,0
R00001280,L000103,2,2024-09-28,2024-09-27,681983.79,681983.79,Paid On Time,0
R00001281,L000103,3,2024-10-28,2024-10-27,681983.79,681983.79,Paid On Time,0
R00001282,L000103,4,2024-11-28,2024-11-26,681983.79,681983.79,Paid On Time,0
R00001283,L000103,5,2024-12-28,2024-12-28,681983.79,681983.79,Paid On Time,0
R00001284,L000103,6,2025-01-28,2025-01-28,681983.79,681983.79,Paid On Time,0
R00001285,L000103,7,2025-02-28,2025-02-28,681983.79,681983.79,Paid On Time,0
R00001286,L000103,8,2025-03-28,2025-03-28,681983.79,681983.79,Paid On Time,0
R00001287,L000103,9,2025-04-28,,681983.79,0.0,Unpaid,120
R00001288,L000103,10,2025-05-28,2025-05-28,681983.79,681983.79,Paid On Time,0
R00001289,L000103,11,2025-06-28,2025-06-28,681983.79,681983.79,Paid On Time,0
R00001290,L000103,12,2025-07-28,2025-07-28,681983.79,681983.79,Paid On Time,0
R00001291,L000103,13,2025-08-28,2025-08-27,681983.79,681983.79,Paid On Time,0
R00001292,L000103,14,2025-09-28,2025-09-28,681983.79,681983.79,Paid On Time,0
R00001293,L000103,15,2025-10-28,2025-12-04,681983.79,292144.59,Partial,37
R00001294,L000103,16,2025-11-28,2025-12-26,681983.79,681983.79,Paid Late,28
R00001295,L000103,17,2025-12-28,2025-12-28,681983.79,681983.79,Paid On Time,0
R00001296,L000103,18,2026-01-28,2026-02-17,681983.79,681983.79,Paid Late,20
R00001297,L000103,19,2026-02-28,2026-02-28,681983.79,681983.79,Paid On Time,0
R00001298,L000103,20,2026-03-28,2026-03-28,681983.79,681983.79,Paid On Time,0
R00001299,L000103,21,2026-04-28,2026-04-27,681983.79,681983.79,Paid On Time,0
R00001300,L000103,22,2026-05-28,,681983.79,0.0,Unpaid,30
R00001301,L000103,23,2026-06-28,2026-06-26,681983.79,681983.79,Paid On Time,0
R00001302,L000103,24,2026-07-28,2026-08-18,681983.79,529336.4,Partial,21
R00001303,L000104,1,2024-09-20,2024-09-22,212164.61,212164.61,Paid Late,2
R00001304,L000104,2,2024-10-20,2024-10-19,212164.61,212164.61,Paid On Time,0
R00001305,L000104,3,2024-11-20,2024-12-11,212164.61,88161.08,Partial,21
R00001306,L000104,4,2024-12-20,2024-12-19,212164.61,212164.61,Paid On Time,0
R00001307,L000104,5,2025-01-20,2025-01-18,212164.61,212164.61,Paid On Time,0
R00001308,L000104,6,2025-02-20,2025-02-19,212164.61,212164.61,Paid On Time,0
R00001309,L000104,7,2025-03-20,2025-03-18,212164.61,212164.61,Paid On Time,0
R00001310,L000104,8,2025-04-20,2025-04-30,212164.61,212164.61,Paid Late,10
R00001311,L000104,9,2025-05-20,2025-07-04,212164.61,123671.22,Partial,45
R00001312,L000104,10,2025-06-20,2025-06-20,212164.61,212164.61,Paid On Time,0
R00001313,L000104,11,2025-07-20,2025-07-19,212164.61,212164.61,Paid On Time,0
R00001314,L000104,12,2025-08-20,2025-08-20,212164.61,212164.61,Paid On Time,0
R00001315,L000105,1,2026-07-23,2026-07-23,41085.37,41085.37,Paid On Time,0
R00001316,L000105,2,2026-08-23,2026-08-23,41085.37,41085.37,Paid On Time,0
R00001317,L000105,3,2026-09-23,2026-09-21,41085.37,41085.37,Paid On Time,0
R00001318,L000106,1,2024-11-01,2024-11-28,132514.24,132514.24,Paid Late,27
R00001319,L000106,2,2024-12-01,2024-12-05,132514.24,132514.24,Paid Late,4
R00001320,L000106,3,2025-01-01,2025-02-25,132514.24,96311.23,Partial,55
R00001321,L000106,4,2025-02-01,2025-02-01,132514.24,132514.24,Paid On Time,0
R00001322,L000106,5,2025-03-01,2025-03-21,132514.24,132514.24,Paid Late,20
R00001323,L000106,6,2025-04-01,2025-04-01,132514.24,132514.24,Paid On Time,0
R00001324,L000106,7,2025-05-01,2025-04-29,132514.24,132514.24,Paid On Time,0
R00001325,L000106,8,2025-06-01,2025-06-16,132514.24,132514.24,Paid Late,15
R00001326,L000106,9,2025-07-01,2025-07-18,132514.24,105650.05,Partial,17
R00001327,L000106,10,2025-08-01,2025-07-30,132514.24,132514.24,Paid On Time,0
R00001328,L000106,11,2025-09-01,2025-08-30,132514.24,132514.24,Paid On Time,0
R00001329,L000106,12,2025-10-01,2025-09-29,132514.24,132514.24,Paid On Time,0
R00001330,L000106,13,2025-11-01,2025-10-31,132514.24,132514.24,Paid On Time,0
R00001331,L000106,14,2025-12-01,2025-11-30,132514.24,132514.24,Paid On Time,0
R00001332,L000106,15,2026-01-01,2025-12-31,132514.24,132514.24,Paid On Time,0
R00001333,L000106,16,2026-02-01,2026-01-31,132514.24,132514.24,Paid On Time,0
R00001334,L000106,17,2026-03-01,2026-03-01,132514.24,132514.24,Paid On Time,0
R00001335,L000106,18,2026-04-01,2026-03-31,132514.24,132514.24,Paid On Time,0
R00001336,L000107,1,2024-02-18,2024-02-16,76340.55,76340.55,Paid On Time,0
R00001337,L000107,2,2024-03-18,2024-03-18,76340.55,76340.55,Paid On Time,0
R00001338,L000107,3,2024-04-18,2024-04-16,76340.55,76340.55,Paid On Time,0
R00001339,L000107,4,2024-05-18,2024-05-16,76340.55,76340.55,Paid On Time,0
R00001340,L000107,5,2024-06-18,2024-07-15,76340.55,76340.55,Paid Late,27
R00001341,L000107,6,2024-07-18,2024-07-17,76340.55,76340.55,Paid On Time,0
R00001342,L000107,7,2024-08-18,2024-08-18,76340.55,76340.55,Paid On Time,0
R00001343,L000107,8,2024-09-18,2024-09-18,76340.55,76340.55,Paid On Time,0
R00001344,L000107,9,2024-10-18,2024-11-07,76340.55,46146.86,Partial,20
R00001345,L000107,10,2024-11-18,2024-11-16,76340.55,76340.55,Paid On Time,0
R00001346,L000107,11,2024-12-18,2024-12-23,76340.55,76340.55,Paid Late,5
R00001347,L000107,12,2025-01-18,2025-01-25,76340.55,76340.55,Paid Late,7
R00001348,L000107,13,2025-02-18,2025-02-17,76340.55,76340.55,Paid On Time,0
R00001349,L000107,14,2025-03-18,2025-03-17,76340.55,76340.55,Paid On Time,0
R00001350,L000107,15,2025-04-18,2025-04-18,76340.55,76340.55,Paid On Time,0
R00001351,L000107,16,2025-05-18,2025-05-17,76340.55,76340.55,Paid On Time,0
R00001352,L000107,17,2025-06-18,2025-06-18,76340.55,76340.55,Paid On Time,0
R00001353,L000107,18,2025-07-18,2025-07-18,76340.55,76340.55,Paid On Time,0
R00001354,L000107,19,2025-08-18,2025-08-18,76340.55,76340.55,Paid On Time,0
R00001355,L000107,20,2025-09-18,2025-09-18,76340.55,76340.55,Paid On Time,0
R00001356,L000107,21,2025-10-18,2025-10-18,76340.55,76340.55,Paid On Time,0
R00001357,L000107,22,2025-11-18,2025-11-18,76340.55,76340.55,Paid On Time,0
R00001358,L000107,23,2025-12-18,2025-12-18,76340.55,76340.55,Paid On Time,0
R00001359,L000107,24,2026-01-18,2026-01-18,76340.55,76340.55,Paid On Time,0
R00001360,L000108,1,2025-06-20,2025-06-18,249572.84,249572.84,Paid On Time,0
R00001361,L000108,2,2025-07-20,2025-07-20,249572.84,249572.84,Paid On Time,0
R00001362,L000108,3,2025-08-20,2025-09-02,249572.84,249572.84,Paid Late,13
R00001363,L000108,4,2025-09-20,2025-09-18,249572.84,249572.84,Paid On Time,0
R00001364,L000108,5,2025-10-20,2025-10-20,249572.84,249572.84,Paid On Time,0
R00001365,L000108,6,2025-11-20,2025-11-19,249572.84,249572.84,Paid On Time,0
R00001366,L000108,7,2025-12-20,2026-01-19,249572.84,249572.84,Paid Late,30
R00001367,L000108,8,2026-01-20,2026-01-19,249572.84,249572.84,Paid On Time,0
R00001368,L000108,9,2026-02-20,2026-02-18,249572.84,249572.84,Paid On Time,0
R00001369,L000108,10,2026-03-20,2026-03-18,249572.84,249572.84,Paid On Time,0
R00001370,L000108,11,2026-04-20,2026-05-03,249572.84,249572.84,Paid Late,13
R00001371,L000108,12,2026-05-20,2026-05-18,249572.84,249572.84,Paid On Time,0
R00001372,L000109,1,2024-07-12,2024-07-10,1827794.1,1827794.1,Paid On Time,0
R00001373,L000109,2,2024-08-12,2024-08-12,1827794.1,1827794.1,Paid On Time,0
R00001374,L000109,3,2024-09-12,,1827794.1,0.0,Unpaid,30
R00001375,L000109,4,2024-10-12,2024-10-12,1827794.1,1827794.1,Paid On Time,0
R00001376,L000109,5,2024-11-12,2024-11-10,1827794.1,1827794.1,Paid On Time,0
R00001377,L000109,6,2024-12-12,2024-12-10,1827794.1,1827794.1,Paid On Time,0
R00001378,L000109,7,2025-01-12,2025-01-10,1827794.1,1827794.1,Paid On Time,0
R00001379,L000109,8,2025-02-12,2025-02-11,1827794.1,1827794.1,Paid On Time,0
R00001380,L000109,9,2025-03-12,2025-03-11,1827794.1,1827794.1,Paid On Time,0
R00001381,L000109,10,2025-04-12,2025-04-11,1827794.1,1827794.1,Paid On Time,0
R00001382,L000109,11,2025-05-12,2025-05-10,1827794.1,1827794.1,Paid On Time,0
R00001383,L000109,12,2025-06-12,2025-06-12,1827794.1,1827794.1,Paid On Time,0
R00001384,L000110,1,2024-08-28,2024-08-27,28017.92,28017.92,Paid On Time,0
R00001385,L000110,2,2024-09-28,2024-09-27,28017.92,28017.92,Paid On Time,0
R00001386,L000110,3,2024-10-28,2024-10-26,28017.92,28017.92,Paid On Time,0
R00001387,L000110,4,2024-11-28,,28017.92,0.0,Unpaid,120
R00001388,L000110,5,2024-12-28,2024-12-26,28017.92,28017.92,Paid On Time,0
R00001389,L000110,6,2025-01-28,2025-01-28,28017.92,28017.92,Paid On Time,0
R00001390,L000110,7,2025-02-28,2025-02-28,28017.92,28017.92,Paid On Time,0
R00001391,L000110,8,2025-03-28,2025-03-27,28017.92,28017.92,Paid On Time,0
R00001392,L000110,9,2025-04-28,2025-04-30,28017.92,28017.92,Paid Late,2
R00001393,L000110,10,2025-05-28,2025-05-28,28017.92,28017.92,Paid On Time,0
R00001394,L000110,11,2025-06-28,2025-06-28,28017.92,28017.92,Paid On Time,0
R00001395,L000110,12,2025-07-28,2025-07-26,28017.92,28017.92,Paid On Time,0
R00001396,L000110,13,2025-08-28,2025-08-28,28017.92,28017.92,Paid On Time,0
R00001397,L000110,14,2025-09-28,2025-09-26,28017.92,28017.92,Paid On Time,0
R00001398,L000110,15,2025-10-28,2025-10-28,28017.92,28017.92,Paid On Time,0
R00001399,L000110,16,2025-11-28,2025-11-27,28017.92,28017.92,Paid On Time,0
R00001400,L000110,17,2025-12-28,2026-01-27,28017.92,28017.92,Paid Late,30
R00001401,L000110,18,2026-01-28,2026-01-28,28017.92,28017.92,Paid On Time,0
R00001402,L000110,19,2026-02-28,2026-02-26,28017.92,28017.92,Paid On Time,0
R00001403,L000110,20,2026-03-28,2026-03-28,28017.92,28017.92,Paid On Time,0
R00001404,L000110,21,2026-04-28,2026-05-07,28017.92,28017.92,Paid Late,9
R00001405,L000110,22,2026-05-28,2026-05-28,28017.92,28017.92,Paid On Time,0
R00001406,L000110,23,2026-06-28,2026-06-27,28017.92,28017.92,Paid On Time,0
R00001407,L000110,24,2026-07-28,2026-07-28,28017.92,28017.92,Paid On Time,0
R00001408,L000111,1,2026-02-28,2026-04-18,86210.91,67753.43,Partial,49
R00001409,L000111,2,2026-03-28,2026-03-28,86210.91,86210.91,Paid On Time,0
R00001410,L000111,3,2026-04-28,2026-04-26,86210.91,86210.91,Paid On Time,0
R00001411,L000111,4,2026-05-28,2026-05-26,86210.91,86210.91,Paid On Time,0
R00001412,L000111,5,2026-06-28,2026-07-08,86210.91,86210.91,Paid Late,10
R00001413,L000111,6,2026-07-28,2026-07-26,86210.91,86210.91,Paid On Time,0
R00001414,L000111,7,2026-08-28,2026-08-27,86210.91,86210.91,Paid On Time,0
R00001415,L000111,8,2026-09-28,2026-09-26,86210.91,86210.91,Paid On Time,0
R00001416,L000112,1,2026-08-20,2026-08-23,460352.88,460352.88,Paid Late,3
R00001417,L000112,2,2026-09-20,2026-09-19,460352.88,460352.88,Paid On Time,0
R00001418,L000113,1,2024-08-02,2024-08-02,460894.95,460894.95,Paid On Time,0
R00001419,L000113,2,2024-09-02,2024-09-01,460894.95,460894.95,Paid On Time,0
R00001420,L000113,3,2024-10-02,2024-10-01,460894.95,460894.95,Paid On Time,0
R00001421,L000113,4,2024-11-02,2024-10-31,460894.95,460894.95,Paid On Time,0
R00001422,L000113,5,2024-12-02,,460894.95,0.0,Unpaid,30
R00001423,L000113,6,2025-01-02,2025-01-01,460894.95,460894.95,Paid On Time,0
R00001424,L000113,7,2025-02-02,2025-02-02,460894.95,460894.95,Paid On Time,0
R00001425,L000113,8,2025-03-02,2025-03-02,460894.95,460894.95,Paid On Time,0
R00001426,L000113,9,2025-04-02,2025-04-01,460894.95,460894.95,Paid On Time,0
R00001427,L000113,10,2025-05-02,2025-04-30,460894.95,460894.95,Paid On Time,0
R00001428,L000113,11,2025-06-02,2025-07-01,460894.95,460894.95,Paid Late,29
R00001429,L000113,12,2025-07-02,2025-07-01,460894.95,460894.95,Paid On Time,0
R00001430,L000113,13,2025-08-02,2025-07-31,460894.95,460894.95,Paid On Time,0
R00001431,L000113,14,2025-09-02,2025-08-31,460894.95,460894.95,Paid On Time,0
R00001432,L000113,15,2025-10-02,2025-10-02,460894.95,460894.95,Paid On Time,0
R00001433,L000113,16,2025-11-02,2025-11-15,460894.95,205471.05,Partial,13
R00001434,L000113,17,2025-12-02,2025-11-30,460894.95,460894.95,Paid On Time,0
R00001435,L000113,18,2026-01-02,2026-01-01,460894.95,460894.95,Paid On Time,0
R00001436,L000113,19,2026-02-02,2026-02-18,460894.95,460894.95,Paid Late,16
R00001437,L000113,20,2026-03-02,2026-03-25,460894.95,321432.63,Partial,23
R00001438,L000113,21,2026-04-02,2026-04-02,460894.95,460894.95,Paid On Time,0
R00001439,L000113,22,2026-05-02,2026-05-10,460894.95,460894.95,Paid Late,8
R00001440,L000113,23,2026-06-02,2026-05-31,460894.95,460894.95,Paid On Time,0
R00001441,L000113,24,2026-07-02,,460894.95,0.0,Unpaid,90
R00001442,L000114,1,2024-12-18,2025-01-28,40533.72,14205.76,Partial,41
R00001443,L000114,2,2025-01-18,2025-01-18,40533.72,40533.72,Paid On Time,0
R00001444,L000114,3,2025-02-18,2025-02-18,40533.72,40533.72,Paid On Time,0
R00001445,L000114,4,2025-03-18,2025-03-16,40533.72,40533.72,Paid On Time,0
R00001446,L000114,5,2025-04-18,2025-04-17,40533.72,40533.72,Paid On Time,0
R00001447,L000114,6,2025-05-18,2025-05-18,40533.72,40533.72,Paid On Time,0
R00001448,L000114,7,2025-06-18,2025-06-18,40533.72,40533.72,Paid On Time,0
R00001449,L000114,8,2025-07-18,2025-07-18,40533.72,40533.72,Paid On Time,0
R00001450,L000114,9,2025-08-18,2025-08-18,40533.72,40533.72,Paid On Time,0
R00001451,L000114,10,2025-09-18,2025-09-18,40533.72,40533.72,Paid On Time,0
R00001452,L000114,11,2025-10-18,2025-10-31,40533.72,40533.72,Paid Late,13
R00001453,L000114,12,2025-11-18,2025-11-16,40533.72,40533.72,Paid On Time,0
R00001454,L000114,13,2025-12-18,2025-12-16,40533.72,40533.72,Paid On Time,0
R00001455,L000114,14,2026-01-18,2026-01-17,40533.72,40533.72,Paid On Time,0
R00001456,L000114,15,2026-02-18,2026-02-16,40533.72,40533.72,Paid On Time,0
R00001457,L000114,16,2026-03-18,2026-03-30,40533.72,40533.72,Paid Late,12
R00001458,L000114,17,2026-04-18,2026-04-17,40533.72,40533.72,Paid On Time,0
R00001459,L000114,18,2026-05-18,2026-05-16,40533.72,40533.72,Paid On Time,0
R00001460,L000114,19,2026-06-18,2026-06-17,40533.72,40533.72,Paid On Time,0
R00001461,L000114,20,2026-07-18,2026-07-17,40533.72,40533.72,Paid On Time,0
R00001462,L000114,21,2026-08-18,2026-08-20,40533.72,40533.72,Paid Late,2
R00001463,L000114,22,2026-09-18,2026-09-16,40533.72,40533.72,Paid On Time,0
R00001464,L000115,1,2025-12-18,2025-12-17,475977.95,475977.95,Paid On Time,0
R00001465,L000115,2,2026-01-18,2026-01-17,475977.95,475977.95,Paid On Time,0
R00001466,L000115,3,2026-02-18,,475977.95,0.0,Unpaid,60
R00001467,L000115,4,2026-03-18,2026-03-18,475977.95,475977.95,Paid On Time,0
R00001468,L000115,5,2026-04-18,,475977.95,0.0,Unpaid,120
R00001469,L000115,6,2026-05-18,2026-05-18,475977.95,475977.95,Paid On Time,0
R00001470,L000115,7,2026-06-18,2026-06-17,475977.95,475977.95,Paid On Time,0
R00001471,L000115,8,2026-07-18,2026-08-13,475977.95,475977.95,Paid Late,26
R00001472,L000115,9,2026-08-18,2026-08-20,475977.95,475977.95,Paid Late,2
R00001473,L000115,10,2026-09-18,2026-09-17,475977.95,475977.95,Paid On Time,0
R00001474,L000116,1,2026-02-28,2026-02-26,167070.05,167070.05,Paid On Time,0
R00001475,L000116,2,2026-03-28,2026-03-27,167070.05,167070.05,Paid On Time,0
R00001476,L000116,3,2026-04-28,2026-04-27,167070.05,167070.05,Paid On Time,0
R00001477,L000116,4,2026-05-28,2026-05-28,167070.05,167070.05,Paid On Time,0
R00001478,L000116,5,2026-06-28,2026-06-26,167070.05,167070.05,Paid On Time,0
R00001479,L000116,6,2026-07-28,2026-07-26,167070.05,167070.05,Paid On Time,0
R00001480,L000116,7,2026-08-28,2026-08-27,167070.05,167070.05,Paid On Time,0
R00001481,L000116,8,2026-09-28,2026-10-26,167070.05,167070.05,Paid Late,28
R00001482,L000117,1,2025-12-02,2025-12-02,281439.19,281439.19,Paid On Time,0
R00001483,L000117,2,2026-01-02,2026-01-01,281439.19,281439.19,Paid On Time,0
R00001484,L000117,3,2026-02-02,,281439.19,0.0,Unpaid,90
R00001485,L000117,4,2026-03-02,2026-02-28,281439.19,281439.19,Paid On Time,0
R00001486,L000117,5,2026-04-02,,281439.19,0.0,Unpaid,30
R00001487,L000117,6,2026-05-02,2026-04-30,281439.19,281439.19,Paid On Time,0
R00001488,L000117,7,2026-06-02,2026-06-01,281439.19,281439.19,Paid On Time,0
R00001489,L000117,8,2026-07-02,2026-06-30,281439.19,281439.19,Paid On Time,0
R00001490,L000117,9,2026-08-02,2026-08-01,281439.19,281439.19,Paid On Time,0
R00001491,L000117,10,2026-09-02,2026-08-31,281439.19,281439.19,Paid On Time,0
R00001492,L000118,1,2025-10-03,2025-10-03,37333.1,37333.1,Paid On Time,0
R00001493,L000118,2,2025-11-03,2025-11-01,37333.1,37333.1,Paid On Time,0
R00001494,L000118,3,2025-12-03,2025-12-01,37333.1,37333.1,Paid On Time,0
R00001495,L000118,4,2026-01-03,,37333.1,0.0,Unpaid,30
R00001496,L000118,5,2026-02-03,2026-02-02,37333.1,37333.1,Paid On Time,0
R00001497,L000118,6,2026-03-03,2026-03-01,37333.1,37333.1,Paid On Time,0
R00001498,L000118,7,2026-04-03,2026-04-02,37333.1,37333.1,Paid On Time,0
R00001499,L000118,8,2026-05-03,2026-05-03,37333.1,37333.1,Paid On Time,0
R00001500,L000118,9,2026-06-03,2026-06-01,37333.1,37333.1,Paid On Time,0
R00001501,L000118,10,2026-07-03,2026-07-02,37333.1,37333.1,Paid On Time,0
R00001502,L000118,11,2026-08-03,2026-08-01,37333.1,37333.1,Paid On Time,0
R00001503,L000118,12,2026-09-03,2026-09-03,37333.1,37333.1,Paid On Time,0
R00001504,L000119,1,2024-04-07,2024-04-06,66725.4,66725.4,Paid On Time,0
R00001505,L000119,2,2024-05-07,2024-05-06,66725.4,66725.4,Paid On Time,0
R00001506,L000119,3,2024-06-07,2024-06-07,66725.4,66725.4,Paid On Time,0
R00001507,L000119,4,2024-07-07,2024-07-05,66725.4,66725.4,Paid On Time,0
R00001508,L000119,5,2024-08-07,2024-08-22,66725.4,32882.62,Partial,15
R00001509,L000119,6,2024-09-07,2024-10-06,66725.4,66725.4,Paid Late,29
R00001510,L000119,7,2024-10-07,2024-10-24,66725.4,46038.68,Partial,17
R00001511,L000119,8,2024-11-07,2024-11-06,66725.4,66725.4,Paid On Time,0
R00001512,L000119,9,2024-12-07,2024-12-05,66725.4,66725.4,Paid On Time,0
R00001513,L000119,10,2025-01-07,2025-02-12,66725.4,24681.8,Partial,36
R00001514,L000119,11,2025-02-07,2025-02-06,66725.4,66725.4,Paid On Time,0
R00001515,L000119,12,2025-03-07,2025-03-24,66725.4,66725.4,Paid Late,17
R00001516,L000120,1,2026-05-17,2026-05-15,116846.05,116846.05,Paid On Time,0
R00001517,L000120,2,2026-06-17,2026-06-15,116846.05,116846.05,Paid On Time,0
R00001518,L000120,3,2026-07-17,2026-07-16,116846.05,116846.05,Paid On Time,0
R00001519,L000120,4,2026-08-17,2026-08-17,116846.05,116846.05,Paid On Time,0
R00001520,L000120,5,2026-09-17,2026-09-17,116846.05,116846.05,Paid On Time,0
R00001521,L000122,1,2024-11-04,2024-12-24,139608.56,90265.78,Partial,50
R00001522,L000122,2,2024-12-04,2024-12-02,139608.56,139608.56,Paid On Time,0
R00001523,L000122,3,2025-01-04,2025-01-02,139608.56,139608.56,Paid On Time,0
R00001524,L000122,4,2025-02-04,2025-02-02,139608.56,139608.56,Paid On Time,0
R00001525,L000122,5,2025-03-04,2025-03-04,139608.56,139608.56,Paid On Time,0
R00001526,L000122,6,2025-04-04,2025-04-04,139608.56,139608.56,Paid On Time,0
R00001527,L000122,7,2025-05-04,2025-05-17,139608.56,139608.56,Paid Late,13
R00001528,L000122,8,2025-06-04,,139608.56,0.0,Unpaid,120
R00001529,L000122,9,2025-07-04,2025-07-04,139608.56,139608.56,Paid On Time,0
R00001530,L000122,10,2025-08-04,2025-08-03,139608.56,139608.56,Paid On Time,0
R00001531,L000122,11,2025-09-04,2025-09-02,139608.56,139608.56,Paid On Time,0
R00001532,L000122,12,2025-10-04,2025-10-04,139608.56,139608.56,Paid On Time,0
R00001533,L000122,13,2025-11-04,2025-11-02,139608.56,139608.56,Paid On Time,0
R00001534,L000122,14,2025-12-04,2025-12-03,139608.56,139608.56,Paid On Time,0
R00001535,L000122,15,2026-01-04,,139608.56,0.0,Unpaid,60
R00001536,L000122,16,2026-02-04,2026-02-02,139608.56,139608.56,Paid On Time,0
R00001537,L000122,17,2026-03-04,2026-03-18,139608.56,70509.16,Partial,14
R00001538,L000122,18,2026-04-04,2026-04-15,139608.56,78978.98,Partial,11
R00001539,L000122,19,2026-05-04,2026-05-02,139608.56,139608.56,Paid On Time,0
R00001540,L000122,20,2026-06-04,2026-06-08,139608.56,139608.56,Paid Late,4
R00001541,L000122,21,2026-07-04,2026-07-03,139608.56,139608.56,Paid On Time,0
R00001542,L000122,22,2026-08-04,2026-08-02,139608.56,139608.56,Paid On Time,0
R00001543,L000122,23,2026-09-04,2026-09-03,139608.56,139608.56,Paid On Time,0
R00001544,L000123,1,2026-02-28,2026-02-26,199664.99,199664.99,Paid On Time,0
R00001545,L000123,2,2026-03-28,2026-03-28,199664.99,199664.99,Paid On Time,0
R00001546,L000123,3,2026-04-28,2026-05-23,199664.99,153433.88,Partial,25
R00001547,L000123,4,2026-05-28,2026-05-27,199664.99,199664.99,Paid On Time,0
R00001548,L000123,5,2026-06-28,2026-06-26,199664.99,199664.99,Paid On Time,0
R00001549,L000123,6,2026-07-28,2026-07-26,199664.99,199664.99,Paid On Time,0
R00001550,L000123,7,2026-08-28,,199664.99,0.0,Unpaid,33
R00001551,L000123,8,2026-09-28,2026-09-28,199664.99,199664.99,Paid On Time,0
R00001552,L000124,1,2026-06-26,2026-07-14,887412.7,887412.7,Paid Late,18
R00001553,L000124,2,2026-07-26,2026-07-25,887412.7,887412.7,Paid On Time,0
R00001554,L000124,3,2026-08-26,2026-08-24,887412.7,887412.7,Paid On Time,0
R00001555,L000124,4,2026-09-26,2026-09-25,887412.7,887412.7,Paid On Time,0
R00001556,L000125,1,2026-08-07,2026-08-31,934171.52,548230.25,Partial,24
R00001557,L000125,2,2026-09-07,2026-09-07,934171.52,934171.52,Paid On Time,0
R00001558,L000126,1,2024-05-23,2024-05-21,1104077.69,1104077.69,Paid On Time,0
R00001559,L000126,2,2024-06-23,2024-06-23,1104077.69,1104077.69,Paid On Time,0
R00001560,L000126,3,2024-07-23,2024-07-22,1104077.69,1104077.69,Paid On Time,0
R00001561,L000126,4,2024-08-23,2024-08-22,1104077.69,1104077.69,Paid On Time,0
R00001562,L000126,5,2024-09-23,2024-09-23,1104077.69,1104077.69,Paid On Time,0
R00001563,L000126,6,2024-10-23,2024-10-23,1104077.69,1104077.69,Paid On Time,0
R00001564,L000126,7,2024-11-23,,1104077.69,0.0,Unpaid,90
R00001565,L000126,8,2024-12-23,2024-12-21,1104077.69,1104077.69,Paid On Time,0
R00001566,L000126,9,2025-01-23,2025-01-22,1104077.69,1104077.69,Paid On Time,0
R00001567,L000126,10,2025-02-23,2025-02-21,1104077.69,1104077.69,Paid On Time,0
R00001568,L000126,11,2025-03-23,2025-03-22,1104077.69,1104077.69,Paid On Time,0
R00001569,L000126,12,2025-04-23,2025-04-22,1104077.69,1104077.69,Paid On Time,0
R00001570,L000127,1,2024-03-15,,156485.8,0.0,Unpaid,120
R00001571,L000127,2,2024-04-15,2024-04-14,156485.8,156485.8,Paid On Time,0
R00001572,L000127,3,2024-05-15,2024-05-18,156485.8,156485.8,Paid Late,3
R00001573,L000127,4,2024-06-15,2024-08-11,156485.8,70536.37,Partial,57
R00001574,L000127,5,2024-07-15,2024-07-14,156485.8,156485.8,Paid On Time,0
R00001575,L000127,6,2024-08-15,2024-08-15,156485.8,156485.8,Paid On Time,0
R00001576,L000127,7,2024-09-15,2024-09-13,156485.8,156485.8,Paid On Time,0
R00001577,L000127,8,2024-10-15,2024-12-14,156485.8,110784.32,Partial,60
R00001578,L000127,9,2024-11-15,2024-11-13,156485.8,156485.8,Paid On Time,0
R00001579,L000127,10,2024-12-15,2024-12-15,156485.8,156485.8,Paid On Time,0
R00001580,L000127,11,2025-01-15,2025-01-13,156485.8,156485.8,Paid On Time,0
R00001581,L000127,12,2025-02-15,2025-02-14,156485.8,156485.8,Paid On Time,0
R00001582,L000127,13,2025-03-15,2025-03-13,156485.8,156485.8,Paid On Time,0
R00001583,L000127,14,2025-04-15,2025-04-14,156485.8,156485.8,Paid On Time,0
R00001584,L000127,15,2025-05-15,2025-05-31,156485.8,156485.8,Paid Late,16
R00001585,L000127,16,2025-06-15,2025-06-14,156485.8,156485.8,Paid On Time,0
R00001586,L000127,17,2025-07-15,2025-07-14,156485.8,156485.8,Paid On Time,0
R00001587,L000127,18,2025-08-15,2025-08-14,156485.8,156485.8,Paid On Time,0
R00001588,L000128,1,2025-10-18,2025-10-17,162231.86,162231.86,Paid On Time,0
R00001589,L000128,2,2025-11-18,2025-11-16,162231.86,162231.86,Paid On Time,0
R00001590,L000128,3,2025-12-18,2025-12-16,162231.86,162231.86,Paid On Time,0
R00001591,L000128,4,2026-01-18,2026-01-17,162231.86,162231.86,Paid On Time,0
R00001592,L000128,5,2026-02-18,2026-02-16,162231.86,162231.86,Paid On Time,0
R00001593,L000128,6,2026-03-18,2026-04-16,162231.86,162231.86,Paid Late,29
R00001594,L000128,7,2026-04-18,2026-04-29,162231.86,162231.86,Paid Late,11
R00001595,L000128,8,2026-05-18,2026-07-08,162231.86,124005.27,Partial,51
R00001596,L000128,9,2026-06-18,2026-07-03,162231.86,162231.86,Paid Late,15
R00001597,L000128,10,2026-07-18,2026-07-16,162231.86,162231.86,Paid On Time,0
R00001598,L000128,11,2026-08-18,2026-09-05,162231.86,162231.86,Paid Late,18
R00001599,L000128,12,2026-09-18,2026-09-17,162231.86,162231.86,Paid On Time,0
R00001600,L000129,1,2024-06-28,2024-06-28,325325.96,325325.96,Paid On Time,0
R00001601,L000129,2,2024-07-28,2024-07-27,325325.96,325325.96,Paid On Time,0
R00001602,L000129,3,2024-08-28,2024-09-07,325325.96,325325.96,Paid Late,10
R00001603,L000129,4,2024-09-28,2024-09-28,325325.96,325325.96,Paid On Time,0
R00001604,L000129,5,2024-10-28,2024-10-26,325325.96,325325.96,Paid On Time,0
R00001605,L000129,6,2024-11-28,2025-01-26,325325.96,132561.25,Partial,59
R00001606,L000129,7,2024-12-28,2024-12-28,325325.96,325325.96,Paid On Time,0
R00001607,L000129,8,2025-01-28,2025-01-27,325325.96,325325.96,Paid On Time,0
R00001608,L000129,9,2025-02-28,2025-03-21,325325.96,325325.96,Paid Late,21
R00001609,L000129,10,2025-03-28,2025-04-08,325325.96,325325.96,Paid Late,11
R00001610,L000129,11,2025-04-28,2025-04-28,325325.96,325325.96,Paid On Time,0
R00001611,L000129,12,2025-05-28,,325325.96,0.0,Unpaid,120
R00001612,L000129,13,2025-06-28,2025-06-27,325325.96,325325.96,Paid On Time,0
R00001613,L000129,14,2025-07-28,2025-07-27,325325.96,325325.96,Paid On Time,0
R00001614,L000129,15,2025-08-28,2025-09-08,325325.96,325325.96,Paid Late,11
R00001615,L000129,16,2025-09-28,2025-10-07,325325.96,325325.96,Paid Late,9
R00001616,L000129,17,2025-10-28,2025-10-27,325325.96,325325.96,Paid On Time,0
R00001617,L000129,18,2025-11-28,2025-11-26,325325.96,325325.96,Paid On Time,0
R00001618,L000129,19,2025-12-28,2026-01-16,325325.96,325325.96,Paid Late,19
R00001619,L000129,20,2026-01-28,2026-01-27,325325.96,325325.96,Paid On Time,0
R00001620,L000129,21,2026-02-28,2026-02-27,325325.96,325325.96,Paid On Time,0
R00001621,L000129,22,2026-03-28,2026-03-27,325325.96,325325.96,Paid On Time,0
R00001622,L000129,23,2026-04-28,2026-04-26,325325.96,325325.96,Paid On Time,0
R00001623,L000129,24,2026-05-28,,325325.96,0.0,Unpaid,60
R00001624,L000129,25,2026-06-28,2026-07-26,325325.96,325325.96,Paid Late,28
R00001625,L000129,26,2026-07-28,2026-07-27,325325.96,325325.96,Paid On Time,0
R00001626,L000129,27,2026-08-28,2026-08-27,325325.96,325325.96,Paid On Time,0
R00001627,L000129,28,2026-09-28,2026-09-30,325325.96,240585.74,Partial,41
R00001628,L000130,1,2026-07-04,2026-07-04,55334.77,55334.77,Paid On Time,0
R00001629,L000130,2,2026-08-04,2026-08-02,55334.77,55334.77,Paid On Time,0
R00001630,L000130,3,2026-09-04,2026-09-05,55334.77,55334.77,Paid Late,1
R00001631,L000131,1,2025-01-28,2025-02-12,244122.2,244122.2,Paid Late,15
R00001632,L000131,2,2025-02-28,2025-02-26,244122.2,244122.2,Paid On Time,0
R00001633,L000131,3,2025-03-28,2025-04-17,244122.2,177152.04,Partial,20
R00001634,L000131,4,2025-04-28,2025-04-28,244122.2,244122.2,Paid On Time,0
R00001635,L000131,5,2025-05-28,2025-05-27,244122.2,244122.2,Paid On Time,0
R00001636,L000131,6,2025-06-28,2025-07-17,244122.2,180593.6,Partial,19
R00001637,L000131,7,2025-07-28,2025-07-28,244122.2,244122.2,Paid On Time,0
R00001638,L000131,8,2025-08-28,2025-09-09,244122.2,244122.2,Paid Late,12
R00001639,L000131,9,2025-09-28,2025-10-15,244122.2,244122.2,Paid Late,17
R00001640,L000131,10,2025-10-28,2025-10-26,244122.2,244122.2,Paid On Time,0
R00001641,L000131,11,2025-11-28,,244122.2,0.0,Unpaid,90
R00001642,L000131,12,2025-12-28,2025-12-28,244122.2,244122.2,Paid On Time,0
R00001643,L000131,13,2026-01-28,2026-02-17,244122.2,244122.2,Paid Late,20
R00001644,L000131,14,2026-02-28,2026-02-27,244122.2,244122.2,Paid On Time,0
R00001645,L000131,15,2026-03-28,2026-04-22,244122.2,145765.79,Partial,25
R00001646,L000131,16,2026-04-28,2026-04-28,244122.2,244122.2,Paid On Time,0
R00001647,L000131,17,2026-05-28,2026-05-30,244122.2,244122.2,Paid Late,2
R00001648,L000131,18,2026-06-28,2026-06-27,244122.2,244122.2,Paid On Time,0
R00001649,L000131,19,2026-07-28,2026-08-15,244122.2,244122.2,Paid Late,18
R00001650,L000131,20,2026-08-28,2026-09-07,244122.2,244122.2,Paid Late,10
R00001651,L000131,21,2026-09-28,2026-09-26,244122.2,244122.2,Paid On Time,0
R00001652,L000132,1,2025-10-27,2025-11-17,258182.7,258182.7,Paid Late,21
R00001653,L000132,2,2025-11-27,2025-11-25,258182.7,258182.7,Paid On Time,0
R00001654,L000132,3,2025-12-27,2025-12-27,258182.7,258182.7,Paid On Time,0
R00001655,L000132,4,2026-01-27,2026-01-26,258182.7,258182.7,Paid On Time,0
R00001656,L000132,5,2026-02-27,2026-02-26,258182.7,258182.7,Paid On Time,0
R00001657,L000132,6,2026-03-27,,258182.7,0.0,Unpaid,60
R00001658,L000132,7,2026-04-27,2026-04-26,258182.7,258182.7,Paid On Time,0
R00001659,L000132,8,2026-05-27,2026-05-26,258182.7,258182.7,Paid On Time,0
R00001660,L000132,9,2026-06-27,2026-06-26,258182.7,258182.7,Paid On Time,0
R00001661,L000132,10,2026-07-27,2026-07-26,258182.7,258182.7,Paid On Time,0
R00001662,L000132,11,2026-08-27,2026-08-25,258182.7,258182.7,Paid On Time,0
R00001663,L000132,12,2026-09-27,2026-09-26,258182.7,258182.7,Paid On Time,0
R00001664,L000133,1,2025-08-07,2025-08-07,149486.15,149486.15,Paid On Time,0
R00001665,L000133,2,2025-09-07,2025-09-07,149486.15,149486.15,Paid On Time,0
R00001666,L000133,3,2025-10-07,2025-10-06,149486.15,149486.15,Paid On Time,0
R00001667,L000133,4,2025-11-07,2025-11-15,149486.15,149486.15,Paid Late,8
R00001668,L000133,5,2025-12-07,2025-12-05,149486.15,149486.15,Paid On Time,0
R00001669,L000133,6,2026-01-07,2026-01-07,149486.15,149486.15,Paid On Time,0
R00001670,L000133,7,2026-02-07,2026-02-05,149486.15,149486.15,Paid On Time,0
R00001671,L000133,8,2026-03-07,2026-03-07,149486.15,149486.15,Paid On Time,0
R00001672,L000133,9,2026-04-07,2026-04-26,149486.15,149486.15,Paid Late,19
R00001673,L000133,10,2026-05-07,2026-05-07,149486.15,149486.15,Paid On Time,0
R00001674,L000133,11,2026-06-07,2026-06-06,149486.15,149486.15,Paid On Time,0
R00001675,L000133,12,2026-07-07,2026-07-30,149486.15,149486.15,Paid Late,23
R00001676,L000133,13,2026-08-07,2026-08-07,149486.15,149486.15,Paid On Time,0
R00001677,L000133,14,2026-09-07,2026-09-05,149486.15,149486.15,Paid On Time,0
R00001678,L000134,1,2026-08-20,2026-08-18,155344.0,155344.0,Paid On Time,0
R00001679,L000134,2,2026-09-20,2026-09-18,155344.0,155344.0,Paid On Time,0
R00001680,L000135,1,2025-06-22,2025-07-13,143839.27,110910.23,Partial,21
R00001681,L000135,2,2025-07-22,2025-07-22,143839.27,143839.27,Paid On Time,0
R00001682,L000135,3,2025-08-22,2025-08-21,143839.27,143839.27,Paid On Time,0
R00001683,L000135,4,2025-09-22,2025-09-20,143839.27,143839.27,Paid On Time,0
R00001684,L000135,5,2025-10-22,2025-10-22,143839.27,143839.27,Paid On Time,0
R00001685,L000135,6,2025-11-22,2025-11-21,143839.27,143839.27,Paid On Time,0
R00001686,L000135,7,2025-12-22,2025-12-20,143839.27,143839.27,Paid On Time,0
R00001687,L000135,8,2026-01-22,2026-01-22,143839.27,143839.27,Paid On Time,0
R00001688,L000135,9,2026-02-22,,143839.27,0.0,Unpaid,120
R00001689,L000135,10,2026-03-22,2026-03-21,143839.27,143839.27,Paid On Time,0
R00001690,L000135,11,2026-04-22,2026-04-21,143839.27,143839.27,Paid On Time,0
R00001691,L000135,12,2026-05-22,2026-05-20,143839.27,143839.27,Paid On Time,0
R00001692,L000135,13,2026-06-22,2026-06-20,143839.27,143839.27,Paid On Time,0
R00001693,L000135,14,2026-07-22,2026-07-21,143839.27,143839.27,Paid On Time,0
R00001694,L000135,15,2026-08-22,2026-08-20,143839.27,143839.27,Paid On Time,0
R00001695,L000135,16,2026-09-22,2026-09-21,143839.27,143839.27,Paid On Time,0
R00001696,L000136,1,2024-06-18,2024-06-18,346323.48,346323.48,Paid On Time,0
R00001697,L000136,2,2024-07-18,2024-07-25,346323.48,346323.48,Paid Late,7
R00001698,L000136,3,2024-08-18,2024-08-18,346323.48,346323.48,Paid On Time,0
R00001699,L000136,4,2024-09-18,2024-09-17,346323.48,346323.48,Paid On Time,0
R00001700,L000136,5,2024-10-18,2024-10-17,346323.48,346323.48,Paid On Time,0
R00001701,L000136,6,2024-11-18,2024-11-17,346323.48,346323.48,Paid On Time,0
R00001702,L000136,7,2024-12-18,2024-12-18,346323.48,346323.48,Paid On Time,0
R00001703,L000136,8,2025-01-18,,346323.48,0.0,Unpaid,90
R00001704,L000136,9,2025-02-18,2025-03-07,346323.48,346323.48,Paid Late,17
R00001705,L000136,10,2025-03-18,,346323.48,0.0,Unpaid,60
R00001706,L000136,11,2025-04-18,,346323.48,0.0,Unpaid,30
R00001707,L000136,12,2025-05-18,2025-05-29,346323.48,346323.48,Paid Late,11
R00001708,L000136,13,2025-06-18,2025-06-18,346323.48,346323.48,Paid On Time,0
R00001709,L000136,14,2025-07-18,2025-07-19,346323.48,346323.48,Paid Late,1
R00001710,L000136,15,2025-08-18,2025-08-18,346323.48,346323.48,Paid On Time,0
R00001711,L000136,16,2025-09-18,2025-09-17,346323.48,346323.48,Paid On Time,0
R00001712,L000136,17,2025-10-18,2025-10-16,346323.48,346323.48,Paid On Time,0
R00001713,L000136,18,2025-11-18,2025-11-18,346323.48,346323.48,Paid On Time,0
R00001714,L000137,1,2025-09-02,2025-10-01,75777.41,75777.41,Paid Late,29
R00001715,L000137,2,2025-10-02,2025-10-13,75777.41,75777.41,Paid Late,11
R00001716,L000137,3,2025-11-02,2025-11-02,75777.41,75777.41,Paid On Time,0
R00001717,L000137,4,2025-12-02,2025-12-01,75777.41,75777.41,Paid On Time,0
R00001718,L000137,5,2026-01-02,2026-01-01,75777.41,75777.41,Paid On Time,0
R00001719,L000137,6,2026-02-02,,75777.41,0.0,Unpaid,60
R00001720,L000137,7,2026-03-02,2026-03-27,75777.41,34810.86,Partial,25
R00001721,L000137,8,2026-04-02,2026-05-29,75777.41,51225.32,Partial,57
R00001722,L000137,9,2026-05-02,2026-04-30,75777.41,75777.41,Paid On Time,0
R00001723,L000137,10,2026-06-02,2026-06-02,75777.41,75777.41,Paid On Time,0
R00001724,L000137,11,2026-07-02,2026-07-01,75777.41,75777.41,Paid On Time,0
R00001725,L000137,12,2026-08-02,2026-08-01,75777.41,75777.41,Paid On Time,0
R00001726,L000137,13,2026-09-02,2026-08-31,75777.41,75777.41,Paid On Time,0
R00001727,L000138,1,2026-06-16,2026-06-14,101841.67,101841.67,Paid On Time,0
R00001728,L000138,2,2026-07-16,2026-07-14,101841.67,101841.67,Paid On Time,0
R00001729,L000138,3,2026-08-16,2026-08-15,101841.67,101841.67,Paid On Time,0
R00001730,L000138,4,2026-09-16,2026-09-16,101841.67,101841.67,Paid On Time,0
R00001731,L000139,1,2024-04-28,2024-04-27,105039.68,105039.68,Paid On Time,0
R00001732,L000139,2,2024-05-28,2024-05-26,105039.68,105039.68,Paid On Time,0
R00001733,L000139,3,2024-06-28,2024-07-10,105039.68,105039.68,Paid Late,12
R00001734,L000139,4,2024-07-28,2024-07-28,105039.68,105039.68,Paid On Time,0
R00001735,L000139,5,2024-08-28,2024-08-27,105039.68,105039.68,Paid On Time,0
R00001736,L000139,6,2024-09-28,2024-10-05,105039.68,105039.68,Paid Late,7
R00001737,L000139,7,2024-10-28,2024-10-27,105039.68,105039.68,Paid On Time,0
R00001738,L000139,8,2024-11-28,2024-11-28,105039.68,105039.68,Paid On Time,0
R00001739,L000139,9,2024-12-28,2025-01-25,105039.68,105039.68,Paid Late,28
R00001740,L000139,10,2025-01-28,2025-01-26,105039.68,105039.68,Paid On Time,0
R00001741,L000139,11,2025-02-28,2025-02-28,105039.68,105039.68,Paid On Time,0
R00001742,L000139,12,2025-03-28,2025-03-27,105039.68,105039.68,Paid On Time,0
R00001743,L000139,13,2025-04-28,2025-04-26,105039.68,105039.68,Paid On Time,0
R00001744,L000139,14,2025-05-28,2025-06-07,105039.68,105039.68,Paid Late,10
R00001745,L000139,15,2025-06-28,,105039.68,0.0,Unpaid,90
R00001746,L000139,16,2025-07-28,2025-08-26,105039.68,105039.68,Paid Late,29
R00001747,L000139,17,2025-08-28,2025-08-28,105039.68,105039.68,Paid On Time,0
R00001748,L000139,18,2025-09-28,2025-09-27,105039.68,105039.68,Paid On Time,0
R00001749,L000140,1,2024-12-01,2024-12-29,129237.28,129237.28,Paid Late,28
R00001750,L000140,2,2025-01-01,2025-01-01,129237.28,129237.28,Paid On Time,0
R00001751,L000140,3,2025-02-01,2025-01-30,129237.28,129237.28,Paid On Time,0
R00001752,L000140,4,2025-03-01,2025-02-27,129237.28,129237.28,Paid On Time,0
R00001753,L000140,5,2025-04-01,2025-04-10,129237.28,129237.28,Paid Late,9
R00001754,L000140,6,2025-05-01,2025-04-29,129237.28,129237.28,Paid On Time,0
R00001755,L000140,7,2025-06-01,2025-05-30,129237.28,129237.28,Paid On Time,0
R00001756,L000140,8,2025-07-01,2025-07-01,129237.28,129237.28,Paid On Time,0
R00001757,L000140,9,2025-08-01,2025-08-04,129237.28,129237.28,Paid Late,3
R00001758,L000140,10,2025-09-01,2025-09-01,129237.28,129237.28,Paid On Time,0
R00001759,L000140,11,2025-10-01,2025-09-30,129237.28,129237.28,Paid On Time,0
R00001760,L000140,12,2025-11-01,,129237.28,0.0,Unpaid,90
R00001761,L000140,13,2025-12-01,2025-11-29,129237.28,129237.28,Paid On Time,0
R00001762,L000140,14,2026-01-01,2025-12-30,129237.28,129237.28,Paid On Time,0
R00001763,L000140,15,2026-02-01,2026-02-14,129237.28,78722.71,Partial,13
R00001764,L000140,16,2026-03-01,2026-02-27,129237.28,129237.28,Paid On Time,0
R00001765,L000140,17,2026-04-01,2026-04-01,129237.28,129237.28,Paid On Time,0
R00001766,L000140,18,2026-05-01,2026-05-01,129237.28,129237.28,Paid On Time,0
R00001767,L000141,1,2024-11-13,2024-11-11,481384.23,481384.23,Paid On Time,0
R00001768,L000141,2,2024-12-13,2024-12-11,481384.23,481384.23,Paid On Time,0
R00001769,L000141,3,2025-01-13,2025-02-02,481384.23,481384.23,Paid Late,20
R00001770,L000141,4,2025-02-13,2025-02-25,481384.23,191198.34,Partial,12
R00001771,L000141,5,2025-03-13,2025-05-11,481384.23,312857.67,Partial,59
R00001772,L000141,6,2025-04-13,2025-04-25,481384.23,481384.23,Paid Late,12
R00001773,L000141,7,2025-05-13,2025-05-12,481384.23,481384.23,Paid On Time,0
R00001774,L000141,8,2025-06-13,2025-06-12,481384.23,481384.23,Paid On Time,0
R00001775,L000141,9,2025-07-13,2025-07-11,481384.23,481384.23,Paid On Time,0
R00001776,L000141,10,2025-08-13,,481384.23,0.0,Unpaid,30
R00001777,L000141,11,2025-09-13,2025-09-12,481384.23,481384.23,Paid On Time,0
R00001778,L000141,12,2025-10-13,2025-10-13,481384.23,481384.23,Paid On Time,0
R00001779,L000141,13,2025-11-13,2025-11-11,481384.23,481384.23,Paid On Time,0
R00001780,L000141,14,2025-12-13,,481384.23,0.0,Unpaid,30
R00001781,L000141,15,2026-01-13,2026-01-12,481384.23,481384.23,Paid On Time,0
R00001782,L000141,16,2026-02-13,2026-02-11,481384.23,481384.23,Paid On Time,0
R00001783,L000141,17,2026-03-13,2026-03-12,481384.23,481384.23,Paid On Time,0
R00001784,L000141,18,2026-04-13,2026-04-13,481384.23,481384.23,Paid On Time,0
R00001785,L000141,19,2026-05-13,2026-06-07,481384.23,481384.23,Paid Late,25
R00001786,L000141,20,2026-06-13,2026-06-12,481384.23,481384.23,Paid On Time,0
R00001787,L000141,21,2026-07-13,2026-07-13,481384.23,481384.23,Paid On Time,0
R00001788,L000141,22,2026-08-13,2026-08-12,481384.23,481384.23,Paid On Time,0
R00001789,L000141,23,2026-09-13,2026-09-13,481384.23,481384.23,Paid On Time,0
R00001790,L000142,1,2026-09-13,2026-09-30,688079.34,522602.59,Partial,17
R00001791,L000143,1,2025-04-25,2025-04-23,93216.6,93216.6,Paid On Time,0
R00001792,L000143,2,2025-05-25,2025-05-23,93216.6,93216.6,Paid On Time,0
R00001793,L000143,3,2025-06-25,2025-06-23,93216.6,93216.6,Paid On Time,0
R00001794,L000143,4,2025-07-25,2025-07-23,93216.6,93216.6,Paid On Time,0
R00001795,L000143,5,2025-08-25,2025-08-23,93216.6,93216.6,Paid On Time,0
R00001796,L000143,6,2025-09-25,,93216.6,0.0,Unpaid,120
R00001797,L000143,7,2025-10-25,2025-11-23,93216.6,93216.6,Paid Late,29
R00001798,L000143,8,2025-11-25,2025-11-23,93216.6,93216.6,Paid On Time,0
R00001799,L000143,9,2025-12-25,2025-12-25,93216.6,93216.6,Paid On Time,0
R00001800,L000143,10,2026-01-25,2026-01-24,93216.6,93216.6,Paid On Time,0
R00001801,L000143,11,2026-02-25,2026-02-23,93216.6,93216.6,Paid On Time,0
R00001802,L000143,12,2026-03-25,2026-03-23,93216.6,93216.6,Paid On Time,0
R00001803,L000143,13,2026-04-25,2026-04-25,93216.6,93216.6,Paid On Time,0
R00001804,L000143,14,2026-05-25,2026-06-21,93216.6,93216.6,Paid Late,27
R00001805,L000143,15,2026-06-25,2026-06-23,93216.6,93216.6,Paid On Time,0
R00001806,L000143,16,2026-07-25,2026-07-23,93216.6,93216.6,Paid On Time,0
R00001807,L000143,17,2026-08-25,2026-08-24,93216.6,93216.6,Paid On Time,0
R00001808,L000143,18,2026-09-25,2026-09-23,93216.6,93216.6,Paid On Time,0
R00001809,L000144,1,2025-10-19,,125103.93,0.0,Unpaid,120
R00001810,L000144,2,2025-11-19,2025-11-20,125103.93,125103.93,Paid Late,1
R00001811,L000144,3,2025-12-19,2025-12-19,125103.93,125103.93,Paid On Time,0
R00001812,L000144,4,2026-01-19,2026-01-17,125103.93,125103.93,Paid On Time,0
R00001813,L000144,5,2026-02-19,2026-02-17,125103.93,125103.93,Paid On Time,0
R00001814,L000144,6,2026-03-19,2026-03-17,125103.93,125103.93,Paid On Time,0
R00001815,L000144,7,2026-04-19,2026-04-19,125103.93,125103.93,Paid On Time,0
R00001816,L000144,8,2026-05-19,2026-05-18,125103.93,125103.93,Paid On Time,0
R00001817,L000144,9,2026-06-19,2026-06-19,125103.93,125103.93,Paid On Time,0
R00001818,L000144,10,2026-07-19,2026-07-17,125103.93,125103.93,Paid On Time,0
R00001819,L000144,11,2026-08-19,2026-08-19,125103.93,125103.93,Paid On Time,0
R00001820,L000144,12,2026-09-19,2026-09-17,125103.93,125103.93,Paid On Time,0
R00001821,L000145,1,2026-08-11,2026-08-11,406134.93,406134.93,Paid On Time,0
R00001822,L000145,2,2026-09-11,2026-09-09,406134.93,406134.93,Paid On Time,0
R00001823,L000146,1,2025-04-25,2025-04-24,38200.07,38200.07,Paid On Time,0
R00001824,L000146,2,2025-05-25,,38200.07,0.0,Unpaid,60
R00001825,L000146,3,2025-06-25,2025-08-17,38200.07,30365.01,Partial,53
R00001826,L000146,4,2025-07-25,2025-07-23,38200.07,38200.07,Paid On Time,0
R00001827,L000146,5,2025-08-25,2025-09-15,38200.07,38200.07,Paid Late,21
R00001828,L000146,6,2025-09-25,,38200.07,0.0,Unpaid,30
R00001829,L000146,7,2025-10-25,2025-11-04,38200.07,38200.07,Paid Late,10
R00001830,L000146,8,2025-11-25,,38200.07,0.0,Unpaid,120
R00001831,L000146,9,2025-12-25,2025-12-24,38200.07,38200.07,Paid On Time,0
R00001832,L000146,10,2026-01-25,2026-01-23,38200.07,38200.07,Paid On Time,0
R00001833,L000146,11,2026-02-25,2026-02-24,38200.07,38200.07,Paid On Time,0
R00001834,L000146,12,2026-03-25,,38200.07,0.0,Unpaid,30
R00001835,L000146,13,2026-04-25,2026-04-23,38200.07,38200.07,Paid On Time,0
R00001836,L000146,14,2026-05-25,2026-05-31,38200.07,38200.07,Paid Late,6
R00001837,L000146,15,2026-06-25,2026-06-25,38200.07,38200.07,Paid On Time,0
R00001838,L000146,16,2026-07-25,2026-08-23,38200.07,38200.07,Paid Late,29
R00001839,L000146,17,2026-08-25,2026-09-23,38200.07,38200.07,Paid Late,29
R00001840,L000146,18,2026-09-25,2026-09-23,38200.07,38200.07,Paid On Time,0
R00001841,L000147,1,2024-03-13,2024-04-28,415101.92,183551.11,Partial,46
R00001842,L000147,2,2024-04-13,2024-04-13,415101.92,415101.92,Paid On Time,0
R00001843,L000147,3,2024-05-13,2024-05-13,415101.92,415101.92,Paid On Time,0
R00001844,L000147,4,2024-06-13,2024-06-11,415101.92,415101.92,Paid On Time,0
R00001845,L000147,5,2024-07-13,2024-07-12,415101.92,415101.92,Paid On Time,0
R00001846,L000147,6,2024-08-13,2024-08-26,415101.92,415101.92,Paid Late,13
R00001847,L000147,7,2024-09-13,2024-09-11,415101.92,415101.92,Paid On Time,0
R00001848,L000147,8,2024-10-13,2024-10-11,415101.92,415101.92,Paid On Time,0
R00001849,L000147,9,2024-11-13,,415101.92,0.0,Unpaid,60
R00001850,L000147,10,2024-12-13,2024-12-11,415101.92,415101.92,Paid On Time,0
R00001851,L000147,11,2025-01-13,2025-02-13,415101.92,271643.98,Partial,31
R00001852,L000147,12,2025-02-13,2025-02-26,415101.92,415101.92,Paid Late,13
R00001853,L000147,13,2025-03-13,2025-03-11,415101.92,415101.92,Paid On Time,0
R00001854,L000147,14,2025-04-13,2025-04-11,415101.92,415101.92,Paid On Time,0
R00001855,L000147,15,2025-05-13,,415101.92,0.0,Unpaid,90
R00001856,L000147,16,2025-06-13,2025-06-13,415101.92,415101.92,Paid On Time,0
R00001857,L000147,17,2025-07-13,2025-07-11,415101.92,415101.92,Paid On Time,0
R00001858,L000147,18,2025-08-13,2025-08-11,415101.92,415101.92,Paid On Time,0
R00001859,L000148,1,2026-01-19,2026-01-17,76264.65,76264.65,Paid On Time,0
R00001860,L000148,2,2026-02-19,2026-03-02,76264.65,76264.65,Paid Late,11
R00001861,L000148,3,2026-03-19,2026-03-19,76264.65,76264.65,Paid On Time,0
R00001862,L000148,4,2026-04-19,2026-04-17,76264.65,76264.65,Paid On Time,0
R00001863,L000148,5,2026-05-19,2026-05-18,76264.65,76264.65,Paid On Time,0
R00001864,L000148,6,2026-06-19,2026-06-18,76264.65,76264.65,Paid On Time,0
R00001865,L000148,7,2026-07-19,2026-07-19,76264.65,76264.65,Paid On Time,0
R00001866,L000148,8,2026-08-19,2026-08-18,76264.65,76264.65,Paid On Time,0
R00001867,L000148,9,2026-09-19,,76264.65,0.0,Unpaid,11
R00001868,L000149,1,2025-04-07,2025-04-06,148725.57,148725.57,Paid On Time,0
R00001869,L000149,2,2025-05-07,2025-05-07,148725.57,148725.57,Paid On Time,0
R00001870,L000149,3,2025-06-07,2025-06-05,148725.57,148725.57,Paid On Time,0
R00001871,L000149,4,2025-07-07,2025-07-05,148725.57,148725.57,Paid On Time,0
R00001872,L000149,5,2025-08-07,2025-08-07,148725.57,148725.57,Paid On Time,0
R00001873,L000149,6,2025-09-07,2025-09-07,148725.57,148725.57,Paid On Time,0
R00001874,L000149,7,2025-10-07,2025-10-06,148725.57,148725.57,Paid On Time,0
R00001875,L000149,8,2025-11-07,2025-11-07,148725.57,148725.57,Paid On Time,0
R00001876,L000149,9,2025-12-07,2025-12-17,148725.57,73431.62,Partial,10
R00001877,L000149,10,2026-01-07,2026-01-25,148725.57,148725.57,Paid Late,18
R00001878,L000149,11,2026-02-07,2026-02-05,148725.57,148725.57,Paid On Time,0
R00001879,L000149,12,2026-03-07,2026-03-20,148725.57,148725.57,Paid Late,13
R00001880,L000149,13,2026-04-07,2026-04-07,148725.57,148725.57,Paid On Time,0
R00001881,L000149,14,2026-05-07,2026-05-06,148725.57,148725.57,Paid On Time,0
R00001882,L000149,15,2026-06-07,2026-06-06,148725.57,148725.57,Paid On Time,0
R00001883,L000149,16,2026-07-07,2026-07-05,148725.57,148725.57,Paid On Time,0
R00001884,L000149,17,2026-08-07,2026-08-05,148725.57,148725.57,Paid On Time,0
R00001885,L000149,18,2026-09-07,2026-09-07,148725.57,148725.57,Paid On Time,0
R00001886,L000150,1,2026-01-28,2026-01-26,17176.3,17176.3,Paid On Time,0
R00001887,L000150,2,2026-02-28,2026-02-26,17176.3,17176.3,Paid On Time,0
R00001888,L000150,3,2026-03-28,2026-03-27,17176.3,17176.3,Paid On Time,0
R00001889,L000150,4,2026-04-28,2026-04-28,17176.3,17176.3,Paid On Time,0
R00001890,L000150,5,2026-05-28,2026-05-27,17176.3,17176.3,Paid On Time,0
R00001891,L000150,6,2026-06-28,2026-06-27,17176.3,17176.3,Paid On Time,0
R00001892,L000150,7,2026-07-28,2026-07-27,17176.3,17176.3,Paid On Time,0
R00001893,L000150,8,2026-08-28,2026-08-28,17176.3,17176.3,Paid On Time,0
R00001894,L000150,9,2026-09-28,2026-09-26,17176.3,17176.3,Paid On Time,0
R00001895,L000151,1,2024-08-21,2024-08-21,79570.06,79570.06,Paid On Time,0
R00001896,L000151,2,2024-09-21,2024-09-19,79570.06,79570.06,Paid On Time,0
R00001897,L000151,3,2024-10-21,2024-10-20,79570.06,79570.06,Paid On Time,0
R00001898,L000151,4,2024-11-21,2024-11-20,79570.06,79570.06,Paid On Time,0
R00001899,L000151,5,2024-12-21,2024-12-20,79570.06,79570.06,Paid On Time,0
R00001900,L000151,6,2025-01-21,2025-01-21,79570.06,79570.06,Paid On Time,0
R00001901,L000151,7,2025-02-21,2025-03-03,79570.06,79570.06,Paid Late,10
R00001902,L000151,8,2025-03-21,2025-03-21,79570.06,79570.06,Paid On Time,0
R00001903,L000151,9,2025-04-21,2025-04-19,79570.06,79570.06,Paid On Time,0
R00001904,L000151,10,2025-05-21,2025-05-20,79570.06,79570.06,Paid On Time,0
R00001905,L000151,11,2025-06-21,2025-06-21,79570.06,79570.06,Paid On Time,0
R00001906,L000151,12,2025-07-21,2025-08-26,79570.06,56973.43,Partial,36
R00001907,L000151,13,2025-08-21,2025-08-20,79570.06,79570.06,Paid On Time,0
R00001908,L000151,14,2025-09-21,2025-10-05,79570.06,79570.06,Paid Late,14
R00001909,L000151,15,2025-10-21,,79570.06,0.0,Unpaid,90
R00001910,L000151,16,2025-11-21,2025-11-19,79570.06,79570.06,Paid On Time,0
R00001911,L000151,17,2025-12-21,2025-12-23,79570.06,79570.06,Paid Late,2
R00001912,L000151,18,2026-01-21,2026-01-21,79570.06,79570.06,Paid On Time,0
R00001913,L000152,1,2026-01-12,2026-01-10,72916.58,72916.58,Paid On Time,0
R00001914,L000152,2,2026-02-12,2026-02-11,72916.58,72916.58,Paid On Time,0
R00001915,L000152,3,2026-03-12,2026-03-11,72916.58,72916.58,Paid On Time,0
R00001916,L000152,4,2026-04-12,2026-04-11,72916.58,72916.58,Paid On Time,0
R00001917,L000152,5,2026-05-12,2026-05-11,72916.58,72916.58,Paid On Time,0
R00001918,L000152,6,2026-06-12,2026-06-12,72916.58,72916.58,Paid On Time,0
R00001919,L000152,7,2026-07-12,2026-07-10,72916.58,72916.58,Paid On Time,0
R00001920,L000152,8,2026-08-12,2026-08-12,72916.58,72916.58,Paid On Time,0
R00001921,L000152,9,2026-09-12,2026-09-11,72916.58,72916.58,Paid On Time,0
R00001922,L000153,1,2025-02-28,2025-02-27,246367.17,246367.17,Paid On Time,0
R00001923,L000153,2,2025-03-28,2025-04-03,246367.17,246367.17,Paid Late,6
R00001924,L000153,3,2025-04-28,2025-04-29,246367.17,246367.17,Paid Late,1
R00001925,L000153,4,2025-05-28,2025-05-27,246367.17,246367.17,Paid On Time,0
R00001926,L000153,5,2025-06-28,2025-06-26,246367.17,246367.17,Paid On Time,0
R00001927,L000153,6,2025-07-28,2025-07-28,246367.17,246367.17,Paid On Time,0
R00001928,L000153,7,2025-08-28,2025-08-26,246367.17,246367.17,Paid On Time,0
R00001929,L000153,8,2025-09-28,2025-09-26,246367.17,246367.17,Paid On Time,0
R00001930,L000153,9,2025-10-28,2025-10-26,246367.17,246367.17,Paid On Time,0
R00001931,L000153,10,2025-11-28,2025-11-28,246367.17,246367.17,Paid On Time,0
R00001932,L000153,11,2025-12-28,2025-12-26,246367.17,246367.17,Paid On Time,0
R00001933,L000153,12,2026-01-28,,246367.17,0.0,Unpaid,60
R00001934,L000154,1,2025-05-03,2025-05-03,1184592.81,1184592.81,Paid On Time,0
R00001935,L000154,2,2025-06-03,2025-06-02,1184592.81,1184592.81,Paid On Time,0
R00001936,L000154,3,2025-07-03,,1184592.81,0.0,Unpaid,120
R00001937,L000154,4,2025-08-03,2025-08-03,1184592.81,1184592.81,Paid On Time,0
R00001938,L000154,5,2025-09-03,2025-09-02,1184592.81,1184592.81,Paid On Time,0
R00001939,L000154,6,2025-10-03,2025-10-02,1184592.81,1184592.81,Paid On Time,0
R00001940,L000155,1,2025-03-19,2025-03-31,1897284.07,1897284.07,Paid Late,12
R00001941,L000155,2,2025-04-19,2025-04-18,1897284.07,1897284.07,Paid On Time,0
R00001942,L000155,3,2025-05-19,2025-06-17,1897284.07,1897284.07,Paid Late,29
R00001943,L000155,4,2025-06-19,2025-07-06,1897284.07,1897284.07,Paid Late,17
R00001944,L000155,5,2025-07-19,2025-08-12,1897284.07,1897284.07,Paid Late,24
R00001945,L000155,6,2025-08-19,2025-08-31,1897284.07,1897284.07,Paid Late,12
R00001946,L000155,7,2025-09-19,2025-09-19,1897284.07,1897284.07,Paid On Time,0
R00001947,L000155,8,2025-10-19,2025-10-17,1897284.07,1897284.07,Paid On Time,0
R00001948,L000155,9,2025-11-19,2025-11-18,1897284.07,1897284.07,Paid On Time,0
R00001949,L000155,10,2025-12-19,2025-12-18,1897284.07,1897284.07,Paid On Time,0
R00001950,L000155,11,2026-01-19,2026-01-17,1897284.07,1897284.07,Paid On Time,0
R00001951,L000155,12,2026-02-19,2026-02-19,1897284.07,1897284.07,Paid On Time,0
R00001952,L000156,1,2026-08-13,2026-08-12,354954.61,354954.61,Paid On Time,0
R00001953,L000156,2,2026-09-13,2026-09-11,354954.61,354954.61,Paid On Time,0
R00001954,L000157,1,2026-07-20,2026-07-18,600294.81,600294.81,Paid On Time,0
R00001955,L000157,2,2026-08-20,2026-08-18,600294.81,600294.81,Paid On Time,0
R00001956,L000157,3,2026-09-20,2026-09-20,600294.81,600294.81,Paid On Time,0
R00001957,L000158,1,2024-07-03,2024-07-24,250166.31,130782.28,Partial,21
R00001958,L000158,2,2024-08-03,2024-08-24,250166.31,250166.31,Paid Late,21
R00001959,L000158,3,2024-09-03,2024-09-01,250166.31,250166.31,Paid On Time,0
R00001960,L000158,4,2024-10-03,2024-10-03,250166.31,250166.31,Paid On Time,0
R00001961,L000158,5,2024-11-03,2024-11-02,250166.31,250166.31,Paid On Time,0
R00001962,L000158,6,2024-12-03,2024-12-20,250166.31,250166.31,Paid Late,17
R00001963,L000158,7,2025-01-03,2025-01-11,250166.31,250166.31,Paid Late,8
R00001964,L000158,8,2025-02-03,2025-02-02,250166.31,250166.31,Paid On Time,0
R00001965,L000158,9,2025-03-03,,250166.31,0.0,Unpaid,120
R00001966,L000158,10,2025-04-03,2025-04-02,250166.31,250166.31,Paid On Time,0
R00001967,L000158,11,2025-05-03,2025-05-03,250166.31,250166.31,Paid On Time,0
R00001968,L000158,12,2025-06-03,2025-06-03,250166.31,250166.31,Paid On Time,0
R00001969,L000159,1,2024-10-13,2024-10-13,2112951.02,2112951.02,Paid On Time,0
R00001970,L000159,2,2024-11-13,2024-11-13,2112951.02,2112951.02,Paid On Time,0
R00001971,L000159,3,2024-12-13,2024-12-12,2112951.02,2112951.02,Paid On Time,0
R00001972,L000159,4,2025-01-13,2025-01-12,2112951.02,2112951.02,Paid On Time,0
R00001973,L000159,5,2025-02-13,2025-02-12,2112951.02,2112951.02,Paid On Time,0
R00001974,L000159,6,2025-03-13,2025-03-11,2112951.02,2112951.02,Paid On Time,0
R00001975,L000160,1,2024-12-09,2025-01-06,225632.07,225632.07,Paid Late,28
R00001976,L000160,2,2025-01-09,2025-01-07,225632.07,225632.07,Paid On Time,0
R00001977,L000160,3,2025-02-09,2025-02-27,225632.07,154003.67,Partial,18
R00001978,L000160,4,2025-03-09,2025-04-18,225632.07,81361.06,Partial,40
R00001979,L000160,5,2025-04-09,2025-04-08,225632.07,225632.07,Paid On Time,0
R00001980,L000160,6,2025-05-09,2025-05-08,225632.07,225632.07,Paid On Time,0
R00001981,L000160,7,2025-06-09,2025-06-08,225632.07,225632.07,Paid On Time,0
R00001982,L000160,8,2025-07-09,2025-07-07,225632.07,225632.07,Paid On Time,0
R00001983,L000160,9,2025-08-09,2025-08-07,225632.07,225632.07,Paid On Time,0
R00001984,L000160,10,2025-09-09,2025-09-26,225632.07,225632.07,Paid Late,17
R00001985,L000160,11,2025-10-09,,225632.07,0.0,Unpaid,60
R00001986,L000160,12,2025-11-09,2025-11-07,225632.07,225632.07,Paid On Time,0
R00001987,L000160,13,2025-12-09,2025-12-07,225632.07,225632.07,Paid On Time,0
R00001988,L000160,14,2026-01-09,2026-01-12,225632.07,225632.07,Paid Late,3
R00001989,L000160,15,2026-02-09,2026-02-08,225632.07,225632.07,Paid On Time,0
R00001990,L000160,16,2026-03-09,2026-03-08,225632.07,225632.07,Paid On Time,0
R00001991,L000160,17,2026-04-09,2026-05-05,225632.07,225632.07,Paid Late,26
R00001992,L000160,18,2026-05-09,2026-05-07,225632.07,225632.07,Paid On Time,0
R00001993,L000161,1,2025-12-09,2025-12-07,417692.25,417692.25,Paid On Time,0
R00001994,L000161,2,2026-01-09,2026-01-09,417692.25,417692.25,Paid On Time,0
R00001995,L000161,3,2026-02-09,2026-02-07,417692.25,417692.25,Paid On Time,0
R00001996,L000161,4,2026-03-09,2026-03-09,417692.25,417692.25,Paid On Time,0
R00001997,L000161,5,2026-04-09,2026-04-09,417692.25,417692.25,Paid On Time,0
R00001998,L000161,6,2026-05-09,2026-05-08,417692.25,417692.25,Paid On Time,0
R00001999,L000161,7,2026-06-09,2026-06-09,417692.25,417692.25,Paid On Time,0
R00002000,L000161,8,2026-07-09,2026-07-08,417692.25,417692.25,Paid On Time,0
R00002001,L000161,9,2026-08-09,2026-08-09,417692.25,417692.25,Paid On Time,0
R00002002,L000161,10,2026-09-09,2026-09-09,417692.25,417692.25,Paid On Time,0
R00002003,L000162,1,2026-04-19,2026-05-05,341248.33,341248.33,Paid Late,16
R00002004,L000162,2,2026-05-19,2026-05-20,341248.33,341248.33,Paid Late,1
R00002005,L000162,3,2026-06-19,2026-06-19,341248.33,341248.33,Paid On Time,0
R00002006,L000162,4,2026-07-19,2026-07-17,341248.33,341248.33,Paid On Time,0
R00002007,L000162,5,2026-08-19,2026-08-17,341248.33,341248.33,Paid On Time,0
R00002008,L000162,6,2026-09-19,2026-09-19,341248.33,341248.33,Paid On Time,0
R00002009,L000163,1,2026-08-04,2026-08-03,126167.76,126167.76,Paid On Time,0
R00002010,L000163,2,2026-09-04,2026-09-04,126167.76,126167.76,Paid On Time,0
R00002011,L000164,1,2026-09-28,,216835.71,0.0,Unpaid,2
R00002012,L000165,1,2024-10-20,2024-10-18,40727.37,40727.37,Paid On Time,0
R00002013,L000165,2,2024-11-20,2024-11-18,40727.37,40727.37,Paid On Time,0
R00002014,L000165,3,2024-12-20,2024-12-19,40727.37,40727.37,Paid On Time,0
R00002015,L000165,4,2025-01-20,2025-01-20,40727.37,40727.37,Paid On Time,0
R00002016,L000165,5,2025-02-20,2025-02-20,40727.37,40727.37,Paid On Time,0
R00002017,L000165,6,2025-03-20,2025-03-18,40727.37,40727.37,Paid On Time,0
R00002018,L000165,7,2025-04-20,2025-05-09,40727.37,40727.37,Paid Late,19
R00002019,L000165,8,2025-05-20,2025-05-20,40727.37,40727.37,Paid On Time,0
R00002020,L000165,9,2025-06-20,2025-06-24,40727.37,40727.37,Paid Late,4
R00002021,L000165,10,2025-07-20,2025-07-18,40727.37,40727.37,Paid On Time,0
R00002022,L000165,11,2025-08-20,2025-08-25,40727.37,40727.37,Paid Late,5
R00002023,L000165,12,2025-09-20,2025-09-20,40727.37,40727.37,Paid On Time,0
R00002024,L000165,13,2025-10-20,2025-11-30,40727.37,16406.81,Partial,41
R00002025,L000165,14,2025-11-20,2025-11-18,40727.37,40727.37,Paid On Time,0
R00002026,L000165,15,2025-12-20,2025-12-20,40727.37,40727.37,Paid On Time,0
R00002027,L000165,16,2026-01-20,2026-01-20,40727.37,40727.37,Paid On Time,0
R00002028,L000165,17,2026-02-20,2026-02-20,40727.37,40727.37,Paid On Time,0
R00002029,L000165,18,2026-03-20,2026-03-19,40727.37,40727.37,Paid On Time,0
R00002030,L000165,19,2026-04-20,2026-04-18,40727.37,40727.37,Paid On Time,0
R00002031,L000165,20,2026-05-20,2026-05-19,40727.37,40727.37,Paid On Time,0
R00002032,L000165,21,2026-06-20,2026-06-18,40727.37,40727.37,Paid On Time,0
R00002033,L000165,22,2026-07-20,2026-07-20,40727.37,40727.37,Paid On Time,0
R00002034,L000165,23,2026-08-20,2026-08-19,40727.37,40727.37,Paid On Time,0
R00002035,L000165,24,2026-09-20,2026-09-18,40727.37,40727.37,Paid On Time,0
R00002036,L000166,1,2026-03-05,2026-03-03,108133.36,108133.36,Paid On Time,0
R00002037,L000166,2,2026-04-05,2026-04-03,108133.36,108133.36,Paid On Time,0
R00002038,L000166,3,2026-05-05,2026-05-03,108133.36,108133.36,Paid On Time,0
R00002039,L000166,4,2026-06-05,2026-06-04,108133.36,108133.36,Paid On Time,0
R00002040,L000166,5,2026-07-05,2026-07-03,108133.36,108133.36,Paid On Time,0
R00002041,L000166,6,2026-08-05,2026-08-05,108133.36,108133.36,Paid On Time,0
R00002042,L000166,7,2026-09-05,2026-09-03,108133.36,108133.36,Paid On Time,0
R00002043,L000167,1,2026-05-08,2026-05-06,111237.63,111237.63,Paid On Time,0
R00002044,L000167,2,2026-06-08,2026-06-07,111237.63,111237.63,Paid On Time,0
R00002045,L000167,3,2026-07-08,2026-07-08,111237.63,111237.63,Paid On Time,0
R00002046,L000167,4,2026-08-08,2026-08-08,111237.63,111237.63,Paid On Time,0
R00002047,L000167,5,2026-09-08,2026-09-07,111237.63,111237.63,Paid On Time,0
R00002048,L000168,1,2024-10-13,2024-10-12,63905.79,63905.79,Paid On Time,0
R00002049,L000168,2,2024-11-13,2024-12-07,63905.79,63905.79,Paid Late,24
R00002050,L000168,3,2024-12-13,2024-12-13,63905.79,63905.79,Paid On Time,0
R00002051,L000168,4,2025-01-13,2025-01-13,63905.79,63905.79,Paid On Time,0
R00002052,L000168,5,2025-02-13,2025-02-11,63905.79,63905.79,Paid On Time,0
R00002053,L000168,6,2025-03-13,2025-03-12,63905.79,63905.79,Paid On Time,0
R00002054,L000168,7,2025-04-13,2025-04-11,63905.79,63905.79,Paid On Time,0
R00002055,L000168,8,2025-05-13,2025-05-12,63905.79,63905.79,Paid On Time,0
R00002056,L000168,9,2025-06-13,2025-06-11,63905.79,63905.79,Paid On Time,0
R00002057,L000168,10,2025-07-13,2025-07-11,63905.79,63905.79,Paid On Time,0
R00002058,L000168,11,2025-08-13,2025-08-12,63905.79,63905.79,Paid On Time,0
R00002059,L000168,12,2025-09-13,2025-09-12,63905.79,63905.79,Paid On Time,0
R00002060,L000168,13,2025-10-13,2025-11-05,63905.79,63905.79,Paid Late,23
R00002061,L000168,14,2025-11-13,,63905.79,0.0,Unpaid,30
R00002062,L000168,15,2025-12-13,2025-12-11,63905.79,63905.79,Paid On Time,0
R00002063,L000168,16,2026-01-13,2026-01-12,63905.79,63905.79,Paid On Time,0
R00002064,L000168,17,2026-02-13,2026-02-12,63905.79,63905.79,Paid On Time,0
R00002065,L000168,18,2026-03-13,2026-03-13,63905.79,63905.79,Paid On Time,0
R00002066,L000168,19,2026-04-13,2026-04-22,63905.79,63905.79,Paid Late,9
R00002067,L000168,20,2026-05-13,2026-05-11,63905.79,63905.79,Paid On Time,0
R00002068,L000168,21,2026-06-13,2026-06-11,63905.79,63905.79,Paid On Time,0
R00002069,L000168,22,2026-07-13,2026-07-12,63905.79,63905.79,Paid On Time,0
R00002070,L000168,23,2026-08-13,2026-08-13,63905.79,63905.79,Paid On Time,0
R00002071,L000168,24,2026-09-13,2026-09-11,63905.79,63905.79,Paid On Time,0
R00002072,L000169,1,2024-07-17,2024-07-17,126894.27,126894.27,Paid On Time,0
R00002073,L000169,2,2024-08-17,2024-09-07,126894.27,126894.27,Paid Late,21
R00002074,L000169,3,2024-09-17,2024-09-16,126894.27,126894.27,Paid On Time,0
R00002075,L000169,4,2024-10-17,,126894.27,0.0,Unpaid,30
R00002076,L000169,5,2024-11-17,,126894.27,0.0,Unpaid,30
R00002077,L000169,6,2024-12-17,2024-12-17,126894.27,126894.27,Paid On Time,0
R00002078,L000169,7,2025-01-17,2025-01-16,126894.27,126894.27,Paid On Time,0
R00002079,L000169,8,2025-02-17,2025-02-16,126894.27,126894.27,Paid On Time,0
R00002080,L000169,9,2025-03-17,2025-03-16,126894.27,126894.27,Paid On Time,0
R00002081,L000169,10,2025-04-17,2025-04-17,126894.27,126894.27,Paid On Time,0
R00002082,L000169,11,2025-05-17,2025-05-15,126894.27,126894.27,Paid On Time,0
R00002083,L000169,12,2025-06-17,2025-06-16,126894.27,126894.27,Paid On Time,0
R00002084,L000169,13,2025-07-17,2025-07-15,126894.27,126894.27,Paid On Time,0
R00002085,L000169,14,2025-08-17,2025-08-17,126894.27,126894.27,Paid On Time,0
R00002086,L000169,15,2025-09-17,2025-09-16,126894.27,126894.27,Paid On Time,0
R00002087,L000169,16,2025-10-17,2025-11-16,126894.27,126894.27,Paid Late,30
R00002088,L000169,17,2025-11-17,2025-11-16,126894.27,126894.27,Paid On Time,0
R00002089,L000169,18,2025-12-17,2025-12-21,126894.27,126894.27,Paid Late,4
R00002090,L000169,19,2026-01-17,2026-01-16,126894.27,126894.27,Paid On Time,0
R00002091,L000169,20,2026-02-17,2026-02-16,126894.27,126894.27,Paid On Time,0
R00002092,L000169,21,2026-03-17,2026-03-17,126894.27,126894.27,Paid On Time,0
R00002093,L000169,22,2026-04-17,2026-05-22,126894.27,62002.49,Partial,35
R00002094,L000169,23,2026-05-17,2026-05-15,126894.27,126894.27,Paid On Time,0
R00002095,L000169,24,2026-06-17,2026-06-16,126894.27,126894.27,Paid On Time,0
R00002096,L000169,25,2026-07-17,2026-07-15,126894.27,126894.27,Paid On Time,0
R00002097,L000169,26,2026-08-17,2026-08-17,126894.27,126894.27,Paid On Time,0
R00002098,L000169,27,2026-09-17,2026-09-17,126894.27,126894.27,Paid On Time,0
R00002099,L000170,1,2024-09-01,2024-08-31,59124.01,59124.01,Paid On Time,0
R00002100,L000170,2,2024-10-01,2024-10-14,59124.01,59124.01,Paid Late,13
R00002101,L000170,3,2024-11-01,2024-11-01,59124.01,59124.01,Paid On Time,0
R00002102,L000170,4,2024-12-01,2024-12-01,59124.01,59124.01,Paid On Time,0
R00002103,L000170,5,2025-01-01,2024-12-30,59124.01,59124.01,Paid On Time,0
R00002104,L000170,6,2025-02-01,2025-01-31,59124.01,59124.01,Paid On Time,0
R00002105,L000170,7,2025-03-01,2025-02-28,59124.01,59124.01,Paid On Time,0
R00002106,L000170,8,2025-04-01,2025-03-31,59124.01,59124.01,Paid On Time,0
R00002107,L000170,9,2025-05-01,2025-05-01,59124.01,59124.01,Paid On Time,0
R00002108,L000170,10,2025-06-01,2025-05-31,59124.01,59124.01,Paid On Time,0
R00002109,L000170,11,2025-07-01,2025-06-29,59124.01,59124.01,Paid On Time,0
R00002110,L000170,12,2025-08-01,2025-08-01,59124.01,59124.01,Paid On Time,0
R00002111,L000170,13,2025-09-01,,59124.01,0.0,Unpaid,90
R00002112,L000170,14,2025-10-01,2025-09-29,59124.01,59124.01,Paid On Time,0
R00002113,L000170,15,2025-11-01,2025-11-01,59124.01,59124.01,Paid On Time,0
R00002114,L000170,16,2025-12-01,2025-11-29,59124.01,59124.01,Paid On Time,0
R00002115,L000170,17,2026-01-01,2025-12-30,59124.01,59124.01,Paid On Time,0
R00002116,L000170,18,2026-02-01,2026-01-31,59124.01,59124.01,Paid On Time,0
R00002117,L000170,19,2026-03-01,2026-03-14,59124.01,59124.01,Paid Late,13
R00002118,L000170,20,2026-04-01,2026-04-18,59124.01,38599.82,Partial,17
R00002119,L000170,21,2026-05-01,2026-04-30,59124.01,59124.01,Paid On Time,0
R00002120,L000170,22,2026-06-01,2026-07-14,59124.01,27435.81,Partial,43
R00002121,L000170,23,2026-07-01,2026-07-01,59124.01,59124.01,Paid On Time,0
R00002122,L000170,24,2026-08-01,2026-07-31,59124.01,59124.01,Paid On Time,0
R00002123,L000170,25,2026-09-01,2026-08-31,59124.01,59124.01,Paid On Time,0
R00002124,L000171,1,2025-09-24,2025-09-24,68099.97,68099.97,Paid On Time,0
R00002125,L000171,2,2025-10-24,2025-11-15,68099.97,68099.97,Paid Late,22
R00002126,L000171,3,2025-11-24,2025-11-22,68099.97,68099.97,Paid On Time,0
R00002127,L000171,4,2025-12-24,2025-12-23,68099.97,68099.97,Paid On Time,0
R00002128,L000171,5,2026-01-24,2026-01-24,68099.97,68099.97,Paid On Time,0
R00002129,L000171,6,2026-02-24,2026-02-23,68099.97,68099.97,Paid On Time,0
R00002130,L000171,7,2026-03-24,2026-03-24,68099.97,68099.97,Paid On Time,0
R00002131,L000171,8,2026-04-24,2026-04-23,68099.97,68099.97,Paid On Time,0
R00002132,L000171,9,2026-05-24,2026-05-23,68099.97,68099.97,Paid On Time,0
R00002133,L000171,10,2026-06-24,2026-06-22,68099.97,68099.97,Paid On Time,0
R00002134,L000171,11,2026-07-24,2026-07-22,68099.97,68099.97,Paid On Time,0
R00002135,L000171,12,2026-08-24,2026-09-22,68099.97,68099.97,Paid Late,29
R00002136,L000172,1,2024-03-16,2024-03-15,35803.0,35803.0,Paid On Time,0
R00002137,L000172,2,2024-04-16,2024-04-16,35803.0,35803.0,Paid On Time,0
R00002138,L000172,3,2024-05-16,,35803.0,0.0,Unpaid,60
R00002139,L000172,4,2024-06-16,2024-06-16,35803.0,35803.0,Paid On Time,0
R00002140,L000172,5,2024-07-16,2024-07-15,35803.0,35803.0,Paid On Time,0
R00002141,L000172,6,2024-08-16,2024-09-14,35803.0,35803.0,Paid Late,29
R00002142,L000172,7,2024-09-16,2024-09-16,35803.0,35803.0,Paid On Time,0
R00002143,L000172,8,2024-10-16,2024-10-18,35803.0,35803.0,Paid Late,2
R00002144,L000172,9,2024-11-16,2024-12-25,35803.0,15243.76,Partial,39
R00002145,L000172,10,2024-12-16,2024-12-15,35803.0,35803.0,Paid On Time,0
R00002146,L000172,11,2025-01-16,2025-01-14,35803.0,35803.0,Paid On Time,0
R00002147,L000172,12,2025-02-16,2025-03-18,35803.0,35803.0,Paid Late,30
R00002148,L000172,13,2025-03-16,2025-03-16,35803.0,35803.0,Paid On Time,0
R00002149,L000172,14,2025-04-16,2025-05-02,35803.0,35803.0,Paid Late,16
R00002150,L000172,15,2025-05-16,2025-06-05,35803.0,21243.06,Partial,20
R00002151,L000172,16,2025-06-16,2025-06-16,35803.0,35803.0,Paid On Time,0
R00002152,L000172,17,2025-07-16,2025-07-15,35803.0,35803.0,Paid On Time,0
R00002153,L000172,18,2025-08-16,,35803.0,0.0,Unpaid,120
R00002154,L000172,19,2025-09-16,2025-09-14,35803.0,35803.0,Paid On Time,0
R00002155,L000172,20,2025-10-16,2025-10-16,35803.0,35803.0,Paid On Time,0
R00002156,L000172,21,2025-11-16,2026-01-13,35803.0,26633.3,Partial,58
R00002157,L000172,22,2025-12-16,2025-12-16,35803.0,35803.0,Paid On Time,0
R00002158,L000172,23,2026-01-16,2026-01-16,35803.0,35803.0,Paid On Time,0
R00002159,L000172,24,2026-02-16,2026-02-15,35803.0,35803.0,Paid On Time,0
R00002160,L000173,1,2025-02-24,2025-02-24,58746.81,58746.81,Paid On Time,0
R00002161,L000173,2,2025-03-24,2025-03-23,58746.81,58746.81,Paid On Time,0
R00002162,L000173,3,2025-04-24,2025-05-14,58746.81,24472.49,Partial,20
R00002163,L000173,4,2025-05-24,2025-05-23,58746.81,58746.81,Paid On Time,0
R00002164,L000173,5,2025-06-24,2025-06-23,58746.81,58746.81,Paid On Time,0
R00002165,L000173,6,2025-07-24,2025-08-19,58746.81,58746.81,Paid Late,26
R00002166,L000173,7,2025-08-24,2025-08-22,58746.81,58746.81,Paid On Time,0
R00002167,L000173,8,2025-09-24,2025-09-24,58746.81,58746.81,Paid On Time,0
R00002168,L000173,9,2025-10-24,2025-10-22,58746.81,58746.81,Paid On Time,0
R00002169,L000173,10,2025-11-24,2025-11-23,58746.81,58746.81,Paid On Time,0
R00002170,L000173,11,2025-12-24,2025-12-23,58746.81,58746.81,Paid On Time,0
R00002171,L000173,12,2026-01-24,2026-01-24,58746.81,58746.81,Paid On Time,0
R00002172,L000173,13,2026-02-24,2026-04-20,58746.81,25037.42,Partial,55
R00002173,L000173,14,2026-03-24,2026-03-22,58746.81,58746.81,Paid On Time,0
R00002174,L000173,15,2026-04-24,2026-04-23,58746.81,58746.81,Paid On Time,0
R00002175,L000173,16,2026-05-24,2026-05-24,58746.81,58746.81,Paid On Time,0
R00002176,L000173,17,2026-06-24,2026-06-24,58746.81,58746.81,Paid On Time,0
R00002177,L000173,18,2026-07-24,2026-07-22,58746.81,58746.81,Paid On Time,0
R00002178,L000174,1,2026-04-28,2026-04-27,249747.34,249747.34,Paid On Time,0
R00002179,L000174,2,2026-05-28,2026-05-28,249747.34,249747.34,Paid On Time,0
R00002180,L000174,3,2026-06-28,2026-07-18,249747.34,249747.34,Paid Late,20
R00002181,L000174,4,2026-07-28,2026-08-22,249747.34,249747.34,Paid Late,25
R00002182,L000174,5,2026-08-28,2026-08-27,249747.34,249747.34,Paid On Time,0
R00002183,L000174,6,2026-09-28,2026-09-28,249747.34,249747.34,Paid On Time,0
R00002184,L000175,1,2024-05-04,2024-05-03,703132.68,703132.68,Paid On Time,0
R00002185,L000175,2,2024-06-04,2024-06-02,703132.68,703132.68,Paid On Time,0
R00002186,L000175,3,2024-07-04,2024-07-03,703132.68,703132.68,Paid On Time,0
R00002187,L000175,4,2024-08-04,2024-08-04,703132.68,703132.68,Paid On Time,0
R00002188,L000175,5,2024-09-04,2024-09-04,703132.68,703132.68,Paid On Time,0
R00002189,L000175,6,2024-10-04,2024-10-13,703132.68,703132.68,Paid Late,9
R00002190,L000176,1,2024-05-28,2024-06-17,14433.9,9065.57,Partial,20
R00002191,L000176,2,2024-06-28,2024-06-28,14433.9,14433.9,Paid On Time,0
R00002192,L000176,3,2024-07-28,2024-07-28,14433.9,14433.9,Paid On Time,0
R00002193,L000176,4,2024-08-28,2024-08-28,14433.9,14433.9,Paid On Time,0
R00002194,L000176,5,2024-09-28,2024-09-27,14433.9,14433.9,Paid On Time,0
R00002195,L000176,6,2024-10-28,2024-11-22,14433.9,14433.9,Paid Late,25
R00002196,L000176,7,2024-11-28,2024-11-26,14433.9,14433.9,Paid On Time,0
R00002197,L000176,8,2024-12-28,2024-12-27,14433.9,14433.9,Paid On Time,0
R00002198,L000176,9,2025-01-28,,14433.9,0.0,Unpaid,120
R00002199,L000176,10,2025-02-28,2025-02-26,14433.9,14433.9,Paid On Time,0
R00002200,L000176,11,2025-03-28,2025-04-26,14433.9,14433.9,Paid Late,29
R00002201,L000176,12,2025-04-28,2025-04-28,14433.9,14433.9,Paid On Time,0
R00002202,L000176,13,2025-05-28,2025-05-26,14433.9,14433.9,Paid On Time,0
R00002203,L000176,14,2025-06-28,2025-06-27,14433.9,14433.9,Paid On Time,0
R00002204,L000176,15,2025-07-28,2025-07-27,14433.9,14433.9,Paid On Time,0
R00002205,L000176,16,2025-08-28,2025-09-03,14433.9,14433.9,Paid Late,6
R00002206,L000176,17,2025-09-28,2025-11-20,14433.9,7677.63,Partial,53
R00002207,L000176,18,2025-10-28,2025-10-28,14433.9,14433.9,Paid On Time,0
R00002208,L000176,19,2025-11-28,2025-11-27,14433.9,14433.9,Paid On Time,0
R00002209,L000176,20,2025-12-28,2025-12-28,14433.9,14433.9,Paid On Time,0
R00002210,L000176,21,2026-01-28,2026-01-26,14433.9,14433.9,Paid On Time,0
R00002211,L000176,22,2026-02-28,2026-03-22,14433.9,14433.9,Paid Late,22
R00002212,L000176,23,2026-03-28,2026-03-26,14433.9,14433.9,Paid On Time,0
R00002213,L000176,24,2026-04-28,2026-04-26,14433.9,14433.9,Paid On Time,0
R00002214,L000176,25,2026-05-28,2026-05-28,14433.9,14433.9,Paid On Time,0
R00002215,L000176,26,2026-06-28,2026-07-03,14433.9,14433.9,Paid Late,5
R00002216,L000176,27,2026-07-28,2026-09-14,14433.9,5974.4,Partial,48
R00002217,L000176,28,2026-08-28,2026-08-26,14433.9,14433.9,Paid On Time,0
R00002218,L000176,29,2026-09-28,2026-09-26,14433.9,14433.9,Paid On Time,0
R00002219,L000177,1,2024-06-11,2024-07-11,189417.93,189417.93,Paid Late,30
R00002220,L000177,2,2024-07-11,2024-07-10,189417.93,189417.93,Paid On Time,0
R00002221,L000177,3,2024-08-11,2024-08-09,189417.93,189417.93,Paid On Time,0
R00002222,L000177,4,2024-09-11,2024-09-11,189417.93,189417.93,Paid On Time,0
R00002223,L000177,5,2024-10-11,2024-10-10,189417.93,189417.93,Paid On Time,0
R00002224,L000177,6,2024-11-11,2024-12-10,189417.93,189417.93,Paid Late,29
R00002225,L000177,7,2024-12-11,2025-01-08,189417.93,189417.93,Paid Late,28
R00002226,L000177,8,2025-01-11,2025-01-25,189417.93,189417.93,Paid Late,14
R00002227,L000177,9,2025-02-11,2025-02-10,189417.93,189417.93,Paid On Time,0
R00002228,L000177,10,2025-03-11,2025-03-11,189417.93,189417.93,Paid On Time,0
R00002229,L000177,11,2025-04-11,2025-04-09,189417.93,189417.93,Paid On Time,0
R00002230,L000177,12,2025-05-11,2025-05-09,189417.93,189417.93,Paid On Time,0
R00002231,L000177,13,2025-06-11,2025-06-11,189417.93,189417.93,Paid On Time,0
R00002232,L000177,14,2025-07-11,2025-07-11,189417.93,189417.93,Paid On Time,0
R00002233,L000177,15,2025-08-11,2025-08-09,189417.93,189417.93,Paid On Time,0
R00002234,L000177,16,2025-09-11,2025-09-09,189417.93,189417.93,Paid On Time,0
R00002235,L000177,17,2025-10-11,2025-10-10,189417.93,189417.93,Paid On Time,0
R00002236,L000177,18,2025-11-11,2025-11-10,189417.93,189417.93,Paid On Time,0
R00002237,L000178,1,2025-08-15,2025-08-15,82460.29,82460.29,Paid On Time,0
R00002238,L000178,2,2025-09-15,2025-09-14,82460.29,82460.29,Paid On Time,0
R00002239,L000178,3,2025-10-15,2025-10-15,82460.29,82460.29,Paid On Time,0
R00002240,L000178,4,2025-11-15,2025-11-15,82460.29,82460.29,Paid On Time,0
R00002241,L000178,5,2025-12-15,2025-12-15,82460.29,82460.29,Paid On Time,0
R00002242,L000178,6,2026-01-15,2026-01-14,82460.29,82460.29,Paid On Time,0
R00002243,L000178,7,2026-02-15,2026-02-15,82460.29,82460.29,Paid On Time,0
R00002244,L000178,8,2026-03-15,2026-03-13,82460.29,82460.29,Paid On Time,0
R00002245,L000178,9,2026-04-15,2026-04-24,82460.29,82460.29,Paid Late,9
R00002246,L000178,10,2026-05-15,2026-05-15,82460.29,82460.29,Paid On Time,0
R00002247,L000178,11,2026-06-15,2026-06-13,82460.29,82460.29,Paid On Time,0
R00002248,L000178,12,2026-07-15,2026-07-15,82460.29,82460.29,Paid On Time,0
R00002249,L000179,1,2025-05-04,2025-05-02,161225.24,161225.24,Paid On Time,0
R00002250,L000179,2,2025-06-04,2025-06-03,161225.24,161225.24,Paid On Time,0
R00002251,L000179,3,2025-07-04,2025-07-04,161225.24,161225.24,Paid On Time,0
R00002252,L000179,4,2025-08-04,2025-08-02,161225.24,161225.24,Paid On Time,0
R00002253,L000179,5,2025-09-04,2025-09-04,161225.24,161225.24,Paid On Time,0
R00002254,L000179,6,2025-10-04,2025-10-02,161225.24,161225.24,Paid On Time,0
R00002255,L000179,7,2025-11-04,2025-11-02,161225.24,161225.24,Paid On Time,0
R00002256,L000179,8,2025-12-04,2025-12-02,161225.24,161225.24,Paid On Time,0
R00002257,L000179,9,2026-01-04,2026-01-02,161225.24,161225.24,Paid On Time,0
R00002258,L000179,10,2026-02-04,2026-02-04,161225.24,161225.24,Paid On Time,0
R00002259,L000179,11,2026-03-04,2026-03-03,161225.24,161225.24,Paid On Time,0
R00002260,L000179,12,2026-04-04,2026-04-04,161225.24,161225.24,Paid On Time,0
R00002261,L000180,1,2026-08-22,2026-08-30,197187.87,197187.87,Paid Late,8
R00002262,L000180,2,2026-09-22,,197187.87,0.0,Unpaid,8
R00002263,L000181,1,2024-11-15,2024-11-14,28071.15,28071.15,Paid On Time,0
R00002264,L000181,2,2024-12-15,2024-12-13,28071.15,28071.15,Paid On Time,0
R00002265,L000181,3,2025-01-15,2025-01-13,28071.15,28071.15,Paid On Time,0
R00002266,L000181,4,2025-02-15,2025-03-07,28071.15,28071.15,Paid Late,20
R00002267,L000181,5,2025-03-15,2025-03-13,28071.15,28071.15,Paid On Time,0
R00002268,L000181,6,2025-04-15,2025-04-29,28071.15,28071.15,Paid Late,14
R00002269,L000181,7,2025-05-15,2025-07-06,28071.15,16155.82,Partial,52
R00002270,L000181,8,2025-06-15,2025-06-13,28071.15,28071.15,Paid On Time,0
R00002271,L000181,9,2025-07-15,2025-07-16,28071.15,28071.15,Paid Late,1
R00002272,L000181,10,2025-08-15,2025-08-13,28071.15,28071.15,Paid On Time,0
R00002273,L000181,11,2025-09-15,2025-09-14,28071.15,28071.15,Paid On Time,0
R00002274,L000181,12,2025-10-15,2025-10-15,28071.15,28071.15,Paid On Time,0
R00002275,L000181,13,2025-11-15,2025-11-13,28071.15,28071.15,Paid On Time,0
R00002276,L000181,14,2025-12-15,2025-12-15,28071.15,28071.15,Paid On Time,0
R00002277,L000181,15,2026-01-15,,28071.15,0.0,Unpaid,90
R00002278,L000181,16,2026-02-15,2026-02-15,28071.15,28071.15,Paid On Time,0
R00002279,L000181,17,2026-03-15,2026-03-14,28071.15,28071.15,Paid On Time,0
R00002280,L000181,18,2026-04-15,2026-04-15,28071.15,28071.15,Paid On Time,0
R00002281,L000181,19,2026-05-15,2026-05-15,28071.15,28071.15,Paid On Time,0
R00002282,L000181,20,2026-06-15,2026-07-08,28071.15,28071.15,Paid Late,23
R00002283,L000181,21,2026-07-15,2026-07-13,28071.15,28071.15,Paid On Time,0
R00002284,L000181,22,2026-08-15,2026-08-15,28071.15,28071.15,Paid On Time,0
R00002285,L000181,23,2026-09-15,2026-09-19,28071.15,28071.15,Paid Late,4
R00002286,L000182,1,2024-08-14,2024-08-13,280208.02,280208.02,Paid On Time,0
R00002287,L000182,2,2024-09-14,2024-09-14,280208.02,280208.02,Paid On Time,0
R00002288,L000182,3,2024-10-14,2024-10-12,280208.02,280208.02,Paid On Time,0
R00002289,L000182,4,2024-11-14,2024-11-14,280208.02,280208.02,Paid On Time,0
R00002290,L000182,5,2024-12-14,2024-12-13,280208.02,280208.02,Paid On Time,0
R00002291,L000182,6,2025-01-14,2025-01-14,280208.02,280208.02,Paid On Time,0
R00002292,L000182,7,2025-02-14,2025-02-12,280208.02,280208.02,Paid On Time,0
R00002293,L000182,8,2025-03-14,2025-03-12,280208.02,280208.02,Paid On Time,0
R00002294,L000182,9,2025-04-14,,280208.02,0.0,Unpaid,30
R00002295,L000182,10,2025-05-14,2025-05-12,280208.02,280208.02,Paid On Time,0
R00002296,L000182,11,2025-06-14,2025-06-13,280208.02,280208.02,Paid On Time,0
R00002297,L000182,12,2025-07-14,2025-08-09,280208.02,280208.02,Paid Late,26
R00002298,L000182,13,2025-08-14,2025-08-14,280208.02,280208.02,Paid On Time,0
R00002299,L000182,14,2025-09-14,2025-09-12,280208.02,280208.02,Paid On Time,0
R00002300,L000182,15,2025-10-14,2025-10-12,280208.02,280208.02,Paid On Time,0
R00002301,L000182,16,2025-11-14,2025-11-12,280208.02,280208.02,Paid On Time,0
R00002302,L000182,17,2025-12-14,2026-01-22,280208.02,138890.22,Partial,39
R00002303,L000182,18,2026-01-14,2026-01-12,280208.02,280208.02,Paid On Time,0
R00002304,L000183,1,2025-07-01,2025-06-30,93158.27,93158.27,Paid On Time,0
R00002305,L000183,2,2025-08-01,2025-07-30,93158.27,93158.27,Paid On Time,0
R00002306,L000183,3,2025-09-01,2025-09-01,93158.27,93158.27,Paid On Time,0
R00002307,L000183,4,2025-10-01,2025-10-01,93158.27,93158.27,Paid On Time,0
R00002308,L000183,5,2025-11-01,2025-10-31,93158.27,93158.27,Paid On Time,0
R00002309,L000183,6,2025-12-01,2025-11-29,93158.27,93158.27,Paid On Time,0
R00002310,L000183,7,2026-01-01,2025-12-30,93158.27,93158.27,Paid On Time,0
R00002311,L000183,8,2026-02-01,2026-01-30,93158.27,93158.27,Paid On Time,0
R00002312,L000183,9,2026-03-01,2026-02-28,93158.27,93158.27,Paid On Time,0
R00002313,L000183,10,2026-04-01,2026-03-31,93158.27,93158.27,Paid On Time,0
R00002314,L000183,11,2026-05-01,2026-05-26,93158.27,93158.27,Paid Late,25
R00002315,L000183,12,2026-06-01,2026-06-01,93158.27,93158.27,Paid On Time,0
R00002316,L000184,1,2025-05-20,2025-05-18,54645.41,54645.41,Paid On Time,0
R00002317,L000184,2,2025-06-20,2025-06-20,54645.41,54645.41,Paid On Time,0
R00002318,L000184,3,2025-07-20,,54645.41,0.0,Unpaid,120
R00002319,L000184,4,2025-08-20,2025-09-17,54645.41,54645.41,Paid Late,28
R00002320,L000184,5,2025-09-20,2025-09-19,54645.41,54645.41,Paid On Time,0
R00002321,L000184,6,2025-10-20,2025-10-18,54645.41,54645.41,Paid On Time,0
R00002322,L000184,7,2025-11-20,2026-01-06,54645.41,20975.78,Partial,47
R00002323,L000184,8,2025-12-20,2026-01-23,54645.41,43671.77,Partial,34
R00002324,L000184,9,2026-01-20,2026-01-19,54645.41,54645.41,Paid On Time,0
R00002325,L000184,10,2026-02-20,2026-02-18,54645.41,54645.41,Paid On Time,0
R00002326,L000184,11,2026-03-20,2026-03-20,54645.41,54645.41,Paid On Time,0
R00002327,L000184,12,2026-04-20,2026-04-19,54645.41,54645.41,Paid On Time,0
R00002328,L000184,13,2026-05-20,2026-05-18,54645.41,54645.41,Paid On Time,0
R00002329,L000184,14,2026-06-20,2026-07-02,54645.41,54645.41,Paid Late,12
R00002330,L000184,15,2026-07-20,2026-07-19,54645.41,54645.41,Paid On Time,0
R00002331,L000184,16,2026-08-20,2026-08-18,54645.41,54645.41,Paid On Time,0
R00002332,L000184,17,2026-09-20,2026-09-19,54645.41,54645.41,Paid On Time,0
R00002333,L000185,1,2026-08-23,2026-08-23,58100.93,58100.93,Paid On Time,0
R00002334,L000185,2,2026-09-23,2026-09-23,58100.93,58100.93,Paid On Time,0
R00002335,L000186,1,2024-04-24,2024-04-23,240389.97,240389.97,Paid On Time,0
R00002336,L000186,2,2024-05-24,2024-05-23,240389.97,240389.97,Paid On Time,0
R00002337,L000186,3,2024-06-24,2024-06-23,240389.97,240389.97,Paid On Time,0
R00002338,L000186,4,2024-07-24,2024-07-24,240389.97,240389.97,Paid On Time,0
R00002339,L000186,5,2024-08-24,2024-08-24,240389.97,240389.97,Paid On Time,0
R00002340,L000186,6,2024-09-24,2024-09-24,240389.97,240389.97,Paid On Time,0
R00002341,L000187,1,2026-01-02,2026-01-29,422518.75,422518.75,Paid Late,27
R00002342,L000187,2,2026-02-02,2026-01-31,422518.75,422518.75,Paid On Time,0
R00002343,L000187,3,2026-03-02,2026-02-28,422518.75,422518.75,Paid On Time,0
R00002344,L000187,4,2026-04-02,2026-04-24,422518.75,422518.75,Paid Late,22
R00002345,L000187,5,2026-05-02,2026-05-02,422518.75,422518.75,Paid On Time,0
R00002346,L000187,6,2026-06-02,2026-06-02,422518.75,422518.75,Paid On Time,0
R00002347,L000187,7,2026-07-02,2026-07-01,422518.75,422518.75,Paid On Time,0
R00002348,L000187,8,2026-08-02,2026-07-31,422518.75,422518.75,Paid On Time,0
R00002349,L000187,9,2026-09-02,2026-09-01,422518.75,422518.75,Paid On Time,0
R00002350,L000188,1,2026-09-02,2026-09-02,80792.08,80792.08,Paid On Time,0
R00002351,L000189,1,2024-07-21,2024-07-20,70008.99,70008.99,Paid On Time,0
R00002352,L000189,2,2024-08-21,2024-08-20,70008.99,70008.99,Paid On Time,0
R00002353,L000189,3,2024-09-21,2024-09-19,70008.99,70008.99,Paid On Time,0
R00002354,L000189,4,2024-10-21,2024-11-05,70008.99,54912.98,Partial,15
R00002355,L000189,5,2024-11-21,2024-11-20,70008.99,70008.99,Paid On Time,0
R00002356,L000189,6,2024-12-21,2024-12-19,70008.99,70008.99,Paid On Time,0
R00002357,L000189,7,2025-01-21,2025-01-21,70008.99,70008.99,Paid On Time,0
R00002358,L000189,8,2025-02-21,2025-02-20,70008.99,70008.99,Paid On Time,0
R00002359,L000189,9,2025-03-21,,70008.99,0.0,Unpaid,30
R00002360,L000189,10,2025-04-21,2025-05-04,70008.99,70008.99,Paid Late,13
R00002361,L000189,11,2025-05-21,2025-05-21,70008.99,70008.99,Paid On Time,0
R00002362,L000189,12,2025-06-21,2025-06-20,70008.99,70008.99,Paid On Time,0
R00002363,L000189,13,2025-07-21,2025-07-21,70008.99,70008.99,Paid On Time,0
R00002364,L000189,14,2025-08-21,2025-08-20,70008.99,70008.99,Paid On Time,0
R00002365,L000189,15,2025-09-21,2025-09-28,70008.99,70008.99,Paid Late,7
R00002366,L000189,16,2025-10-21,2025-10-19,70008.99,70008.99,Paid On Time,0
R00002367,L000189,17,2025-11-21,2025-11-21,70008.99,70008.99,Paid On Time,0
R00002368,L000189,18,2025-12-21,2025-12-21,70008.99,70008.99,Paid On Time,0
R00002369,L000190,1,2025-11-20,,379606.0,0.0,Unpaid,60
R00002370,L000190,2,2025-12-20,2025-12-18,379606.0,379606.0,Paid On Time,0
R00002371,L000190,3,2026-01-20,2026-01-18,379606.0,379606.0,Paid On Time,0
R00002372,L000190,4,2026-02-20,2026-02-18,379606.0,379606.0,Paid On Time,0
R00002373,L000190,5,2026-03-20,2026-03-18,379606.0,379606.0,Paid On Time,0
R00002374,L000190,6,2026-04-20,2026-04-20,379606.0,379606.0,Paid On Time,0
R00002375,L000191,1,2026-05-07,2026-05-07,42218.98,42218.98,Paid On Time,0
R00002376,L000191,2,2026-06-07,2026-06-06,42218.98,42218.98,Paid On Time,0
R00002377,L000191,3,2026-07-07,2026-07-05,42218.98,42218.98,Paid On Time,0
R00002378,L000191,4,2026-08-07,,42218.98,0.0,Unpaid,30
R00002379,L000191,5,2026-09-07,2026-09-07,42218.98,42218.98,Paid On Time,0
R00002380,L000192,1,2024-11-26,2024-11-26,98413.72,98413.72,Paid On Time,0
R00002381,L000192,2,2024-12-26,2024-12-25,98413.72,98413.72,Paid On Time,0
R00002382,L000192,3,2025-01-26,2025-01-24,98413.72,98413.72,Paid On Time,0
R00002383,L000192,4,2025-02-26,2025-02-26,98413.72,98413.72,Paid On Time,0
R00002384,L000192,5,2025-03-26,2025-03-24,98413.72,98413.72,Paid On Time,0
R00002385,L000192,6,2025-04-26,,98413.72,0.0,Unpaid,30
R00002386,L000192,7,2025-05-26,2025-06-09,98413.72,98413.72,Paid Late,14
R00002387,L000192,8,2025-06-26,2025-06-25,98413.72,98413.72,Paid On Time,0
R00002388,L000192,9,2025-07-26,2025-07-29,98413.72,98413.72,Paid Late,3
R00002389,L000192,10,2025-08-26,2025-08-25,98413.72,98413.72,Paid On Time,0
R00002390,L000192,11,2025-09-26,2025-10-07,98413.72,98413.72,Paid Late,11
R00002391,L000192,12,2025-10-26,2025-10-26,98413.72,98413.72,Paid On Time,0
R00002392,L000192,13,2025-11-26,2025-11-26,98413.72,98413.72,Paid On Time,0
R00002393,L000192,14,2025-12-26,2025-12-24,98413.72,98413.72,Paid On Time,0
R00002394,L000192,15,2026-01-26,2026-02-22,98413.72,98413.72,Paid Late,27
R00002395,L000192,16,2026-02-26,2026-02-25,98413.72,98413.72,Paid On Time,0
R00002396,L000192,17,2026-03-26,2026-03-25,98413.72,98413.72,Paid On Time,0
R00002397,L000192,18,2026-04-26,2026-04-25,98413.72,98413.72,Paid On Time,0
R00002398,L000194,1,2025-11-22,2025-11-28,73228.77,73228.77,Paid Late,6
R00002399,L000194,2,2025-12-22,2025-12-20,73228.77,73228.77,Paid On Time,0
R00002400,L000194,3,2026-01-22,2026-02-11,73228.77,73228.77,Paid Late,20
R00002401,L000194,4,2026-02-22,2026-02-22,73228.77,73228.77,Paid On Time,0
R00002402,L000194,5,2026-03-22,2026-03-21,73228.77,73228.77,Paid On Time,0
R00002403,L000194,6,2026-04-22,2026-04-21,73228.77,73228.77,Paid On Time,0
R00002404,L000194,7,2026-05-22,2026-05-20,73228.77,73228.77,Paid On Time,0
R00002405,L000194,8,2026-06-22,2026-06-22,73228.77,73228.77,Paid On Time,0
R00002406,L000194,9,2026-07-22,2026-07-31,73228.77,73228.77,Paid Late,9
R00002407,L000194,10,2026-08-22,2026-08-21,73228.77,73228.77,Paid On Time,0
R00002408,L000194,11,2026-09-22,2026-09-22,73228.77,73228.77,Paid On Time,0
R00002409,L000195,1,2025-01-01,,112457.32,0.0,Unpaid,120
R00002410,L000195,2,2025-02-01,2025-03-18,112457.32,86201.33,Partial,45
R00002411,L000195,3,2025-03-01,2025-02-28,112457.32,112457.32,Paid On Time,0
R00002412,L000195,4,2025-04-01,2025-05-01,112457.32,112457.32,Paid Late,30
R00002413,L000195,5,2025-05-01,2025-04-29,112457.32,112457.32,Paid On Time,0
R00002414,L000195,6,2025-06-01,2025-05-31,112457.32,112457.32,Paid On Time,0
R00002415,L000195,7,2025-07-01,2025-07-01,112457.32,112457.32,Paid On Time,0
R00002416,L000195,8,2025-08-01,2025-08-01,112457.32,112457.32,Paid On Time,0
R00002417,L000195,9,2025-09-01,2025-08-31,112457.32,112457.32,Paid On Time,0
R00002418,L000195,10,2025-10-01,2025-10-01,112457.32,112457.32,Paid On Time,0
R00002419,L000195,11,2025-11-01,2025-10-31,112457.32,112457.32,Paid On Time,0
R00002420,L000195,12,2025-12-01,2025-12-01,112457.32,112457.32,Paid On Time,0
R00002421,L000195,13,2026-01-01,2026-01-01,112457.32,112457.32,Paid On Time,0
R00002422,L000195,14,2026-02-01,2026-01-31,112457.32,112457.32,Paid On Time,0
R00002423,L000195,15,2026-03-01,2026-02-27,112457.32,112457.32,Paid On Time,0
R00002424,L000195,16,2026-04-01,2026-04-30,112457.32,112457.32,Paid Late,29
R00002425,L000195,17,2026-05-01,2026-05-14,112457.32,50832.12,Partial,13
R00002426,L000195,18,2026-06-01,2026-06-06,112457.32,112457.32,Paid Late,5
R00002427,L000195,19,2026-07-01,2026-07-17,112457.32,112457.32,Paid Late,16
R00002428,L000195,20,2026-08-01,2026-07-31,112457.32,112457.32,Paid On Time,0
R00002429,L000195,21,2026-09-01,2026-08-30,112457.32,112457.32,Paid On Time,0
R00002430,L000196,1,2024-12-22,2024-12-22,165419.12,165419.12,Paid On Time,0
R00002431,L000196,2,2025-01-22,2025-01-20,165419.12,165419.12,Paid On Time,0
R00002432,L000196,3,2025-02-22,2025-02-20,165419.12,165419.12,Paid On Time,0
R00002433,L000196,4,2025-03-22,2025-03-22,165419.12,165419.12,Paid On Time,0
R00002434,L000196,5,2025-04-22,2025-04-20,165419.12,165419.12,Paid On Time,0
R00002435,L000196,6,2025-05-22,2025-05-20,165419.12,165419.12,Paid On Time,0
R00002436,L000196,7,2025-06-22,2025-06-21,165419.12,165419.12,Paid On Time,0
R00002437,L000196,8,2025-07-22,2025-07-20,165419.12,165419.12,Paid On Time,0
R00002438,L000196,9,2025-08-22,2025-08-22,165419.12,165419.12,Paid On Time,0
R00002439,L000196,10,2025-09-22,2025-10-11,165419.12,103880.56,Partial,19
R00002440,L000196,11,2025-10-22,,165419.12,0.0,Unpaid,120
R00002441,L000196,12,2025-11-22,2025-11-21,165419.12,165419.12,Paid On Time,0
R00002442,L000197,1,2025-01-19,2025-01-17,195476.42,195476.42,Paid On Time,0
R00002443,L000197,2,2025-02-19,2025-02-17,195476.42,195476.42,Paid On Time,0
R00002444,L000197,3,2025-03-19,2025-03-17,195476.42,195476.42,Paid On Time,0
R00002445,L000197,4,2025-04-19,2025-04-18,195476.42,195476.42,Paid On Time,0
R00002446,L000197,5,2025-05-19,2025-05-17,195476.42,195476.42,Paid On Time,0
R00002447,L000197,6,2025-06-19,2025-06-18,195476.42,195476.42,Paid On Time,0
R00002448,L000198,1,2025-03-28,2025-03-26,341164.62,341164.62,Paid On Time,0
R00002449,L000198,2,2025-04-28,2025-04-27,341164.62,341164.62,Paid On Time,0
R00002450,L000198,3,2025-05-28,2025-05-26,341164.62,341164.62,Paid On Time,0
R00002451,L000198,4,2025-06-28,2025-06-27,341164.62,341164.62,Paid On Time,0
R00002452,L000198,5,2025-07-28,2025-07-26,341164.62,341164.62,Paid On Time,0
R00002453,L000198,6,2025-08-28,2025-08-28,341164.62,341164.62,Paid On Time,0
R00002454,L000198,7,2025-09-28,2025-09-28,341164.62,341164.62,Paid On Time,0
R00002455,L000198,8,2025-10-28,,341164.62,0.0,Unpaid,120
R00002456,L000198,9,2025-11-28,2025-11-28,341164.62,341164.62,Paid On Time,0
R00002457,L000198,10,2025-12-28,,341164.62,0.0,Unpaid,90
R00002458,L000198,11,2026-01-28,2026-01-27,341164.62,341164.62,Paid On Time,0
R00002459,L000198,12,2026-02-28,2026-02-28,341164.62,341164.62,Paid On Time,0
R00002460,L000199,1,2026-08-12,2026-08-12,70627.16,70627.16,Paid On Time,0
R00002461,L000199,2,2026-09-12,2026-09-10,70627.16,70627.16,Paid On Time,0
R00002462,L000200,1,2025-08-04,2025-08-02,1454990.24,1454990.24,Paid On Time,0
R00002463,L000200,2,2025-09-04,2025-09-03,1454990.24,1454990.24,Paid On Time,0
R00002464,L000200,3,2025-10-04,2025-10-04,1454990.24,1454990.24,Paid On Time,0
R00002465,L000200,4,2025-11-04,2025-11-06,1454990.24,1454990.24,Paid Late,2
R00002466,L000200,5,2025-12-04,2025-12-02,1454990.24,1454990.24,Paid On Time,0
R00002467,L000200,6,2026-01-04,2026-01-04,1454990.24,1454990.24,Paid On Time,0
R00002468,L000201,1,2024-08-18,2024-08-17,72009.89,72009.89,Paid On Time,0
R00002469,L000201,2,2024-09-18,2024-09-16,72009.89,72009.89,Paid On Time,0
R00002470,L000201,3,2024-10-18,2024-10-16,72009.89,72009.89,Paid On Time,0
R00002471,L000201,4,2024-11-18,2024-11-18,72009.89,72009.89,Paid On Time,0
R00002472,L000201,5,2024-12-18,2024-12-16,72009.89,72009.89,Paid On Time,0
R00002473,L000201,6,2025-01-18,2025-01-17,72009.89,72009.89,Paid On Time,0
R00002474,L000201,7,2025-02-18,2025-02-18,72009.89,72009.89,Paid On Time,0
R00002475,L000201,8,2025-03-18,2025-03-17,72009.89,72009.89,Paid On Time,0
R00002476,L000201,9,2025-04-18,2025-04-18,72009.89,72009.89,Paid On Time,0
R00002477,L000201,10,2025-05-18,2025-05-17,72009.89,72009.89,Paid On Time,0
R00002478,L000201,11,2025-06-18,2025-06-23,72009.89,72009.89,Paid Late,5
R00002479,L000201,12,2025-07-18,2025-07-18,72009.89,72009.89,Paid On Time,0
R00002480,L000202,1,2026-03-11,2026-03-10,220994.68,220994.68,Paid On Time,0
R00002481,L000202,2,2026-04-11,2026-04-11,220994.68,220994.68,Paid On Time,0
R00002482,L000202,3,2026-05-11,2026-06-13,220994.68,93148.8,Partial,33
R00002483,L000202,4,2026-06-11,2026-06-10,220994.68,220994.68,Paid On Time,0
R00002484,L000202,5,2026-07-11,2026-07-10,220994.68,220994.68,Paid On Time,0
R00002485,L000202,6,2026-08-11,,220994.68,0.0,Unpaid,30
R00002486,L000202,7,2026-09-11,2026-09-10,220994.68,220994.68,Paid On Time,0
R00002487,L000203,1,2026-06-10,2026-07-04,1559616.31,580951.55,Partial,24
R00002488,L000203,2,2026-07-10,2026-07-08,1559616.31,1559616.31,Paid On Time,0
R00002489,L000203,3,2026-08-10,2026-08-29,1559616.31,1559616.31,Paid Late,19
R00002490,L000203,4,2026-09-10,2026-09-26,1559616.31,1559616.31,Paid Late,16
R00002491,L000204,1,2026-01-19,2026-02-07,24421.22,24421.22,Paid Late,19
R00002492,L000204,2,2026-02-19,2026-02-17,24421.22,24421.22,Paid On Time,0
R00002493,L000204,3,2026-03-19,2026-04-13,24421.22,24421.22,Paid Late,25
R00002494,L000204,4,2026-04-19,2026-05-05,24421.22,15376.98,Partial,16
R00002495,L000204,5,2026-05-19,2026-05-18,24421.22,24421.22,Paid On Time,0
R00002496,L000204,6,2026-06-19,2026-06-19,24421.22,24421.22,Paid On Time,0
R00002497,L000204,7,2026-07-19,2026-07-18,24421.22,24421.22,Paid On Time,0
R00002498,L000204,8,2026-08-19,2026-08-17,24421.22,24421.22,Paid On Time,0
R00002499,L000204,9,2026-09-19,2026-09-19,24421.22,24421.22,Paid On Time,0
R00002500,L000205,1,2026-01-13,2026-01-11,194451.25,194451.25,Paid On Time,0
R00002501,L000205,2,2026-02-13,2026-02-13,194451.25,194451.25,Paid On Time,0
R00002502,L000205,3,2026-03-13,2026-03-12,194451.25,194451.25,Paid On Time,0
R00002503,L000205,4,2026-04-13,2026-04-11,194451.25,194451.25,Paid On Time,0
R00002504,L000205,5,2026-05-13,2026-05-13,194451.25,194451.25,Paid On Time,0
R00002505,L000205,6,2026-06-13,2026-06-11,194451.25,194451.25,Paid On Time,0
R00002506,L000206,1,2026-08-24,2026-08-27,118385.57,118385.57,Paid Late,3
R00002507,L000206,2,2026-09-24,2026-09-23,118385.57,118385.57,Paid On Time,0
R00002508,L000207,1,2025-07-26,2025-07-24,2124551.78,2124551.78,Paid On Time,0
R00002509,L000207,2,2025-08-26,2025-08-25,2124551.78,2124551.78,Paid On Time,0
R00002510,L000207,3,2025-09-26,2025-09-26,2124551.78,2124551.78,Paid On Time,0
R00002511,L000207,4,2025-10-26,2025-10-26,2124551.78,2124551.78,Paid On Time,0
R00002512,L000207,5,2025-11-26,2025-11-26,2124551.78,2124551.78,Paid On Time,0
R00002513,L000207,6,2025-12-26,2025-12-25,2124551.78,2124551.78,Paid On Time,0
R00002514,L000207,7,2026-01-26,2026-01-24,2124551.78,2124551.78,Paid On Time,0
R00002515,L000207,8,2026-02-26,2026-02-25,2124551.78,2124551.78,Paid On Time,0
R00002516,L000207,9,2026-03-26,2026-03-24,2124551.78,2124551.78,Paid On Time,0
R00002517,L000207,10,2026-04-26,2026-04-26,2124551.78,2124551.78,Paid On Time,0
R00002518,L000207,11,2026-05-26,2026-06-03,2124551.78,2124551.78,Paid Late,8
R00002519,L000207,12,2026-06-26,2026-06-26,2124551.78,2124551.78,Paid On Time,0
R00002520,L000208,1,2025-06-20,2025-06-18,184133.38,184133.38,Paid On Time,0
R00002521,L000208,2,2025-07-20,2025-07-31,184133.38,184133.38,Paid Late,11
R00002522,L000208,3,2025-08-20,2025-08-20,184133.38,184133.38,Paid On Time,0
R00002523,L000208,4,2025-09-20,2025-09-19,184133.38,184133.38,Paid On Time,0
R00002524,L000208,5,2025-10-20,2025-10-20,184133.38,184133.38,Paid On Time,0
R00002525,L000208,6,2025-11-20,2025-11-19,184133.38,184133.38,Paid On Time,0
R00002526,L000208,7,2025-12-20,2025-12-20,184133.38,184133.38,Paid On Time,0
R00002527,L000208,8,2026-01-20,2026-01-20,184133.38,184133.38,Paid On Time,0
R00002528,L000208,9,2026-02-20,2026-02-19,184133.38,184133.38,Paid On Time,0
R00002529,L000208,10,2026-03-20,2026-03-18,184133.38,184133.38,Paid On Time,0
R00002530,L000208,11,2026-04-20,2026-04-18,184133.38,184133.38,Paid On Time,0
R00002531,L000208,12,2026-05-20,2026-05-19,184133.38,184133.38,Paid On Time,0
R00002532,L000208,13,2026-06-20,2026-06-18,184133.38,184133.38,Paid On Time,0
R00002533,L000208,14,2026-07-20,2026-07-19,184133.38,184133.38,Paid On Time,0
R00002534,L000208,15,2026-08-20,2026-09-06,184133.38,144422.41,Partial,17
R00002535,L000208,16,2026-09-20,2026-09-18,184133.38,184133.38,Paid On Time,0
R00002536,L000210,1,2026-09-03,2026-09-05,229051.19,229051.19,Paid Late,2
R00002537,L000211,1,2026-06-07,2026-06-12,300817.22,300817.22,Paid Late,5
R00002538,L000211,2,2026-07-07,2026-07-11,300817.22,300817.22,Paid Late,4
R00002539,L000211,3,2026-08-07,2026-08-05,300817.22,300817.22,Paid On Time,0
R00002540,L000211,4,2026-09-07,2026-09-06,300817.22,300817.22,Paid On Time,0
R00002541,L000212,1,2024-06-19,2024-06-17,102096.19,102096.19,Paid On Time,0
R00002542,L000212,2,2024-07-19,2024-07-19,102096.19,102096.19,Paid On Time,0
R00002543,L000212,3,2024-08-19,2024-08-18,102096.19,102096.19,Paid On Time,0
R00002544,L000212,4,2024-09-19,2024-09-17,102096.19,102096.19,Paid On Time,0
R00002545,L000212,5,2024-10-19,2024-10-19,102096.19,102096.19,Paid On Time,0
R00002546,L000212,6,2024-11-19,2024-11-17,102096.19,102096.19,Paid On Time,0
R00002547,L000212,7,2024-12-19,2024-12-20,102096.19,102096.19,Paid Late,1
R00002548,L000212,8,2025-01-19,2025-01-19,102096.19,102096.19,Paid On Time,0
R00002549,L000212,9,2025-02-19,2025-02-19,102096.19,102096.19,Paid On Time,0
R00002550,L000212,10,2025-03-19,2025-05-03,102096.19,46805.81,Partial,45
R00002551,L000212,11,2025-04-19,2025-04-17,102096.19,102096.19,Paid On Time,0
R00002552,L000212,12,2025-05-19,2025-05-19,102096.19,102096.19,Paid On Time,0
R00002553,L000213,1,2024-09-13,2024-09-12,603333.33,603333.33,Paid On Time,0
R00002554,L000213,2,2024-10-13,2024-10-12,603333.33,603333.33,Paid On Time,0
R00002555,L000213,3,2024-11-13,2024-11-12,603333.33,603333.33,Paid On Time,0
R00002556,L000213,4,2024-12-13,2024-12-12,603333.33,603333.33,Paid On Time,0
R00002557,L000213,5,2025-01-13,2025-01-13,603333.33,603333.33,Paid On Time,0
R00002558,L000213,6,2025-02-13,2025-02-11,603333.33,603333.33,Paid On Time,0
R00002559,L000213,7,2025-03-13,2025-03-12,603333.33,603333.33,Paid On Time,0
R00002560,L000213,8,2025-04-13,2025-05-21,603333.33,399577.99,Partial,38
R00002561,L000213,9,2025-05-13,2025-05-13,603333.33,603333.33,Paid On Time,0
R00002562,L000213,10,2025-06-13,2025-06-11,603333.33,603333.33,Paid On Time,0
R00002563,L000213,11,2025-07-13,2025-07-13,603333.33,603333.33,Paid On Time,0
R00002564,L000213,12,2025-08-13,2025-08-13,603333.33,603333.33,Paid On Time,0
R00002565,L000213,13,2025-09-13,2025-09-13,603333.33,603333.33,Paid On Time,0
R00002566,L000213,14,2025-10-13,2025-10-12,603333.33,603333.33,Paid On Time,0
R00002567,L000213,15,2025-11-13,,603333.33,0.0,Unpaid,60
R00002568,L000213,16,2025-12-13,2025-12-13,603333.33,603333.33,Paid On Time,0
R00002569,L000213,17,2026-01-13,2026-01-12,603333.33,603333.33,Paid On Time,0
R00002570,L000213,18,2026-02-13,2026-02-12,603333.33,603333.33,Paid On Time,0
R00002571,L000214,1,2026-08-21,2026-08-19,242268.25,242268.25,Paid On Time,0
R00002572,L000214,2,2026-09-21,2026-09-21,242268.25,242268.25,Paid On Time,0
R00002573,L000215,1,2025-09-19,2025-10-07,324512.84,189689.64,Partial,18
R00002574,L000215,2,2025-10-19,2025-10-19,324512.84,324512.84,Paid On Time,0
R00002575,L000215,3,2025-11-19,2025-11-27,324512.84,324512.84,Paid Late,8
R00002576,L000215,4,2025-12-19,2026-01-09,324512.84,324512.84,Paid Late,21
R00002577,L000215,5,2026-01-19,2026-02-03,324512.84,117165.8,Partial,15
R00002578,L000215,6,2026-02-19,2026-03-31,324512.84,146652.58,Partial,40
R00002579,L000215,7,2026-03-19,2026-03-17,324512.84,324512.84,Paid On Time,0
R00002580,L000215,8,2026-04-19,2026-04-18,324512.84,324512.84,Paid On Time,0
R00002581,L000215,9,2026-05-19,,324512.84,0.0,Unpaid,90
R00002582,L000215,10,2026-06-19,2026-08-16,324512.84,156729.74,Partial,58
R00002583,L000215,11,2026-07-19,2026-08-16,324512.84,324512.84,Paid Late,28
R00002584,L000215,12,2026-08-19,2026-08-18,324512.84,324512.84,Paid On Time,0
R00002585,L000215,13,2026-09-19,2026-10-02,324512.84,324512.84,Paid Late,13
R00002586,L000216,1,2026-07-05,2026-07-05,79911.53,79911.53,Paid On Time,0
R00002587,L000216,2,2026-08-05,,79911.53,0.0,Unpaid,56
R00002588,L000216,3,2026-09-05,2026-09-03,79911.53,79911.53,Paid On Time,0
R00002589,L000217,1,2024-12-22,2024-12-22,1178175.94,1178175.94,Paid On Time,0
R00002590,L000217,2,2025-01-22,2025-01-22,1178175.94,1178175.94,Paid On Time,0
R00002591,L000217,3,2025-02-22,,1178175.94,0.0,Unpaid,90
R00002592,L000217,4,2025-03-22,2025-03-21,1178175.94,1178175.94,Paid On Time,0
R00002593,L000217,5,2025-04-22,2025-04-20,1178175.94,1178175.94,Paid On Time,0
R00002594,L000217,6,2025-05-22,2025-06-07,1178175.94,1178175.94,Paid Late,16
R00002595,L000218,1,2024-07-08,2024-07-08,386019.67,386019.67,Paid On Time,0
R00002596,L000218,2,2024-08-08,2024-08-06,386019.67,386019.67,Paid On Time,0
R00002597,L000218,3,2024-09-08,2024-09-26,386019.67,386019.67,Paid Late,18
R00002598,L000218,4,2024-10-08,2024-10-23,386019.67,386019.67,Paid Late,15
R00002599,L000218,5,2024-11-08,2024-11-08,386019.67,386019.67,Paid On Time,0
R00002600,L000218,6,2024-12-08,2024-12-08,386019.67,386019.67,Paid On Time,0
R00002601,L000218,7,2025-01-08,2025-01-06,386019.67,386019.67,Paid On Time,0
R00002602,L000218,8,2025-02-08,2025-02-07,386019.67,386019.67,Paid On Time,0
R00002603,L000218,9,2025-03-08,2025-03-08,386019.67,386019.67,Paid On Time,0
R00002604,L000218,10,2025-04-08,2025-04-07,386019.67,386019.67,Paid On Time,0
R00002605,L000218,11,2025-05-08,2025-05-06,386019.67,386019.67,Paid On Time,0
R00002606,L000218,12,2025-06-08,2025-06-06,386019.67,386019.67,Paid On Time,0
R00002607,L000218,13,2025-07-08,2025-07-08,386019.67,386019.67,Paid On Time,0
R00002608,L000218,14,2025-08-08,2025-08-08,386019.67,386019.67,Paid On Time,0
R00002609,L000218,15,2025-09-08,2025-09-06,386019.67,386019.67,Paid On Time,0
R00002610,L000218,16,2025-10-08,2025-10-06,386019.67,386019.67,Paid On Time,0
R00002611,L000218,17,2025-11-08,2025-11-06,386019.67,386019.67,Paid On Time,0
R00002612,L000218,18,2025-12-08,2025-12-06,386019.67,386019.67,Paid On Time,0
R00002613,L000218,19,2026-01-08,2026-01-08,386019.67,386019.67,Paid On Time,0
R00002614,L000218,20,2026-02-08,,386019.67,0.0,Unpaid,120
R00002615,L000218,21,2026-03-08,2026-03-07,386019.67,386019.67,Paid On Time,0
R00002616,L000218,22,2026-04-08,2026-04-23,386019.67,386019.67,Paid Late,15
R00002617,L000218,23,2026-05-08,2026-05-07,386019.67,386019.67,Paid On Time,0
R00002618,L000218,24,2026-06-08,2026-06-12,386019.67,386019.67,Paid Late,4
R00002619,L000219,1,2024-11-12,2024-11-10,134073.31,134073.31,Paid On Time,0
R00002620,L000219,2,2024-12-12,2024-12-10,134073.31,134073.31,Paid On Time,0
R00002621,L000219,3,2025-01-12,2025-01-10,134073.31,134073.31,Paid On Time,0
R00002622,L000219,4,2025-02-12,2025-02-12,134073.31,134073.31,Paid On Time,0
R00002623,L000219,5,2025-03-12,2025-03-12,134073.31,134073.31,Paid On Time,0
R00002624,L000219,6,2025-04-12,2025-04-12,134073.31,134073.31,Paid On Time,0
R00002625,L000219,7,2025-05-12,2025-05-11,134073.31,134073.31,Paid On Time,0
R00002626,L000219,8,2025-06-12,2025-06-10,134073.31,134073.31,Paid On Time,0
R00002627,L000219,9,2025-07-12,2025-07-12,134073.31,134073.31,Paid On Time,0
R00002628,L000219,10,2025-08-12,2025-08-12,134073.31,134073.31,Paid On Time,0
R00002629,L000219,11,2025-09-12,2025-09-11,134073.31,134073.31,Paid On Time,0
R00002630,L000219,12,2025-10-12,2025-10-12,134073.31,134073.31,Paid On Time,0
R00002631,L000220,1,2025-12-06,2025-12-04,557468.06,557468.06,Paid On Time,0
R00002632,L000220,2,2026-01-06,2026-01-06,557468.06,557468.06,Paid On Time,0
R00002633,L000220,3,2026-02-06,2026-02-05,557468.06,557468.06,Paid On Time,0
R00002634,L000220,4,2026-03-06,,557468.06,0.0,Unpaid,90
R00002635,L000220,5,2026-04-06,2026-04-06,557468.06,557468.06,Paid On Time,0
R00002636,L000220,6,2026-05-06,2026-05-06,557468.06,557468.06,Paid On Time,0
R00002637,L000220,7,2026-06-06,2026-06-04,557468.06,557468.06,Paid On Time,0
R00002638,L000220,8,2026-07-06,2026-07-04,557468.06,557468.06,Paid On Time,0
R00002639,L000220,9,2026-08-06,2026-08-04,557468.06,557468.06,Paid On Time,0
R00002640,L000220,10,2026-09-06,2026-09-05,557468.06,557468.06,Paid On Time,0
R00002641,L000221,1,2026-03-15,2026-03-15,1311708.15,1311708.15,Paid On Time,0
R00002642,L000221,2,2026-04-15,2026-04-14,1311708.15,1311708.15,Paid On Time,0
R00002643,L000221,3,2026-05-15,2026-06-09,1311708.15,1311708.15,Paid Late,25
R00002644,L000221,4,2026-06-15,2026-06-13,1311708.15,1311708.15,Paid On Time,0
R00002645,L000221,5,2026-07-15,2026-08-11,1311708.15,1311708.15,Paid Late,27
R00002646,L000221,6,2026-08-15,2026-08-14,1311708.15,1311708.15,Paid On Time,0
R00002647,L000221,7,2026-09-15,2026-09-30,1311708.15,758984.85,Partial,59
R00002648,L000222,1,2024-02-24,2024-02-23,221412.54,221412.54,Paid On Time,0
R00002649,L000222,2,2024-03-24,2024-03-22,221412.54,221412.54,Paid On Time,0
R00002650,L000222,3,2024-04-24,2024-04-22,221412.54,221412.54,Paid On Time,0
R00002651,L000222,4,2024-05-24,2024-05-23,221412.54,221412.54,Paid On Time,0
R00002652,L000222,5,2024-06-24,2024-06-24,221412.54,221412.54,Paid On Time,0
R00002653,L000222,6,2024-07-24,2024-07-22,221412.54,221412.54,Paid On Time,0
R00002654,L000222,7,2024-08-24,2024-08-23,221412.54,221412.54,Paid On Time,0
R00002655,L000222,8,2024-09-24,2024-10-07,221412.54,116981.17,Partial,13
R00002656,L000222,9,2024-10-24,2024-10-22,221412.54,221412.54,Paid On Time,0
R00002657,L000222,10,2024-11-24,2024-11-23,221412.54,221412.54,Paid On Time,0
R00002658,L000222,11,2024-12-24,2024-12-27,221412.54,221412.54,Paid Late,3
R00002659,L000222,12,2025-01-24,2025-01-22,221412.54,221412.54,Paid On Time,0
R00002660,L000222,13,2025-02-24,2025-02-23,221412.54,221412.54,Paid On Time,0
R00002661,L000222,14,2025-03-24,2025-03-23,221412.54,221412.54,Paid On Time,0
R00002662,L000222,15,2025-04-24,2025-04-23,221412.54,221412.54,Paid On Time,0
R00002663,L000222,16,2025-05-24,2025-05-24,221412.54,221412.54,Paid On Time,0
R00002664,L000222,17,2025-06-24,2025-06-23,221412.54,221412.54,Paid On Time,0
R00002665,L000222,18,2025-07-24,2025-09-03,221412.54,139002.44,Partial,41
R00002666,L000222,19,2025-08-24,2025-08-22,221412.54,221412.54,Paid On Time,0
R00002667,L000222,20,2025-09-24,2025-09-23,221412.54,221412.54,Paid On Time,0
R00002668,L000222,21,2025-10-24,2025-10-23,221412.54,221412.54,Paid On Time,0
R00002669,L000222,22,2025-11-24,2025-12-17,221412.54,221412.54,Paid Late,23
R00002670,L000222,23,2025-12-24,2026-01-27,221412.54,99451.3,Partial,34
R00002671,L000222,24,2026-01-24,2026-01-24,221412.54,221412.54,Paid On Time,0
R00002672,L000223,1,2025-09-09,2025-09-09,465502.86,465502.86,Paid On Time,0
R00002673,L000223,2,2025-10-09,2025-10-08,465502.86,465502.86,Paid On Time,0
R00002674,L000223,3,2025-11-09,2025-11-07,465502.86,465502.86,Paid On Time,0
R00002675,L000223,4,2025-12-09,2025-12-09,465502.86,465502.86,Paid On Time,0
R00002676,L000223,5,2026-01-09,2026-01-09,465502.86,465502.86,Paid On Time,0
R00002677,L000223,6,2026-02-09,2026-02-09,465502.86,465502.86,Paid On Time,0
R00002678,L000223,7,2026-03-09,2026-03-09,465502.86,465502.86,Paid On Time,0
R00002679,L000223,8,2026-04-09,2026-04-09,465502.86,465502.86,Paid On Time,0
R00002680,L000223,9,2026-05-09,2026-05-07,465502.86,465502.86,Paid On Time,0
R00002681,L000223,10,2026-06-09,2026-06-08,465502.86,465502.86,Paid On Time,0
R00002682,L000223,11,2026-07-09,2026-07-08,465502.86,465502.86,Paid On Time,0
R00002683,L000223,12,2026-08-09,,465502.86,0.0,Unpaid,52
R00002684,L000223,13,2026-09-09,2026-09-30,465502.86,213929.48,Partial,34
R00002685,L000224,1,2024-11-28,2024-11-27,285247.68,285247.68,Paid On Time,0
R00002686,L000224,2,2024-12-28,2024-12-27,285247.68,285247.68,Paid On Time,0
R00002687,L000224,3,2025-01-28,2025-01-27,285247.68,285247.68,Paid On Time,0
R00002688,L000224,4,2025-02-28,2025-03-05,285247.68,285247.68,Paid Late,5
R00002689,L000224,5,2025-03-28,2025-04-08,285247.68,285247.68,Paid Late,11
R00002690,L000224,6,2025-04-28,2025-04-26,285247.68,285247.68,Paid On Time,0
R00002691,L000224,7,2025-05-28,2025-05-26,285247.68,285247.68,Paid On Time,0
R00002692,L000224,8,2025-06-28,,285247.68,0.0,Unpaid,90
R00002693,L000224,9,2025-07-28,2025-07-26,285247.68,285247.68,Paid On Time,0
R00002694,L000224,10,2025-08-28,,285247.68,0.0,Unpaid,60
R00002695,L000224,11,2025-09-28,2025-09-26,285247.68,285247.68,Paid On Time,0
R00002696,L000224,12,2025-10-28,2025-10-26,285247.68,285247.68,Paid On Time,0
R00002697,L000224,13,2025-11-28,2025-11-26,285247.68,285247.68,Paid On Time,0
R00002698,L000224,14,2025-12-28,2026-01-24,285247.68,285247.68,Paid Late,27
R00002699,L000224,15,2026-01-28,2026-02-11,285247.68,285247.68,Paid Late,14
R00002700,L000224,16,2026-02-28,2026-02-28,285247.68,285247.68,Paid On Time,0
R00002701,L000224,17,2026-03-28,,285247.68,0.0,Unpaid,90
R00002702,L000224,18,2026-04-28,2026-04-26,285247.68,285247.68,Paid On Time,0
R00002703,L000224,19,2026-05-28,2026-06-18,285247.68,285247.68,Paid Late,21
R00002704,L000224,20,2026-06-28,2026-07-01,285247.68,285247.68,Paid Late,3
R00002705,L000224,21,2026-07-28,2026-07-28,285247.68,285247.68,Paid On Time,0
R00002706,L000224,22,2026-08-28,2026-08-28,285247.68,285247.68,Paid On Time,0
R00002707,L000224,23,2026-09-28,2026-09-28,285247.68,285247.68,Paid On Time,0
R00002708,L000225,1,2025-01-12,2025-01-27,92911.59,92911.59,Paid Late,15
R00002709,L000225,2,2025-02-12,2025-02-12,92911.59,92911.59,Paid On Time,0
R00002710,L000225,3,2025-03-12,2025-03-11,92911.59,92911.59,Paid On Time,0
R00002711,L000225,4,2025-04-12,2025-05-19,92911.59,42504.03,Partial,37
R00002712,L000225,5,2025-05-12,2025-05-12,92911.59,92911.59,Paid On Time,0
R00002713,L000225,6,2025-06-12,2025-06-10,92911.59,92911.59,Paid On Time,0
R00002714,L000225,7,2025-07-12,2025-08-11,92911.59,92911.59,Paid Late,30
R00002715,L000225,8,2025-08-12,2025-09-11,92911.59,60508.94,Partial,30
R00002716,L000225,9,2025-09-12,2025-09-11,92911.59,92911.59,Paid On Time,0
R00002717,L000225,10,2025-10-12,2025-10-11,92911.59,92911.59,Paid On Time,0
R00002718,L000225,11,2025-11-12,2025-11-12,92911.59,92911.59,Paid On Time,0
R00002719,L000225,12,2025-12-12,2025-12-11,92911.59,92911.59,Paid On Time,0
R00002720,L000225,13,2026-01-12,2026-02-08,92911.59,35094.41,Partial,27
R00002721,L000225,14,2026-02-12,2026-02-24,92911.59,92911.59,Paid Late,12
R00002722,L000225,15,2026-03-12,2026-03-11,92911.59,92911.59,Paid On Time,0
R00002723,L000225,16,2026-04-12,2026-04-19,92911.59,92911.59,Paid Late,7
R00002724,L000225,17,2026-05-12,2026-05-10,92911.59,92911.59,Paid On Time,0
R00002725,L000225,18,2026-06-12,,92911.59,0.0,Unpaid,90
R00002726,L000225,19,2026-07-12,2026-07-11,92911.59,92911.59,Paid On Time,0
R00002727,L000225,20,2026-08-12,2026-08-12,92911.59,92911.59,Paid On Time,0
R00002728,L000225,21,2026-09-12,2026-09-18,92911.59,92911.59,Paid Late,6
R00002729,L000226,1,2025-03-25,2025-04-21,302245.9,302245.9,Paid Late,27
R00002730,L000226,2,2025-04-25,2025-04-23,302245.9,302245.9,Paid On Time,0
R00002731,L000226,3,2025-05-25,2025-05-23,302245.9,302245.9,Paid On Time,0
R00002732,L000226,4,2025-06-25,2025-07-31,302245.9,149382.62,Partial,36
R00002733,L000226,5,2025-07-25,2025-07-24,302245.9,302245.9,Paid On Time,0
R00002734,L000226,6,2025-08-25,2025-08-25,302245.9,302245.9,Paid On Time,0
R00002735,L000226,7,2025-09-25,2025-09-25,302245.9,302245.9,Paid On Time,0
R00002736,L000226,8,2025-10-25,2025-10-24,302245.9,302245.9,Paid On Time,0
R00002737,L000226,9,2025-11-25,2025-11-25,302245.9,302245.9,Paid On Time,0
R00002738,L000226,10,2025-12-25,2025-12-23,302245.9,302245.9,Paid On Time,0
R00002739,L000226,11,2026-01-25,2026-01-24,302245.9,302245.9,Paid On Time,0
R00002740,L000226,12,2026-02-25,2026-03-22,302245.9,302245.9,Paid Late,25
R00002741,L000227,1,2025-07-07,,155354.65,0.0,Unpaid,120
R00002742,L000227,2,2025-08-07,2025-08-26,155354.65,155354.65,Paid Late,19
R00002743,L000227,3,2025-09-07,,155354.65,0.0,Unpaid,30
R00002744,L000227,4,2025-10-07,,155354.65,0.0,Unpaid,120
R00002745,L000227,5,2025-11-07,2025-11-05,155354.65,155354.65,Paid On Time,0
R00002746,L000227,6,2025-12-07,2025-12-06,155354.65,155354.65,Paid On Time,0
R00002747,L000228,1,2026-05-22,2026-05-22,108677.26,108677.26,Paid On Time,0
R00002748,L000228,2,2026-06-22,2026-06-20,108677.26,108677.26,Paid On Time,0
R00002749,L000228,3,2026-07-22,2026-07-20,108677.26,108677.26,Paid On Time,0
R00002750,L000228,4,2026-08-22,2026-08-20,108677.26,108677.26,Paid On Time,0
R00002751,L000228,5,2026-09-22,2026-09-21,108677.26,108677.26,Paid On Time,0
R00002752,L000229,1,2024-02-26,2024-02-26,2181897.49,2181897.49,Paid On Time,0
R00002753,L000229,2,2024-03-26,2024-03-24,2181897.49,2181897.49,Paid On Time,0
R00002754,L000229,3,2024-04-26,2024-04-25,2181897.49,2181897.49,Paid On Time,0
R00002755,L000229,4,2024-05-26,2024-05-26,2181897.49,2181897.49,Paid On Time,0
R00002756,L000229,5,2024-06-26,2024-07-10,2181897.49,2181897.49,Paid Late,14
R00002757,L000229,6,2024-07-26,2024-07-24,2181897.49,2181897.49,Paid On Time,0
R00002758,L000229,7,2024-08-26,2024-08-25,2181897.49,2181897.49,Paid On Time,0
R00002759,L000229,8,2024-09-26,2024-09-24,2181897.49,2181897.49,Paid On Time,0
R00002760,L000229,9,2024-10-26,2024-10-25,2181897.49,2181897.49,Paid On Time,0
R00002761,L000229,10,2024-11-26,2024-11-25,2181897.49,2181897.49,Paid On Time,0
R00002762,L000229,11,2024-12-26,2025-01-23,2181897.49,2181897.49,Paid Late,28
R00002763,L000229,12,2025-01-26,2025-01-26,2181897.49,2181897.49,Paid On Time,0
R00002764,L000230,1,2024-06-18,2024-06-18,81433.99,81433.99,Paid On Time,0
R00002765,L000230,2,2024-07-18,2024-07-17,81433.99,81433.99,Paid On Time,0
R00002766,L000230,3,2024-08-18,2024-09-09,81433.99,81433.99,Paid Late,22
R00002767,L000230,4,2024-09-18,2024-09-16,81433.99,81433.99,Paid On Time,0
R00002768,L000230,5,2024-10-18,2024-10-27,81433.99,81433.99,Paid Late,9
R00002769,L000230,6,2024-11-18,2024-11-16,81433.99,81433.99,Paid On Time,0
R00002770,L000230,7,2024-12-18,2024-12-17,81433.99,81433.99,Paid On Time,0
R00002771,L000230,8,2025-01-18,2025-01-17,81433.99,81433.99,Paid On Time,0
R00002772,L000230,9,2025-02-18,,81433.99,0.0,Unpaid,120
R00002773,L000230,10,2025-03-18,2025-03-17,81433.99,81433.99,Paid On Time,0
R00002774,L000230,11,2025-04-18,2025-04-18,81433.99,81433.99,Paid On Time,0
R00002775,L000230,12,2025-05-18,2025-05-16,81433.99,81433.99,Paid On Time,0
R00002776,L000230,13,2025-06-18,2025-06-18,81433.99,81433.99,Paid On Time,0
R00002777,L000230,14,2025-07-18,2025-07-17,81433.99,81433.99,Paid On Time,0
R00002778,L000230,15,2025-08-18,2025-08-16,81433.99,81433.99,Paid On Time,0
R00002779,L000230,16,2025-09-18,2025-09-17,81433.99,81433.99,Paid On Time,0
R00002780,L000230,17,2025-10-18,2025-10-18,81433.99,81433.99,Paid On Time,0
R00002781,L000230,18,2025-11-18,2025-11-16,81433.99,81433.99,Paid On Time,0
R00002782,L000230,19,2025-12-18,2025-12-16,81433.99,81433.99,Paid On Time,0
R00002783,L000230,20,2026-01-18,2026-01-18,81433.99,81433.99,Paid On Time,0
R00002784,L000230,21,2026-02-18,2026-02-16,81433.99,81433.99,Paid On Time,0
R00002785,L000230,22,2026-03-18,2026-03-16,81433.99,81433.99,Paid On Time,0
R00002786,L000230,23,2026-04-18,2026-04-16,81433.99,81433.99,Paid On Time,0
R00002787,L000230,24,2026-05-18,2026-05-18,81433.99,81433.99,Paid On Time,0
R00002788,L000230,25,2026-06-18,2026-06-18,81433.99,81433.99,Paid On Time,0
R00002789,L000230,26,2026-07-18,2026-08-07,81433.99,81433.99,Paid Late,20
R00002790,L000230,27,2026-08-18,2026-08-16,81433.99,81433.99,Paid On Time,0
R00002791,L000230,28,2026-09-18,2026-09-30,81433.99,35905.59,Partial,23
R00002792,L000232,1,2025-03-24,2025-03-25,256254.03,256254.03,Paid Late,1
R00002793,L000232,2,2025-04-24,2025-04-24,256254.03,256254.03,Paid On Time,0
R00002794,L000232,3,2025-05-24,2025-05-22,256254.03,256254.03,Paid On Time,0
R00002795,L000232,4,2025-06-24,2025-06-22,256254.03,256254.03,Paid On Time,0
R00002796,L000232,5,2025-07-24,2025-07-24,256254.03,256254.03,Paid On Time,0
R00002797,L000232,6,2025-08-24,2025-08-23,256254.03,256254.03,Paid On Time,0
R00002798,L000232,7,2025-09-24,2025-09-22,256254.03,256254.03,Paid On Time,0
R00002799,L000232,8,2025-10-24,2025-10-22,256254.03,256254.03,Paid On Time,0
R00002800,L000232,9,2025-11-24,2025-11-24,256254.03,256254.03,Paid On Time,0
R00002801,L000232,10,2025-12-24,2025-12-24,256254.03,256254.03,Paid On Time,0
R00002802,L000232,11,2026-01-24,2026-01-24,256254.03,256254.03,Paid On Time,0
R00002803,L000232,12,2026-02-24,2026-03-01,256254.03,256254.03,Paid Late,5
R00002804,L000234,1,2025-09-24,2025-09-22,672424.83,672424.83,Paid On Time,0
R00002805,L000234,2,2025-10-24,2025-10-23,672424.83,672424.83,Paid On Time,0
R00002806,L000234,3,2025-11-24,2025-11-23,672424.83,672424.83,Paid On Time,0
R00002807,L000234,4,2025-12-24,2025-12-22,672424.83,672424.83,Paid On Time,0
R00002808,L000234,5,2026-01-24,2026-01-23,672424.83,672424.83,Paid On Time,0
R00002809,L000234,6,2026-02-24,2026-02-23,672424.83,672424.83,Paid On Time,0
R00002810,L000234,7,2026-03-24,2026-03-24,672424.83,672424.83,Paid On Time,0
R00002811,L000234,8,2026-04-24,2026-04-29,672424.83,672424.83,Paid Late,5
R00002812,L000234,9,2026-05-24,2026-05-23,672424.83,672424.83,Paid On Time,0
R00002813,L000234,10,2026-06-24,,672424.83,0.0,Unpaid,30
R00002814,L000234,11,2026-07-24,2026-07-22,672424.83,672424.83,Paid On Time,0
R00002815,L000234,12,2026-08-24,2026-08-23,672424.83,672424.83,Paid On Time,0
R00002816,L000234,13,2026-09-24,2026-09-23,672424.83,672424.83,Paid On Time,0
R00002817,L000235,1,2025-11-28,2025-11-26,46144.69,46144.69,Paid On Time,0
R00002818,L000235,2,2025-12-28,2026-01-18,46144.69,46144.69,Paid Late,21
R00002819,L000235,3,2026-01-28,2026-02-05,46144.69,46144.69,Paid Late,8
R00002820,L000235,4,2026-02-28,2026-03-26,46144.69,46144.69,Paid Late,26
R00002821,L000235,5,2026-03-28,2026-03-27,46144.69,46144.69,Paid On Time,0
R00002822,L000235,6,2026-04-28,2026-04-27,46144.69,46144.69,Paid On Time,0
R00002823,L000235,7,2026-05-28,2026-05-28,46144.69,46144.69,Paid On Time,0
R00002824,L000235,8,2026-06-28,2026-06-28,46144.69,46144.69,Paid On Time,0
R00002825,L000235,9,2026-07-28,2026-08-21,46144.69,46144.69,Paid Late,24
R00002826,L000235,10,2026-08-28,2026-08-26,46144.69,46144.69,Paid On Time,0
R00002827,L000235,11,2026-09-28,2026-09-26,46144.69,46144.69,Paid On Time,0
R00002828,L000236,1,2024-07-04,2024-07-03,38421.17,38421.17,Paid On Time,0
R00002829,L000236,2,2024-08-04,2024-08-04,38421.17,38421.17,Paid On Time,0
R00002830,L000236,3,2024-09-04,2024-09-04,38421.17,38421.17,Paid On Time,0
R00002831,L000236,4,2024-10-04,2024-10-04,38421.17,38421.17,Paid On Time,0
R00002832,L000236,5,2024-11-04,2024-11-03,38421.17,38421.17,Paid On Time,0
R00002833,L000236,6,2024-12-04,2024-12-24,38421.17,38421.17,Paid Late,20
R00002834,L000236,7,2025-01-04,2025-02-27,38421.17,21858.9,Partial,54
R00002835,L000236,8,2025-02-04,2025-02-03,38421.17,38421.17,Paid On Time,0
R00002836,L000236,9,2025-03-04,,38421.17,0.0,Unpaid,120
R00002837,L000236,10,2025-04-04,2025-04-04,38421.17,38421.17,Paid On Time,0
R00002838,L000236,11,2025-05-04,2025-05-03,38421.17,38421.17,Paid On Time,0
R00002839,L000236,12,2025-06-04,2025-06-04,38421.17,38421.17,Paid On Time,0
R00002840,L000236,13,2025-07-04,2025-07-04,38421.17,38421.17,Paid On Time,0
R00002841,L000236,14,2025-08-04,2025-08-04,38421.17,38421.17,Paid On Time,0
R00002842,L000236,15,2025-09-04,2025-09-13,38421.17,38421.17,Paid Late,9
R00002843,L000236,16,2025-10-04,2025-10-02,38421.17,38421.17,Paid On Time,0
R00002844,L000236,17,2025-11-04,2025-11-03,38421.17,38421.17,Paid On Time,0
R00002845,L000236,18,2025-12-04,2025-12-02,38421.17,38421.17,Paid On Time,0
R00002846,L000236,19,2026-01-04,2026-01-04,38421.17,38421.17,Paid On Time,0
R00002847,L000236,20,2026-02-04,2026-02-02,38421.17,38421.17,Paid On Time,0
R00002848,L000236,21,2026-03-04,2026-03-02,38421.17,38421.17,Paid On Time,0
R00002849,L000236,22,2026-04-04,2026-04-02,38421.17,38421.17,Paid On Time,0
R00002850,L000236,23,2026-05-04,2026-05-02,38421.17,38421.17,Paid On Time,0
R00002851,L000236,24,2026-06-04,2026-06-08,38421.17,38421.17,Paid Late,4
R00002852,L000236,25,2026-07-04,2026-07-03,38421.17,38421.17,Paid On Time,0
R00002853,L000236,26,2026-08-04,2026-09-07,38421.17,22814.33,Partial,34
R00002854,L000236,27,2026-09-04,2026-09-02,38421.17,38421.17,Paid On Time,0
R00002855,L000237,1,2026-07-18,2026-07-16,190156.84,190156.84,Paid On Time,0
R00002856,L000237,2,2026-08-18,2026-08-16,190156.84,190156.84,Paid On Time,0
R00002857,L000237,3,2026-09-18,2026-09-16,190156.84,190156.84,Paid On Time,0
R00002858,L000238,1,2024-10-09,2024-10-07,751976.15,751976.15,Paid On Time,0
R00002859,L000238,2,2024-11-09,2024-11-07,751976.15,751976.15,Paid On Time,0
R00002860,L000238,3,2024-12-09,2024-12-09,751976.15,751976.15,Paid On Time,0
R00002861,L000238,4,2025-01-09,2025-01-08,751976.15,751976.15,Paid On Time,0
R00002862,L000238,5,2025-02-09,2025-03-03,751976.15,751976.15,Paid Late,22
R00002863,L000238,6,2025-03-09,2025-03-11,751976.15,751976.15,Paid Late,2
R00002864,L000238,7,2025-04-09,2025-04-08,751976.15,751976.15,Paid On Time,0
R00002865,L000238,8,2025-05-09,2025-05-19,751976.15,751976.15,Paid Late,10
R00002866,L000238,9,2025-06-09,,751976.15,0.0,Unpaid,30
R00002867,L000238,10,2025-07-09,2025-07-08,751976.15,751976.15,Paid On Time,0
R00002868,L000238,11,2025-08-09,2025-08-07,751976.15,751976.15,Paid On Time,0
R00002869,L000238,12,2025-09-09,2025-09-09,751976.15,751976.15,Paid On Time,0
R00002870,L000239,1,2026-09-12,2026-09-11,240767.44,240767.44,Paid On Time,0
R00002871,L000240,1,2025-06-08,2025-06-07,200540.19,200540.19,Paid On Time,0
R00002872,L000240,2,2025-07-08,2025-07-06,200540.19,200540.19,Paid On Time,0
R00002873,L000240,3,2025-08-08,2025-08-07,200540.19,200540.19,Paid On Time,0
R00002874,L000240,4,2025-09-08,2025-09-08,200540.19,200540.19,Paid On Time,0
R00002875,L000240,5,2025-10-08,2025-10-06,200540.19,200540.19,Paid On Time,0
R00002876,L000240,6,2025-11-08,2025-12-03,200540.19,200540.19,Paid Late,25
R00002877,L000240,7,2025-12-08,2025-12-06,200540.19,200540.19,Paid On Time,0
R00002878,L000240,8,2026-01-08,2026-01-18,200540.19,200540.19,Paid Late,10
R00002879,L000240,9,2026-02-08,2026-02-08,200540.19,200540.19,Paid On Time,0
R00002880,L000240,10,2026-03-08,2026-03-28,200540.19,200540.19,Paid Late,20
R00002881,L000240,11,2026-04-08,2026-04-08,200540.19,200540.19,Paid On Time,0
R00002882,L000240,12,2026-05-08,2026-05-08,200540.19,200540.19,Paid On Time,0
R00002883,L000240,13,2026-06-08,2026-06-06,200540.19,200540.19,Paid On Time,0
R00002884,L000240,14,2026-07-08,2026-07-08,200540.19,200540.19,Paid On Time,0
R00002885,L000240,15,2026-08-08,2026-08-06,200540.19,200540.19,Paid On Time,0
R00002886,L000240,16,2026-09-08,2026-09-07,200540.19,200540.19,Paid On Time,0
R00002887,L000241,1,2026-04-07,2026-04-06,44216.08,44216.08,Paid On Time,0
R00002888,L000241,2,2026-05-07,2026-05-05,44216.08,44216.08,Paid On Time,0
R00002889,L000241,3,2026-06-07,2026-06-06,44216.08,44216.08,Paid On Time,0
R00002890,L000241,4,2026-07-07,2026-07-07,44216.08,44216.08,Paid On Time,0
R00002891,L000241,5,2026-08-07,2026-08-22,44216.08,44216.08,Paid Late,15
R00002892,L000241,6,2026-09-07,2026-09-19,44216.08,44216.08,Paid Late,12
R00002893,L000242,1,2026-03-12,2026-03-12,40061.46,40061.46,Paid On Time,0
R00002894,L000242,2,2026-04-12,2026-04-11,40061.46,40061.46,Paid On Time,0
R00002895,L000242,3,2026-05-12,,40061.46,0.0,Unpaid,30
R00002896,L000242,4,2026-06-12,2026-06-10,40061.46,40061.46,Paid On Time,0
R00002897,L000242,5,2026-07-12,2026-07-11,40061.46,40061.46,Paid On Time,0
R00002898,L000242,6,2026-08-12,2026-08-12,40061.46,40061.46,Paid On Time,0
R00002899,L000242,7,2026-09-12,2026-09-12,40061.46,40061.46,Paid On Time,0
R00002900,L000243,1,2026-02-21,2026-03-08,484305.84,484305.84,Paid Late,15
R00002901,L000243,2,2026-03-21,2026-04-02,484305.84,266390.65,Partial,12
R00002902,L000243,3,2026-04-21,2026-06-08,484305.84,274774.54,Partial,48
R00002903,L000243,4,2026-05-21,2026-05-20,484305.84,484305.84,Paid On Time,0
R00002904,L000243,5,2026-06-21,2026-06-19,484305.84,484305.84,Paid On Time,0
R00002905,L000243,6,2026-07-21,2026-07-20,484305.84,484305.84,Paid On Time,0
R00002906,L000243,7,2026-08-21,2026-08-21,484305.84,484305.84,Paid On Time,0
R00002907,L000243,8,2026-09-21,2026-09-19,484305.84,484305.84,Paid On Time,0
R00002908,L000244,1,2026-06-03,2026-06-02,268850.66,268850.66,Paid On Time,0
R00002909,L000244,2,2026-07-03,2026-07-26,268850.66,121453.63,Partial,23
R00002910,L000244,3,2026-08-03,2026-08-03,268850.66,268850.66,Paid On Time,0
R00002911,L000244,4,2026-09-03,,268850.66,0.0,Unpaid,27
R00002912,L000245,1,2026-03-18,2026-03-17,18256.06,18256.06,Paid On Time,0
R00002913,L000245,2,2026-04-18,2026-04-16,18256.06,18256.06,Paid On Time,0
R00002914,L000245,3,2026-05-18,2026-07-17,18256.06,7862.0,Partial,60
R00002915,L000245,4,2026-06-18,2026-06-18,18256.06,18256.06,Paid On Time,0
R00002916,L000245,5,2026-07-18,2026-07-18,18256.06,18256.06,Paid On Time,0
R00002917,L000245,6,2026-08-18,2026-08-17,18256.06,18256.06,Paid On Time,0
R00002918,L000245,7,2026-09-18,2026-10-13,18256.06,18256.06,Paid Late,25
R00002919,L000246,1,2025-03-06,2025-03-24,57682.67,57682.67,Paid Late,18
R00002920,L000246,2,2025-04-06,2025-04-04,57682.67,57682.67,Paid On Time,0
R00002921,L000246,3,2025-05-06,2025-05-04,57682.67,57682.67,Paid On Time,0
R00002922,L000246,4,2025-06-06,2025-06-04,57682.67,57682.67,Paid On Time,0
R00002923,L000246,5,2025-07-06,2025-07-04,57682.67,57682.67,Paid On Time,0
R00002924,L000246,6,2025-08-06,2025-08-06,57682.67,57682.67,Paid On Time,0
R00002925,L000246,7,2025-09-06,2025-09-26,57682.67,57682.67,Paid Late,20
R00002926,L000246,8,2025-10-06,2025-10-06,57682.67,57682.67,Paid On Time,0
R00002927,L000246,9,2025-11-06,2025-11-05,57682.67,57682.67,Paid On Time,0
R00002928,L000246,10,2025-12-06,2025-12-29,57682.67,57682.67,Paid Late,23
R00002929,L000246,11,2026-01-06,2026-01-05,57682.67,57682.67,Paid On Time,0
R00002930,L000246,12,2026-02-06,2026-02-04,57682.67,57682.67,Paid On Time,0
R00002931,L000246,13,2026-03-06,2026-03-05,57682.67,57682.67,Paid On Time,0
R00002932,L000246,14,2026-04-06,2026-04-04,57682.67,57682.67,Paid On Time,0
R00002933,L000246,15,2026-05-06,2026-07-02,57682.67,37214.44,Partial,57
R00002934,L000246,16,2026-06-06,,57682.67,0.0,Unpaid,90
R00002935,L000246,17,2026-07-06,2026-07-05,57682.67,57682.67,Paid On Time,0
R00002936,L000246,18,2026-08-06,2026-08-05,57682.67,57682.67,Paid On Time,0
R00002937,L000246,19,2026-09-06,2026-09-05,57682.67,57682.67,Paid On Time,0
R00002938,L000247,1,2024-12-20,2024-12-18,100763.66,100763.66,Paid On Time,0
R00002939,L000247,2,2025-01-20,2025-01-20,100763.66,100763.66,Paid On Time,0
R00002940,L000247,3,2025-02-20,2025-03-20,100763.66,100763.66,Paid Late,28
R00002941,L000247,4,2025-03-20,2025-03-20,100763.66,100763.66,Paid On Time,0
R00002942,L000247,5,2025-04-20,2025-04-20,100763.66,100763.66,Paid On Time,0
R00002943,L000247,6,2025-05-20,2025-05-20,100763.66,100763.66,Paid On Time,0
R00002944,L000247,7,2025-06-20,2025-07-15,100763.66,100763.66,Paid Late,25
R00002945,L000247,8,2025-07-20,2025-07-22,100763.66,100763.66,Paid Late,2
R00002946,L000247,9,2025-08-20,2025-09-09,100763.66,100763.66,Paid Late,20
R00002947,L000247,10,2025-09-20,2025-09-18,100763.66,100763.66,Paid On Time,0
R00002948,L000247,11,2025-10-20,2025-10-19,100763.66,100763.66,Paid On Time,0
R00002949,L000247,12,2025-11-20,2025-11-19,100763.66,100763.66,Paid On Time,0
R00002950,L000247,13,2025-12-20,2025-12-20,100763.66,100763.66,Paid On Time,0
R00002951,L000247,14,2026-01-20,2026-01-20,100763.66,100763.66,Paid On Time,0
R00002952,L000247,15,2026-02-20,2026-02-18,100763.66,100763.66,Paid On Time,0
R00002953,L000247,16,2026-03-20,2026-03-18,100763.66,100763.66,Paid On Time,0
R00002954,L000247,17,2026-04-20,2026-04-20,100763.66,100763.66,Paid On Time,0
R00002955,L000247,18,2026-05-20,2026-05-19,100763.66,100763.66,Paid On Time,0
R00002956,L000248,1,2026-09-22,2026-09-22,543945.59,543945.59,Paid On Time,0
R00002957,L000249,1,2025-10-20,2025-10-20,175820.26,175820.26,Paid On Time,0
R00002958,L000249,2,2025-11-20,2025-11-18,175820.26,175820.26,Paid On Time,0
R00002959,L000249,3,2025-12-20,2026-01-08,175820.26,175820.26,Paid Late,19
R00002960,L000249,4,2026-01-20,2026-01-18,175820.26,175820.26,Paid On Time,0
R00002961,L000249,5,2026-02-20,,175820.26,0.0,Unpaid,30
R00002962,L000249,6,2026-03-20,2026-03-20,175820.26,175820.26,Paid On Time,0
R00002963,L000249,7,2026-04-20,2026-04-18,175820.26,175820.26,Paid On Time,0
R00002964,L000249,8,2026-05-20,2026-06-11,175820.26,175820.26,Paid Late,22
R00002965,L000249,9,2026-06-20,2026-06-20,175820.26,175820.26,Paid On Time,0
R00002966,L000249,10,2026-07-20,,175820.26,0.0,Unpaid,72
R00002967,L000249,11,2026-08-20,2026-08-19,175820.26,175820.26,Paid On Time,0
R00002968,L000249,12,2026-09-20,2026-09-20,175820.26,175820.26,Paid On Time,0
R00002969,L000250,1,2025-09-16,2025-09-16,105703.21,105703.21,Paid On Time,0
R00002970,L000250,2,2025-10-16,2025-10-14,105703.21,105703.21,Paid On Time,0
R00002971,L000250,3,2025-11-16,2025-11-16,105703.21,105703.21,Paid On Time,0
R00002972,L000250,4,2025-12-16,2026-01-31,105703.21,59043.75,Partial,46
R00002973,L000250,5,2026-01-16,2026-01-15,105703.21,105703.21,Paid On Time,0
R00002974,L000250,6,2026-02-16,2026-02-15,105703.21,105703.21,Paid On Time,0
R00002975,L000250,7,2026-03-16,2026-03-16,105703.21,105703.21,Paid On Time,0
R00002976,L000250,8,2026-04-16,2026-05-30,105703.21,39294.37,Partial,44
R00002977,L000250,9,2026-05-16,2026-05-15,105703.21,105703.21,Paid On Time,0
R00002978,L000250,10,2026-06-16,,105703.21,0.0,Unpaid,60
R00002979,L000250,11,2026-07-16,2026-07-15,105703.21,105703.21,Paid On Time,0
R00002980,L000250,12,2026-08-16,2026-08-14,105703.21,105703.21,Paid On Time,0
R00002981,L000252,1,2025-03-22,2025-04-03,121573.6,121573.6,Paid Late,12
R00002982,L000252,2,2025-04-22,2025-04-22,121573.6,121573.6,Paid On Time,0
R00002983,L000252,3,2025-05-22,2025-05-21,121573.6,121573.6,Paid On Time,0
R00002984,L000252,4,2025-06-22,2025-08-19,121573.6,71953.29,Partial,58
R00002985,L000252,5,2025-07-22,2025-07-21,121573.6,121573.6,Paid On Time,0
R00002986,L000252,6,2025-08-22,2025-08-21,121573.6,121573.6,Paid On Time,0
R00002987,L000252,7,2025-09-22,,121573.6,0.0,Unpaid,60
R00002988,L000252,8,2025-10-22,2025-10-21,121573.6,121573.6,Paid On Time,0
R00002989,L000252,9,2025-11-22,,121573.6,0.0,Unpaid,30
R00002990,L000252,10,2025-12-22,2026-01-09,121573.6,121573.6,Paid Late,18
R00002991,L000252,11,2026-01-22,2026-01-21,121573.6,121573.6,Paid On Time,0
R00002992,L000252,12,2026-02-22,2026-02-21,121573.6,121573.6,Paid On Time,0
R00002993,L000253,1,2024-10-18,2024-11-03,129920.02,55646.86,Partial,16
R00002994,L000253,2,2024-11-18,2024-12-06,129920.02,129920.02,Paid Late,18
R00002995,L000253,3,2024-12-18,2024-12-17,129920.02,129920.02,Paid On Time,0
R00002996,L000253,4,2025-01-18,2025-01-17,129920.02,129920.02,Paid On Time,0
R00002997,L000253,5,2025-02-18,,129920.02,0.0,Unpaid,90
R00002998,L000253,6,2025-03-18,2025-03-21,129920.02,129920.02,Paid Late,3
R00002999,L000253,7,2025-04-18,2025-04-16,129920.02,129920.02,Paid On Time,0
R00003000,L000253,8,2025-05-18,2025-05-18,129920.02,129920.02,Paid On Time,0
R00003001,L000253,9,2025-06-18,2025-06-18,129920.02,129920.02,Paid On Time,0
R00003002,L000253,10,2025-07-18,2025-09-12,129920.02,50525.18,Partial,56
R00003003,L000253,11,2025-08-18,2025-08-18,129920.02,129920.02,Paid On Time,0
R00003004,L000253,12,2025-09-18,2025-09-18,129920.02,129920.02,Paid On Time,0
R00003005,L000253,13,2025-10-18,2025-10-17,129920.02,129920.02,Paid On Time,0
R00003006,L000253,14,2025-11-18,2025-12-10,129920.02,129920.02,Paid Late,22
R00003007,L000253,15,2025-12-18,2025-12-16,129920.02,129920.02,Paid On Time,0
R00003008,L000253,16,2026-01-18,2026-03-12,129920.02,65959.72,Partial,53
R00003009,L000253,17,2026-02-18,2026-02-23,129920.02,129920.02,Paid Late,5
R00003010,L000253,18,2026-03-18,2026-03-17,129920.02,129920.02,Paid On Time,0
R00003011,L000253,19,2026-04-18,2026-04-17,129920.02,129920.02,Paid On Time,0
R00003012,L000253,20,2026-05-18,2026-05-16,129920.02,129920.02,Paid On Time,0
R00003013,L000253,21,2026-06-18,2026-06-17,129920.02,129920.02,Paid On Time,0
R00003014,L000253,22,2026-07-18,2026-07-18,129920.02,129920.02,Paid On Time,0
R00003015,L000253,23,2026-08-18,2026-08-18,129920.02,129920.02,Paid On Time,0
R00003016,L000253,24,2026-09-18,2026-09-17,129920.02,129920.02,Paid On Time,0
R00003017,L000254,1,2024-12-12,2024-12-11,291505.13,291505.13,Paid On Time,0
R00003018,L000254,2,2025-01-12,2025-01-11,291505.13,291505.13,Paid On Time,0
R00003019,L000254,3,2025-02-12,,291505.13,0.0,Unpaid,90
R00003020,L000254,4,2025-03-12,2025-03-12,291505.13,291505.13,Paid On Time,0
R00003021,L000254,5,2025-04-12,2025-04-11,291505.13,291505.13,Paid On Time,0
R00003022,L000254,6,2025-05-12,2025-05-11,291505.13,291505.13,Paid On Time,0
R00003023,L000254,7,2025-06-12,2025-07-06,291505.13,291505.13,Paid Late,24
R00003024,L000254,8,2025-07-12,2025-07-18,291505.13,291505.13,Paid Late,6
R00003025,L000254,9,2025-08-12,2025-08-10,291505.13,291505.13,Paid On Time,0
R00003026,L000254,10,2025-09-12,2025-09-12,291505.13,291505.13,Paid On Time,0
R00003027,L000254,11,2025-10-12,2025-10-10,291505.13,291505.13,Paid On Time,0
R00003028,L000254,12,2025-11-12,2025-11-12,291505.13,291505.13,Paid On Time,0
R00003029,L000254,13,2025-12-12,2025-12-11,291505.13,291505.13,Paid On Time,0
R00003030,L000254,14,2026-01-12,,291505.13,0.0,Unpaid,90
R00003031,L000254,15,2026-02-12,2026-04-11,291505.13,120761.2,Partial,58
R00003032,L000254,16,2026-03-12,2026-03-12,291505.13,291505.13,Paid On Time,0
R00003033,L000254,17,2026-04-12,2026-04-11,291505.13,291505.13,Paid On Time,0
R00003034,L000254,18,2026-05-12,2026-05-11,291505.13,291505.13,Paid On Time,0
R00003035,L000254,19,2026-06-12,2026-06-12,291505.13,291505.13,Paid On Time,0
R00003036,L000254,20,2026-07-12,2026-07-10,291505.13,291505.13,Paid On Time,0
R00003037,L000254,21,2026-08-12,2026-08-12,291505.13,291505.13,Paid On Time,0
R00003038,L000254,22,2026-09-12,2026-09-12,291505.13,291505.13,Paid On Time,0
R00003039,L000256,1,2024-09-24,2024-09-23,29696.19,29696.19,Paid On Time,0
R00003040,L000256,2,2024-10-24,2024-11-19,29696.19,29696.19,Paid Late,26
R00003041,L000256,3,2024-11-24,2024-11-23,29696.19,29696.19,Paid On Time,0
R00003042,L000256,4,2024-12-24,2025-01-17,29696.19,11317.0,Partial,24
R00003043,L000256,5,2025-01-24,2025-01-24,29696.19,29696.19,Paid On Time,0
R00003044,L000256,6,2025-02-24,2025-02-23,29696.19,29696.19,Paid On Time,0
R00003045,L000256,7,2025-03-24,2025-03-22,29696.19,29696.19,Paid On Time,0
R00003046,L000256,8,2025-04-24,2025-04-24,29696.19,29696.19,Paid On Time,0
R00003047,L000256,9,2025-05-24,2025-06-09,29696.19,20713.32,Partial,16
R00003048,L000256,10,2025-06-24,2025-06-22,29696.19,29696.19,Paid On Time,0
R00003049,L000256,11,2025-07-24,2025-07-24,29696.19,29696.19,Paid On Time,0
R00003050,L000256,12,2025-08-24,2025-08-24,29696.19,29696.19,Paid On Time,0
R00003051,L000256,13,2025-09-24,2025-09-22,29696.19,29696.19,Paid On Time,0
R00003052,L000256,14,2025-10-24,2025-10-31,29696.19,29696.19,Paid Late,7
R00003053,L000256,15,2025-11-24,2025-12-09,29696.19,29696.19,Paid Late,15
R00003054,L000256,16,2025-12-24,2025-12-24,29696.19,29696.19,Paid On Time,0
R00003055,L000256,17,2026-01-24,2026-01-23,29696.19,29696.19,Paid On Time,0
R00003056,L000256,18,2026-02-24,2026-02-25,29696.19,29696.19,Paid Late,1
R00003057,L000257,1,2025-08-22,2025-08-20,1000389.21,1000389.21,Paid On Time,0
R00003058,L000257,2,2025-09-22,2025-09-21,1000389.21,1000389.21,Paid On Time,0
R00003059,L000257,3,2025-10-22,2025-12-03,1000389.21,640450.82,Partial,42
R00003060,L000257,4,2025-11-22,,1000389.21,0.0,Unpaid,120
R00003061,L000257,5,2025-12-22,2025-12-21,1000389.21,1000389.21,Paid On Time,0
R00003062,L000257,6,2026-01-22,2026-01-21,1000389.21,1000389.21,Paid On Time,0
R00003063,L000257,7,2026-02-22,2026-02-20,1000389.21,1000389.21,Paid On Time,0
R00003064,L000257,8,2026-03-22,2026-03-20,1000389.21,1000389.21,Paid On Time,0
R00003065,L000257,9,2026-04-22,2026-05-15,1000389.21,1000389.21,Paid Late,23
R00003066,L000257,10,2026-05-22,2026-05-22,1000389.21,1000389.21,Paid On Time,0
R00003067,L000257,11,2026-06-22,2026-06-21,1000389.21,1000389.21,Paid On Time,0
R00003068,L000257,12,2026-07-22,2026-09-10,1000389.21,611646.25,Partial,50
R00003069,L000258,1,2026-09-28,2026-10-05,202197.6,202197.6,Paid Late,7
R00003070,L000259,1,2025-08-07,2025-08-18,176176.4,176176.4,Paid Late,11
R00003071,L000259,2,2025-09-07,2025-09-06,176176.4,176176.4,Paid On Time,0
R00003072,L000259,3,2025-10-07,2025-10-06,176176.4,176176.4,Paid On Time,0
R00003073,L000259,4,2025-11-07,2025-11-24,176176.4,176176.4,Paid Late,17
R00003074,L000259,5,2025-12-07,2025-12-05,176176.4,176176.4,Paid On Time,0
R00003075,L000259,6,2026-01-07,2026-01-22,176176.4,176176.4,Paid Late,15
R00003076,L000260,1,2024-12-23,2025-02-01,217103.36,166492.97,Partial,40
R00003077,L000260,2,2025-01-23,2025-01-31,217103.36,217103.36,Paid Late,8
R00003078,L000260,3,2025-02-23,2025-02-21,217103.36,217103.36,Paid On Time,0
R00003079,L000260,4,2025-03-23,2025-03-21,217103.36,217103.36,Paid On Time,0
R00003080,L000260,5,2025-04-23,2025-04-22,217103.36,217103.36,Paid On Time,0
R00003081,L000260,6,2025-05-23,,217103.36,0.0,Unpaid,90
R00003082,L000260,7,2025-06-23,2025-06-23,217103.36,217103.36,Paid On Time,0
R00003083,L000260,8,2025-07-23,2025-08-21,217103.36,217103.36,Paid Late,29
R00003084,L000260,9,2025-08-23,2025-08-23,217103.36,217103.36,Paid On Time,0
R00003085,L000260,10,2025-09-23,2025-09-23,217103.36,217103.36,Paid On Time,0
R00003086,L000260,11,2025-10-23,2025-11-06,217103.36,217103.36,Paid Late,14
R00003087,L000260,12,2025-11-23,2025-11-21,217103.36,217103.36,Paid On Time,0
R00003088,L000260,13,2025-12-23,2026-01-11,217103.36,217103.36,Paid Late,19
R00003089,L000260,14,2026-01-23,2026-01-23,217103.36,217103.36,Paid On Time,0
R00003090,L000260,15,2026-02-23,2026-02-23,217103.36,217103.36,Paid On Time,0
R00003091,L000260,16,2026-03-23,2026-03-23,217103.36,217103.36,Paid On Time,0
R00003092,L000260,17,2026-04-23,2026-04-23,217103.36,217103.36,Paid On Time,0
R00003093,L000260,18,2026-05-23,2026-06-16,217103.36,217103.36,Paid Late,24
R00003094,L000260,19,2026-06-23,2026-07-19,217103.36,217103.36,Paid Late,26
R00003095,L000260,20,2026-07-23,2026-07-21,217103.36,217103.36,Paid On Time,0
R00003096,L000260,21,2026-08-23,2026-08-23,217103.36,217103.36,Paid On Time,0
R00003097,L000260,22,2026-09-23,2026-09-21,217103.36,217103.36,Paid On Time,0
R00003098,L000261,1,2025-02-28,2025-02-28,147965.28,147965.28,Paid On Time,0
R00003099,L000261,2,2025-03-28,2025-03-26,147965.28,147965.28,Paid On Time,0
R00003100,L000261,3,2025-04-28,2025-04-28,147965.28,147965.28,Paid On Time,0
R00003101,L000261,4,2025-05-28,2025-05-26,147965.28,147965.28,Paid On Time,0
R00003102,L000261,5,2025-06-28,2025-06-27,147965.28,147965.28,Paid On Time,0
R00003103,L000261,6,2025-07-28,2025-07-27,147965.28,147965.28,Paid On Time,0
R00003104,L000261,7,2025-08-28,2025-08-28,147965.28,147965.28,Paid On Time,0
R00003105,L000261,8,2025-09-28,2025-09-27,147965.28,147965.28,Paid On Time,0
R00003106,L000261,9,2025-10-28,2025-10-26,147965.28,147965.28,Paid On Time,0
R00003107,L000261,10,2025-11-28,2025-12-20,147965.28,147965.28,Paid Late,22
R00003108,L000261,11,2025-12-28,2025-12-26,147965.28,147965.28,Paid On Time,0
R00003109,L000261,12,2026-01-28,2026-01-27,147965.28,147965.28,Paid On Time,0
R00003110,L000261,13,2026-02-28,2026-02-26,147965.28,147965.28,Paid On Time,0
R00003111,L000261,14,2026-03-28,2026-05-01,147965.28,89627.11,Partial,34
R00003112,L000261,15,2026-04-28,2026-04-28,147965.28,147965.28,Paid On Time,0
R00003113,L000261,16,2026-05-28,2026-05-26,147965.28,147965.28,Paid On Time,0
R00003114,L000261,17,2026-06-28,2026-06-26,147965.28,147965.28,Paid On Time,0
R00003115,L000261,18,2026-07-28,2026-07-28,147965.28,147965.28,Paid On Time,0
R00003116,L000261,19,2026-08-28,2026-09-30,147965.28,56955.66,Partial,39
R00003117,L000261,20,2026-09-28,2026-09-28,147965.28,147965.28,Paid On Time,0
R00003118,L000262,1,2024-06-28,2024-06-26,109604.61,109604.61,Paid On Time,0
R00003119,L000262,2,2024-07-28,2024-07-26,109604.61,109604.61,Paid On Time,0
R00003120,L000262,3,2024-08-28,2024-08-27,109604.61,109604.61,Paid On Time,0
R00003121,L000262,4,2024-09-28,2024-09-26,109604.61,109604.61,Paid On Time,0
R00003122,L000262,5,2024-10-28,2024-10-26,109604.61,109604.61,Paid On Time,0
R00003123,L000262,6,2024-11-28,2024-11-28,109604.61,109604.61,Paid On Time,0
R00003124,L000262,7,2024-12-28,,109604.61,0.0,Unpaid,30
R00003125,L000262,8,2025-01-28,,109604.61,0.0,Unpaid,60
R00003126,L000262,9,2025-02-28,2025-02-26,109604.61,109604.61,Paid On Time,0
R00003127,L000262,10,2025-03-28,2025-03-27,109604.61,109604.61,Paid On Time,0
R00003128,L000262,11,2025-04-28,2025-04-28,109604.61,109604.61,Paid On Time,0
R00003129,L000262,12,2025-05-28,2025-05-28,109604.61,109604.61,Paid On Time,0
R00003130,L000262,13,2025-06-28,,109604.61,0.0,Unpaid,120
R00003131,L000262,14,2025-07-28,2025-07-28,109604.61,109604.61,Paid On Time,0
R00003132,L000262,15,2025-08-28,2025-08-26,109604.61,109604.61,Paid On Time,0
R00003133,L000262,16,2025-09-28,2025-09-28,109604.61,109604.61,Paid On Time,0
R00003134,L000262,17,2025-10-28,2025-10-28,109604.61,109604.61,Paid On Time,0
R00003135,L000262,18,2025-11-28,2025-11-26,109604.61,109604.61,Paid On Time,0
R00003136,L000262,19,2025-12-28,2025-12-27,109604.61,109604.61,Paid On Time,0
R00003137,L000262,20,2026-01-28,2026-01-28,109604.61,109604.61,Paid On Time,0
R00003138,L000262,21,2026-02-28,2026-02-27,109604.61,109604.61,Paid On Time,0
R00003139,L000262,22,2026-03-28,2026-03-26,109604.61,109604.61,Paid On Time,0
R00003140,L000262,23,2026-04-28,2026-06-27,109604.61,50380.14,Partial,60
R00003141,L000262,24,2026-05-28,2026-05-28,109604.61,109604.61,Paid On Time,0
R00003142,L000263,1,2026-06-28,2026-06-28,39473.82,39473.82,Paid On Time,0
R00003143,L000263,2,2026-07-28,2026-09-24,39473.82,16311.0,Partial,58
R00003144,L000263,3,2026-08-28,2026-08-28,39473.82,39473.82,Paid On Time,0
R00003145,L000263,4,2026-09-28,2026-09-26,39473.82,39473.82,Paid On Time,0
R00003146,L000264,1,2024-08-02,2024-08-14,89741.45,44276.99,Partial,12
R00003147,L000264,2,2024-09-02,2024-09-04,89741.45,89741.45,Paid Late,2
R00003148,L000264,3,2024-10-02,2024-10-02,89741.45,89741.45,Paid On Time,0
R00003149,L000264,4,2024-11-02,2024-10-31,89741.45,89741.45,Paid On Time,0
R00003150,L000264,5,2024-12-02,2024-12-26,89741.45,89741.45,Paid Late,24
R00003151,L000264,6,2025-01-02,2025-01-02,89741.45,89741.45,Paid On Time,0
R00003152,L000264,7,2025-02-02,2025-02-26,89741.45,89741.45,Paid Late,24
R00003153,L000264,8,2025-03-02,2025-03-02,89741.45,89741.45,Paid On Time,0
R00003154,L000264,9,2025-04-02,2025-05-02,89741.45,89741.45,Paid Late,30
R00003155,L000264,10,2025-05-02,2025-04-30,89741.45,89741.45,Paid On Time,0
R00003156,L000264,11,2025-06-02,2025-06-01,89741.45,89741.45,Paid On Time,0
R00003157,L000264,12,2025-07-02,2025-07-04,89741.45,89741.45,Paid Late,2
R00003158,L000264,13,2025-08-02,2025-08-06,89741.45,89741.45,Paid Late,4
R00003159,L000264,14,2025-09-02,2025-09-01,89741.45,89741.45,Paid On Time,0
R00003160,L000264,15,2025-10-02,2025-10-01,89741.45,89741.45,Paid On Time,0
R00003161,L000264,16,2025-11-02,2025-11-02,89741.45,89741.45,Paid On Time,0
R00003162,L000264,17,2025-12-02,2025-11-30,89741.45,89741.45,Paid On Time,0
R00003163,L000264,18,2026-01-02,2026-01-02,89741.45,89741.45,Paid On Time,0
R00003164,L000264,19,2026-02-02,2026-02-01,89741.45,89741.45,Paid On Time,0
R00003165,L000264,20,2026-03-02,2026-02-28,89741.45,89741.45,Paid On Time,0
R00003166,L000264,21,2026-04-02,2026-05-14,89741.45,56896.53,Partial,42
R00003167,L000264,22,2026-05-02,2026-05-01,89741.45,89741.45,Paid On Time,0
R00003168,L000264,23,2026-06-02,2026-06-02,89741.45,89741.45,Paid On Time,0
R00003169,L000264,24,2026-07-02,2026-07-18,89741.45,89741.45,Paid Late,16
R00003170,L000265,1,2024-10-26,2024-10-25,216869.55,216869.55,Paid On Time,0
R00003171,L000265,2,2024-11-26,2024-11-25,216869.55,216869.55,Paid On Time,0
R00003172,L000265,3,2024-12-26,2025-01-15,216869.55,216869.55,Paid Late,20
R00003173,L000265,4,2025-01-26,2025-01-25,216869.55,216869.55,Paid On Time,0
R00003174,L000265,5,2025-02-26,2025-02-26,216869.55,216869.55,Paid On Time,0
R00003175,L000265,6,2025-03-26,2025-03-24,216869.55,216869.55,Paid On Time,0
R00003176,L000265,7,2025-04-26,2025-04-24,216869.55,216869.55,Paid On Time,0
R00003177,L000265,8,2025-05-26,2025-05-24,216869.55,216869.55,Paid On Time,0
R00003178,L000265,9,2025-06-26,2025-06-26,216869.55,216869.55,Paid On Time,0
R00003179,L000265,10,2025-07-26,2025-08-21,216869.55,138022.55,Partial,26
R00003180,L000265,11,2025-08-26,2025-08-24,216869.55,216869.55,Paid On Time,0
R00003181,L000265,12,2025-09-26,2025-09-25,216869.55,216869.55,Paid On Time,0
R00003182,L000265,13,2025-10-26,2025-10-25,216869.55,216869.55,Paid On Time,0
R00003183,L000265,14,2025-11-26,2025-11-26,216869.55,216869.55,Paid On Time,0
R00003184,L000265,15,2025-12-26,2025-12-25,216869.55,216869.55,Paid On Time,0
R00003185,L000265,16,2026-01-26,2026-01-26,216869.55,216869.55,Paid On Time,0
R00003186,L000265,17,2026-02-26,2026-02-26,216869.55,216869.55,Paid On Time,0
R00003187,L000265,18,2026-03-26,,216869.55,0.0,Unpaid,60
R00003188,L000266,1,2025-12-17,2025-12-16,29673.33,29673.33,Paid On Time,0
R00003189,L000266,2,2026-01-17,2026-01-16,29673.33,29673.33,Paid On Time,0
R00003190,L000266,3,2026-02-17,2026-02-17,29673.33,29673.33,Paid On Time,0
R00003191,L000266,4,2026-03-17,2026-03-24,29673.33,29673.33,Paid Late,7
R00003192,L000266,5,2026-04-17,2026-04-17,29673.33,29673.33,Paid On Time,0
R00003193,L000266,6,2026-05-17,2026-05-17,29673.33,29673.33,Paid On Time,0
R00003194,L000266,7,2026-06-17,2026-06-15,29673.33,29673.33,Paid On Time,0
R00003195,L000266,8,2026-07-17,2026-07-22,29673.33,29673.33,Paid Late,5
R00003196,L000266,9,2026-08-17,2026-08-17,29673.33,29673.33,Paid On Time,0
R00003197,L000266,10,2026-09-17,2026-09-16,29673.33,29673.33,Paid On Time,0
R00003198,L000267,1,2025-03-22,2025-03-21,398548.36,398548.36,Paid On Time,0
R00003199,L000267,2,2025-04-22,2025-04-20,398548.36,398548.36,Paid On Time,0
R00003200,L000267,3,2025-05-22,2025-05-28,398548.36,398548.36,Paid Late,6
R00003201,L000267,4,2025-06-22,2025-06-21,398548.36,398548.36,Paid On Time,0
R00003202,L000267,5,2025-07-22,2025-07-21,398548.36,398548.36,Paid On Time,0
R00003203,L000267,6,2025-08-22,2025-10-10,398548.36,150572.16,Partial,49
R00003204,L000267,7,2025-09-22,2025-10-21,398548.36,249277.11,Partial,29
R00003205,L000267,8,2025-10-22,2025-10-20,398548.36,398548.36,Paid On Time,0
R00003206,L000267,9,2025-11-22,2025-11-21,398548.36,398548.36,Paid On Time,0
R00003207,L000267,10,2025-12-22,2025-12-21,398548.36,398548.36,Paid On Time,0
R00003208,L000267,11,2026-01-22,2026-01-21,398548.36,398548.36,Paid On Time,0
R00003209,L000267,12,2026-02-22,2026-02-21,398548.36,398548.36,Paid On Time,0
R00003210,L000267,13,2026-03-22,2026-03-22,398548.36,398548.36,Paid On Time,0
R00003211,L000267,14,2026-04-22,2026-06-16,398548.36,248657.97,Partial,55
R00003212,L000267,15,2026-05-22,2026-05-20,398548.36,398548.36,Paid On Time,0
R00003213,L000267,16,2026-06-22,2026-06-20,398548.36,398548.36,Paid On Time,0
R00003214,L000267,17,2026-07-22,2026-07-20,398548.36,398548.36,Paid On Time,0
R00003215,L000267,18,2026-08-22,2026-08-20,398548.36,398548.36,Paid On Time,0
R00003216,L000267,19,2026-09-22,2026-09-21,398548.36,398548.36,Paid On Time,0
R00003217,L000268,1,2024-05-07,2024-05-06,285942.44,285942.44,Paid On Time,0
R00003218,L000268,2,2024-06-07,,285942.44,0.0,Unpaid,90
R00003219,L000268,3,2024-07-07,2024-07-06,285942.44,285942.44,Paid On Time,0
R00003220,L000268,4,2024-08-07,2024-09-06,285942.44,285942.44,Paid Late,30
R00003221,L000268,5,2024-09-07,2024-09-06,285942.44,285942.44,Paid On Time,0
R00003222,L000268,6,2024-10-07,2024-10-07,285942.44,285942.44,Paid On Time,0
R00003223,L000268,7,2024-11-07,2024-11-05,285942.44,285942.44,Paid On Time,0
R00003224,L000268,8,2024-12-07,2024-12-06,285942.44,285942.44,Paid On Time,0
R00003225,L000268,9,2025-01-07,2025-01-07,285942.44,285942.44,Paid On Time,0
R00003226,L000268,10,2025-02-07,2025-02-05,285942.44,285942.44,Paid On Time,0
R00003227,L000268,11,2025-03-07,2025-03-05,285942.44,285942.44,Paid On Time,0
R00003228,L000268,12,2025-04-07,2025-04-24,285942.44,285942.44,Paid Late,17
R00003229,L000268,13,2025-05-07,2025-06-15,285942.44,199127.14,Partial,39
R00003230,L000268,14,2025-06-07,2025-06-07,285942.44,285942.44,Paid On Time,0
R00003231,L000268,15,2025-07-07,2025-08-01,285942.44,285942.44,Paid Late,25
R00003232,L000268,16,2025-08-07,2025-08-06,285942.44,285942.44,Paid On Time,0
R00003233,L000268,17,2025-09-07,2025-09-05,285942.44,285942.44,Paid On Time,0
R00003234,L000268,18,2025-10-07,2025-10-06,285942.44,285942.44,Paid On Time,0
R00003235,L000268,19,2025-11-07,2025-11-06,285942.44,285942.44,Paid On Time,0
R00003236,L000268,20,2025-12-07,2026-01-01,285942.44,285942.44,Paid Late,25
R00003237,L000268,21,2026-01-07,2026-01-21,285942.44,285942.44,Paid Late,14
R00003238,L000268,22,2026-02-07,2026-02-06,285942.44,285942.44,Paid On Time,0
R00003239,L000268,23,2026-03-07,2026-03-05,285942.44,285942.44,Paid On Time,0
R00003240,L000268,24,2026-04-07,2026-04-05,285942.44,285942.44,Paid On Time,0
R00003241,L000269,1,2025-05-02,2025-05-02,429896.34,429896.34,Paid On Time,0
R00003242,L000269,2,2025-06-02,2025-06-10,429896.34,429896.34,Paid Late,8
R00003243,L000269,3,2025-07-02,2025-07-01,429896.34,429896.34,Paid On Time,0
R00003244,L000269,4,2025-08-02,2025-07-31,429896.34,429896.34,Paid On Time,0
R00003245,L000269,5,2025-09-02,2025-09-02,429896.34,429896.34,Paid On Time,0
R00003246,L000269,6,2025-10-02,2025-09-30,429896.34,429896.34,Paid On Time,0
R00003247,L000270,1,2025-04-25,2025-04-25,230168.3,230168.3,Paid On Time,0
R00003248,L000270,2,2025-05-25,2025-05-24,230168.3,230168.3,Paid On Time,0
R00003249,L000270,3,2025-06-25,2025-06-25,230168.3,230168.3,Paid On Time,0
R00003250,L000270,4,2025-07-25,2025-07-24,230168.3,230168.3,Paid On Time,0
R00003251,L000270,5,2025-08-25,2025-08-25,230168.3,230168.3,Paid On Time,0
R00003252,L000270,6,2025-09-25,,230168.3,0.0,Unpaid,120
R00003253,L000270,7,2025-10-25,2025-11-19,230168.3,230168.3,Paid Late,25
R00003254,L000270,8,2025-11-25,2025-11-24,230168.3,230168.3,Paid On Time,0
R00003255,L000270,9,2025-12-25,2025-12-23,230168.3,230168.3,Paid On Time,0
R00003256,L000270,10,2026-01-25,2026-01-25,230168.3,230168.3,Paid On Time,0
R00003257,L000270,11,2026-02-25,,230168.3,0.0,Unpaid,60
R00003258,L000270,12,2026-03-25,2026-04-14,230168.3,230168.3,Paid Late,20
R00003259,L000270,13,2026-04-25,2026-04-25,230168.3,230168.3,Paid On Time,0
R00003260,L000270,14,2026-05-25,2026-05-23,230168.3,230168.3,Paid On Time,0
R00003261,L000270,15,2026-06-25,2026-06-24,230168.3,230168.3,Paid On Time,0
R00003262,L000270,16,2026-07-25,2026-07-23,230168.3,230168.3,Paid On Time,0
R00003263,L000270,17,2026-08-25,2026-08-24,230168.3,230168.3,Paid On Time,0
R00003264,L000270,18,2026-09-25,2026-09-24,230168.3,230168.3,Paid On Time,0
R00003265,L000272,1,2025-06-03,2025-06-03,164856.5,164856.5,Paid On Time,0
R00003266,L000272,2,2025-07-03,2025-07-01,164856.5,164856.5,Paid On Time,0
R00003267,L000272,3,2025-08-03,2025-08-02,164856.5,164856.5,Paid On Time,0
R00003268,L000272,4,2025-09-03,2025-09-10,164856.5,164856.5,Paid Late,7
R00003269,L000272,5,2025-10-03,2025-10-03,164856.5,164856.5,Paid On Time,0
R00003270,L000272,6,2025-11-03,2025-11-03,164856.5,164856.5,Paid On Time,0
R00003271,L000273,1,2025-10-20,2025-10-19,40130.01,40130.01,Paid On Time,0
R00003272,L000273,2,2025-11-20,2025-12-20,40130.01,40130.01,Paid Late,30
R00003273,L000273,3,2025-12-20,2025-12-20,40130.01,40130.01,Paid On Time,0
R00003274,L000273,4,2026-01-20,2026-01-20,40130.01,40130.01,Paid On Time,0
R00003275,L000273,5,2026-02-20,2026-02-18,40130.01,40130.01,Paid On Time,0
R00003276,L000273,6,2026-03-20,2026-03-18,40130.01,40130.01,Paid On Time,0
R00003277,L000273,7,2026-04-20,2026-04-19,40130.01,40130.01,Paid On Time,0
R00003278,L000273,8,2026-05-20,2026-06-16,40130.01,40130.01,Paid Late,27
R00003279,L000273,9,2026-06-20,2026-06-20,40130.01,40130.01,Paid On Time,0
R00003280,L000273,10,2026-07-20,2026-07-19,40130.01,40130.01,Paid On Time,0
R00003281,L000273,11,2026-08-20,2026-08-18,40130.01,40130.01,Paid On Time,0
R00003282,L000273,12,2026-09-20,2026-09-30,40130.01,29024.3,Partial,45
R00003283,L000274,1,2026-02-05,2026-02-04,119331.92,119331.92,Paid On Time,0
R00003284,L000274,2,2026-03-05,2026-03-05,119331.92,119331.92,Paid On Time,0
R00003285,L000274,3,2026-04-05,2026-04-04,119331.92,119331.92,Paid On Time,0
R00003286,L000274,4,2026-05-05,2026-05-05,119331.92,119331.92,Paid On Time,0
R00003287,L000274,5,2026-06-05,2026-06-03,119331.92,119331.92,Paid On Time,0
R00003288,L000274,6,2026-07-05,2026-07-04,119331.92,119331.92,Paid On Time,0
R00003289,L000274,7,2026-08-05,2026-08-05,119331.92,119331.92,Paid On Time,0
R00003290,L000274,8,2026-09-05,2026-09-04,119331.92,119331.92,Paid On Time,0
R00003291,L000275,1,2026-02-01,2026-02-18,206016.15,206016.15,Paid Late,17
R00003292,L000275,2,2026-03-01,2026-03-01,206016.15,206016.15,Paid On Time,0
R00003293,L000275,3,2026-04-01,2026-05-06,206016.15,147184.86,Partial,35
R00003294,L000275,4,2026-05-01,2026-05-01,206016.15,206016.15,Paid On Time,0
R00003295,L000275,5,2026-06-01,2026-06-01,206016.15,206016.15,Paid On Time,0
R00003296,L000275,6,2026-07-01,2026-07-01,206016.15,206016.15,Paid On Time,0
R00003297,L000276,1,2025-01-22,2025-01-22,100790.46,100790.46,Paid On Time,0
R00003298,L000276,2,2025-02-22,2025-03-11,100790.46,100790.46,Paid Late,17
R00003299,L000276,3,2025-03-22,2025-04-20,100790.46,100790.46,Paid Late,29
R00003300,L000276,4,2025-04-22,2025-04-25,100790.46,100790.46,Paid Late,3
R00003301,L000276,5,2025-05-22,2025-05-21,100790.46,100790.46,Paid On Time,0
R00003302,L000276,6,2025-06-22,2025-06-28,100790.46,100790.46,Paid Late,6
R00003303,L000276,7,2025-07-22,2025-07-21,100790.46,100790.46,Paid On Time,0
R00003304,L000276,8,2025-08-22,2025-08-22,100790.46,100790.46,Paid On Time,0
R00003305,L000276,9,2025-09-22,2025-09-21,100790.46,100790.46,Paid On Time,0
R00003306,L000276,10,2025-10-22,2025-10-21,100790.46,100790.46,Paid On Time,0
R00003307,L000276,11,2025-11-22,2025-11-22,100790.46,100790.46,Paid On Time,0
R00003308,L000276,12,2025-12-22,2025-12-22,100790.46,100790.46,Paid On Time,0
R00003309,L000276,13,2026-01-22,2026-01-22,100790.46,100790.46,Paid On Time,0
R00003310,L000276,14,2026-02-22,2026-03-18,100790.46,100790.46,Paid Late,24
R00003311,L000276,15,2026-03-22,2026-03-20,100790.46,100790.46,Paid On Time,0
R00003312,L000276,16,2026-04-22,2026-04-21,100790.46,100790.46,Paid On Time,0
R00003313,L000276,17,2026-05-22,2026-05-20,100790.46,100790.46,Paid On Time,0
R00003314,L000276,18,2026-06-22,2026-06-20,100790.46,100790.46,Paid On Time,0
R00003315,L000276,19,2026-07-22,2026-07-21,100790.46,100790.46,Paid On Time,0
R00003316,L000276,20,2026-08-22,2026-09-04,100790.46,51412.59,Partial,13
R00003317,L000276,21,2026-09-22,2026-09-21,100790.46,100790.46,Paid On Time,0
R00003318,L000277,1,2024-10-23,2024-11-02,117392.4,117392.4,Paid Late,10
R00003319,L000277,2,2024-11-23,2024-11-22,117392.4,117392.4,Paid On Time,0
R00003320,L000277,3,2024-12-23,2024-12-21,117392.4,117392.4,Paid On Time,0
R00003321,L000277,4,2025-01-23,,117392.4,0.0,Unpaid,120
R00003322,L000277,5,2025-02-23,2025-03-01,117392.4,117392.4,Paid Late,6
R00003323,L000277,6,2025-03-23,2025-03-22,117392.4,117392.4,Paid On Time,0
R00003324,L000277,7,2025-04-23,2025-05-08,117392.4,117392.4,Paid Late,15
R00003325,L000277,8,2025-05-23,2025-07-07,117392.4,90882.05,Partial,45
R00003326,L000277,9,2025-06-23,2025-06-23,117392.4,117392.4,Paid On Time,0
R00003327,L000277,10,2025-07-23,2025-08-20,117392.4,59041.35,Partial,28
R00003328,L000277,11,2025-08-23,2025-08-23,117392.4,117392.4,Paid On Time,0
R00003329,L000277,12,2025-09-23,2025-09-22,117392.4,117392.4,Paid On Time,0
R00003330,L000278,1,2024-04-04,2024-04-03,541446.87,541446.87,Paid On Time,0
R00003331,L000278,2,2024-05-04,2024-05-02,541446.87,541446.87,Paid On Time,0
R00003332,L000278,3,2024-06-04,2024-06-04,541446.87,541446.87,Paid On Time,0
R00003333,L000278,4,2024-07-04,2024-07-03,541446.87,541446.87,Paid On Time,0
R00003334,L000278,5,2024-08-04,2024-08-03,541446.87,541446.87,Paid On Time,0
R00003335,L000278,6,2024-09-04,2024-09-16,541446.87,541446.87,Paid Late,12
R00003336,L000278,7,2024-10-04,2024-10-02,541446.87,541446.87,Paid On Time,0
R00003337,L000278,8,2024-11-04,2024-11-06,541446.87,541446.87,Paid Late,2
R00003338,L000278,9,2024-12-04,2024-12-03,541446.87,541446.87,Paid On Time,0
R00003339,L000278,10,2025-01-04,2025-01-02,541446.87,541446.87,Paid On Time,0
R00003340,L000278,11,2025-02-04,2025-02-04,541446.87,541446.87,Paid On Time,0
R00003341,L000278,12,2025-03-04,,541446.87,0.0,Unpaid,120
R00003342,L000279,1,2024-07-28,2024-08-05,13939.02,13939.02,Paid Late,8
R00003343,L000279,2,2024-08-28,2024-08-28,13939.02,13939.02,Paid On Time,0
R00003344,L000279,3,2024-09-28,2024-11-23,13939.02,10116.5,Partial,56
R00003345,L000279,4,2024-10-28,2024-10-26,13939.02,13939.02,Paid On Time,0
R00003346,L000279,5,2024-11-28,2024-11-28,13939.02,13939.02,Paid On Time,0
R00003347,L000279,6,2024-12-28,2024-12-26,13939.02,13939.02,Paid On Time,0
R00003348,L000279,7,2025-01-28,2025-01-28,13939.02,13939.02,Paid On Time,0
R00003349,L000279,8,2025-02-28,2025-02-26,13939.02,13939.02,Paid On Time,0
R00003350,L000279,9,2025-03-28,2025-03-26,13939.02,13939.02,Paid On Time,0
R00003351,L000279,10,2025-04-28,2025-04-26,13939.02,13939.02,Paid On Time,0
R00003352,L000279,11,2025-05-28,2025-05-27,13939.02,13939.02,Paid On Time,0
R00003353,L000279,12,2025-06-28,2025-06-28,13939.02,13939.02,Paid On Time,0
R00003354,L000279,13,2025-07-28,2025-07-27,13939.02,13939.02,Paid On Time,0
R00003355,L000279,14,2025-08-28,2025-08-27,13939.02,13939.02,Paid On Time,0
R00003356,L000279,15,2025-09-28,2025-09-27,13939.02,13939.02,Paid On Time,0
R00003357,L000279,16,2025-10-28,2025-11-01,13939.02,13939.02,Paid Late,4
R00003358,L000279,17,2025-11-28,2025-11-28,13939.02,13939.02,Paid On Time,0
R00003359,L000279,18,2025-12-28,2025-12-28,13939.02,13939.02,Paid On Time,0
R00003360,L000279,19,2026-01-28,2026-01-27,13939.02,13939.02,Paid On Time,0
R00003361,L000279,20,2026-02-28,2026-02-28,13939.02,13939.02,Paid On Time,0
R00003362,L000279,21,2026-03-28,2026-03-27,13939.02,13939.02,Paid On Time,0
R00003363,L000279,22,2026-04-28,2026-04-27,13939.02,13939.02,Paid On Time,0
R00003364,L000279,23,2026-05-28,2026-05-27,13939.02,13939.02,Paid On Time,0
R00003365,L000279,24,2026-06-28,2026-07-19,13939.02,13939.02,Paid Late,21
R00003366,L000279,25,2026-07-28,2026-07-27,13939.02,13939.02,Paid On Time,0
R00003367,L000279,26,2026-08-28,2026-08-27,13939.02,13939.02,Paid On Time,0
R00003368,L000279,27,2026-09-28,2026-09-27,13939.02,13939.02,Paid On Time,0
R00003369,L000280,1,2024-04-23,2024-05-09,512123.59,512123.59,Paid Late,16
R00003370,L000280,2,2024-05-23,2024-05-23,512123.59,512123.59,Paid On Time,0
R00003371,L000280,3,2024-06-23,2024-06-21,512123.59,512123.59,Paid On Time,0
R00003372,L000280,4,2024-07-23,2024-07-30,512123.59,512123.59,Paid Late,7
R00003373,L000280,5,2024-08-23,2024-08-21,512123.59,512123.59,Paid On Time,0
R00003374,L000280,6,2024-09-23,2024-09-21,512123.59,512123.59,Paid On Time,0
R00003375,L000280,7,2024-10-23,2024-10-23,512123.59,512123.59,Paid On Time,0
R00003376,L000280,8,2024-11-23,2025-01-22,512123.59,368422.53,Partial,60
R00003377,L000280,9,2024-12-23,2024-12-23,512123.59,512123.59,Paid On Time,0
R00003378,L000280,10,2025-01-23,2025-01-23,512123.59,512123.59,Paid On Time,0
R00003379,L000280,11,2025-02-23,2025-02-22,512123.59,512123.59,Paid On Time,0
R00003380,L000280,12,2025-03-23,2025-03-22,512123.59,512123.59,Paid On Time,0
R00003381,L000280,13,2025-04-23,2025-04-30,512123.59,512123.59,Paid Late,7
R00003382,L000280,14,2025-05-23,2025-05-23,512123.59,512123.59,Paid On Time,0
R00003383,L000280,15,2025-06-23,2025-07-07,512123.59,512123.59,Paid Late,14
R00003384,L000280,16,2025-07-23,2025-07-23,512123.59,512123.59,Paid On Time,0
R00003385,L000280,17,2025-08-23,2025-08-21,512123.59,512123.59,Paid On Time,0
R00003386,L000280,18,2025-09-23,2025-09-21,512123.59,512123.59,Paid On Time,0
R00003387,L000281,1,2024-11-12,2024-11-10,864362.74,864362.74,Paid On Time,0
R00003388,L000281,2,2024-12-12,2024-12-11,864362.74,864362.74,Paid On Time,0
R00003389,L000281,3,2025-01-12,2025-01-10,864362.74,864362.74,Paid On Time,0
R00003390,L000281,4,2025-02-12,2025-02-11,864362.74,864362.74,Paid On Time,0
R00003391,L000281,5,2025-03-12,2025-03-12,864362.74,864362.74,Paid On Time,0
R00003392,L000281,6,2025-04-12,2025-04-11,864362.74,864362.74,Paid On Time,0
R00003393,L000281,7,2025-05-12,2025-05-14,864362.74,864362.74,Paid Late,2
R00003394,L000281,8,2025-06-12,2025-06-11,864362.74,864362.74,Paid On Time,0
R00003395,L000281,9,2025-07-12,2025-08-05,864362.74,864362.74,Paid Late,24
R00003396,L000281,10,2025-08-12,2025-08-24,864362.74,624155.44,Partial,12
R00003397,L000281,11,2025-09-12,2025-09-10,864362.74,864362.74,Paid On Time,0
R00003398,L000281,12,2025-10-12,2025-10-10,864362.74,864362.74,Paid On Time,0
R00003399,L000282,1,2024-12-01,2024-11-29,130722.78,130722.78,Paid On Time,0
R00003400,L000282,2,2025-01-01,2024-12-31,130722.78,130722.78,Paid On Time,0
R00003401,L000282,3,2025-02-01,2025-01-31,130722.78,130722.78,Paid On Time,0
R00003402,L000282,4,2025-03-01,2025-02-28,130722.78,130722.78,Paid On Time,0
R00003403,L000282,5,2025-04-01,2025-03-30,130722.78,130722.78,Paid On Time,0
R00003404,L000282,6,2025-05-01,2025-05-01,130722.78,130722.78,Paid On Time,0
R00003405,L000283,1,2025-01-11,2025-01-09,24091.78,24091.78,Paid On Time,0
R00003406,L000283,2,2025-02-11,2025-02-10,24091.78,24091.78,Paid On Time,0
R00003407,L000283,3,2025-03-11,2025-03-11,24091.78,24091.78,Paid On Time,0
R00003408,L000283,4,2025-04-11,2025-04-09,24091.78,24091.78,Paid On Time,0
R00003409,L000283,5,2025-05-11,2025-05-15,24091.78,24091.78,Paid Late,4
R00003410,L000283,6,2025-06-11,2025-06-10,24091.78,24091.78,Paid On Time,0
R00003411,L000283,7,2025-07-11,2025-07-09,24091.78,24091.78,Paid On Time,0
R00003412,L000283,8,2025-08-11,2025-09-03,24091.78,24091.78,Paid Late,23
R00003413,L000283,9,2025-09-11,2025-09-10,24091.78,24091.78,Paid On Time,0
R00003414,L000283,10,2025-10-11,2025-10-11,24091.78,24091.78,Paid On Time,0
R00003415,L000283,11,2025-11-11,2025-11-09,24091.78,24091.78,Paid On Time,0
R00003416,L000283,12,2025-12-11,2025-12-10,24091.78,24091.78,Paid On Time,0
R00003417,L000283,13,2026-01-11,2026-01-16,24091.78,24091.78,Paid Late,5
R00003418,L000283,14,2026-02-11,2026-02-11,24091.78,24091.78,Paid On Time,0
R00003419,L000283,15,2026-03-11,2026-03-10,24091.78,24091.78,Paid On Time,0
R00003420,L000283,16,2026-04-11,2026-04-11,24091.78,24091.78,Paid On Time,0
R00003421,L000283,17,2026-05-11,2026-05-11,24091.78,24091.78,Paid On Time,0
R00003422,L000283,18,2026-06-11,2026-07-05,24091.78,24091.78,Paid Late,24
R00003423,L000283,19,2026-07-11,2026-08-06,24091.78,24091.78,Paid Late,26
R00003424,L000283,20,2026-08-11,2026-08-10,24091.78,24091.78,Paid On Time,0
R00003425,L000283,21,2026-09-11,2026-09-09,24091.78,24091.78,Paid On Time,0
R00003426,L000284,1,2025-06-21,2025-06-20,97535.19,97535.19,Paid On Time,0
R00003427,L000284,2,2025-07-21,2025-07-21,97535.19,97535.19,Paid On Time,0
R00003428,L000284,3,2025-08-21,2025-08-20,97535.19,97535.19,Paid On Time,0
R00003429,L000284,4,2025-09-21,2025-09-20,97535.19,97535.19,Paid On Time,0
R00003430,L000284,5,2025-10-21,2025-11-15,97535.19,97535.19,Paid Late,25
R00003431,L000284,6,2025-11-21,2025-12-06,97535.19,97535.19,Paid Late,15
R00003432,L000284,7,2025-12-21,2025-12-20,97535.19,97535.19,Paid On Time,0
R00003433,L000284,8,2026-01-21,2026-02-07,97535.19,62589.67,Partial,17
R00003434,L000284,9,2026-02-21,2026-02-20,97535.19,97535.19,Paid On Time,0
R00003435,L000284,10,2026-03-21,2026-04-14,97535.19,97535.19,Paid Late,24
R00003436,L000284,11,2026-04-21,2026-05-03,97535.19,97535.19,Paid Late,12
R00003437,L000284,12,2026-05-21,2026-06-07,97535.19,97535.19,Paid Late,17
R00003438,L000284,13,2026-06-21,2026-06-20,97535.19,97535.19,Paid On Time,0
R00003439,L000284,14,2026-07-21,2026-07-21,97535.19,97535.19,Paid On Time,0
R00003440,L000284,15,2026-08-21,2026-08-29,97535.19,97535.19,Paid Late,8
R00003441,L000284,16,2026-09-21,2026-10-20,97535.19,97535.19,Paid Late,29
R00003442,L000285,1,2024-10-09,2024-10-08,683118.7,683118.7,Paid On Time,0
R00003443,L000285,2,2024-11-09,2024-11-08,683118.7,683118.7,Paid On Time,0
R00003444,L000285,3,2024-12-09,2024-12-07,683118.7,683118.7,Paid On Time,0
R00003445,L000285,4,2025-01-09,2025-01-22,683118.7,683118.7,Paid Late,13
R00003446,L000285,5,2025-02-09,2025-03-20,683118.7,546380.24,Partial,39
R00003447,L000285,6,2025-03-09,2025-03-08,683118.7,683118.7,Paid On Time,0
R00003448,L000285,7,2025-04-09,2025-04-07,683118.7,683118.7,Paid On Time,0
R00003449,L000285,8,2025-05-09,,683118.7,0.0,Unpaid,120
R00003450,L000285,9,2025-06-09,2025-06-08,683118.7,683118.7,Paid On Time,0
R00003451,L000285,10,2025-07-09,2025-07-07,683118.7,683118.7,Paid On Time,0
R00003452,L000285,11,2025-08-09,2025-08-07,683118.7,683118.7,Paid On Time,0
R00003453,L000285,12,2025-09-09,,683118.7,0.0,Unpaid,60
R00003454,L000286,1,2024-04-13,2024-04-11,58678.31,58678.31,Paid On Time,0
R00003455,L000286,2,2024-05-13,2024-05-12,58678.31,58678.31,Paid On Time,0
R00003456,L000286,3,2024-06-13,2024-06-11,58678.31,58678.31,Paid On Time,0
R00003457,L000286,4,2024-07-13,2024-07-12,58678.31,58678.31,Paid On Time,0
R00003458,L000286,5,2024-08-13,2024-08-12,58678.31,58678.31,Paid On Time,0
R00003459,L000286,6,2024-09-13,2024-09-13,58678.31,58678.31,Paid On Time,0
R00003460,L000286,7,2024-10-13,2024-10-12,58678.31,58678.31,Paid On Time,0
R00003461,L000286,8,2024-11-13,2024-11-11,58678.31,58678.31,Paid On Time,0
R00003462,L000286,9,2024-12-13,2024-12-11,58678.31,58678.31,Paid On Time,0
R00003463,L000286,10,2025-01-13,2025-01-12,58678.31,58678.31,Paid On Time,0
R00003464,L000286,11,2025-02-13,2025-02-12,58678.31,58678.31,Paid On Time,0
R00003465,L000286,12,2025-03-13,2025-03-11,58678.31,58678.31,Paid On Time,0
R00003466,L000286,13,2025-04-13,2025-04-24,58678.31,58678.31,Paid Late,11
R00003467,L000286,14,2025-05-13,2025-05-12,58678.31,58678.31,Paid On Time,0
R00003468,L000286,15,2025-06-13,2025-06-13,58678.31,58678.31,Paid On Time,0
R00003469,L000286,16,2025-07-13,2025-07-31,58678.31,58678.31,Paid Late,18
R00003470,L000286,17,2025-08-13,2025-08-13,58678.31,58678.31,Paid On Time,0
R00003471,L000286,18,2025-09-13,2025-09-11,58678.31,58678.31,Paid On Time,0
R00003472,L000287,1,2025-07-05,2025-07-03,34219.63,34219.63,Paid On Time,0
R00003473,L000287,2,2025-08-05,2025-08-09,34219.63,34219.63,Paid Late,4
R00003474,L000287,3,2025-09-05,2025-09-03,34219.63,34219.63,Paid On Time,0
R00003475,L000287,4,2025-10-05,2025-10-03,34219.63,34219.63,Paid On Time,0
R00003476,L000287,5,2025-11-05,2025-11-04,34219.63,34219.63,Paid On Time,0
R00003477,L000287,6,2025-12-05,2025-12-05,34219.63,34219.63,Paid On Time,0
R00003478,L000287,7,2026-01-05,2026-01-03,34219.63,34219.63,Paid On Time,0
R00003479,L000287,8,2026-02-05,2026-02-23,34219.63,34219.63,Paid Late,18
R00003480,L000287,9,2026-03-05,2026-03-09,34219.63,34219.63,Paid Late,4
R00003481,L000287,10,2026-04-05,2026-05-19,34219.63,19335.59,Partial,44
R00003482,L000287,11,2026-05-05,2026-05-05,34219.63,34219.63,Paid On Time,0
R00003483,L000287,12,2026-06-05,2026-06-05,34219.63,34219.63,Paid On Time,0
R00003484,L000287,13,2026-07-05,2026-07-03,34219.63,34219.63,Paid On Time,0
R00003485,L000287,14,2026-08-05,2026-09-13,34219.63,23326.14,Partial,39
R00003486,L000287,15,2026-09-05,2026-09-03,34219.63,34219.63,Paid On Time,0
R00003487,L000288,1,2025-03-09,2025-03-07,653770.49,653770.49,Paid On Time,0
R00003488,L000288,2,2025-04-09,2025-04-08,653770.49,653770.49,Paid On Time,0
R00003489,L000288,3,2025-05-09,2025-05-08,653770.49,653770.49,Paid On Time,0
R00003490,L000288,4,2025-06-09,2025-06-09,653770.49,653770.49,Paid On Time,0
R00003491,L000288,5,2025-07-09,2025-07-08,653770.49,653770.49,Paid On Time,0
R00003492,L000288,6,2025-08-09,2025-08-09,653770.49,653770.49,Paid On Time,0
R00003493,L000288,7,2025-09-09,2025-09-07,653770.49,653770.49,Paid On Time,0
R00003494,L000288,8,2025-10-09,2025-10-09,653770.49,653770.49,Paid On Time,0
R00003495,L000288,9,2025-11-09,2025-11-09,653770.49,653770.49,Paid On Time,0
R00003496,L000288,10,2025-12-09,2026-01-05,653770.49,653770.49,Paid Late,27
R00003497,L000288,11,2026-01-09,2026-01-08,653770.49,653770.49,Paid On Time,0
R00003498,L000288,12,2026-02-09,2026-02-07,653770.49,653770.49,Paid On Time,0
R00003499,L000289,1,2025-03-02,2025-03-02,216472.54,216472.54,Paid On Time,0
R00003500,L000289,2,2025-04-02,2025-03-31,216472.54,216472.54,Paid On Time,0
R00003501,L000289,3,2025-05-02,2025-05-17,216472.54,216472.54,Paid Late,15
R00003502,L000289,4,2025-06-02,2025-07-18,216472.54,99726.67,Partial,46
R00003503,L000289,5,2025-07-02,2025-07-02,216472.54,216472.54,Paid On Time,0
R00003504,L000289,6,2025-08-02,2025-07-31,216472.54,216472.54,Paid On Time,0
R00003505,L000289,7,2025-09-02,2025-09-01,216472.54,216472.54,Paid On Time,0
R00003506,L000289,8,2025-10-02,2025-10-28,216472.54,216472.54,Paid Late,26
R00003507,L000289,9,2025-11-02,2025-11-13,216472.54,216472.54,Paid Late,11
R00003508,L000289,10,2025-12-02,2025-12-01,216472.54,216472.54,Paid On Time,0
R00003509,L000289,11,2026-01-02,2026-01-01,216472.54,216472.54,Paid On Time,0
R00003510,L000289,12,2026-02-02,2026-01-31,216472.54,216472.54,Paid On Time,0
R00003511,L000289,13,2026-03-02,2026-04-01,216472.54,118363.34,Partial,30
R00003512,L000289,14,2026-04-02,2026-05-22,216472.54,151160.89,Partial,50
R00003513,L000289,15,2026-05-02,2026-05-02,216472.54,216472.54,Paid On Time,0
R00003514,L000289,16,2026-06-02,2026-06-01,216472.54,216472.54,Paid On Time,0
R00003515,L000289,17,2026-07-02,2026-07-02,216472.54,216472.54,Paid On Time,0
R00003516,L000289,18,2026-08-02,2026-08-11,216472.54,216472.54,Paid Late,9
R00003517,L000290,1,2024-09-18,2024-09-16,209131.72,209131.72,Paid On Time,0
R00003518,L000290,2,2024-10-18,2024-10-16,209131.72,209131.72,Paid On Time,0
R00003519,L000290,3,2024-11-18,,209131.72,0.0,Unpaid,60
R00003520,L000290,4,2024-12-18,2024-12-18,209131.72,209131.72,Paid On Time,0
R00003521,L000290,5,2025-01-18,2025-01-19,209131.72,209131.72,Paid Late,1
R00003522,L000290,6,2025-02-18,2025-02-17,209131.72,209131.72,Paid On Time,0
R00003523,L000290,7,2025-03-18,2025-03-16,209131.72,209131.72,Paid On Time,0
R00003524,L000290,8,2025-04-18,2025-04-16,209131.72,209131.72,Paid On Time,0
R00003525,L000290,9,2025-05-18,2025-05-16,209131.72,209131.72,Paid On Time,0
R00003526,L000290,10,2025-06-18,,209131.72,0.0,Unpaid,120
R00003527,L000290,11,2025-07-18,2025-07-17,209131.72,209131.72,Paid On Time,0
R00003528,L000290,12,2025-08-18,2025-08-17,209131.72,209131.72,Paid On Time,0
R00003529,L000290,13,2025-09-18,2025-09-17,209131.72,209131.72,Paid On Time,0
R00003530,L000290,14,2025-10-18,2025-10-17,209131.72,209131.72,Paid On Time,0
R00003531,L000290,15,2025-11-18,2025-11-18,209131.72,209131.72,Paid On Time,0
R00003532,L000290,16,2025-12-18,2025-12-17,209131.72,209131.72,Paid On Time,0
R00003533,L000290,17,2026-01-18,2026-01-16,209131.72,209131.72,Paid On Time,0
R00003534,L000290,18,2026-02-18,2026-02-18,209131.72,209131.72,Paid On Time,0
R00003535,L000290,19,2026-03-18,2026-04-16,209131.72,209131.72,Paid Late,29
R00003536,L000290,20,2026-04-18,2026-04-17,209131.72,209131.72,Paid On Time,0
R00003537,L000290,21,2026-05-18,2026-05-17,209131.72,209131.72,Paid On Time,0
R00003538,L000290,22,2026-06-18,,209131.72,0.0,Unpaid,90
R00003539,L000290,23,2026-07-18,2026-08-16,209131.72,209131.72,Paid Late,29
R00003540,L000290,24,2026-08-18,2026-08-20,209131.72,209131.72,Paid Late,2
R00003541,L000291,1,2026-08-15,2026-08-15,307839.42,307839.42,Paid On Time,0
R00003542,L000291,2,2026-09-15,2026-09-13,307839.42,307839.42,Paid On Time,0
R00003543,L000292,1,2024-07-25,2024-07-23,80894.95,80894.95,Paid On Time,0
R00003544,L000292,2,2024-08-25,2024-08-23,80894.95,80894.95,Paid On Time,0
R00003545,L000292,3,2024-09-25,2024-09-23,80894.95,80894.95,Paid On Time,0
R00003546,L000292,4,2024-10-25,2024-12-18,80894.95,55436.49,Partial,54
R00003547,L000292,5,2024-11-25,2024-11-24,80894.95,80894.95,Paid On Time,0
R00003548,L000292,6,2024-12-25,2024-12-24,80894.95,80894.95,Paid On Time,0
R00003549,L000292,7,2025-01-25,2025-01-24,80894.95,80894.95,Paid On Time,0
R00003550,L000292,8,2025-02-25,2025-02-24,80894.95,80894.95,Paid On Time,0
R00003551,L000292,9,2025-03-25,2025-03-23,80894.95,80894.95,Paid On Time,0
R00003552,L000292,10,2025-04-25,2025-05-22,80894.95,80894.95,Paid Late,27
R00003553,L000292,11,2025-05-25,2025-05-23,80894.95,80894.95,Paid On Time,0
R00003554,L000292,12,2025-06-25,2025-06-25,80894.95,80894.95,Paid On Time,0
R00003555,L000292,13,2025-07-25,2025-07-24,80894.95,80894.95,Paid On Time,0
R00003556,L000292,14,2025-08-25,2025-08-25,80894.95,80894.95,Paid On Time,0
R00003557,L000292,15,2025-09-25,2025-09-23,80894.95,80894.95,Paid On Time,0
R00003558,L000292,16,2025-10-25,,80894.95,0.0,Unpaid,120
R00003559,L000292,17,2025-11-25,2025-11-24,80894.95,80894.95,Paid On Time,0
R00003560,L000292,18,2025-12-25,2025-12-25,80894.95,80894.95,Paid On Time,0
R00003561,L000292,19,2026-01-25,2026-03-25,80894.95,29864.93,Partial,59
R00003562,L000292,20,2026-02-25,2026-02-24,80894.95,80894.95,Paid On Time,0
R00003563,L000292,21,2026-03-25,2026-03-25,80894.95,80894.95,Paid On Time,0
R00003564,L000292,22,2026-04-25,2026-05-03,80894.95,80894.95,Paid Late,8
R00003565,L000292,23,2026-05-25,2026-05-24,80894.95,80894.95,Paid On Time,0
R00003566,L000292,24,2026-06-25,2026-06-23,80894.95,80894.95,Paid On Time,0
R00003567,L000293,1,2026-09-13,2026-09-13,58030.59,58030.59,Paid On Time,0
R00003568,L000294,1,2025-01-06,2025-02-28,214758.44,129157.24,Partial,53
R00003569,L000294,2,2025-02-06,2025-02-05,214758.44,214758.44,Paid On Time,0
R00003570,L000294,3,2025-03-06,2025-05-02,214758.44,149778.75,Partial,57
R00003571,L000294,4,2025-04-06,2025-04-06,214758.44,214758.44,Paid On Time,0
R00003572,L000294,5,2025-05-06,,214758.44,0.0,Unpaid,30
R00003573,L000294,6,2025-06-06,2025-06-29,214758.44,140037.59,Partial,23
R00003574,L000294,7,2025-07-06,2025-07-18,214758.44,135302.42,Partial,12
R00003575,L000294,8,2025-08-06,2025-08-04,214758.44,214758.44,Paid On Time,0
R00003576,L000294,9,2025-09-06,2025-09-12,214758.44,214758.44,Paid Late,6
R00003577,L000294,10,2025-10-06,2025-10-04,214758.44,214758.44,Paid On Time,0
R00003578,L000294,11,2025-11-06,2025-11-05,214758.44,214758.44,Paid On Time,0
R00003579,L000294,12,2025-12-06,2025-12-04,214758.44,214758.44,Paid On Time,0
R00003580,L000294,13,2026-01-06,2026-01-19,214758.44,95572.73,Partial,13
R00003581,L000294,14,2026-02-06,2026-02-05,214758.44,214758.44,Paid On Time,0
R00003582,L000294,15,2026-03-06,2026-03-05,214758.44,214758.44,Paid On Time,0
R00003583,L000294,16,2026-04-06,2026-05-30,214758.44,109921.37,Partial,54
R00003584,L000294,17,2026-05-06,2026-05-23,214758.44,214758.44,Paid Late,17
R00003585,L000294,18,2026-06-06,2026-07-16,214758.44,124334.1,Partial,40
R00003586,L000294,19,2026-07-06,2026-07-04,214758.44,214758.44,Paid On Time,0
R00003587,L000294,20,2026-08-06,2026-09-24,214758.44,120297.22,Partial,49
R00003588,L000294,21,2026-09-06,2026-09-05,214758.44,214758.44,Paid On Time,0
R00003589,L000295,1,2024-06-10,2024-06-08,293151.55,293151.55,Paid On Time,0
R00003590,L000295,2,2024-07-10,2024-07-08,293151.55,293151.55,Paid On Time,0
R00003591,L000295,3,2024-08-10,2024-09-18,293151.55,195021.04,Partial,39
R00003592,L000295,4,2024-09-10,2024-09-10,293151.55,293151.55,Paid On Time,0
R00003593,L000295,5,2024-10-10,2024-10-08,293151.55,293151.55,Paid On Time,0
R00003594,L000295,6,2024-11-10,2024-11-08,293151.55,293151.55,Paid On Time,0
R00003595,L000295,7,2024-12-10,2024-12-24,293151.55,293151.55,Paid Late,14
R00003596,L000295,8,2025-01-10,2025-01-08,293151.55,293151.55,Paid On Time,0
R00003597,L000295,9,2025-02-10,2025-02-09,293151.55,293151.55,Paid On Time,0
R00003598,L000295,10,2025-03-10,2025-03-10,293151.55,293151.55,Paid On Time,0
R00003599,L000295,11,2025-04-10,2025-05-01,293151.55,293151.55,Paid Late,21
R00003600,L000295,12,2025-05-10,2025-05-09,293151.55,293151.55,Paid On Time,0
R00003601,L000295,13,2025-06-10,2025-06-08,293151.55,293151.55,Paid On Time,0
R00003602,L000295,14,2025-07-10,2025-08-07,293151.55,293151.55,Paid Late,28
R00003603,L000295,15,2025-08-10,2025-08-08,293151.55,293151.55,Paid On Time,0
R00003604,L000295,16,2025-09-10,2025-09-28,293151.55,203114.8,Partial,18
R00003605,L000295,17,2025-10-10,2025-10-09,293151.55,293151.55,Paid On Time,0
R00003606,L000295,18,2025-11-10,2025-11-09,293151.55,293151.55,Paid On Time,0
R00003607,L000296,1,2025-08-13,,260539.07,0.0,Unpaid,90
R00003608,L000296,2,2025-09-13,2025-09-13,260539.07,260539.07,Paid On Time,0
R00003609,L000296,3,2025-10-13,2025-10-12,260539.07,260539.07,Paid On Time,0
R00003610,L000296,4,2025-11-13,2025-12-14,260539.07,98278.4,Partial,31
R00003611,L000296,5,2025-12-13,2025-12-13,260539.07,260539.07,Paid On Time,0
R00003612,L000296,6,2026-01-13,2026-02-12,260539.07,260539.07,Paid Late,30
R00003613,L000296,7,2026-02-13,2026-02-13,260539.07,260539.07,Paid On Time,0
R00003614,L000296,8,2026-03-13,2026-03-13,260539.07,260539.07,Paid On Time,0
R00003615,L000296,9,2026-04-13,2026-04-12,260539.07,260539.07,Paid On Time,0
R00003616,L000296,10,2026-05-13,,260539.07,0.0,Unpaid,90
R00003617,L000296,11,2026-06-13,2026-07-09,260539.07,260539.07,Paid Late,26
R00003618,L000296,12,2026-07-13,2026-07-12,260539.07,260539.07,Paid On Time,0
R00003619,L000296,13,2026-08-13,2026-08-11,260539.07,260539.07,Paid On Time,0
R00003620,L000296,14,2026-09-13,2026-09-12,260539.07,260539.07,Paid On Time,0
R00003621,L000297,1,2024-02-18,2024-02-16,528418.66,528418.66,Paid On Time,0
R00003622,L000297,2,2024-03-18,2024-03-17,528418.66,528418.66,Paid On Time,0
R00003623,L000297,3,2024-04-18,2024-04-21,528418.66,528418.66,Paid Late,3
R00003624,L000297,4,2024-05-18,,528418.66,0.0,Unpaid,90
R00003625,L000297,5,2024-06-18,2024-07-09,528418.66,528418.66,Paid Late,21
R00003626,L000297,6,2024-07-18,2024-07-18,528418.66,528418.66,Paid On Time,0
R00003627,L000297,7,2024-08-18,2024-08-16,528418.66,528418.66,Paid On Time,0
R00003628,L000297,8,2024-09-18,2024-09-17,528418.66,528418.66,Paid On Time,0
R00003629,L000297,9,2024-10-18,2024-10-18,528418.66,528418.66,Paid On Time,0
R00003630,L000297,10,2024-11-18,2024-11-17,528418.66,528418.66,Paid On Time,0
R00003631,L000297,11,2024-12-18,2024-12-17,528418.66,528418.66,Paid On Time,0
R00003632,L000297,12,2025-01-18,2025-01-16,528418.66,528418.66,Paid On Time,0
R00003633,L000298,1,2026-03-24,2026-03-24,50068.45,50068.45,Paid On Time,0
R00003634,L000298,2,2026-04-24,2026-04-22,50068.45,50068.45,Paid On Time,0
R00003635,L000298,3,2026-05-24,2026-06-15,50068.45,25077.89,Partial,22
R00003636,L000298,4,2026-06-24,2026-06-23,50068.45,50068.45,Paid On Time,0
R00003637,L000298,5,2026-07-24,2026-07-23,50068.45,50068.45,Paid On Time,0
R00003638,L000298,6,2026-08-24,2026-08-24,50068.45,50068.45,Paid On Time,0
R00003639,L000298,7,2026-09-24,2026-09-24,50068.45,50068.45,Paid On Time,0
R00003640,L000299,1,2024-06-11,2024-06-10,56262.26,56262.26,Paid On Time,0
R00003641,L000299,2,2024-07-11,2024-07-09,56262.26,56262.26,Paid On Time,0
R00003642,L000299,3,2024-08-11,2024-08-09,56262.26,56262.26,Paid On Time,0
R00003643,L000299,4,2024-09-11,2024-09-10,56262.26,56262.26,Paid On Time,0
R00003644,L000299,5,2024-10-11,2024-10-11,56262.26,56262.26,Paid On Time,0
R00003645,L000299,6,2024-11-11,2024-11-11,56262.26,56262.26,Paid On Time,0
R00003646,L000299,7,2024-12-11,2024-12-10,56262.26,56262.26,Paid On Time,0
R00003647,L000299,8,2025-01-11,2025-01-11,56262.26,56262.26,Paid On Time,0
R00003648,L000299,9,2025-02-11,2025-02-11,56262.26,56262.26,Paid On Time,0
R00003649,L000299,10,2025-03-11,2025-03-20,56262.26,56262.26,Paid Late,9
R00003650,L000299,11,2025-04-11,2025-04-09,56262.26,56262.26,Paid On Time,0
R00003651,L000299,12,2025-05-11,2025-05-11,56262.26,56262.26,Paid On Time,0
R00003652,L000300,1,2024-08-28,2024-08-28,338650.4,338650.4,Paid On Time,0
R00003653,L000300,2,2024-09-28,2024-10-22,338650.4,338650.4,Paid Late,24
R00003654,L000300,3,2024-10-28,2024-10-28,338650.4,338650.4,Paid On Time,0
R00003655,L000300,4,2024-11-28,2024-11-26,338650.4,338650.4,Paid On Time,0
R00003656,L000300,5,2024-12-28,2024-12-28,338650.4,338650.4,Paid On Time,0
R00003657,L000300,6,2025-01-28,2025-01-26,338650.4,338650.4,Paid On Time,0
R00003658,L000300,7,2025-02-28,2025-02-26,338650.4,338650.4,Paid On Time,0
R00003659,L000300,8,2025-03-28,2025-03-27,338650.4,338650.4,Paid On Time,0
R00003660,L000300,9,2025-04-28,2025-06-02,338650.4,143283.7,Partial,35
R00003661,L000300,10,2025-05-28,2025-05-27,338650.4,338650.4,Paid On Time,0
R00003662,L000300,11,2025-06-28,2025-07-14,338650.4,338650.4,Paid Late,16
R00003663,L000300,12,2025-07-28,2025-07-26,338650.4,338650.4,Paid On Time,0
R00003664,L000300,13,2025-08-28,2025-09-21,338650.4,338650.4,Paid Late,24
R00003665,L000300,14,2025-09-28,,338650.4,0.0,Unpaid,60
R00003666,L000300,15,2025-10-28,,338650.4,0.0,Unpaid,60
R00003667,L000300,16,2025-11-28,2025-11-28,338650.4,338650.4,Paid On Time,0
R00003668,L000300,17,2025-12-28,2025-12-27,338650.4,338650.4,Paid On Time,0
R00003669,L000300,18,2026-01-28,2026-03-13,338650.4,235405.6,Partial,44
R00003670,L000300,19,2026-02-28,2026-02-27,338650.4,338650.4,Paid On Time,0
R00003671,L000300,20,2026-03-28,2026-05-07,338650.4,235356.2,Partial,40
R00003672,L000300,21,2026-04-28,,338650.4,0.0,Unpaid,120
R00003673,L000300,22,2026-05-28,2026-05-27,338650.4,338650.4,Paid On Time,0
R00003674,L000300,23,2026-06-28,2026-06-28,338650.4,338650.4,Paid On Time,0
R00003675,L000300,24,2026-07-28,2026-07-26,338650.4,338650.4,Paid On Time,0
R00003676,L000300,25,2026-08-28,2026-08-26,338650.4,338650.4,Paid On Time,0
R00003677,L000300,26,2026-09-28,,338650.4,0.0,Unpaid,2
R00003678,L000301,1,2025-05-20,2025-05-18,36346.42,36346.42,Paid On Time,0
R00003679,L000301,2,2025-06-20,,36346.42,0.0,Unpaid,90
R00003680,L000301,3,2025-07-20,2025-07-19,36346.42,36346.42,Paid On Time,0
R00003681,L000301,4,2025-08-20,2025-08-19,36346.42,36346.42,Paid On Time,0
R00003682,L000301,5,2025-09-20,2025-09-19,36346.42,36346.42,Paid On Time,0
R00003683,L000301,6,2025-10-20,2025-10-19,36346.42,36346.42,Paid On Time,0
R00003684,L000301,7,2025-11-20,2025-11-18,36346.42,36346.42,Paid On Time,0
R00003685,L000301,8,2025-12-20,2025-12-18,36346.42,36346.42,Paid On Time,0
R00003686,L000301,9,2026-01-20,2026-01-18,36346.42,36346.42,Paid On Time,0
R00003687,L000301,10,2026-02-20,2026-02-20,36346.42,36346.42,Paid On Time,0
R00003688,L000301,11,2026-03-20,2026-03-19,36346.42,36346.42,Paid On Time,0
R00003689,L000301,12,2026-04-20,2026-04-19,36346.42,36346.42,Paid On Time,0
R00003690,L000301,13,2026-05-20,2026-05-18,36346.42,36346.42,Paid On Time,0
R00003691,L000301,14,2026-06-20,2026-07-05,36346.42,36346.42,Paid Late,15
R00003692,L000301,15,2026-07-20,2026-07-20,36346.42,36346.42,Paid On Time,0
R00003693,L000301,16,2026-08-20,2026-08-18,36346.42,36346.42,Paid On Time,0
R00003694,L000301,17,2026-09-20,,36346.42,0.0,Unpaid,10
R00003695,L000302,1,2026-01-15,2026-01-15,558014.92,558014.92,Paid On Time,0
R00003696,L000302,2,2026-02-15,2026-02-14,558014.92,558014.92,Paid On Time,0
R00003697,L000302,3,2026-03-15,2026-03-15,558014.92,558014.92,Paid On Time,0
R00003698,L000302,4,2026-04-15,2026-04-13,558014.92,558014.92,Paid On Time,0
R00003699,L000302,5,2026-05-15,2026-05-14,558014.92,558014.92,Paid On Time,0
R00003700,L000302,6,2026-06-15,2026-06-13,558014.92,558014.92,Paid On Time,0
R00003701,L000302,7,2026-07-15,2026-07-14,558014.92,558014.92,Paid On Time,0
R00003702,L000302,8,2026-08-15,2026-08-13,558014.92,558014.92,Paid On Time,0
R00003703,L000302,9,2026-09-15,,558014.92,0.0,Unpaid,15
R00003704,L000303,1,2025-05-25,,126296.59,0.0,Unpaid,60
R00003705,L000303,2,2025-06-25,2025-06-24,126296.59,126296.59,Paid On Time,0
R00003706,L000303,3,2025-07-25,2025-07-25,126296.59,126296.59,Paid On Time,0
R00003707,L000303,4,2025-08-25,2025-08-24,126296.59,126296.59,Paid On Time,0
R00003708,L000303,5,2025-09-25,2025-09-24,126296.59,126296.59,Paid On Time,0
R00003709,L000303,6,2025-10-25,2025-11-04,126296.59,126296.59,Paid Late,10
R00003710,L000303,7,2025-11-25,2025-11-25,126296.59,126296.59,Paid On Time,0
R00003711,L000303,8,2025-12-25,2025-12-23,126296.59,126296.59,Paid On Time,0
R00003712,L000303,9,2026-01-25,2026-01-23,126296.59,126296.59,Paid On Time,0
R00003713,L000303,10,2026-02-25,2026-02-24,126296.59,126296.59,Paid On Time,0
R00003714,L000303,11,2026-03-25,2026-03-23,126296.59,126296.59,Paid On Time,0
R00003715,L000303,12,2026-04-25,2026-04-24,126296.59,126296.59,Paid On Time,0
R00003716,L000303,13,2026-05-25,2026-05-25,126296.59,126296.59,Paid On Time,0
R00003717,L000303,14,2026-06-25,2026-06-25,126296.59,126296.59,Paid On Time,0
R00003718,L000303,15,2026-07-25,2026-07-23,126296.59,126296.59,Paid On Time,0
R00003719,L000303,16,2026-08-25,2026-08-24,126296.59,126296.59,Paid On Time,0
R00003720,L000303,17,2026-09-25,2026-09-24,126296.59,126296.59,Paid On Time,0
R00003721,L000304,1,2025-10-08,2025-10-08,50767.03,50767.03,Paid On Time,0
R00003722,L000304,2,2025-11-08,2025-11-07,50767.03,50767.03,Paid On Time,0
R00003723,L000304,3,2025-12-08,,50767.03,0.0,Unpaid,120
R00003724,L000304,4,2026-01-08,2026-01-07,50767.03,50767.03,Paid On Time,0
R00003725,L000304,5,2026-02-08,2026-02-06,50767.03,50767.03,Paid On Time,0
R00003726,L000304,6,2026-03-08,2026-03-07,50767.03,50767.03,Paid On Time,0
R00003727,L000304,7,2026-04-08,2026-04-15,50767.03,50767.03,Paid Late,7
R00003728,L000304,8,2026-05-08,2026-05-08,50767.03,50767.03,Paid On Time,0
R00003729,L000304,9,2026-06-08,2026-06-07,50767.03,50767.03,Paid On Time,0
R00003730,L000304,10,2026-07-08,2026-07-08,50767.03,50767.03,Paid On Time,0
R00003731,L000304,11,2026-08-08,2026-08-25,50767.03,22851.5,Partial,17
R00003732,L000304,12,2026-09-08,2026-09-07,50767.03,50767.03,Paid On Time,0
R00003733,L000305,1,2024-02-28,2024-02-28,474280.97,474280.97,Paid On Time,0
R00003734,L000305,2,2024-03-28,2024-03-27,474280.97,474280.97,Paid On Time,0
R00003735,L000305,3,2024-04-28,2024-04-28,474280.97,474280.97,Paid On Time,0
R00003736,L000305,4,2024-05-28,2024-05-27,474280.97,474280.97,Paid On Time,0
R00003737,L000305,5,2024-06-28,2024-06-28,474280.97,474280.97,Paid On Time,0
R00003738,L000305,6,2024-07-28,2024-07-27,474280.97,474280.97,Paid On Time,0
R00003739,L000305,7,2024-08-28,2024-08-26,474280.97,474280.97,Paid On Time,0
R00003740,L000305,8,2024-09-28,2024-09-27,474280.97,474280.97,Paid On Time,0
R00003741,L000305,9,2024-10-28,2024-10-27,474280.97,474280.97,Paid On Time,0
R00003742,L000305,10,2024-11-28,2024-11-28,474280.97,474280.97,Paid On Time,0
R00003743,L000305,11,2024-12-28,2024-12-27,474280.97,474280.97,Paid On Time,0
R00003744,L000305,12,2025-01-28,2025-01-28,474280.97,474280.97,Paid On Time,0
R00003745,L000306,1,2025-01-07,2025-01-07,130550.85,130550.85,Paid On Time,0
R00003746,L000306,2,2025-02-07,,130550.85,0.0,Unpaid,60
R00003747,L000306,3,2025-03-07,2025-03-24,130550.85,130550.85,Paid Late,17
R00003748,L000306,4,2025-04-07,2025-04-07,130550.85,130550.85,Paid On Time,0
R00003749,L000306,5,2025-05-07,2025-05-07,130550.85,130550.85,Paid On Time,0
R00003750,L000306,6,2025-06-07,2025-06-05,130550.85,130550.85,Paid On Time,0
R00003751,L000306,7,2025-07-07,2025-07-05,130550.85,130550.85,Paid On Time,0
R00003752,L000306,8,2025-08-07,2025-08-06,130550.85,130550.85,Paid On Time,0
R00003753,L000306,9,2025-09-07,2025-09-05,130550.85,130550.85,Paid On Time,0
R00003754,L000306,10,2025-10-07,2025-10-05,130550.85,130550.85,Paid On Time,0
R00003755,L000306,11,2025-11-07,2025-11-05,130550.85,130550.85,Paid On Time,0
R00003756,L000306,12,2025-12-07,2025-12-27,130550.85,130550.85,Paid Late,20
R00003757,L000306,13,2026-01-07,2026-01-07,130550.85,130550.85,Paid On Time,0
R00003758,L000306,14,2026-02-07,2026-02-05,130550.85,130550.85,Paid On Time,0
R00003759,L000306,15,2026-03-07,2026-03-05,130550.85,130550.85,Paid On Time,0
R00003760,L000306,16,2026-04-07,2026-04-07,130550.85,130550.85,Paid On Time,0
R00003761,L000306,17,2026-05-07,2026-05-05,130550.85,130550.85,Paid On Time,0
R00003762,L000306,18,2026-06-07,2026-06-06,130550.85,130550.85,Paid On Time,0
R00003763,L000306,19,2026-07-07,2026-07-25,130550.85,130550.85,Paid Late,18
R00003764,L000306,20,2026-08-07,2026-08-05,130550.85,130550.85,Paid On Time,0
R00003765,L000306,21,2026-09-07,2026-09-06,130550.85,130550.85,Paid On Time,0
R00003766,L000307,1,2025-04-09,2025-04-08,175587.77,175587.77,Paid On Time,0
R00003767,L000307,2,2025-05-09,2025-05-08,175587.77,175587.77,Paid On Time,0
R00003768,L000307,3,2025-06-09,2025-06-07,175587.77,175587.77,Paid On Time,0
R00003769,L000307,4,2025-07-09,2025-07-07,175587.77,175587.77,Paid On Time,0
R00003770,L000307,5,2025-08-09,2025-08-08,175587.77,175587.77,Paid On Time,0
R00003771,L000307,6,2025-09-09,2025-09-07,175587.77,175587.77,Paid On Time,0
R00003772,L000308,1,2026-05-26,2026-05-24,63884.32,63884.32,Paid On Time,0
R00003773,L000308,2,2026-06-26,2026-06-24,63884.32,63884.32,Paid On Time,0
R00003774,L000308,3,2026-07-26,2026-07-26,63884.32,63884.32,Paid On Time,0
R00003775,L000308,4,2026-08-26,2026-08-25,63884.32,63884.32,Paid On Time,0
R00003776,L000308,5,2026-09-26,2026-09-24,63884.32,63884.32,Paid On Time,0
R00003777,L000309,1,2026-09-26,2026-09-24,270134.29,270134.29,Paid On Time,0
R00003778,L000310,1,2026-09-12,2026-09-10,277267.53,277267.53,Paid On Time,0
R00003779,L000311,1,2025-03-09,2025-03-09,126152.26,126152.26,Paid On Time,0
R00003780,L000311,2,2025-04-09,2025-04-30,126152.26,77888.28,Partial,21
R00003781,L000311,3,2025-05-09,2025-05-29,126152.26,126152.26,Paid Late,20
R00003782,L000311,4,2025-06-09,2025-06-11,126152.26,126152.26,Paid Late,2
R00003783,L000311,5,2025-07-09,2025-07-08,126152.26,126152.26,Paid On Time,0
R00003784,L000311,6,2025-08-09,2025-08-07,126152.26,126152.26,Paid On Time,0
R00003785,L000311,7,2025-09-09,2025-09-07,126152.26,126152.26,Paid On Time,0
R00003786,L000311,8,2025-10-09,2025-10-09,126152.26,126152.26,Paid On Time,0
R00003787,L000311,9,2025-11-09,2025-11-09,126152.26,126152.26,Paid On Time,0
R00003788,L000311,10,2025-12-09,2025-12-08,126152.26,126152.26,Paid On Time,0
R00003789,L000311,11,2026-01-09,2026-01-08,126152.26,126152.26,Paid On Time,0
R00003790,L000311,12,2026-02-09,2026-02-27,126152.26,126152.26,Paid Late,18
R00003791,L000312,1,2024-09-28,2024-09-28,180870.51,180870.51,Paid On Time,0
R00003792,L000312,2,2024-10-28,2024-10-27,180870.51,180870.51,Paid On Time,0
R00003793,L000312,3,2024-11-28,2024-11-28,180870.51,180870.51,Paid On Time,0
R00003794,L000312,4,2024-12-28,,180870.51,0.0,Unpaid,30
R00003795,L000312,5,2025-01-28,2025-01-26,180870.51,180870.51,Paid On Time,0
R00003796,L000312,6,2025-02-28,2025-02-27,180870.51,180870.51,Paid On Time,0
R00003797,L000312,7,2025-03-28,2025-03-26,180870.51,180870.51,Paid On Time,0
R00003798,L000312,8,2025-04-28,2025-05-22,180870.51,80983.62,Partial,24
R00003799,L000312,9,2025-05-28,2025-05-26,180870.51,180870.51,Paid On Time,0
R00003800,L000312,10,2025-06-28,2025-06-28,180870.51,180870.51,Paid On Time,0
R00003801,L000312,11,2025-07-28,2025-07-28,180870.51,180870.51,Paid On Time,0
R00003802,L000312,12,2025-08-28,,180870.51,0.0,Unpaid,60
R00003803,L000313,1,2025-01-20,2025-01-20,316253.23,316253.23,Paid On Time,0
R00003804,L000313,2,2025-02-20,2025-02-18,316253.23,316253.23,Paid On Time,0
R00003805,L000313,3,2025-03-20,2025-03-19,316253.23,316253.23,Paid On Time,0
R00003806,L000313,4,2025-04-20,2025-04-19,316253.23,316253.23,Paid On Time,0
R00003807,L000313,5,2025-05-20,2025-05-18,316253.23,316253.23,Paid On Time,0
R00003808,L000313,6,2025-06-20,2025-06-18,316253.23,316253.23,Paid On Time,0
R00003809,L000313,7,2025-07-20,2025-07-18,316253.23,316253.23,Paid On Time,0
R00003810,L000313,8,2025-08-20,2025-09-14,316253.23,316253.23,Paid Late,25
R00003811,L000313,9,2025-09-20,2025-09-20,316253.23,316253.23,Paid On Time,0
R00003812,L000313,10,2025-10-20,2025-10-19,316253.23,316253.23,Paid On Time,0
R00003813,L000313,11,2025-11-20,2025-11-20,316253.23,316253.23,Paid On Time,0
R00003814,L000313,12,2025-12-20,,316253.23,0.0,Unpaid,120
R00003815,L000313,13,2026-01-20,2026-01-19,316253.23,316253.23,Paid On Time,0
R00003816,L000313,14,2026-02-20,2026-02-20,316253.23,316253.23,Paid On Time,0
R00003817,L000313,15,2026-03-20,2026-03-19,316253.23,316253.23,Paid On Time,0
R00003818,L000313,16,2026-04-20,2026-04-20,316253.23,316253.23,Paid On Time,0
R00003819,L000313,17,2026-05-20,2026-06-11,316253.23,316253.23,Paid Late,22
R00003820,L000313,18,2026-06-20,2026-06-19,316253.23,316253.23,Paid On Time,0
R00003821,L000313,19,2026-07-20,2026-07-19,316253.23,316253.23,Paid On Time,0
R00003822,L000313,20,2026-08-20,2026-08-18,316253.23,316253.23,Paid On Time,0
R00003823,L000313,21,2026-09-20,2026-09-20,316253.23,316253.23,Paid On Time,0
R00003824,L000314,1,2026-07-21,2026-07-19,236597.21,236597.21,Paid On Time,0
R00003825,L000314,2,2026-08-21,2026-08-21,236597.21,236597.21,Paid On Time,0
R00003826,L000314,3,2026-09-21,2026-09-19,236597.21,236597.21,Paid On Time,0
R00003827,L000315,1,2024-11-13,2024-11-11,35322.74,35322.74,Paid On Time,0
R00003828,L000315,2,2024-12-13,2025-01-28,35322.74,14922.83,Partial,46
R00003829,L000315,3,2025-01-13,2025-01-12,35322.74,35322.74,Paid On Time,0
R00003830,L000315,4,2025-02-13,2025-02-12,35322.74,35322.74,Paid On Time,0
R00003831,L000315,5,2025-03-13,2025-03-12,35322.74,35322.74,Paid On Time,0
R00003832,L000315,6,2025-04-13,2025-04-12,35322.74,35322.74,Paid On Time,0
R00003833,L000315,7,2025-05-13,2025-05-12,35322.74,35322.74,Paid On Time,0
R00003834,L000315,8,2025-06-13,2025-06-12,35322.74,35322.74,Paid On Time,0
R00003835,L000315,9,2025-07-13,2025-07-12,35322.74,35322.74,Paid On Time,0
R00003836,L000315,10,2025-08-13,2025-08-12,35322.74,35322.74,Paid On Time,0
R00003837,L000315,11,2025-09-13,2025-09-13,35322.74,35322.74,Paid On Time,0
R00003838,L000315,12,2025-10-13,2025-11-08,35322.74,35322.74,Paid Late,26
R00003839,L000315,13,2025-11-13,2025-11-12,35322.74,35322.74,Paid On Time,0
R00003840,L000315,14,2025-12-13,2026-01-02,35322.74,35322.74,Paid Late,20
R00003841,L000315,15,2026-01-13,2026-01-13,35322.74,35322.74,Paid On Time,0
R00003842,L000315,16,2026-02-13,2026-02-12,35322.74,35322.74,Paid On Time,0
R00003843,L000315,17,2026-03-13,2026-03-11,35322.74,35322.74,Paid On Time,0
R00003844,L000315,18,2026-04-13,2026-04-12,35322.74,35322.74,Paid On Time,0
R00003845,L000316,1,2026-07-04,2026-07-02,120531.5,120531.5,Paid On Time,0
R00003846,L000316,2,2026-08-04,2026-08-03,120531.5,120531.5,Paid On Time,0
R00003847,L000316,3,2026-09-04,2026-09-04,120531.5,120531.5,Paid On Time,0
R00003848,L000317,1,2024-06-25,2024-06-25,126715.62,126715.62,Paid On Time,0
R00003849,L000317,2,2024-07-25,2024-07-24,126715.62,126715.62,Paid On Time,0
R00003850,L000317,3,2024-08-25,2024-08-24,126715.62,126715.62,Paid On Time,0
R00003851,L000317,4,2024-09-25,2024-10-19,126715.62,126715.62,Paid Late,24
R00003852,L000317,5,2024-10-25,2024-10-24,126715.62,126715.62,Paid On Time,0
R00003853,L000317,6,2024-11-25,2024-12-21,126715.62,126715.62,Paid Late,26
R00003854,L000317,7,2024-12-25,2025-02-12,126715.62,71171.93,Partial,49
R00003855,L000317,8,2025-01-25,2025-03-03,126715.62,83911.98,Partial,37
R00003856,L000317,9,2025-02-25,2025-02-23,126715.62,126715.62,Paid On Time,0
R00003857,L000317,10,2025-03-25,2025-03-24,126715.62,126715.62,Paid On Time,0
R00003858,L000317,11,2025-04-25,2025-04-24,126715.62,126715.62,Paid On Time,0
R00003859,L000317,12,2025-05-25,2025-05-23,126715.62,126715.62,Paid On Time,0
R00003860,L000317,13,2025-06-25,2025-06-23,126715.62,126715.62,Paid On Time,0
R00003861,L000317,14,2025-07-25,2025-07-25,126715.62,126715.62,Paid On Time,0
R00003862,L000317,15,2025-08-25,,126715.62,0.0,Unpaid,30
R00003863,L000317,16,2025-09-25,2025-09-25,126715.62,126715.62,Paid On Time,0
R00003864,L000317,17,2025-10-25,2025-10-25,126715.62,126715.62,Paid On Time,0
R00003865,L000317,18,2025-11-25,2025-11-24,126715.62,126715.62,Paid On Time,0
R00003866,L000317,19,2025-12-25,2025-12-23,126715.62,126715.62,Paid On Time,0
R00003867,L000317,20,2026-01-25,2026-01-24,126715.62,126715.62,Paid On Time,0
R00003868,L000317,21,2026-02-25,2026-02-24,126715.62,126715.62,Paid On Time,0
R00003869,L000317,22,2026-03-25,2026-04-18,126715.62,93767.17,Partial,24
R00003870,L000317,23,2026-04-25,2026-05-15,126715.62,93671.69,Partial,20
R00003871,L000317,24,2026-05-25,2026-06-20,126715.62,62530.15,Partial,26
R00003872,L000317,25,2026-06-25,,126715.62,0.0,Unpaid,90
R00003873,L000317,26,2026-07-25,2026-07-25,126715.62,126715.62,Paid On Time,0
R00003874,L000317,27,2026-08-25,2026-08-24,126715.62,126715.62,Paid On Time,0
R00003875,L000317,28,2026-09-25,2026-10-13,126715.62,126715.62,Paid Late,18
R00003876,L000318,1,2025-09-13,2025-09-13,182088.82,182088.82,Paid On Time,0
R00003877,L000318,2,2025-10-13,2025-10-11,182088.82,182088.82,Paid On Time,0
R00003878,L000318,3,2025-11-13,2025-11-11,182088.82,182088.82,Paid On Time,0
R00003879,L000318,4,2025-12-13,2025-12-12,182088.82,182088.82,Paid On Time,0
R00003880,L000318,5,2026-01-13,2026-01-11,182088.82,182088.82,Paid On Time,0
R00003881,L000318,6,2026-02-13,2026-02-13,182088.82,182088.82,Paid On Time,0
R00003882,L000318,7,2026-03-13,2026-03-13,182088.82,182088.82,Paid On Time,0
R00003883,L000318,8,2026-04-13,2026-04-11,182088.82,182088.82,Paid On Time,0
R00003884,L000318,9,2026-05-13,2026-05-13,182088.82,182088.82,Paid On Time,0
R00003885,L000318,10,2026-06-13,2026-06-12,182088.82,182088.82,Paid On Time,0
R00003886,L000318,11,2026-07-13,2026-07-11,182088.82,182088.82,Paid On Time,0
R00003887,L000318,12,2026-08-13,2026-08-11,182088.82,182088.82,Paid On Time,0
R00003888,L000318,13,2026-09-13,2026-09-13,182088.82,182088.82,Paid On Time,0
R00003889,L000319,1,2026-06-19,2026-06-26,263712.62,263712.62,Paid Late,7
R00003890,L000319,2,2026-07-19,2026-07-19,263712.62,263712.62,Paid On Time,0
R00003891,L000319,3,2026-08-19,2026-08-19,263712.62,263712.62,Paid On Time,0
R00003892,L000319,4,2026-09-19,2026-10-06,263712.62,263712.62,Paid Late,17
R00003893,L000320,1,2025-03-14,2025-03-12,293837.61,293837.61,Paid On Time,0
R00003894,L000320,2,2025-04-14,2025-04-14,293837.61,293837.61,Paid On Time,0
R00003895,L000320,3,2025-05-14,2025-05-14,293837.61,293837.61,Paid On Time,0
R00003896,L000320,4,2025-06-14,,293837.61,0.0,Unpaid,120
R00003897,L000320,5,2025-07-14,2025-07-12,293837.61,293837.61,Paid On Time,0
R00003898,L000320,6,2025-08-14,2025-08-12,293837.61,293837.61,Paid On Time,0
R00003899,L000320,7,2025-09-14,2025-09-13,293837.61,293837.61,Paid On Time,0
R00003900,L000320,8,2025-10-14,2025-10-12,293837.61,293837.61,Paid On Time,0
R00003901,L000320,9,2025-11-14,2025-11-12,293837.61,293837.61,Paid On Time,0
R00003902,L000320,10,2025-12-14,2025-12-12,293837.61,293837.61,Paid On Time,0
R00003903,L000320,11,2026-01-14,2026-01-27,293837.61,293837.61,Paid Late,13
R00003904,L000320,12,2026-02-14,2026-02-12,293837.61,293837.61,Paid On Time,0
R00003905,L000320,13,2026-03-14,2026-04-08,293837.61,103827.61,Partial,25
R00003906,L000320,14,2026-04-14,2026-04-12,293837.61,293837.61,Paid On Time,0
R00003907,L000320,15,2026-05-14,2026-05-13,293837.61,293837.61,Paid On Time,0
R00003908,L000320,16,2026-06-14,2026-06-12,293837.61,293837.61,Paid On Time,0
R00003909,L000320,17,2026-07-14,2026-07-13,293837.61,293837.61,Paid On Time,0
R00003910,L000320,18,2026-08-14,2026-08-14,293837.61,293837.61,Paid On Time,0
R00003911,L000321,1,2026-03-13,2026-04-01,106087.69,106087.69,Paid Late,19
R00003912,L000321,2,2026-04-13,2026-04-11,106087.69,106087.69,Paid On Time,0
R00003913,L000321,3,2026-05-13,2026-05-12,106087.69,106087.69,Paid On Time,0
R00003914,L000321,4,2026-06-13,2026-06-11,106087.69,106087.69,Paid On Time,0
R00003915,L000321,5,2026-07-13,2026-07-11,106087.69,106087.69,Paid On Time,0
R00003916,L000321,6,2026-08-13,2026-08-12,106087.69,106087.69,Paid On Time,0
R00003917,L000321,7,2026-09-13,2026-09-11,106087.69,106087.69,Paid On Time,0
R00003918,L000322,1,2024-12-21,2024-12-21,172667.37,172667.37,Paid On Time,0
R00003919,L000322,2,2025-01-21,2025-01-21,172667.37,172667.37,Paid On Time,0
R00003920,L000322,3,2025-02-21,2025-02-20,172667.37,172667.37,Paid On Time,0
R00003921,L000322,4,2025-03-21,2025-03-20,172667.37,172667.37,Paid On Time,0
R00003922,L000322,5,2025-04-21,2025-04-19,172667.37,172667.37,Paid On Time,0
R00003923,L000322,6,2025-05-21,2025-05-20,172667.37,172667.37,Paid On Time,0
R00003924,L000322,7,2025-06-21,2025-06-21,172667.37,172667.37,Paid On Time,0
R00003925,L000322,8,2025-07-21,2025-07-20,172667.37,172667.37,Paid On Time,0
R00003926,L000322,9,2025-08-21,2025-08-20,172667.37,172667.37,Paid On Time,0
R00003927,L000322,10,2025-09-21,2025-09-20,172667.37,172667.37,Paid On Time,0
R00003928,L000322,11,2025-10-21,2025-10-20,172667.37,172667.37,Paid On Time,0
R00003929,L000322,12,2025-11-21,2025-11-21,172667.37,172667.37,Paid On Time,0
R00003930,L000322,13,2025-12-21,2025-12-19,172667.37,172667.37,Paid On Time,0
R00003931,L000322,14,2026-01-21,2026-01-20,172667.37,172667.37,Paid On Time,0
R00003932,L000322,15,2026-02-21,2026-02-21,172667.37,172667.37,Paid On Time,0
R00003933,L000322,16,2026-03-21,2026-03-20,172667.37,172667.37,Paid On Time,0
R00003934,L000322,17,2026-04-21,2026-04-20,172667.37,172667.37,Paid On Time,0
R00003935,L000322,18,2026-05-21,2026-06-02,172667.37,172667.37,Paid Late,12
R00003936,L000322,19,2026-06-21,2026-06-21,172667.37,172667.37,Paid On Time,0
R00003937,L000322,20,2026-07-21,2026-07-19,172667.37,172667.37,Paid On Time,0
R00003938,L000322,21,2026-08-21,2026-08-21,172667.37,172667.37,Paid On Time,0
R00003939,L000322,22,2026-09-21,2026-09-30,172667.37,92838.49,Partial,13
R00003940,L000323,1,2026-05-05,2026-05-05,249978.7,249978.7,Paid On Time,0
R00003941,L000323,2,2026-06-05,2026-07-02,249978.7,249978.7,Paid Late,27
R00003942,L000323,3,2026-07-05,2026-07-04,249978.7,249978.7,Paid On Time,0
R00003943,L000323,4,2026-08-05,2026-08-03,249978.7,249978.7,Paid On Time,0
R00003944,L000323,5,2026-09-05,2026-09-26,249978.7,249978.7,Paid Late,21
R00003945,L000324,1,2026-07-10,2026-07-09,578215.26,578215.26,Paid On Time,0
R00003946,L000324,2,2026-08-10,2026-08-08,578215.26,578215.26,Paid On Time,0
R00003947,L000324,3,2026-09-10,2026-09-09,578215.26,578215.26,Paid On Time,0
R00003948,L000325,1,2025-05-16,2025-05-16,57661.96,57661.96,Paid On Time,0
R00003949,L000325,2,2025-06-16,2025-07-15,57661.96,32831.64,Partial,29
R00003950,L000325,3,2025-07-16,2025-07-16,57661.96,57661.96,Paid On Time,0
R00003951,L000325,4,2025-08-16,2025-09-12,57661.96,57661.96,Paid Late,27
R00003952,L000325,5,2025-09-16,2025-09-14,57661.96,57661.96,Paid On Time,0
R00003953,L000325,6,2025-10-16,2025-10-16,57661.96,57661.96,Paid On Time,0
R00003954,L000325,7,2025-11-16,2025-11-14,57661.96,57661.96,Paid On Time,0
R00003955,L000325,8,2025-12-16,2025-12-15,57661.96,57661.96,Paid On Time,0
R00003956,L000325,9,2026-01-16,2026-01-17,57661.96,57661.96,Paid Late,1
R00003957,L000325,10,2026-02-16,2026-02-16,57661.96,57661.96,Paid On Time,0
R00003958,L000325,11,2026-03-16,2026-03-15,57661.96,57661.96,Paid On Time,0
R00003959,L000325,12,2026-04-16,2026-04-25,57661.96,57661.96,Paid Late,9
R00003960,L000326,1,2025-06-14,2025-06-13,15465.93,15465.93,Paid On Time,0
R00003961,L000326,2,2025-07-14,2025-07-12,15465.93,15465.93,Paid On Time,0
R00003962,L000326,3,2025-08-14,2025-08-14,15465.93,15465.93,Paid On Time,0
R00003963,L000326,4,2025-09-14,2025-09-14,15465.93,15465.93,Paid On Time,0
R00003964,L000326,5,2025-10-14,2025-11-02,15465.93,15465.93,Paid Late,19
R00003965,L000326,6,2025-11-14,2025-11-13,15465.93,15465.93,Paid On Time,0
R00003966,L000326,7,2025-12-14,2025-12-12,15465.93,15465.93,Paid On Time,0
R00003967,L000326,8,2026-01-14,2026-01-13,15465.93,15465.93,Paid On Time,0
R00003968,L000326,9,2026-02-14,2026-02-12,15465.93,15465.93,Paid On Time,0
R00003969,L000326,10,2026-03-14,2026-03-30,15465.93,10861.02,Partial,16
R00003970,L000326,11,2026-04-14,2026-06-13,15465.93,7148.32,Partial,60
R00003971,L000326,12,2026-05-14,2026-05-12,15465.93,15465.93,Paid On Time,0
R00003972,L000326,13,2026-06-14,2026-06-13,15465.93,15465.93,Paid On Time,0
R00003973,L000326,14,2026-07-14,2026-07-14,15465.93,15465.93,Paid On Time,0
R00003974,L000326,15,2026-08-14,2026-08-12,15465.93,15465.93,Paid On Time,0
R00003975,L000326,16,2026-09-14,2026-09-30,15465.93,5503.99,Partial,60
R00003976,L000327,1,2025-08-18,2025-09-11,96689.47,96689.47,Paid Late,24
R00003977,L000327,2,2025-09-18,2025-10-05,96689.47,96689.47,Paid Late,17
R00003978,L000327,3,2025-10-18,2025-10-16,96689.47,96689.47,Paid On Time,0
R00003979,L000327,4,2025-11-18,2025-11-17,96689.47,96689.47,Paid On Time,0
R00003980,L000327,5,2025-12-18,2025-12-17,96689.47,96689.47,Paid On Time,0
R00003981,L000327,6,2026-01-18,,96689.47,0.0,Unpaid,120
R00003982,L000327,7,2026-02-18,2026-02-16,96689.47,96689.47,Paid On Time,0
R00003983,L000327,8,2026-03-18,2026-03-16,96689.47,96689.47,Paid On Time,0
R00003984,L000327,9,2026-04-18,2026-06-02,96689.47,35613.74,Partial,45
R00003985,L000327,10,2026-05-18,2026-05-17,96689.47,96689.47,Paid On Time,0
R00003986,L000327,11,2026-06-18,2026-07-07,96689.47,96689.47,Paid Late,19
R00003987,L000327,12,2026-07-18,2026-07-16,96689.47,96689.47,Paid On Time,0
R00003988,L000327,13,2026-08-18,2026-08-16,96689.47,96689.47,Paid On Time,0
R00003989,L000327,14,2026-09-18,2026-09-17,96689.47,96689.47,Paid On Time,0
R00003990,L000328,1,2024-07-08,2024-07-08,83668.13,83668.13,Paid On Time,0
R00003991,L000328,2,2024-08-08,2024-08-17,83668.13,83668.13,Paid Late,9
R00003992,L000328,3,2024-09-08,2024-09-06,83668.13,83668.13,Paid On Time,0
R00003993,L000328,4,2024-10-08,,83668.13,0.0,Unpaid,90
R00003994,L000328,5,2024-11-08,2024-11-08,83668.13,83668.13,Paid On Time,0
R00003995,L000328,6,2024-12-08,2024-12-08,83668.13,83668.13,Paid On Time,0
R00003996,L000328,7,2025-01-08,2025-02-16,83668.13,52664.71,Partial,39
R00003997,L000328,8,2025-02-08,2025-03-07,83668.13,52598.0,Partial,27
R00003998,L000328,9,2025-03-08,2025-03-08,83668.13,83668.13,Paid On Time,0
R00003999,L000328,10,2025-04-08,2025-05-07,83668.13,83668.13,Paid Late,29
R00004000,L000328,11,2025-05-08,2025-05-06,83668.13,83668.13,Paid On Time,0
R00004001,L000328,12,2025-06-08,2025-06-12,83668.13,83668.13,Paid Late,4
R00004002,L000328,13,2025-07-08,2025-07-06,83668.13,83668.13,Paid On Time,0
R00004003,L000328,14,2025-08-08,,83668.13,0.0,Unpaid,30
R00004004,L000328,15,2025-09-08,2025-10-05,83668.13,45386.5,Partial,27
R00004005,L000328,16,2025-10-08,2025-10-06,83668.13,83668.13,Paid On Time,0
R00004006,L000328,17,2025-11-08,2025-11-07,83668.13,83668.13,Paid On Time,0
R00004007,L000328,18,2025-12-08,2025-12-07,83668.13,83668.13,Paid On Time,0
R00004008,L000328,19,2026-01-08,2026-01-08,83668.13,83668.13,Paid On Time,0
R00004009,L000328,20,2026-02-08,2026-02-22,83668.13,83668.13,Paid Late,14
R00004010,L000328,21,2026-03-08,2026-04-13,83668.13,61038.98,Partial,36
R00004011,L000328,22,2026-04-08,2026-05-13,83668.13,45405.7,Partial,35
R00004012,L000328,23,2026-05-08,2026-05-07,83668.13,83668.13,Paid On Time,0
R00004013,L000328,24,2026-06-08,2026-06-19,83668.13,83668.13,Paid Late,11
R00004014,L000329,1,2026-05-10,2026-06-01,129542.46,129542.46,Paid Late,22
R00004015,L000329,2,2026-06-10,2026-06-09,129542.46,129542.46,Paid On Time,0
R00004016,L000329,3,2026-07-10,2026-08-20,129542.46,70147.47,Partial,41
R00004017,L000329,4,2026-08-10,2026-08-08,129542.46,129542.46,Paid On Time,0
R00004018,L000329,5,2026-09-10,2026-09-30,129542.46,129542.46,Paid Late,20
R00004019,L000330,1,2025-04-26,2025-04-25,37537.32,37537.32,Paid On Time,0
R00004020,L000330,2,2025-05-26,2025-05-26,37537.32,37537.32,Paid On Time,0
R00004021,L000330,3,2025-06-26,2025-06-24,37537.32,37537.32,Paid On Time,0
R00004022,L000330,4,2025-07-26,2025-07-25,37537.32,37537.32,Paid On Time,0
R00004023,L000330,5,2025-08-26,2025-08-25,37537.32,37537.32,Paid On Time,0
R00004024,L000330,6,2025-09-26,2025-09-25,37537.32,37537.32,Paid On Time,0
R00004025,L000330,7,2025-10-26,2025-10-25,37537.32,37537.32,Paid On Time,0
R00004026,L000330,8,2025-11-26,2025-11-26,37537.32,37537.32,Paid On Time,0
R00004027,L000330,9,2025-12-26,2025-12-25,37537.32,37537.32,Paid On Time,0
R00004028,L000330,10,2026-01-26,2026-01-25,37537.32,37537.32,Paid On Time,0
R00004029,L000330,11,2026-02-26,2026-04-12,37537.32,21866.49,Partial,45
R00004030,L000330,12,2026-03-26,2026-03-24,37537.32,37537.32,Paid On Time,0
R00004031,L000330,13,2026-04-26,2026-04-26,37537.32,37537.32,Paid On Time,0
R00004032,L000330,14,2026-05-26,2026-05-26,37537.32,37537.32,Paid On Time,0
R00004033,L000330,15,2026-06-26,2026-06-24,37537.32,37537.32,Paid On Time,0
R00004034,L000330,16,2026-07-26,2026-07-24,37537.32,37537.32,Paid On Time,0
R00004035,L000330,17,2026-08-26,2026-08-24,37537.32,37537.32,Paid On Time,0
R00004036,L000330,18,2026-09-26,,37537.32,0.0,Unpaid,4
R00004037,L000331,1,2024-06-03,2024-06-02,131599.65,131599.65,Paid On Time,0
R00004038,L000331,2,2024-07-03,2024-07-23,131599.65,74790.19,Partial,20
R00004039,L000331,3,2024-08-03,2024-08-03,131599.65,131599.65,Paid On Time,0
R00004040,L000331,4,2024-09-03,2024-09-02,131599.65,131599.65,Paid On Time,0
R00004041,L000331,5,2024-10-03,,131599.65,0.0,Unpaid,60
R00004042,L000331,6,2024-11-03,2024-11-01,131599.65,131599.65,Paid On Time,0
R00004043,L000331,7,2024-12-03,2024-12-01,131599.65,131599.65,Paid On Time,0
R00004044,L000331,8,2025-01-03,2025-03-01,131599.65,52588.48,Partial,57
R00004045,L000331,9,2025-02-03,2025-02-06,131599.65,131599.65,Paid Late,3
R00004046,L000331,10,2025-03-03,2025-03-02,131599.65,131599.65,Paid On Time,0
R00004047,L000331,11,2025-04-03,2025-04-03,131599.65,131599.65,Paid On Time,0
R00004048,L000331,12,2025-05-03,2025-05-01,131599.65,131599.65,Paid On Time,0
R00004049,L000331,13,2025-06-03,2025-06-01,131599.65,131599.65,Paid On Time,0
R00004050,L000331,14,2025-07-03,,131599.65,0.0,Unpaid,90
R00004051,L000331,15,2025-08-03,2025-08-03,131599.65,131599.65,Paid On Time,0
R00004052,L000331,16,2025-09-03,2025-09-01,131599.65,131599.65,Paid On Time,0
R00004053,L000331,17,2025-10-03,2025-10-26,131599.65,131599.65,Paid Late,23
R00004054,L000331,18,2025-11-03,2025-11-19,131599.65,131599.65,Paid Late,16
R00004055,L000331,19,2025-12-03,2025-12-01,131599.65,131599.65,Paid On Time,0
R00004056,L000331,20,2026-01-03,2026-01-02,131599.65,131599.65,Paid On Time,0
R00004057,L000331,21,2026-02-03,2026-02-02,131599.65,131599.65,Paid On Time,0
R00004058,L000331,22,2026-03-03,2026-03-02,131599.65,131599.65,Paid On Time,0
R00004059,L000331,23,2026-04-03,2026-04-01,131599.65,131599.65,Paid On Time,0
R00004060,L000331,24,2026-05-03,2026-05-01,131599.65,131599.65,Paid On Time,0
R00004061,L000331,25,2026-06-03,2026-06-02,131599.65,131599.65,Paid On Time,0
R00004062,L000331,26,2026-07-03,2026-07-02,131599.65,131599.65,Paid On Time,0
R00004063,L000331,27,2026-08-03,2026-08-03,131599.65,131599.65,Paid On Time,0
R00004064,L000331,28,2026-09-03,2026-09-01,131599.65,131599.65,Paid On Time,0
R00004065,L000332,1,2024-03-27,2024-03-26,546390.97,546390.97,Paid On Time,0
R00004066,L000332,2,2024-04-27,2024-04-25,546390.97,546390.97,Paid On Time,0
R00004067,L000332,3,2024-05-27,2024-05-26,546390.97,546390.97,Paid On Time,0
R00004068,L000332,4,2024-06-27,2024-06-26,546390.97,546390.97,Paid On Time,0
R00004069,L000332,5,2024-07-27,2024-07-25,546390.97,546390.97,Paid On Time,0
R00004070,L000332,6,2024-08-27,2024-08-27,546390.97,546390.97,Paid On Time,0
R00004071,L000333,1,2025-05-26,2025-05-25,58811.43,58811.43,Paid On Time,0
R00004072,L000333,2,2025-06-26,2025-06-24,58811.43,58811.43,Paid On Time,0
R00004073,L000333,3,2025-07-26,2025-07-26,58811.43,58811.43,Paid On Time,0
R00004074,L000333,4,2025-08-26,,58811.43,0.0,Unpaid,30
R00004075,L000333,5,2025-09-26,2025-09-26,58811.43,58811.43,Paid On Time,0
R00004076,L000333,6,2025-10-26,2025-12-16,58811.43,38249.47,Partial,51
R00004077,L000333,7,2025-11-26,2025-11-26,58811.43,58811.43,Paid On Time,0
R00004078,L000333,8,2025-12-26,2025-12-25,58811.43,58811.43,Paid On Time,0
R00004079,L000333,9,2026-01-26,2026-01-26,58811.43,58811.43,Paid On Time,0
R00004080,L000333,10,2026-02-26,2026-02-25,58811.43,58811.43,Paid On Time,0
R00004081,L000333,11,2026-03-26,2026-03-27,58811.43,58811.43,Paid Late,1
R00004082,L000333,12,2026-04-26,2026-04-25,58811.43,58811.43,Paid On Time,0
R00004083,L000334,1,2024-08-17,2024-08-15,632090.81,632090.81,Paid On Time,0
R00004084,L000334,2,2024-09-17,2024-09-15,632090.81,632090.81,Paid On Time,0
R00004085,L000334,3,2024-10-17,,632090.81,0.0,Unpaid,30
R00004086,L000334,4,2024-11-17,2024-11-16,632090.81,632090.81,Paid On Time,0
R00004087,L000334,5,2024-12-17,2024-12-16,632090.81,632090.81,Paid On Time,0
R00004088,L000334,6,2025-01-17,2025-01-15,632090.81,632090.81,Paid On Time,0
R00004089,L000334,7,2025-02-17,2025-02-15,632090.81,632090.81,Paid On Time,0
R00004090,L000334,8,2025-03-17,2025-03-17,632090.81,632090.81,Paid On Time,0
R00004091,L000334,9,2025-04-17,2025-04-15,632090.81,632090.81,Paid On Time,0
R00004092,L000334,10,2025-05-17,2025-05-17,632090.81,632090.81,Paid On Time,0
R00004093,L000334,11,2025-06-17,2025-06-17,632090.81,632090.81,Paid On Time,0
R00004094,L000334,12,2025-07-17,2025-07-15,632090.81,632090.81,Paid On Time,0
R00004095,L000335,1,2025-07-06,2025-07-05,80919.47,80919.47,Paid On Time,0
R00004096,L000335,2,2025-08-06,2025-08-22,80919.47,39669.38,Partial,16
R00004097,L000335,3,2025-09-06,2025-09-05,80919.47,80919.47,Paid On Time,0
R00004098,L000335,4,2025-10-06,2025-10-04,80919.47,80919.47,Paid On Time,0
R00004099,L000335,5,2025-11-06,2025-11-05,80919.47,80919.47,Paid On Time,0
R00004100,L000335,6,2025-12-06,2025-12-06,80919.47,80919.47,Paid On Time,0
R00004101,L000335,7,2026-01-06,2026-01-06,80919.47,80919.47,Paid On Time,0
R00004102,L000335,8,2026-02-06,2026-02-06,80919.47,80919.47,Paid On Time,0
R00004103,L000335,9,2026-03-06,,80919.47,0.0,Unpaid,120
R00004104,L000335,10,2026-04-06,2026-04-05,80919.47,80919.47,Paid On Time,0
R00004105,L000335,11,2026-05-06,2026-05-06,80919.47,80919.47,Paid On Time,0
R00004106,L000335,12,2026-06-06,2026-06-23,80919.47,80919.47,Paid Late,17
R00004107,L000337,1,2026-06-17,2026-06-17,288342.5,288342.5,Paid On Time,0
R00004108,L000337,2,2026-07-17,2026-07-15,288342.5,288342.5,Paid On Time,0
R00004109,L000337,3,2026-08-17,2026-08-17,288342.5,288342.5,Paid On Time,0
R00004110,L000337,4,2026-09-17,2026-10-10,288342.5,288342.5,Paid Late,23
R00004111,L000338,1,2025-02-11,2025-02-11,384577.0,384577.0,Paid On Time,0
R00004112,L000338,2,2025-03-11,2025-03-31,384577.0,384577.0,Paid Late,20
R00004113,L000338,3,2025-04-11,2025-04-11,384577.0,384577.0,Paid On Time,0
R00004114,L000338,4,2025-05-11,2025-06-04,384577.0,384577.0,Paid Late,24
R00004115,L000338,5,2025-06-11,2025-07-08,384577.0,177995.12,Partial,27
R00004116,L000338,6,2025-07-11,2025-07-11,384577.0,384577.0,Paid On Time,0
R00004117,L000339,1,2024-11-17,2024-11-16,453577.62,453577.62,Paid On Time,0
R00004118,L000339,2,2024-12-17,2024-12-17,453577.62,453577.62,Paid On Time,0
R00004119,L000339,3,2025-01-17,2025-01-15,453577.62,453577.62,Paid On Time,0
R00004120,L000339,4,2025-02-17,2025-02-17,453577.62,453577.62,Paid On Time,0
R00004121,L000339,5,2025-03-17,2025-04-02,453577.62,453577.62,Paid Late,16
R00004122,L000339,6,2025-04-17,2025-04-17,453577.62,453577.62,Paid On Time,0
R00004123,L000340,1,2025-03-19,2025-04-01,51052.58,51052.58,Paid Late,13
R00004124,L000340,2,2025-04-19,2025-04-19,51052.58,51052.58,Paid On Time,0
R00004125,L000340,3,2025-05-19,2025-06-27,51052.58,22080.48,Partial,39
R00004126,L000340,4,2025-06-19,2025-06-18,51052.58,51052.58,Paid On Time,0
R00004127,L000340,5,2025-07-19,2025-07-18,51052.58,51052.58,Paid On Time,0
R00004128,L000340,6,2025-08-19,2025-08-30,51052.58,51052.58,Paid Late,11
R00004129,L000340,7,2025-09-19,2025-09-19,51052.58,51052.58,Paid On Time,0
R00004130,L000340,8,2025-10-19,2025-10-17,51052.58,51052.58,Paid On Time,0
R00004131,L000340,9,2025-11-19,2025-11-19,51052.58,51052.58,Paid On Time,0
R00004132,L000340,10,2025-12-19,2025-12-19,51052.58,51052.58,Paid On Time,0
R00004133,L000340,11,2026-01-19,2026-01-19,51052.58,51052.58,Paid On Time,0
R00004134,L000340,12,2026-02-19,2026-02-18,51052.58,51052.58,Paid On Time,0
R00004135,L000340,13,2026-03-19,2026-04-08,51052.58,27478.85,Partial,20
R00004136,L000340,14,2026-04-19,2026-05-22,51052.58,23845.6,Partial,33
R00004137,L000340,15,2026-05-19,2026-05-18,51052.58,51052.58,Paid On Time,0
R00004138,L000340,16,2026-06-19,,51052.58,0.0,Unpaid,103
R00004139,L000340,17,2026-07-19,,51052.58,0.0,Unpaid,73
R00004140,L000340,18,2026-08-19,2026-09-04,51052.58,22342.27,Partial,16
R00004141,L000341,1,2024-06-04,2024-06-03,303668.83,303668.83,Paid On Time,0
R00004142,L000341,2,2024-07-04,2024-07-04,303668.83,303668.83,Paid On Time,0
R00004143,L000341,3,2024-08-04,2024-08-04,303668.83,303668.83,Paid On Time,0
R00004144,L000341,4,2024-09-04,2024-09-02,303668.83,303668.83,Paid On Time,0
R00004145,L000341,5,2024-10-04,2024-10-02,303668.83,303668.83,Paid On Time,0
R00004146,L000341,6,2024-11-04,2024-11-03,303668.83,303668.83,Paid On Time,0
R00004147,L000342,1,2024-06-23,2024-06-23,523010.32,523010.32,Paid On Time,0
R00004148,L000342,2,2024-07-23,2024-07-21,523010.32,523010.32,Paid On Time,0
R00004149,L000342,3,2024-08-23,2024-08-22,523010.32,523010.32,Paid On Time,0
R00004150,L000342,4,2024-09-23,2024-09-23,523010.32,523010.32,Paid On Time,0
R00004151,L000342,5,2024-10-23,2024-10-23,523010.32,523010.32,Paid On Time,0
R00004152,L000342,6,2024-11-23,2024-11-22,523010.32,523010.32,Paid On Time,0
R00004153,L000342,7,2024-12-23,2024-12-22,523010.32,523010.32,Paid On Time,0
R00004154,L000342,8,2025-01-23,2025-01-21,523010.32,523010.32,Paid On Time,0
R00004155,L000342,9,2025-02-23,,523010.32,0.0,Unpaid,60
R00004156,L000342,10,2025-03-23,2025-03-22,523010.32,523010.32,Paid On Time,0
R00004157,L000342,11,2025-04-23,2025-04-29,523010.32,523010.32,Paid Late,6
R00004158,L000342,12,2025-05-23,2025-05-23,523010.32,523010.32,Paid On Time,0
R00004159,L000343,1,2024-12-24,2024-12-22,23813.83,23813.83,Paid On Time,0
R00004160,L000343,2,2025-01-24,2025-01-24,23813.83,23813.83,Paid On Time,0
R00004161,L000343,3,2025-02-24,2025-02-23,23813.83,23813.83,Paid On Time,0
R00004162,L000343,4,2025-03-24,2025-03-23,23813.83,23813.83,Paid On Time,0
R00004163,L000343,5,2025-04-24,2025-04-22,23813.83,23813.83,Paid On Time,0
R00004164,L000343,6,2025-05-24,2025-05-22,23813.83,23813.83,Paid On Time,0
R00004165,L000343,7,2025-06-24,2025-06-22,23813.83,23813.83,Paid On Time,0
R00004166,L000343,8,2025-07-24,2025-07-22,23813.83,23813.83,Paid On Time,0
R00004167,L000343,9,2025-08-24,2025-08-24,23813.83,23813.83,Paid On Time,0
R00004168,L000343,10,2025-09-24,2025-09-22,23813.83,23813.83,Paid On Time,0
R00004169,L000343,11,2025-10-24,2025-10-23,23813.83,23813.83,Paid On Time,0
R00004170,L000343,12,2025-11-24,2025-11-22,23813.83,23813.83,Paid On Time,0
R00004171,L000343,13,2025-12-24,2025-12-23,23813.83,23813.83,Paid On Time,0
R00004172,L000343,14,2026-01-24,2026-01-23,23813.83,23813.83,Paid On Time,0
R00004173,L000343,15,2026-02-24,2026-02-24,23813.83,23813.83,Paid On Time,0
R00004174,L000343,16,2026-03-24,2026-03-22,23813.83,23813.83,Paid On Time,0
R00004175,L000343,17,2026-04-24,2026-04-22,23813.83,23813.83,Paid On Time,0
R00004176,L000343,18,2026-05-24,2026-05-23,23813.83,23813.83,Paid On Time,0
R00004177,L000343,19,2026-06-24,2026-06-24,23813.83,23813.83,Paid On Time,0
R00004178,L000343,20,2026-07-24,2026-07-23,23813.83,23813.83,Paid On Time,0
R00004179,L000343,21,2026-08-24,2026-08-23,23813.83,23813.83,Paid On Time,0
R00004180,L000343,22,2026-09-24,2026-09-24,23813.83,23813.83,Paid On Time,0
R00004181,L000344,1,2024-08-21,2024-08-21,144761.53,144761.53,Paid On Time,0
R00004182,L000344,2,2024-09-21,2024-09-19,144761.53,144761.53,Paid On Time,0
R00004183,L000344,3,2024-10-21,2024-10-19,144761.53,144761.53,Paid On Time,0
R00004184,L000344,4,2024-11-21,,144761.53,0.0,Unpaid,120
R00004185,L000344,5,2024-12-21,2024-12-21,144761.53,144761.53,Paid On Time,0
R00004186,L000344,6,2025-01-21,2025-01-19,144761.53,144761.53,Paid On Time,0
R00004187,L000344,7,2025-02-21,2025-02-27,144761.53,144761.53,Paid Late,6
R00004188,L000344,8,2025-03-21,2025-03-20,144761.53,144761.53,Paid On Time,0
R00004189,L000344,9,2025-04-21,2025-04-21,144761.53,144761.53,Paid On Time,0
R00004190,L000344,10,2025-05-21,2025-06-01,144761.53,144761.53,Paid Late,11
R00004191,L000344,11,2025-06-21,2025-06-20,144761.53,144761.53,Paid On Time,0
R00004192,L000344,12,2025-07-21,2025-07-20,144761.53,144761.53,Paid On Time,0
R00004193,L000344,13,2025-08-21,2025-08-19,144761.53,144761.53,Paid On Time,0
R00004194,L000344,14,2025-09-21,2025-09-19,144761.53,144761.53,Paid On Time,0
R00004195,L000344,15,2025-10-21,2025-10-20,144761.53,144761.53,Paid On Time,0
R00004196,L000344,16,2025-11-21,2025-11-28,144761.53,144761.53,Paid Late,7
R00004197,L000344,17,2025-12-21,2025-12-21,144761.53,144761.53,Paid On Time,0
R00004198,L000344,18,2026-01-21,2026-01-20,144761.53,144761.53,Paid On Time,0
R00004199,L000344,19,2026-02-21,2026-02-28,144761.53,144761.53,Paid Late,7
R00004200,L000344,20,2026-03-21,2026-03-21,144761.53,144761.53,Paid On Time,0
R00004201,L000344,21,2026-04-21,2026-06-14,144761.53,66880.25,Partial,54
R00004202,L000344,22,2026-05-21,2026-05-21,144761.53,144761.53,Paid On Time,0
R00004203,L000344,23,2026-06-21,,144761.53,0.0,Unpaid,90
R00004204,L000344,24,2026-07-21,2026-07-21,144761.53,144761.53,Paid On Time,0
R00004205,L000345,1,2024-03-10,2024-03-10,187306.03,187306.03,Paid On Time,0
R00004206,L000345,2,2024-04-10,2024-05-17,187306.03,145871.05,Partial,37
R00004207,L000345,3,2024-05-10,2024-05-08,187306.03,187306.03,Paid On Time,0
R00004208,L000345,4,2024-06-10,2024-06-08,187306.03,187306.03,Paid On Time,0
R00004209,L000345,5,2024-07-10,2024-07-10,187306.03,187306.03,Paid On Time,0
R00004210,L000345,6,2024-08-10,,187306.03,0.0,Unpaid,90
R00004211,L000345,7,2024-09-10,2024-09-09,187306.03,187306.03,Paid On Time,0
R00004212,L000345,8,2024-10-10,2024-10-09,187306.03,187306.03,Paid On Time,0
R00004213,L000345,9,2024-11-10,2024-11-10,187306.03,187306.03,Paid On Time,0
R00004214,L000345,10,2024-12-10,2024-12-10,187306.03,187306.03,Paid On Time,0
R00004215,L000345,11,2025-01-10,2025-01-10,187306.03,187306.03,Paid On Time,0
R00004216,L000345,12,2025-02-10,2025-02-10,187306.03,187306.03,Paid On Time,0
R00004217,L000345,13,2025-03-10,2025-03-16,187306.03,187306.03,Paid Late,6
R00004218,L000345,14,2025-04-10,2025-04-10,187306.03,187306.03,Paid On Time,0
R00004219,L000345,15,2025-05-10,2025-05-10,187306.03,187306.03,Paid On Time,0
R00004220,L000345,16,2025-06-10,2025-06-09,187306.03,187306.03,Paid On Time,0
R00004221,L000345,17,2025-07-10,2025-07-10,187306.03,187306.03,Paid On Time,0
R00004222,L000345,18,2025-08-10,2025-08-24,187306.03,187306.03,Paid Late,14
R00004223,L000345,19,2025-09-10,2025-09-10,187306.03,187306.03,Paid On Time,0
R00004224,L000345,20,2025-10-10,2025-10-10,187306.03,187306.03,Paid On Time,0
R00004225,L000345,21,2025-11-10,2025-11-09,187306.03,187306.03,Paid On Time,0
R00004226,L000345,22,2025-12-10,2025-12-10,187306.03,187306.03,Paid On Time,0
R00004227,L000345,23,2026-01-10,2026-02-15,187306.03,134575.18,Partial,36
R00004228,L000345,24,2026-02-10,2026-02-09,187306.03,187306.03,Paid On Time,0
R00004229,L000346,1,2025-05-01,2025-05-01,126554.82,126554.82,Paid On Time,0
R00004230,L000346,2,2025-06-01,2025-06-17,126554.82,63433.58,Partial,16
R00004231,L000346,3,2025-07-01,2025-06-30,126554.82,126554.82,Paid On Time,0
R00004232,L000346,4,2025-08-01,2025-07-30,126554.82,126554.82,Paid On Time,0
R00004233,L000346,5,2025-09-01,2025-08-30,126554.82,126554.82,Paid On Time,0
R00004234,L000346,6,2025-10-01,2025-11-11,126554.82,75642.07,Partial,41
R00004235,L000346,7,2025-11-01,2025-11-26,126554.82,126554.82,Paid Late,25
R00004236,L000346,8,2025-12-01,2025-12-04,126554.82,126554.82,Paid Late,3
R00004237,L000346,9,2026-01-01,2025-12-30,126554.82,126554.82,Paid On Time,0
R00004238,L000346,10,2026-02-01,2026-01-30,126554.82,126554.82,Paid On Time,0
R00004239,L000346,11,2026-03-01,2026-03-01,126554.82,126554.82,Paid On Time,0
R00004240,L000346,12,2026-04-01,2026-03-31,126554.82,126554.82,Paid On Time,0
R00004241,L000346,13,2026-05-01,2026-05-01,126554.82,126554.82,Paid On Time,0
R00004242,L000346,14,2026-06-01,2026-05-31,126554.82,126554.82,Paid On Time,0
R00004243,L000346,15,2026-07-01,2026-06-30,126554.82,126554.82,Paid On Time,0
R00004244,L000346,16,2026-08-01,2026-08-15,126554.82,126554.82,Paid Late,14
R00004245,L000346,17,2026-09-01,2026-09-01,126554.82,126554.82,Paid On Time,0
R00004246,L000347,1,2026-05-01,2026-04-29,183263.13,183263.13,Paid On Time,0
R00004247,L000347,2,2026-06-01,2026-06-01,183263.13,183263.13,Paid On Time,0
R00004248,L000347,3,2026-07-01,2026-06-30,183263.13,183263.13,Paid On Time,0
R00004249,L000347,4,2026-08-01,2026-07-30,183263.13,183263.13,Paid On Time,0
R00004250,L000347,5,2026-09-01,2026-09-01,183263.13,183263.13,Paid On Time,0
R00004251,L000348,1,2024-07-15,2024-07-14,237662.29,237662.29,Paid On Time,0
R00004252,L000348,2,2024-08-15,2024-08-15,237662.29,237662.29,Paid On Time,0
R00004253,L000348,3,2024-09-15,2024-09-13,237662.29,237662.29,Paid On Time,0
R00004254,L000348,4,2024-10-15,2024-10-14,237662.29,237662.29,Paid On Time,0
R00004255,L000348,5,2024-11-15,2024-11-15,237662.29,237662.29,Paid On Time,0
R00004256,L000348,6,2024-12-15,2024-12-15,237662.29,237662.29,Paid On Time,0
R00004257,L000349,1,2024-02-22,2024-02-21,265218.51,265218.51,Paid On Time,0
R00004258,L000349,2,2024-03-22,2024-03-20,265218.51,265218.51,Paid On Time,0
R00004259,L000349,3,2024-04-22,2024-04-22,265218.51,265218.51,Paid On Time,0
R00004260,L000349,4,2024-05-22,2024-05-20,265218.51,265218.51,Paid On Time,0
R00004261,L000349,5,2024-06-22,2024-06-20,265218.51,265218.51,Paid On Time,0
R00004262,L000349,6,2024-07-22,2024-07-22,265218.51,265218.51,Paid On Time,0
R00004263,L000349,7,2024-08-22,2024-08-21,265218.51,265218.51,Paid On Time,0
R00004264,L000349,8,2024-09-22,2024-09-20,265218.51,265218.51,Paid On Time,0
R00004265,L000349,9,2024-10-22,2024-10-21,265218.51,265218.51,Paid On Time,0
R00004266,L000349,10,2024-11-22,2024-12-27,265218.51,160795.75,Partial,35
R00004267,L000349,11,2024-12-22,2024-12-22,265218.51,265218.51,Paid On Time,0
R00004268,L000349,12,2025-01-22,2025-01-22,265218.51,265218.51,Paid On Time,0
R00004269,L000349,13,2025-02-22,,265218.51,0.0,Unpaid,30
R00004270,L000349,14,2025-03-22,2025-04-12,265218.51,265218.51,Paid Late,21
R00004271,L000349,15,2025-04-22,2025-04-20,265218.51,265218.51,Paid On Time,0
R00004272,L000349,16,2025-05-22,,265218.51,0.0,Unpaid,120
R00004273,L000349,17,2025-06-22,2025-06-22,265218.51,265218.51,Paid On Time,0
R00004274,L000349,18,2025-07-22,2025-07-20,265218.51,265218.51,Paid On Time,0
R00004275,L000350,1,2024-06-21,2024-06-21,83117.2,83117.2,Paid On Time,0
R00004276,L000350,2,2024-07-21,2024-07-21,83117.2,83117.2,Paid On Time,0
R00004277,L000350,3,2024-08-21,2024-08-21,83117.2,83117.2,Paid On Time,0
R00004278,L000350,4,2024-09-21,2024-09-20,83117.2,83117.2,Paid On Time,0
R00004279,L000350,5,2024-10-21,2024-10-20,83117.2,83117.2,Paid On Time,0
R00004280,L000350,6,2024-11-21,2024-12-20,83117.2,83117.2,Paid Late,29
R00004281,L000350,7,2024-12-21,2025-01-28,83117.2,36973.36,Partial,38
R00004282,L000350,8,2025-01-21,2025-01-21,83117.2,83117.2,Paid On Time,0
R00004283,L000350,9,2025-02-21,2025-02-23,83117.2,83117.2,Paid Late,2
R00004284,L000350,10,2025-03-21,2025-03-19,83117.2,83117.2,Paid On Time,0
R00004285,L000350,11,2025-04-21,2025-04-20,83117.2,83117.2,Paid On Time,0
R00004286,L000350,12,2025-05-21,,83117.2,0.0,Unpaid,120
R00004287,L000350,13,2025-06-21,2025-07-21,83117.2,83117.2,Paid Late,30
R00004288,L000350,14,2025-07-21,2025-07-19,83117.2,83117.2,Paid On Time,0
R00004289,L000350,15,2025-08-21,2025-08-30,83117.2,83117.2,Paid Late,9
R00004290,L000350,16,2025-09-21,2025-09-21,83117.2,83117.2,Paid On Time,0
R00004291,L000350,17,2025-10-21,2025-10-21,83117.2,83117.2,Paid On Time,0
R00004292,L000350,18,2025-11-21,2025-11-19,83117.2,83117.2,Paid On Time,0
R00004293,L000351,1,2025-10-08,2025-10-11,169986.66,169986.66,Paid Late,3
R00004294,L000351,2,2025-11-08,2025-11-06,169986.66,169986.66,Paid On Time,0
R00004295,L000351,3,2025-12-08,2025-12-07,169986.66,169986.66,Paid On Time,0
R00004296,L000351,4,2026-01-08,2026-01-06,169986.66,169986.66,Paid On Time,0
R00004297,L000351,5,2026-02-08,2026-04-05,169986.66,87313.3,Partial,56
R00004298,L000351,6,2026-03-08,2026-04-01,169986.66,169986.66,Paid Late,24
R00004299,L000351,7,2026-04-08,2026-04-08,169986.66,169986.66,Paid On Time,0
R00004300,L000351,8,2026-05-08,2026-05-07,169986.66,169986.66,Paid On Time,0
R00004301,L000351,9,2026-06-08,2026-06-06,169986.66,169986.66,Paid On Time,0
R00004302,L000351,10,2026-07-08,2026-07-08,169986.66,169986.66,Paid On Time,0
R00004303,L000351,11,2026-08-08,2026-08-06,169986.66,169986.66,Paid On Time,0
R00004304,L000351,12,2026-09-08,2026-09-23,169986.66,169986.66,Paid Late,15
R00004305,L000352,1,2024-11-09,2024-11-07,84469.89,84469.89,Paid On Time,0
R00004306,L000352,2,2024-12-09,2024-12-07,84469.89,84469.89,Paid On Time,0
R00004307,L000352,3,2025-01-09,2025-01-07,84469.89,84469.89,Paid On Time,0
R00004308,L000352,4,2025-02-09,2025-02-08,84469.89,84469.89,Paid On Time,0
R00004309,L000352,5,2025-03-09,2025-03-08,84469.89,84469.89,Paid On Time,0
R00004310,L000352,6,2025-04-09,2025-04-19,84469.89,84469.89,Paid Late,10
R00004311,L000353,1,2024-05-12,2024-05-12,172556.68,172556.68,Paid On Time,0
R00004312,L000353,2,2024-06-12,2024-06-11,172556.68,172556.68,Paid On Time,0
R00004313,L000353,3,2024-07-12,2024-07-18,172556.68,172556.68,Paid Late,6
R00004314,L000353,4,2024-08-12,2024-08-18,172556.68,172556.68,Paid Late,6
R00004315,L000353,5,2024-09-12,2024-09-10,172556.68,172556.68,Paid On Time,0
R00004316,L000353,6,2024-10-12,2024-10-11,172556.68,172556.68,Paid On Time,0
R00004317,L000353,7,2024-11-12,2024-11-12,172556.68,172556.68,Paid On Time,0
R00004318,L000353,8,2024-12-12,2025-01-10,172556.68,172556.68,Paid Late,29
R00004319,L000353,9,2025-01-12,2025-01-10,172556.68,172556.68,Paid On Time,0
R00004320,L000353,10,2025-02-12,2025-02-11,172556.68,172556.68,Paid On Time,0
R00004321,L000353,11,2025-03-12,2025-03-10,172556.68,172556.68,Paid On Time,0
R00004322,L000353,12,2025-04-12,2025-06-07,172556.68,116991.21,Partial,56
R00004323,L000354,1,2024-11-14,2024-11-13,313905.35,313905.35,Paid On Time,0
R00004324,L000354,2,2024-12-14,2024-12-13,313905.35,313905.35,Paid On Time,0
R00004325,L000354,3,2025-01-14,2025-01-14,313905.35,313905.35,Paid On Time,0
R00004326,L000354,4,2025-02-14,2025-02-14,313905.35,313905.35,Paid On Time,0
R00004327,L000354,5,2025-03-14,2025-03-12,313905.35,313905.35,Paid On Time,0
R00004328,L000354,6,2025-04-14,2025-04-13,313905.35,313905.35,Paid On Time,0
R00004329,L000355,1,2026-02-08,2026-02-06,129963.91,129963.91,Paid On Time,0
R00004330,L000355,2,2026-03-08,2026-03-08,129963.91,129963.91,Paid On Time,0
R00004331,L000355,3,2026-04-08,2026-04-17,129963.91,129963.91,Paid Late,9
R00004332,L000355,4,2026-05-08,2026-05-08,129963.91,129963.91,Paid On Time,0
R00004333,L000355,5,2026-06-08,2026-06-07,129963.91,129963.91,Paid On Time,0
R00004334,L000355,6,2026-07-08,2026-07-08,129963.91,129963.91,Paid On Time,0
R00004335,L000355,7,2026-08-08,2026-08-07,129963.91,129963.91,Paid On Time,0
R00004336,L000355,8,2026-09-08,2026-09-06,129963.91,129963.91,Paid On Time,0
R00004337,L000356,1,2024-07-24,2024-07-23,169441.32,169441.32,Paid On Time,0
R00004338,L000356,2,2024-08-24,2024-08-22,169441.32,169441.32,Paid On Time,0
R00004339,L000356,3,2024-09-24,2024-09-23,169441.32,169441.32,Paid On Time,0
R00004340,L000356,4,2024-10-24,2024-10-24,169441.32,169441.32,Paid On Time,0
R00004341,L000356,5,2024-11-24,2024-11-24,169441.32,169441.32,Paid On Time,0
R00004342,L000356,6,2024-12-24,2024-12-22,169441.32,169441.32,Paid On Time,0
R00004343,L000356,7,2025-01-24,2025-01-24,169441.32,169441.32,Paid On Time,0
R00004344,L000356,8,2025-02-24,2025-02-24,169441.32,169441.32,Paid On Time,0
R00004345,L000356,9,2025-03-24,2025-05-17,169441.32,112816.22,Partial,54
R00004346,L000356,10,2025-04-24,2025-05-22,169441.32,169441.32,Paid Late,28
R00004347,L000356,11,2025-05-24,2025-05-22,169441.32,169441.32,Paid On Time,0
R00004348,L000356,12,2025-06-24,2025-06-22,169441.32,169441.32,Paid On Time,0
R00004349,L000356,13,2025-07-24,2025-07-23,169441.32,169441.32,Paid On Time,0
R00004350,L000356,14,2025-08-24,2025-08-24,169441.32,169441.32,Paid On Time,0
R00004351,L000356,15,2025-09-24,2025-09-24,169441.32,169441.32,Paid On Time,0
R00004352,L000356,16,2025-10-24,2025-10-22,169441.32,169441.32,Paid On Time,0
R00004353,L000356,17,2025-11-24,2025-11-24,169441.32,169441.32,Paid On Time,0
R00004354,L000356,18,2025-12-24,2025-12-23,169441.32,169441.32,Paid On Time,0
R00004355,L000357,1,2026-01-27,2026-01-27,202744.73,202744.73,Paid On Time,0
R00004356,L000357,2,2026-02-27,2026-03-17,202744.73,202744.73,Paid Late,18
R00004357,L000357,3,2026-03-27,2026-03-26,202744.73,202744.73,Paid On Time,0
R00004358,L000357,4,2026-04-27,2026-04-27,202744.73,202744.73,Paid On Time,0
R00004359,L000357,5,2026-05-27,2026-05-26,202744.73,202744.73,Paid On Time,0
R00004360,L000357,6,2026-06-27,2026-06-27,202744.73,202744.73,Paid On Time,0
R00004361,L000357,7,2026-07-27,2026-07-25,202744.73,202744.73,Paid On Time,0
R00004362,L000357,8,2026-08-27,2026-08-27,202744.73,202744.73,Paid On Time,0
R00004363,L000357,9,2026-09-27,2026-09-30,202744.73,99987.63,Partial,53
R00004364,L000358,1,2025-11-13,2025-11-13,54134.43,54134.43,Paid On Time,0
R00004365,L000358,2,2025-12-13,2025-12-12,54134.43,54134.43,Paid On Time,0
R00004366,L000358,3,2026-01-13,2026-01-11,54134.43,54134.43,Paid On Time,0
R00004367,L000358,4,2026-02-13,2026-03-14,54134.43,54134.43,Paid Late,29
R00004368,L000358,5,2026-03-13,2026-03-12,54134.43,54134.43,Paid On Time,0
R00004369,L000358,6,2026-04-13,2026-04-13,54134.43,54134.43,Paid On Time,0
R00004370,L000358,7,2026-05-13,2026-05-13,54134.43,54134.43,Paid On Time,0
R00004371,L000358,8,2026-06-13,2026-06-11,54134.43,54134.43,Paid On Time,0
R00004372,L000358,9,2026-07-13,2026-07-12,54134.43,54134.43,Paid On Time,0
R00004373,L000358,10,2026-08-13,2026-09-27,54134.43,30171.36,Partial,45
R00004374,L000358,11,2026-09-13,2026-09-20,54134.43,54134.43,Paid Late,7
R00004375,L000359,1,2025-06-06,2025-06-04,40044.63,40044.63,Paid On Time,0
R00004376,L000359,2,2025-07-06,2025-07-06,40044.63,40044.63,Paid On Time,0
R00004377,L000359,3,2025-08-06,2025-08-06,40044.63,40044.63,Paid On Time,0
R00004378,L000359,4,2025-09-06,2025-09-06,40044.63,40044.63,Paid On Time,0
R00004379,L000359,5,2025-10-06,2025-10-05,40044.63,40044.63,Paid On Time,0
R00004380,L000359,6,2025-11-06,2025-11-05,40044.63,40044.63,Paid On Time,0
R00004381,L000359,7,2025-12-06,2025-12-05,40044.63,40044.63,Paid On Time,0
R00004382,L000359,8,2026-01-06,2026-01-20,40044.63,17454.65,Partial,14
R00004383,L000359,9,2026-02-06,2026-02-09,40044.63,40044.63,Paid Late,3
R00004384,L000359,10,2026-03-06,2026-04-07,40044.63,15663.36,Partial,32
R00004385,L000359,11,2026-04-06,2026-04-06,40044.63,40044.63,Paid On Time,0
R00004386,L000359,12,2026-05-06,2026-05-04,40044.63,40044.63,Paid On Time,0
R00004387,L000359,13,2026-06-06,2026-06-04,40044.63,40044.63,Paid On Time,0
R00004388,L000359,14,2026-07-06,2026-07-06,40044.63,40044.63,Paid On Time,0
R00004389,L000359,15,2026-08-06,2026-08-05,40044.63,40044.63,Paid On Time,0
R00004390,L000359,16,2026-09-06,2026-09-05,40044.63,40044.63,Paid On Time,0
R00004391,L000360,1,2024-12-28,2024-12-26,367826.96,367826.96,Paid On Time,0
R00004392,L000360,2,2025-01-28,2025-01-28,367826.96,367826.96,Paid On Time,0
R00004393,L000360,3,2025-02-28,2025-02-26,367826.96,367826.96,Paid On Time,0
R00004394,L000360,4,2025-03-28,2025-05-21,367826.96,222820.7,Partial,54
R00004395,L000360,5,2025-04-28,2025-04-27,367826.96,367826.96,Paid On Time,0
R00004396,L000360,6,2025-05-28,2025-06-18,367826.96,367826.96,Paid Late,21
R00004397,L000360,7,2025-06-28,2025-06-26,367826.96,367826.96,Paid On Time,0
R00004398,L000360,8,2025-07-28,2025-07-27,367826.96,367826.96,Paid On Time,0
R00004399,L000360,9,2025-08-28,2025-08-27,367826.96,367826.96,Paid On Time,0
R00004400,L000360,10,2025-09-28,2025-09-26,367826.96,367826.96,Paid On Time,0
R00004401,L000360,11,2025-10-28,2025-10-28,367826.96,367826.96,Paid On Time,0
R00004402,L000360,12,2025-11-28,2025-12-08,367826.96,367826.96,Paid Late,10
R00004403,L000360,13,2025-12-28,2025-12-28,367826.96,367826.96,Paid On Time,0
R00004404,L000360,14,2026-01-28,2026-01-26,367826.96,367826.96,Paid On Time,0
R00004405,L000360,15,2026-02-28,2026-02-28,367826.96,367826.96,Paid On Time,0
R00004406,L000360,16,2026-03-28,2026-05-20,367826.96,164547.89,Partial,53
R00004407,L000360,17,2026-04-28,2026-04-26,367826.96,367826.96,Paid On Time,0
R00004408,L000360,18,2026-05-28,2026-05-28,367826.96,367826.96,Paid On Time,0
R00004409,L000360,19,2026-06-28,2026-07-18,367826.96,367826.96,Paid Late,20
R00004410,L000360,20,2026-07-28,2026-07-26,367826.96,367826.96,Paid On Time,0
R00004411,L000360,21,2026-08-28,2026-08-26,367826.96,367826.96,Paid On Time,0
R00004412,L000360,22,2026-09-28,2026-09-27,367826.96,367826.96,Paid On Time,0
R00004413,L000361,1,2026-03-13,2026-03-11,541616.34,541616.34,Paid On Time,0
R00004414,L000361,2,2026-04-13,2026-04-11,541616.34,541616.34,Paid On Time,0
R00004415,L000361,3,2026-05-13,2026-05-13,541616.34,541616.34,Paid On Time,0
R00004416,L000361,4,2026-06-13,2026-06-11,541616.34,541616.34,Paid On Time,0
R00004417,L000361,5,2026-07-13,2026-07-11,541616.34,541616.34,Paid On Time,0
R00004418,L000361,6,2026-08-13,2026-08-13,541616.34,541616.34,Paid On Time,0
R00004419,L000361,7,2026-09-13,,541616.34,0.0,Unpaid,17
R00004420,L000362,1,2026-04-07,2026-06-06,737442.97,503037.12,Partial,60
R00004421,L000362,2,2026-05-07,2026-05-06,737442.97,737442.97,Paid On Time,0
R00004422,L000362,3,2026-06-07,2026-06-06,737442.97,737442.97,Paid On Time,0
R00004423,L000362,4,2026-07-07,2026-07-06,737442.97,737442.97,Paid On Time,0
R00004424,L000362,5,2026-08-07,2026-08-07,737442.97,737442.97,Paid On Time,0
R00004425,L000362,6,2026-09-07,2026-09-30,737442.97,553442.43,Partial,38
R00004426,L000363,1,2024-05-09,2024-05-08,61712.95,61712.95,Paid On Time,0
R00004427,L000363,2,2024-06-09,2024-06-09,61712.95,61712.95,Paid On Time,0
R00004428,L000363,3,2024-07-09,2024-07-07,61712.95,61712.95,Paid On Time,0
R00004429,L000363,4,2024-08-09,2024-08-09,61712.95,61712.95,Paid On Time,0
R00004430,L000363,5,2024-09-09,2024-11-01,61712.95,31215.23,Partial,53
R00004431,L000363,6,2024-10-09,2024-10-07,61712.95,61712.95,Paid On Time,0
R00004432,L000363,7,2024-11-09,2024-11-09,61712.95,61712.95,Paid On Time,0
R00004433,L000363,8,2024-12-09,2024-12-23,61712.95,61712.95,Paid Late,14
R00004434,L000363,9,2025-01-09,,61712.95,0.0,Unpaid,60
R00004435,L000363,10,2025-02-09,2025-02-09,61712.95,61712.95,Paid On Time,0
R00004436,L000363,11,2025-03-09,2025-03-15,61712.95,61712.95,Paid Late,6
R00004437,L000363,12,2025-04-09,2025-05-14,61712.95,47904.23,Partial,35
R00004438,L000363,13,2025-05-09,2025-05-08,61712.95,61712.95,Paid On Time,0
R00004439,L000363,14,2025-06-09,,61712.95,0.0,Unpaid,60
R00004440,L000363,15,2025-07-09,2025-07-08,61712.95,61712.95,Paid On Time,0
R00004441,L000363,16,2025-08-09,2025-08-08,61712.95,61712.95,Paid On Time,0
R00004442,L000363,17,2025-09-09,2025-09-08,61712.95,61712.95,Paid On Time,0
R00004443,L000363,18,2025-10-09,2025-10-08,61712.95,61712.95,Paid On Time,0
R00004444,L000363,19,2025-11-09,2025-11-07,61712.95,61712.95,Paid On Time,0
R00004445,L000363,20,2025-12-09,2025-12-15,61712.95,61712.95,Paid Late,6
R00004446,L000363,21,2026-01-09,2026-01-07,61712.95,61712.95,Paid On Time,0
R00004447,L000363,22,2026-02-09,2026-02-09,61712.95,61712.95,Paid On Time,0
R00004448,L000363,23,2026-03-09,2026-03-09,61712.95,61712.95,Paid On Time,0
R00004449,L000363,24,2026-04-09,2026-04-09,61712.95,61712.95,Paid On Time,0
R00004450,L000364,1,2025-01-08,2025-01-06,317368.78,317368.78,Paid On Time,0
R00004451,L000364,2,2025-02-08,2025-02-06,317368.78,317368.78,Paid On Time,0
R00004452,L000364,3,2025-03-08,2025-03-08,317368.78,317368.78,Paid On Time,0
R00004453,L000364,4,2025-04-08,2025-05-05,317368.78,317368.78,Paid Late,27
R00004454,L000364,5,2025-05-08,2025-05-08,317368.78,317368.78,Paid On Time,0
R00004455,L000364,6,2025-06-08,2025-06-07,317368.78,317368.78,Paid On Time,0
R00004456,L000364,7,2025-07-08,2025-07-07,317368.78,317368.78,Paid On Time,0
R00004457,L000364,8,2025-08-08,2025-08-06,317368.78,317368.78,Paid On Time,0
R00004458,L000364,9,2025-09-08,2025-09-07,317368.78,317368.78,Paid On Time,0
R00004459,L000364,10,2025-10-08,2025-10-18,317368.78,317368.78,Paid Late,10
R00004460,L000364,11,2025-11-08,2025-11-06,317368.78,317368.78,Paid On Time,0
R00004461,L000364,12,2025-12-08,2025-12-07,317368.78,317368.78,Paid On Time,0
R00004462,L000365,1,2026-04-04,2026-05-10,349848.68,238791.8,Partial,36
R00004463,L000365,2,2026-05-04,2026-05-22,349848.68,349848.68,Paid Late,18
R00004464,L000365,3,2026-06-04,2026-06-03,349848.68,349848.68,Paid On Time,0
R00004465,L000365,4,2026-07-04,,349848.68,0.0,Unpaid,60
R00004466,L000365,5,2026-08-04,2026-08-03,349848.68,349848.68,Paid On Time,0
R00004467,L000365,6,2026-09-04,2026-09-04,349848.68,349848.68,Paid On Time,0
R00004468,L000366,1,2025-04-24,2025-04-23,63750.43,63750.43,Paid On Time,0
R00004469,L000366,2,2025-05-24,2025-05-27,63750.43,63750.43,Paid Late,3
R00004470,L000366,3,2025-06-24,2025-06-24,63750.43,63750.43,Paid On Time,0
R00004471,L000366,4,2025-07-24,2025-08-12,63750.43,63750.43,Paid Late,19
R00004472,L000366,5,2025-08-24,,63750.43,0.0,Unpaid,120
R00004473,L000366,6,2025-09-24,2025-09-23,63750.43,63750.43,Paid On Time,0
R00004474,L000366,7,2025-10-24,2025-10-22,63750.43,63750.43,Paid On Time,0
R00004475,L000366,8,2025-11-24,2025-12-14,63750.43,43303.96,Partial,20
R00004476,L000366,9,2025-12-24,,63750.43,0.0,Unpaid,120
R00004477,L000366,10,2026-01-24,2026-01-24,63750.43,63750.43,Paid On Time,0
R00004478,L000366,11,2026-02-24,2026-04-07,63750.43,31922.69,Partial,42
R00004479,L000366,12,2026-03-24,2026-04-30,63750.43,38620.29,Partial,37
R00004480,L000366,13,2026-04-24,2026-04-22,63750.43,63750.43,Paid On Time,0
R00004481,L000366,14,2026-05-24,2026-06-17,63750.43,30505.95,Partial,24
R00004482,L000366,15,2026-06-24,2026-07-10,63750.43,63750.43,Paid Late,16
R00004483,L000366,16,2026-07-24,2026-08-20,63750.43,63750.43,Paid Late,27
R00004484,L000366,17,2026-08-24,2026-09-18,63750.43,63750.43,Paid Late,25
R00004485,L000366,18,2026-09-24,2026-09-27,63750.43,63750.43,Paid Late,3
R00004486,L000367,1,2024-11-28,2024-11-28,67702.87,67702.87,Paid On Time,0
R00004487,L000367,2,2024-12-28,2025-01-18,67702.87,67702.87,Paid Late,21
R00004488,L000367,3,2025-01-28,2025-01-28,67702.87,67702.87,Paid On Time,0
R00004489,L000367,4,2025-02-28,2025-03-21,67702.87,67702.87,Paid Late,21
R00004490,L000367,5,2025-03-28,2025-04-09,67702.87,67702.87,Paid Late,12
R00004491,L000367,6,2025-04-28,2025-04-27,67702.87,67702.87,Paid On Time,0
R00004492,L000367,7,2025-05-28,2025-05-28,67702.87,67702.87,Paid On Time,0
R00004493,L000367,8,2025-06-28,2025-06-28,67702.87,67702.87,Paid On Time,0
R00004494,L000367,9,2025-07-28,2025-07-28,67702.87,67702.87,Paid On Time,0
R00004495,L000367,10,2025-08-28,,67702.87,0.0,Unpaid,30
R00004496,L000367,11,2025-09-28,2025-09-28,67702.87,67702.87,Paid On Time,0
R00004497,L000367,12,2025-10-28,2025-10-28,67702.87,67702.87,Paid On Time,0
R00004498,L000368,1,2026-03-05,2026-03-05,392717.56,392717.56,Paid On Time,0
R00004499,L000368,2,2026-04-05,2026-04-03,392717.56,392717.56,Paid On Time,0
R00004500,L000368,3,2026-05-05,2026-05-04,392717.56,392717.56,Paid On Time,0
R00004501,L000368,4,2026-06-05,2026-06-03,392717.56,392717.56,Paid On Time,0
R00004502,L000368,5,2026-07-05,2026-07-05,392717.56,392717.56,Paid On Time,0
R00004503,L000368,6,2026-08-05,2026-08-03,392717.56,392717.56,Paid On Time,0
R00004504,L000369,1,2024-03-12,2024-03-12,138480.41,138480.41,Paid On Time,0
R00004505,L000369,2,2024-04-12,2024-04-10,138480.41,138480.41,Paid On Time,0
R00004506,L000369,3,2024-05-12,2024-05-12,138480.41,138480.41,Paid On Time,0
R00004507,L000369,4,2024-06-12,2024-06-11,138480.41,138480.41,Paid On Time,0
R00004508,L000369,5,2024-07-12,2024-07-11,138480.41,138480.41,Paid On Time,0
R00004509,L000369,6,2024-08-12,2024-09-01,138480.41,63789.45,Partial,20
R00004510,L000369,7,2024-09-12,2024-09-10,138480.41,138480.41,Paid On Time,0
R00004511,L000369,8,2024-10-12,2024-10-12,138480.41,138480.41,Paid On Time,0
R00004512,L000369,9,2024-11-12,2024-11-11,138480.41,138480.41,Paid On Time,0
R00004513,L000369,10,2024-12-12,2025-01-06,138480.41,138480.41,Paid Late,25
R00004514,L000369,11,2025-01-12,2025-01-26,138480.41,138480.41,Paid Late,14
R00004515,L000369,12,2025-02-12,2025-02-11,138480.41,138480.41,Paid On Time,0
R00004516,L000369,13,2025-03-12,2025-03-11,138480.41,138480.41,Paid On Time,0
R00004517,L000369,14,2025-04-12,2025-04-25,138480.41,138480.41,Paid Late,13
R00004518,L000369,15,2025-05-12,2025-05-11,138480.41,138480.41,Paid On Time,0
R00004519,L000369,16,2025-06-12,2025-06-11,138480.41,138480.41,Paid On Time,0
R00004520,L000369,17,2025-07-12,2025-07-12,138480.41,138480.41,Paid On Time,0
R00004521,L000369,18,2025-08-12,2025-08-12,138480.41,138480.41,Paid On Time,0
R00004522,L000370,1,2024-06-12,,201814.47,0.0,Unpaid,90
R00004523,L000370,2,2024-07-12,2024-08-01,201814.47,201814.47,Paid Late,20
R00004524,L000370,3,2024-08-12,2024-08-10,201814.47,201814.47,Paid On Time,0
R00004525,L000370,4,2024-09-12,2024-09-11,201814.47,201814.47,Paid On Time,0
R00004526,L000370,5,2024-10-12,2024-10-12,201814.47,201814.47,Paid On Time,0
R00004527,L000370,6,2024-11-12,2024-11-29,201814.47,201814.47,Paid Late,17
R00004528,L000370,7,2024-12-12,2024-12-12,201814.47,201814.47,Paid On Time,0
R00004529,L000370,8,2025-01-12,2025-01-12,201814.47,201814.47,Paid On Time,0
R00004530,L000370,9,2025-02-12,2025-02-12,201814.47,201814.47,Paid On Time,0
R00004531,L000370,10,2025-03-12,2025-04-04,201814.47,123763.81,Partial,23
R00004532,L000370,11,2025-04-12,,201814.47,0.0,Unpaid,30
R00004533,L000370,12,2025-05-12,2025-05-10,201814.47,201814.47,Paid On Time,0
R00004534,L000370,13,2025-06-12,2025-06-12,201814.47,201814.47,Paid On Time,0
R00004535,L000370,14,2025-07-12,2025-07-10,201814.47,201814.47,Paid On Time,0
R00004536,L000370,15,2025-08-12,2025-08-11,201814.47,201814.47,Paid On Time,0
R00004537,L000370,16,2025-09-12,2025-09-12,201814.47,201814.47,Paid On Time,0
R00004538,L000370,17,2025-10-12,2025-10-11,201814.47,201814.47,Paid On Time,0
R00004539,L000370,18,2025-11-12,,201814.47,0.0,Unpaid,120
R00004540,L000371,1,2026-04-26,2026-04-25,187915.38,187915.38,Paid On Time,0
R00004541,L000371,2,2026-05-26,2026-05-26,187915.38,187915.38,Paid On Time,0
R00004542,L000371,3,2026-06-26,2026-06-24,187915.38,187915.38,Paid On Time,0
R00004543,L000371,4,2026-07-26,2026-07-24,187915.38,187915.38,Paid On Time,0
R00004544,L000371,5,2026-08-26,2026-08-27,187915.38,187915.38,Paid Late,1
R00004545,L000371,6,2026-09-26,2026-09-24,187915.38,187915.38,Paid On Time,0
R00004546,L000372,1,2024-04-02,2024-04-02,53367.48,53367.48,Paid On Time,0
R00004547,L000372,2,2024-05-02,2024-05-16,53367.48,53367.48,Paid Late,14
R00004548,L000372,3,2024-06-02,2024-06-01,53367.48,53367.48,Paid On Time,0
R00004549,L000372,4,2024-07-02,2024-06-30,53367.48,53367.48,Paid On Time,0
R00004550,L000372,5,2024-08-02,2024-08-23,53367.48,25235.0,Partial,21
R00004551,L000372,6,2024-09-02,2024-08-31,53367.48,53367.48,Paid On Time,0
R00004552,L000372,7,2024-10-02,2024-10-01,53367.48,53367.48,Paid On Time,0
R00004553,L000372,8,2024-11-02,,53367.48,0.0,Unpaid,30
R00004554,L000372,9,2024-12-02,2025-01-22,53367.48,34329.28,Partial,51
R00004555,L000372,10,2025-01-02,2025-01-02,53367.48,53367.48,Paid On Time,0
R00004556,L000372,11,2025-02-02,2025-02-02,53367.48,53367.48,Paid On Time,0
R00004557,L000372,12,2025-03-02,2025-02-28,53367.48,53367.48,Paid On Time,0
R00004558,L000372,13,2025-04-02,2025-03-31,53367.48,53367.48,Paid On Time,0
R00004559,L000372,14,2025-05-02,2025-05-02,53367.48,53367.48,Paid On Time,0
R00004560,L000372,15,2025-06-02,2025-06-01,53367.48,53367.48,Paid On Time,0
R00004561,L000372,16,2025-07-02,2025-07-02,53367.48,53367.48,Paid On Time,0
R00004562,L000372,17,2025-08-02,2025-07-31,53367.48,53367.48,Paid On Time,0
R00004563,L000372,18,2025-09-02,2025-09-01,53367.48,53367.48,Paid On Time,0
R00004564,L000372,19,2025-10-02,2025-10-01,53367.48,53367.48,Paid On Time,0
R00004565,L000372,20,2025-11-02,2025-10-31,53367.48,53367.48,Paid On Time,0
R00004566,L000372,21,2025-12-02,2025-12-01,53367.48,53367.48,Paid On Time,0
R00004567,L000372,22,2026-01-02,2026-01-01,53367.48,53367.48,Paid On Time,0
R00004568,L000372,23,2026-02-02,2026-02-01,53367.48,53367.48,Paid On Time,0
R00004569,L000372,24,2026-03-02,2026-03-02,53367.48,53367.48,Paid On Time,0
R00004570,L000373,1,2026-01-27,2026-01-25,208666.81,208666.81,Paid On Time,0
R00004571,L000373,2,2026-02-27,2026-02-25,208666.81,208666.81,Paid On Time,0
R00004572,L000373,3,2026-03-27,2026-03-26,208666.81,208666.81,Paid On Time,0
R00004573,L000373,4,2026-04-27,2026-04-27,208666.81,208666.81,Paid On Time,0
R00004574,L000373,5,2026-05-27,2026-05-25,208666.81,208666.81,Paid On Time,0
R00004575,L000373,6,2026-06-27,2026-06-27,208666.81,208666.81,Paid On Time,0
R00004576,L000373,7,2026-07-27,2026-07-27,208666.81,208666.81,Paid On Time,0
R00004577,L000373,8,2026-08-27,2026-09-17,208666.81,208666.81,Paid Late,21
R00004578,L000373,9,2026-09-27,2026-09-26,208666.81,208666.81,Paid On Time,0
R00004579,L000374,1,2025-03-20,,264518.84,0.0,Unpaid,90
R00004580,L000374,2,2025-04-20,2025-05-17,264518.84,264518.84,Paid Late,27
R00004581,L000374,3,2025-05-20,2025-05-19,264518.84,264518.84,Paid On Time,0
R00004582,L000374,4,2025-06-20,2025-06-20,264518.84,264518.84,Paid On Time,0
R00004583,L000374,5,2025-07-20,2025-08-02,264518.84,103741.02,Partial,13
R00004584,L000374,6,2025-08-20,2025-08-20,264518.84,264518.84,Paid On Time,0
R00004585,L000375,1,2026-04-19,2026-04-18,370069.84,370069.84,Paid On Time,0
R00004586,L000375,2,2026-05-19,2026-05-17,370069.84,370069.84,Paid On Time,0
R00004587,L000375,3,2026-06-19,,370069.84,0.0,Unpaid,60
R00004588,L000375,4,2026-07-19,2026-07-19,370069.84,370069.84,Paid On Time,0
R00004589,L000375,5,2026-08-19,2026-08-18,370069.84,370069.84,Paid On Time,0
R00004590,L000375,6,2026-09-19,2026-09-30,370069.84,148457.01,Partial,44
R00004591,L000376,1,2026-09-08,2026-09-08,438432.26,438432.26,Paid On Time,0
R00004592,L000377,1,2026-03-03,2026-03-16,124334.97,124334.97,Paid Late,13
R00004593,L000377,2,2026-04-03,2026-04-02,124334.97,124334.97,Paid On Time,0
R00004594,L000377,3,2026-05-03,2026-05-01,124334.97,124334.97,Paid On Time,0
R00004595,L000377,4,2026-06-03,2026-06-02,124334.97,124334.97,Paid On Time,0
R00004596,L000377,5,2026-07-03,2026-07-01,124334.97,124334.97,Paid On Time,0
R00004597,L000377,6,2026-08-03,2026-08-02,124334.97,124334.97,Paid On Time,0
R00004598,L000377,7,2026-09-03,2026-09-20,124334.97,124334.97,Paid Late,17
R00004599,L000378,1,2024-08-02,2024-07-31,88431.79,88431.79,Paid On Time,0
R00004600,L000378,2,2024-09-02,2024-08-31,88431.79,88431.79,Paid On Time,0
R00004601,L000378,3,2024-10-02,2024-10-01,88431.79,88431.79,Paid On Time,0
R00004602,L000378,4,2024-11-02,2024-11-01,88431.79,88431.79,Paid On Time,0
R00004603,L000378,5,2024-12-02,2024-12-01,88431.79,88431.79,Paid On Time,0
R00004604,L000378,6,2025-01-02,,88431.79,0.0,Unpaid,30
R00004605,L000378,7,2025-02-02,2025-01-31,88431.79,88431.79,Paid On Time,0
R00004606,L000378,8,2025-03-02,2025-03-01,88431.79,88431.79,Paid On Time,0
R00004607,L000378,9,2025-04-02,2025-04-02,88431.79,88431.79,Paid On Time,0
R00004608,L000378,10,2025-05-02,,88431.79,0.0,Unpaid,30
R00004609,L000378,11,2025-06-02,2025-05-31,88431.79,88431.79,Paid On Time,0
R00004610,L000378,12,2025-07-02,2025-07-02,88431.79,88431.79,Paid On Time,0
R00004611,L000378,13,2025-08-02,2025-07-31,88431.79,88431.79,Paid On Time,0
R00004612,L000378,14,2025-09-02,2025-09-01,88431.79,88431.79,Paid On Time,0
R00004613,L000378,15,2025-10-02,2025-10-08,88431.79,88431.79,Paid Late,6
R00004614,L000378,16,2025-11-02,2025-11-02,88431.79,88431.79,Paid On Time,0
R00004615,L000378,17,2025-12-02,2025-12-12,88431.79,88431.79,Paid Late,10
R00004616,L000378,18,2026-01-02,2026-01-02,88431.79,88431.79,Paid On Time,0
R00004617,L000378,19,2026-02-02,2026-02-01,88431.79,88431.79,Paid On Time,0
R00004618,L000378,20,2026-03-02,2026-02-28,88431.79,88431.79,Paid On Time,0
R00004619,L000378,21,2026-04-02,2026-03-31,88431.79,88431.79,Paid On Time,0
R00004620,L000378,22,2026-05-02,2026-05-02,88431.79,88431.79,Paid On Time,0
R00004621,L000378,23,2026-06-02,2026-06-21,88431.79,88431.79,Paid Late,19
R00004622,L000378,24,2026-07-02,2026-07-01,88431.79,88431.79,Paid On Time,0
R00004623,L000380,1,2026-04-22,2026-06-08,321445.9,177829.19,Partial,47
R00004624,L000380,2,2026-05-22,2026-05-20,321445.9,321445.9,Paid On Time,0
R00004625,L000380,3,2026-06-22,2026-06-22,321445.9,321445.9,Paid On Time,0
R00004626,L000380,4,2026-07-22,2026-07-22,321445.9,321445.9,Paid On Time,0
R00004627,L000380,5,2026-08-22,2026-08-22,321445.9,321445.9,Paid On Time,0
R00004628,L000380,6,2026-09-22,2026-09-22,321445.9,321445.9,Paid On Time,0
R00004629,L000381,1,2025-11-11,2025-11-11,263752.15,263752.15,Paid On Time,0
R00004630,L000381,2,2025-12-11,2025-12-10,263752.15,263752.15,Paid On Time,0
R00004631,L000381,3,2026-01-11,2026-01-25,263752.15,148893.04,Partial,14
R00004632,L000381,4,2026-02-11,2026-02-11,263752.15,263752.15,Paid On Time,0
R00004633,L000381,5,2026-03-11,2026-03-09,263752.15,263752.15,Paid On Time,0
R00004634,L000381,6,2026-04-11,2026-04-09,263752.15,263752.15,Paid On Time,0
R00004635,L000381,7,2026-05-11,2026-05-10,263752.15,263752.15,Paid On Time,0
R00004636,L000381,8,2026-06-11,2026-06-09,263752.15,263752.15,Paid On Time,0
R00004637,L000381,9,2026-07-11,2026-07-11,263752.15,263752.15,Paid On Time,0
R00004638,L000381,10,2026-08-11,2026-08-12,263752.15,263752.15,Paid Late,1
R00004639,L000381,11,2026-09-11,,263752.15,0.0,Unpaid,19
R00004640,L000382,1,2025-09-28,2025-10-28,183025.89,183025.89,Paid Late,30
R00004641,L000382,2,2025-10-28,2025-11-11,183025.89,106219.06,Partial,14
R00004642,L000382,3,2025-11-28,2025-11-26,183025.89,183025.89,Paid On Time,0
R00004643,L000382,4,2025-12-28,2025-12-28,183025.89,183025.89,Paid On Time,0
R00004644,L000382,5,2026-01-28,2026-01-27,183025.89,183025.89,Paid On Time,0
R00004645,L000382,6,2026-02-28,2026-02-27,183025.89,183025.89,Paid On Time,0
R00004646,L000382,7,2026-03-28,2026-03-27,183025.89,183025.89,Paid On Time,0
R00004647,L000382,8,2026-04-28,2026-04-27,183025.89,183025.89,Paid On Time,0
R00004648,L000382,9,2026-05-28,2026-05-27,183025.89,183025.89,Paid On Time,0
R00004649,L000382,10,2026-06-28,2026-06-28,183025.89,183025.89,Paid On Time,0
R00004650,L000382,11,2026-07-28,2026-08-11,183025.89,183025.89,Paid Late,14
R00004651,L000382,12,2026-08-28,2026-09-30,183025.89,143543.15,Partial,51
R00004652,L000383,1,2025-06-01,,603091.74,0.0,Unpaid,30
R00004653,L000383,2,2025-07-01,2025-06-29,603091.74,603091.74,Paid On Time,0
R00004654,L000383,3,2025-08-01,,603091.74,0.0,Unpaid,90
R00004655,L000383,4,2025-09-01,2025-10-11,603091.74,410719.48,Partial,40
R00004656,L000383,5,2025-10-01,2025-10-01,603091.74,603091.74,Paid On Time,0
R00004657,L000383,6,2025-11-01,2025-10-30,603091.74,603091.74,Paid On Time,0
R00004658,L000383,7,2025-12-01,2025-11-30,603091.74,603091.74,Paid On Time,0
R00004659,L000383,8,2026-01-01,2025-12-31,603091.74,603091.74,Paid On Time,0
R00004660,L000383,9,2026-02-01,2026-01-30,603091.74,603091.74,Paid On Time,0
R00004661,L000383,10,2026-03-01,2026-03-26,603091.74,433012.35,Partial,25
R00004662,L000383,11,2026-04-01,2026-03-30,603091.74,603091.74,Paid On Time,0
R00004663,L000383,12,2026-05-01,2026-04-30,603091.74,603091.74,Paid On Time,0
R00004664,L000384,1,2024-09-07,2024-09-24,259864.42,259864.42,Paid Late,17
R00004665,L000384,2,2024-10-07,2024-12-02,259864.42,175103.47,Partial,56
R00004666,L000384,3,2024-11-07,2024-11-07,259864.42,259864.42,Paid On Time,0
R00004667,L000384,4,2024-12-07,2024-12-17,259864.42,259864.42,Paid Late,10
R00004668,L000384,5,2025-01-07,2025-01-06,259864.42,259864.42,Paid On Time,0
R00004669,L000384,6,2025-02-07,2025-02-07,259864.42,259864.42,Paid On Time,0
R00004670,L000384,7,2025-03-07,2025-04-02,259864.42,259864.42,Paid Late,26
R00004671,L000384,8,2025-04-07,2025-04-06,259864.42,259864.42,Paid On Time,0
R00004672,L000384,9,2025-05-07,2025-05-06,259864.42,259864.42,Paid On Time,0
R00004673,L000384,10,2025-06-07,2025-06-05,259864.42,259864.42,Paid On Time,0
R00004674,L000384,11,2025-07-07,2025-07-05,259864.42,259864.42,Paid On Time,0
R00004675,L000384,12,2025-08-07,2025-08-06,259864.42,259864.42,Paid On Time,0
R00004676,L000384,13,2025-09-07,2025-09-06,259864.42,259864.42,Paid On Time,0
R00004677,L000384,14,2025-10-07,2025-10-06,259864.42,259864.42,Paid On Time,0
R00004678,L000384,15,2025-11-07,2025-11-07,259864.42,259864.42,Paid On Time,0
R00004679,L000384,16,2025-12-07,,259864.42,0.0,Unpaid,30
R00004680,L000384,17,2026-01-07,2026-01-06,259864.42,259864.42,Paid On Time,0
R00004681,L000384,18,2026-02-07,2026-02-05,259864.42,259864.42,Paid On Time,0
R00004682,L000384,19,2026-03-07,2026-03-07,259864.42,259864.42,Paid On Time,0
R00004683,L000384,20,2026-04-07,2026-04-05,259864.42,259864.42,Paid On Time,0
R00004684,L000384,21,2026-05-07,2026-05-05,259864.42,259864.42,Paid On Time,0
R00004685,L000384,22,2026-06-07,2026-06-06,259864.42,259864.42,Paid On Time,0
R00004686,L000384,23,2026-07-07,2026-07-06,259864.42,259864.42,Paid On Time,0
R00004687,L000384,24,2026-08-07,2026-08-07,259864.42,259864.42,Paid On Time,0
R00004688,L000384,25,2026-09-07,2026-10-06,259864.42,259864.42,Paid Late,29
R00004689,L000385,1,2024-08-04,2024-08-03,268446.92,268446.92,Paid On Time,0
R00004690,L000385,2,2024-09-04,2024-09-03,268446.92,268446.92,Paid On Time,0
R00004691,L000385,3,2024-10-04,2024-10-03,268446.92,268446.92,Paid On Time,0
R00004692,L000385,4,2024-11-04,2024-11-02,268446.92,268446.92,Paid On Time,0
R00004693,L000385,5,2024-12-04,2024-12-29,268446.92,116610.58,Partial,25
R00004694,L000385,6,2025-01-04,2025-01-24,268446.92,268446.92,Paid Late,20
R00004695,L000385,7,2025-02-04,2025-02-21,268446.92,268446.92,Paid Late,17
R00004696,L000385,8,2025-03-04,2025-03-02,268446.92,268446.92,Paid On Time,0
R00004697,L000385,9,2025-04-04,2025-04-02,268446.92,268446.92,Paid On Time,0
R00004698,L000385,10,2025-05-04,2025-05-02,268446.92,268446.92,Paid On Time,0
R00004699,L000385,11,2025-06-04,2025-06-02,268446.92,268446.92,Paid On Time,0
R00004700,L000385,12,2025-07-04,2025-07-02,268446.92,268446.92,Paid On Time,0
R00004701,L000385,13,2025-08-04,2025-08-04,268446.92,268446.92,Paid On Time,0
R00004702,L000385,14,2025-09-04,2025-09-03,268446.92,268446.92,Paid On Time,0
R00004703,L000385,15,2025-10-04,2025-10-04,268446.92,268446.92,Paid On Time,0
R00004704,L000385,16,2025-11-04,2025-11-02,268446.92,268446.92,Paid On Time,0
R00004705,L000385,17,2025-12-04,2025-12-31,268446.92,268446.92,Paid Late,27
R00004706,L000385,18,2026-01-04,2026-01-03,268446.92,268446.92,Paid On Time,0
R00004707,L000385,19,2026-02-04,2026-02-04,268446.92,268446.92,Paid On Time,0
R00004708,L000385,20,2026-03-04,2026-03-04,268446.92,268446.92,Paid On Time,0
R00004709,L000385,21,2026-04-04,2026-04-04,268446.92,268446.92,Paid On Time,0
R00004710,L000385,22,2026-05-04,2026-05-02,268446.92,268446.92,Paid On Time,0
R00004711,L000385,23,2026-06-04,2026-06-04,268446.92,268446.92,Paid On Time,0
R00004712,L000385,24,2026-07-04,2026-07-04,268446.92,268446.92,Paid On Time,0
R00004713,L000385,25,2026-08-04,2026-08-04,268446.92,268446.92,Paid On Time,0
R00004714,L000385,26,2026-09-04,2026-09-03,268446.92,268446.92,Paid On Time,0
R00004715,L000386,1,2026-05-03,2026-06-02,126326.9,126326.9,Paid Late,30
R00004716,L000386,2,2026-06-03,2026-06-22,126326.9,126326.9,Paid Late,19
R00004717,L000386,3,2026-07-03,2026-07-03,126326.9,126326.9,Paid On Time,0
R00004718,L000386,4,2026-08-03,2026-08-02,126326.9,126326.9,Paid On Time,0
R00004719,L000386,5,2026-09-03,2026-09-02,126326.9,126326.9,Paid On Time,0
R00004720,L000387,1,2025-09-26,2025-09-25,184299.17,184299.17,Paid On Time,0
R00004721,L000387,2,2025-10-26,2025-10-25,184299.17,184299.17,Paid On Time,0
R00004722,L000387,3,2025-11-26,2025-11-24,184299.17,184299.17,Paid On Time,0
R00004723,L000387,4,2025-12-26,2026-01-15,184299.17,184299.17,Paid Late,20
R00004724,L000387,5,2026-01-26,2026-01-25,184299.17,184299.17,Paid On Time,0
R00004725,L000387,6,2026-02-26,2026-02-26,184299.17,184299.17,Paid On Time,0
R00004726,L000387,7,2026-03-26,2026-03-25,184299.17,184299.17,Paid On Time,0
R00004727,L000387,8,2026-04-26,2026-04-24,184299.17,184299.17,Paid On Time,0
R00004728,L000387,9,2026-05-26,2026-05-25,184299.17,184299.17,Paid On Time,0
R00004729,L000387,10,2026-06-26,2026-06-24,184299.17,184299.17,Paid On Time,0
R00004730,L000387,11,2026-07-26,2026-08-20,184299.17,184299.17,Paid Late,25
R00004731,L000387,12,2026-08-26,2026-08-24,184299.17,184299.17,Paid On Time,0
R00004732,L000387,13,2026-09-26,2026-09-30,184299.17,127953.23,Partial,43
R00004733,L000388,1,2026-07-15,2026-07-13,132833.97,132833.97,Paid On Time,0
R00004734,L000388,2,2026-08-15,2026-08-15,132833.97,132833.97,Paid On Time,0
R00004735,L000388,3,2026-09-15,2026-09-14,132833.97,132833.97,Paid On Time,0
R00004736,L000389,1,2026-04-13,2026-04-12,36614.62,36614.62,Paid On Time,0
R00004737,L000389,2,2026-05-13,2026-05-12,36614.62,36614.62,Paid On Time,0
R00004738,L000389,3,2026-06-13,2026-06-28,36614.62,36614.62,Paid Late,15
R00004739,L000389,4,2026-07-13,2026-08-21,36614.62,18059.28,Partial,39
R00004740,L000389,5,2026-08-13,2026-08-11,36614.62,36614.62,Paid On Time,0
R00004741,L000389,6,2026-09-13,2026-09-30,36614.62,24457.55,Partial,46
R00004742,L000390,1,2026-07-16,2026-07-15,88663.79,88663.79,Paid On Time,0
R00004743,L000390,2,2026-08-16,2026-09-08,88663.79,88663.79,Paid Late,23
R00004744,L000390,3,2026-09-16,2026-09-14,88663.79,88663.79,Paid On Time,0
R00004745,L000391,1,2025-08-23,2025-08-23,63057.47,63057.47,Paid On Time,0
R00004746,L000391,2,2025-09-23,2025-09-22,63057.47,63057.47,Paid On Time,0
R00004747,L000391,3,2025-10-23,2025-10-23,63057.47,63057.47,Paid On Time,0
R00004748,L000391,4,2025-11-23,2025-11-23,63057.47,63057.47,Paid On Time,0
R00004749,L000391,5,2025-12-23,2026-01-17,63057.47,63057.47,Paid Late,25
R00004750,L000391,6,2026-01-23,2026-01-25,63057.47,63057.47,Paid Late,2
R00004751,L000391,7,2026-02-23,2026-02-21,63057.47,63057.47,Paid On Time,0
R00004752,L000391,8,2026-03-23,2026-04-08,63057.47,63057.47,Paid Late,16
R00004753,L000391,9,2026-04-23,2026-04-22,63057.47,63057.47,Paid On Time,0
R00004754,L000391,10,2026-05-23,2026-05-22,63057.47,63057.47,Paid On Time,0
R00004755,L000391,11,2026-06-23,2026-06-22,63057.47,63057.47,Paid On Time,0
R00004756,L000391,12,2026-07-23,2026-08-10,63057.47,63057.47,Paid Late,18
R00004757,L000391,13,2026-08-23,2026-08-21,63057.47,63057.47,Paid On Time,0
R00004758,L000391,14,2026-09-23,2026-09-30,63057.47,46893.23,Partial,57
R00004759,L000392,1,2024-03-08,2024-03-21,52212.16,52212.16,Paid Late,13
R00004760,L000392,2,2024-04-08,2024-04-06,52212.16,52212.16,Paid On Time,0
R00004761,L000392,3,2024-05-08,2024-05-08,52212.16,52212.16,Paid On Time,0
R00004762,L000392,4,2024-06-08,2024-06-06,52212.16,52212.16,Paid On Time,0
R00004763,L000392,5,2024-07-08,2024-07-06,52212.16,52212.16,Paid On Time,0
R00004764,L000392,6,2024-08-08,2024-08-07,52212.16,52212.16,Paid On Time,0
R00004765,L000392,7,2024-09-08,2024-09-07,52212.16,52212.16,Paid On Time,0
R00004766,L000392,8,2024-10-08,2024-10-11,52212.16,52212.16,Paid Late,3
R00004767,L000392,9,2024-11-08,2024-11-08,52212.16,52212.16,Paid On Time,0
R00004768,L000392,10,2024-12-08,2024-12-08,52212.16,52212.16,Paid On Time,0
R00004769,L000392,11,2025-01-08,2025-01-06,52212.16,52212.16,Paid On Time,0
R00004770,L000392,12,2025-02-08,2025-03-06,52212.16,52212.16,Paid Late,26
R00004771,L000392,13,2025-03-08,2025-03-07,52212.16,52212.16,Paid On Time,0
R00004772,L000392,14,2025-04-08,2025-04-06,52212.16,52212.16,Paid On Time,0
R00004773,L000392,15,2025-05-08,2025-05-06,52212.16,52212.16,Paid On Time,0
R00004774,L000392,16,2025-06-08,2025-06-08,52212.16,52212.16,Paid On Time,0
R00004775,L000392,17,2025-07-08,2025-08-06,52212.16,18665.47,Partial,29
R00004776,L000392,18,2025-08-08,2025-08-07,52212.16,52212.16,Paid On Time,0
R00004777,L000393,1,2024-08-02,2024-08-09,640497.8,640497.8,Paid Late,7
R00004778,L000393,2,2024-09-02,2024-09-29,640497.8,640497.8,Paid Late,27
R00004779,L000393,3,2024-10-02,2024-10-02,640497.8,640497.8,Paid On Time,0
R00004780,L000393,4,2024-11-02,2024-10-31,640497.8,640497.8,Paid On Time,0
R00004781,L000393,5,2024-12-02,2024-12-02,640497.8,640497.8,Paid On Time,0
R00004782,L000393,6,2025-01-02,2024-12-31,640497.8,640497.8,Paid On Time,0
R00004783,L000394,1,2024-09-03,2024-09-02,39809.56,39809.56,Paid On Time,0
R00004784,L000394,2,2024-10-03,2024-10-01,39809.56,39809.56,Paid On Time,0
R00004785,L000394,3,2024-11-03,2024-11-03,39809.56,39809.56,Paid On Time,0
R00004786,L000394,4,2024-12-03,,39809.56,0.0,Unpaid,60
R00004787,L000394,5,2025-01-03,2025-01-27,39809.56,39809.56,Paid Late,24
R00004788,L000394,6,2025-02-03,,39809.56,0.0,Unpaid,30
R00004789,L000394,7,2025-03-03,2025-04-20,39809.56,19699.59,Partial,48
R00004790,L000394,8,2025-04-03,,39809.56,0.0,Unpaid,120
R00004791,L000394,9,2025-05-03,2025-05-03,39809.56,39809.56,Paid On Time,0
R00004792,L000394,10,2025-06-03,2025-06-01,39809.56,39809.56,Paid On Time,0
R00004793,L000394,11,2025-07-03,2025-07-03,39809.56,39809.56,Paid On Time,0
R00004794,L000394,12,2025-08-03,2025-08-19,39809.56,39809.56,Paid Late,16
R00004795,L000395,1,2024-04-26,2024-04-26,123766.07,123766.07,Paid On Time,0
R00004796,L000395,2,2024-05-26,2024-05-24,123766.07,123766.07,Paid On Time,0
R00004797,L000395,3,2024-06-26,2024-06-24,123766.07,123766.07,Paid On Time,0
R00004798,L000395,4,2024-07-26,2024-09-14,123766.07,79631.41,Partial,50
R00004799,L000395,5,2024-08-26,2024-09-12,123766.07,123766.07,Paid Late,17
R00004800,L000395,6,2024-09-26,2024-10-23,123766.07,123766.07,Paid Late,27
R00004801,L000396,1,2025-01-16,2025-01-15,118569.07,118569.07,Paid On Time,0
R00004802,L000396,2,2025-02-16,2025-02-14,118569.07,118569.07,Paid On Time,0
R00004803,L000396,3,2025-03-16,2025-03-16,118569.07,118569.07,Paid On Time,0
R00004804,L000396,4,2025-04-16,2025-04-16,118569.07,118569.07,Paid On Time,0
R00004805,L000396,5,2025-05-16,2025-05-15,118569.07,118569.07,Paid On Time,0
R00004806,L000396,6,2025-06-16,2025-06-16,118569.07,118569.07,Paid On Time,0
R00004807,L000396,7,2025-07-16,2025-07-14,118569.07,118569.07,Paid On Time,0
R00004808,L000396,8,2025-08-16,2025-08-16,118569.07,118569.07,Paid On Time,0
R00004809,L000396,9,2025-09-16,2025-09-14,118569.07,118569.07,Paid On Time,0
R00004810,L000396,10,2025-10-16,2025-10-16,118569.07,118569.07,Paid On Time,0
R00004811,L000396,11,2025-11-16,2025-11-16,118569.07,118569.07,Paid On Time,0
R00004812,L000396,12,2025-12-16,2025-12-14,118569.07,118569.07,Paid On Time,0
R00004813,L000396,13,2026-01-16,,118569.07,0.0,Unpaid,90
R00004814,L000396,14,2026-02-16,2026-02-16,118569.07,118569.07,Paid On Time,0
R00004815,L000396,15,2026-03-16,2026-04-10,118569.07,118569.07,Paid Late,25
R00004816,L000396,16,2026-04-16,2026-04-15,118569.07,118569.07,Paid On Time,0
R00004817,L000396,17,2026-05-16,2026-05-15,118569.07,118569.07,Paid On Time,0
R00004818,L000396,18,2026-06-16,2026-07-13,118569.07,118569.07,Paid Late,27
R00004819,L000396,19,2026-07-16,2026-07-14,118569.07,118569.07,Paid On Time,0
R00004820,L000396,20,2026-08-16,2026-08-15,118569.07,118569.07,Paid On Time,0
R00004821,L000396,21,2026-09-16,2026-09-16,118569.07,118569.07,Paid On Time,0
R00004822,L000397,1,2025-09-28,2025-09-28,376297.37,376297.37,Paid On Time,0
R00004823,L000397,2,2025-10-28,2025-10-28,376297.37,376297.37,Paid On Time,0
R00004824,L000397,3,2025-11-28,2025-11-26,376297.37,376297.37,Paid On Time,0
R00004825,L000397,4,2025-12-28,2025-12-26,376297.37,376297.37,Paid On Time,0
R00004826,L000397,5,2026-01-28,2026-01-26,376297.37,376297.37,Paid On Time,0
R00004827,L000397,6,2026-02-28,2026-02-28,376297.37,376297.37,Paid On Time,0
R00004828,L000397,7,2026-03-28,2026-03-28,376297.37,376297.37,Paid On Time,0
R00004829,L000397,8,2026-04-28,2026-05-19,376297.37,376297.37,Paid Late,21
R00004830,L000397,9,2026-05-28,2026-05-27,376297.37,376297.37,Paid On Time,0
R00004831,L000397,10,2026-06-28,2026-06-28,376297.37,376297.37,Paid On Time,0
R00004832,L000397,11,2026-07-28,,376297.37,0.0,Unpaid,64
R00004833,L000397,12,2026-08-28,2026-08-26,376297.37,376297.37,Paid On Time,0
R00004834,L000398,1,2025-12-09,2025-12-07,401587.46,401587.46,Paid On Time,0
R00004835,L000398,2,2026-01-09,,401587.46,0.0,Unpaid,60
R00004836,L000398,3,2026-02-09,2026-02-14,401587.46,401587.46,Paid Late,5
R00004837,L000398,4,2026-03-09,2026-03-08,401587.46,401587.46,Paid On Time,0
R00004838,L000398,5,2026-04-09,2026-04-25,401587.46,401587.46,Paid Late,16
R00004839,L000398,6,2026-05-09,2026-06-14,401587.46,229382.71,Partial,36
R00004840,L000398,7,2026-06-09,2026-06-08,401587.46,401587.46,Paid On Time,0
R00004841,L000398,8,2026-07-09,2026-08-12,401587.46,296937.99,Partial,34
R00004842,L000398,9,2026-08-09,2026-08-09,401587.46,401587.46,Paid On Time,0
R00004843,L000398,10,2026-09-09,2026-09-08,401587.46,401587.46,Paid On Time,0
R00004844,L000399,1,2025-06-10,2025-06-08,601541.36,601541.36,Paid On Time,0
R00004845,L000399,2,2025-07-10,2025-07-08,601541.36,601541.36,Paid On Time,0
R00004846,L000399,3,2025-08-10,2025-08-09,601541.36,601541.36,Paid On Time,0
R00004847,L000399,4,2025-09-10,2025-09-09,601541.36,601541.36,Paid On Time,0
R00004848,L000399,5,2025-10-10,2025-11-09,601541.36,601541.36,Paid Late,30
R00004849,L000399,6,2025-11-10,2025-11-09,601541.36,601541.36,Paid On Time,0
R00004850,L000399,7,2025-12-10,2025-12-08,601541.36,601541.36,Paid On Time,0
R00004851,L000399,8,2026-01-10,2026-01-28,601541.36,601541.36,Paid Late,18
R00004852,L000399,9,2026-02-10,2026-02-09,601541.36,601541.36,Paid On Time,0
R00004853,L000399,10,2026-03-10,2026-03-08,601541.36,601541.36,Paid On Time,0
R00004854,L000399,11,2026-04-10,2026-04-09,601541.36,601541.36,Paid On Time,0
R00004855,L000399,12,2026-05-10,2026-05-08,601541.36,601541.36,Paid On Time,0
R00004856,L000399,13,2026-06-10,2026-06-09,601541.36,601541.36,Paid On Time,0
R00004857,L000399,14,2026-07-10,2026-07-10,601541.36,601541.36,Paid On Time,0
R00004858,L000399,15,2026-08-10,2026-08-30,601541.36,601541.36,Paid Late,20
R00004859,L000399,16,2026-09-10,2026-09-09,601541.36,601541.36,Paid On Time,0
R00004860,L000400,1,2026-08-07,2026-08-05,122121.56,122121.56,Paid On Time,0
R00004861,L000400,2,2026-09-07,2026-09-07,122121.56,122121.56,Paid On Time,0
R00004862,L000401,1,2024-04-08,2024-04-07,79742.68,79742.68,Paid On Time,0
R00004863,L000401,2,2024-05-08,2024-05-08,79742.68,79742.68,Paid On Time,0
R00004864,L000401,3,2024-06-08,2024-06-06,79742.68,79742.68,Paid On Time,0
R00004865,L000401,4,2024-07-08,2024-07-07,79742.68,79742.68,Paid On Time,0
R00004866,L000401,5,2024-08-08,2024-08-07,79742.68,79742.68,Paid On Time,0
R00004867,L000401,6,2024-09-08,2024-09-07,79742.68,79742.68,Paid On Time,0
R00004868,L000401,7,2024-10-08,2024-10-07,79742.68,79742.68,Paid On Time,0
R00004869,L000401,8,2024-11-08,2024-11-27,79742.68,79742.68,Paid Late,19
R00004870,L000401,9,2024-12-08,2024-12-06,79742.68,79742.68,Paid On Time,0
R00004871,L000401,10,2025-01-08,2025-01-08,79742.68,79742.68,Paid On Time,0
R00004872,L000401,11,2025-02-08,2025-02-06,79742.68,79742.68,Paid On Time,0
R00004873,L000401,12,2025-03-08,2025-03-08,79742.68,79742.68,Paid On Time,0
R00004874,L000402,1,2025-05-21,2025-05-20,793164.25,793164.25,Paid On Time,0
R00004875,L000402,2,2025-06-21,,793164.25,0.0,Unpaid,120
R00004876,L000402,3,2025-07-21,2025-07-19,793164.25,793164.25,Paid On Time,0
R00004877,L000402,4,2025-08-21,2025-09-12,793164.25,793164.25,Paid Late,22
R00004878,L000402,5,2025-09-21,2025-09-19,793164.25,793164.25,Paid On Time,0
R00004879,L000402,6,2025-10-21,2025-10-20,793164.25,793164.25,Paid On Time,0
R00004880,L000402,7,2025-11-21,2025-11-21,793164.25,793164.25,Paid On Time,0
R00004881,L000402,8,2025-12-21,,793164.25,0.0,Unpaid,90
R00004882,L000402,9,2026-01-21,2026-01-21,793164.25,793164.25,Paid On Time,0
R00004883,L000402,10,2026-02-21,2026-02-20,793164.25,793164.25,Paid On Time,0
R00004884,L000402,11,2026-03-21,2026-03-20,793164.25,793164.25,Paid On Time,0
R00004885,L000402,12,2026-04-21,2026-04-21,793164.25,793164.25,Paid On Time,0
R00004886,L000403,1,2025-03-21,2025-03-20,227635.08,227635.08,Paid On Time,0
R00004887,L000403,2,2025-04-21,2025-04-19,227635.08,227635.08,Paid On Time,0
R00004888,L000403,3,2025-05-21,2025-05-20,227635.08,227635.08,Paid On Time,0
R00004889,L000403,4,2025-06-21,2025-06-20,227635.08,227635.08,Paid On Time,0
R00004890,L000403,5,2025-07-21,2025-07-21,227635.08,227635.08,Paid On Time,0
R00004891,L000403,6,2025-08-21,2025-08-21,227635.08,227635.08,Paid On Time,0
R00004892,L000403,7,2025-09-21,2025-09-21,227635.08,227635.08,Paid On Time,0
R00004893,L000403,8,2025-10-21,2025-10-21,227635.08,227635.08,Paid On Time,0
R00004894,L000403,9,2025-11-21,2025-11-19,227635.08,227635.08,Paid On Time,0
R00004895,L000403,10,2025-12-21,2025-12-20,227635.08,227635.08,Paid On Time,0
R00004896,L000403,11,2026-01-21,2026-01-19,227635.08,227635.08,Paid On Time,0
R00004897,L000403,12,2026-02-21,2026-02-19,227635.08,227635.08,Paid On Time,0
R00004898,L000403,13,2026-03-21,2026-03-19,227635.08,227635.08,Paid On Time,0
R00004899,L000403,14,2026-04-21,2026-04-21,227635.08,227635.08,Paid On Time,0
R00004900,L000403,15,2026-05-21,2026-06-16,227635.08,124406.04,Partial,26
R00004901,L000403,16,2026-06-21,2026-06-21,227635.08,227635.08,Paid On Time,0
R00004902,L000403,17,2026-07-21,2026-07-25,227635.08,227635.08,Paid Late,4
R00004903,L000403,18,2026-08-21,2026-08-19,227635.08,227635.08,Paid On Time,0
R00004904,L000403,19,2026-09-21,2026-09-21,227635.08,227635.08,Paid On Time,0
R00004905,L000404,1,2026-02-07,2026-02-05,115579.94,115579.94,Paid On Time,0
R00004906,L000404,2,2026-03-07,2026-03-05,115579.94,115579.94,Paid On Time,0
R00004907,L000404,3,2026-04-07,2026-04-28,115579.94,60615.45,Partial,21
R00004908,L000404,4,2026-05-07,2026-05-07,115579.94,115579.94,Paid On Time,0
R00004909,L000404,5,2026-06-07,2026-06-06,115579.94,115579.94,Paid On Time,0
R00004910,L000404,6,2026-07-07,,115579.94,0.0,Unpaid,85
R00004911,L000404,7,2026-08-07,2026-08-05,115579.94,115579.94,Paid On Time,0
R00004912,L000404,8,2026-09-07,2026-09-05,115579.94,115579.94,Paid On Time,0
R00004913,L000405,1,2025-04-28,2025-04-27,1030462.58,1030462.58,Paid On Time,0
R00004914,L000405,2,2025-05-28,,1030462.58,0.0,Unpaid,60
R00004915,L000405,3,2025-06-28,2025-07-15,1030462.58,536587.92,Partial,17
R00004916,L000405,4,2025-07-28,2025-07-28,1030462.58,1030462.58,Paid On Time,0
R00004917,L000405,5,2025-08-28,2025-09-18,1030462.58,434442.2,Partial,21
R00004918,L000405,6,2025-09-28,2025-10-21,1030462.58,1030462.58,Paid Late,23
R00004919,L000406,1,2024-08-26,2024-08-24,171933.07,171933.07,Paid On Time,0
R00004920,L000406,2,2024-09-26,2024-09-26,171933.07,171933.07,Paid On Time,0
R00004921,L000406,3,2024-10-26,2024-10-25,171933.07,171933.07,Paid On Time,0
R00004922,L000406,4,2024-11-26,2024-11-26,171933.07,171933.07,Paid On Time,0
R00004923,L000406,5,2024-12-26,2024-12-24,171933.07,171933.07,Paid On Time,0
R00004924,L000406,6,2025-01-26,2025-01-24,171933.07,171933.07,Paid On Time,0
R00004925,L000406,7,2025-02-26,2025-02-25,171933.07,171933.07,Paid On Time,0
R00004926,L000406,8,2025-03-26,2025-03-24,171933.07,171933.07,Paid On Time,0
R00004927,L000406,9,2025-04-26,2025-04-25,171933.07,171933.07,Paid On Time,0
R00004928,L000406,10,2025-05-26,2025-05-26,171933.07,171933.07,Paid On Time,0
R00004929,L000406,11,2025-06-26,2025-06-26,171933.07,171933.07,Paid On Time,0
R00004930,L000406,12,2025-07-26,2025-07-24,171933.07,171933.07,Paid On Time,0
R00004931,L000406,13,2025-08-26,2025-08-26,171933.07,171933.07,Paid On Time,0
R00004932,L000406,14,2025-09-26,,171933.07,0.0,Unpaid,30
R00004933,L000406,15,2025-10-26,2025-10-24,171933.07,171933.07,Paid On Time,0
R00004934,L000406,16,2025-11-26,2025-11-25,171933.07,171933.07,Paid On Time,0
R00004935,L000406,17,2025-12-26,2025-12-24,171933.07,171933.07,Paid On Time,0
R00004936,L000406,18,2026-01-26,,171933.07,0.0,Unpaid,60
R00004937,L000407,1,2026-05-28,2026-05-26,59870.98,59870.98,Paid On Time,0
R00004938,L000407,2,2026-06-28,2026-06-26,59870.98,59870.98,Paid On Time,0
R00004939,L000407,3,2026-07-28,2026-07-27,59870.98,59870.98,Paid On Time,0
R00004940,L000407,4,2026-08-28,2026-08-26,59870.98,59870.98,Paid On Time,0
R00004941,L000407,5,2026-09-28,,59870.98,0.0,Unpaid,2
R00004942,L000408,1,2025-01-07,2025-01-06,144969.82,144969.82,Paid On Time,0
R00004943,L000408,2,2025-02-07,2025-02-07,144969.82,144969.82,Paid On Time,0
R00004944,L000408,3,2025-03-07,2025-03-14,144969.82,144969.82,Paid Late,7
R00004945,L000408,4,2025-04-07,2025-04-05,144969.82,144969.82,Paid On Time,0
R00004946,L000408,5,2025-05-07,2025-05-06,144969.82,144969.82,Paid On Time,0
R00004947,L000408,6,2025-06-07,2025-06-05,144969.82,144969.82,Paid On Time,0
R00004948,L000408,7,2025-07-07,2025-07-06,144969.82,144969.82,Paid On Time,0
R00004949,L000408,8,2025-08-07,2025-08-05,144969.82,144969.82,Paid On Time,0
R00004950,L000408,9,2025-09-07,2025-09-05,144969.82,144969.82,Paid On Time,0
R00004951,L000408,10,2025-10-07,2025-10-06,144969.82,144969.82,Paid On Time,0
R00004952,L000408,11,2025-11-07,2025-11-18,144969.82,88163.57,Partial,11
R00004953,L000408,12,2025-12-07,2025-12-07,144969.82,144969.82,Paid On Time,0
R00004954,L000408,13,2026-01-07,,144969.82,0.0,Unpaid,120
R00004955,L000408,14,2026-02-07,2026-02-06,144969.82,144969.82,Paid On Time,0
R00004956,L000408,15,2026-03-07,2026-03-05,144969.82,144969.82,Paid On Time,0
R00004957,L000408,16,2026-04-07,,144969.82,0.0,Unpaid,120
R00004958,L000408,17,2026-05-07,2026-05-06,144969.82,144969.82,Paid On Time,0
R00004959,L000408,18,2026-06-07,2026-06-06,144969.82,144969.82,Paid On Time,0
R00004960,L000408,19,2026-07-07,2026-07-07,144969.82,144969.82,Paid On Time,0
R00004961,L000408,20,2026-08-07,2026-08-05,144969.82,144969.82,Paid On Time,0
R00004962,L000408,21,2026-09-07,2026-09-06,144969.82,144969.82,Paid On Time,0
R00004963,L000409,1,2025-10-01,2025-10-01,178588.25,178588.25,Paid On Time,0
R00004964,L000409,2,2025-11-01,2025-10-30,178588.25,178588.25,Paid On Time,0
R00004965,L000409,3,2025-12-01,2025-11-29,178588.25,178588.25,Paid On Time,0
R00004966,L000409,4,2026-01-01,2026-01-20,178588.25,178588.25,Paid Late,19
R00004967,L000409,5,2026-02-01,2026-01-30,178588.25,178588.25,Paid On Time,0
R00004968,L000409,6,2026-03-01,2026-03-01,178588.25,178588.25,Paid On Time,0
R00004969,L000409,7,2026-04-01,2026-04-01,178588.25,178588.25,Paid On Time,0
R00004970,L000409,8,2026-05-01,2026-05-01,178588.25,178588.25,Paid On Time,0
R00004971,L000409,9,2026-06-01,,178588.25,0.0,Unpaid,90
R00004972,L000409,10,2026-07-01,2026-06-30,178588.25,178588.25,Paid On Time,0
R00004973,L000409,11,2026-08-01,2026-08-01,178588.25,178588.25,Paid On Time,0
R00004974,L000409,12,2026-09-01,2026-09-01,178588.25,178588.25,Paid On Time,0
R00004975,L000410,1,2024-10-16,2024-10-16,13859.06,13859.06,Paid On Time,0
R00004976,L000410,2,2024-11-16,2024-11-16,13859.06,13859.06,Paid On Time,0
R00004977,L000410,3,2024-12-16,2025-01-13,13859.06,13859.06,Paid Late,28
R00004978,L000410,4,2025-01-16,2025-02-26,13859.06,7819.94,Partial,41
R00004979,L000410,5,2025-02-16,2025-02-16,13859.06,13859.06,Paid On Time,0
R00004980,L000410,6,2025-03-16,2025-03-23,13859.06,13859.06,Paid Late,7
R00004981,L000410,7,2025-04-16,2025-04-14,13859.06,13859.06,Paid On Time,0
R00004982,L000410,8,2025-05-16,2025-05-15,13859.06,13859.06,Paid On Time,0
R00004983,L000410,9,2025-06-16,2025-06-15,13859.06,13859.06,Paid On Time,0
R00004984,L000410,10,2025-07-16,2025-07-15,13859.06,13859.06,Paid On Time,0
R00004985,L000410,11,2025-08-16,2025-08-15,13859.06,13859.06,Paid On Time,0
R00004986,L000410,12,2025-09-16,2025-09-15,13859.06,13859.06,Paid On Time,0
R00004987,L000410,13,2025-10-16,2025-11-14,13859.06,7483.83,Partial,29
R00004988,L000410,14,2025-11-16,,13859.06,0.0,Unpaid,60
R00004989,L000410,15,2025-12-16,2025-12-16,13859.06,13859.06,Paid On Time,0
R00004990,L000410,16,2026-01-16,2026-01-23,13859.06,13859.06,Paid Late,7
R00004991,L000410,17,2026-02-16,2026-02-16,13859.06,13859.06,Paid On Time,0
R00004992,L000410,18,2026-03-16,2026-03-14,13859.06,13859.06,Paid On Time,0
R00004993,L000410,19,2026-04-16,2026-05-12,13859.06,13859.06,Paid Late,26
R00004994,L000410,20,2026-05-16,2026-05-15,13859.06,13859.06,Paid On Time,0
R00004995,L000410,21,2026-06-16,2026-06-15,13859.06,13859.06,Paid On Time,0
R00004996,L000410,22,2026-07-16,2026-07-14,13859.06,13859.06,Paid On Time,0
R00004997,L000410,23,2026-08-16,2026-08-15,13859.06,13859.06,Paid On Time,0
R00004998,L000410,24,2026-09-16,2026-09-16,13859.06,13859.06,Paid On Time,0
R00004999,L000411,1,2024-05-18,2024-05-17,101867.22,101867.22,Paid On Time,0
R00005000,L000411,2,2024-06-18,2024-06-16,101867.22,101867.22,Paid On Time,0
R00005001,L000411,3,2024-07-18,2024-07-18,101867.22,101867.22,Paid On Time,0
R00005002,L000411,4,2024-08-18,2024-08-18,101867.22,101867.22,Paid On Time,0
R00005003,L000411,5,2024-09-18,2024-09-18,101867.22,101867.22,Paid On Time,0
R00005004,L000411,6,2024-10-18,2024-10-18,101867.22,101867.22,Paid On Time,0
R00005005,L000411,7,2024-11-18,2024-11-17,101867.22,101867.22,Paid On Time,0
R00005006,L000411,8,2024-12-18,2025-01-29,101867.22,63773.99,Partial,42
R00005007,L000411,9,2025-01-18,2025-01-16,101867.22,101867.22,Paid On Time,0
R00005008,L000411,10,2025-02-18,2025-02-18,101867.22,101867.22,Paid On Time,0
R00005009,L000411,11,2025-03-18,2025-03-16,101867.22,101867.22,Paid On Time,0
R00005010,L000411,12,2025-04-18,2025-04-18,101867.22,101867.22,Paid On Time,0
R00005011,L000412,1,2024-04-23,2024-05-08,64281.32,64281.32,Paid Late,15
R00005012,L000412,2,2024-05-23,2024-05-22,64281.32,64281.32,Paid On Time,0
R00005013,L000412,3,2024-06-23,2024-06-23,64281.32,64281.32,Paid On Time,0
R00005014,L000412,4,2024-07-23,2024-07-21,64281.32,64281.32,Paid On Time,0
R00005015,L000412,5,2024-08-23,2024-09-16,64281.32,64281.32,Paid Late,24
R00005016,L000412,6,2024-09-23,,64281.32,0.0,Unpaid,60
R00005017,L000412,7,2024-10-23,2024-11-21,64281.32,29835.92,Partial,29
R00005018,L000412,8,2024-11-23,2024-12-04,64281.32,64281.32,Paid Late,11
R00005019,L000412,9,2024-12-23,2024-12-22,64281.32,64281.32,Paid On Time,0
R00005020,L000412,10,2025-01-23,2025-01-21,64281.32,64281.32,Paid On Time,0
R00005021,L000412,11,2025-02-23,,64281.32,0.0,Unpaid,30
R00005022,L000412,12,2025-03-23,2025-03-23,64281.32,64281.32,Paid On Time,0
R00005023,L000412,13,2025-04-23,2025-04-21,64281.32,64281.32,Paid On Time,0
R00005024,L000412,14,2025-05-23,,64281.32,0.0,Unpaid,120
R00005025,L000412,15,2025-06-23,2025-06-21,64281.32,64281.32,Paid On Time,0
R00005026,L000412,16,2025-07-23,2025-07-22,64281.32,64281.32,Paid On Time,0
R00005027,L000412,17,2025-08-23,2025-08-22,64281.32,64281.32,Paid On Time,0
R00005028,L000412,18,2025-09-23,2025-09-21,64281.32,64281.32,Paid On Time,0
R00005029,L000413,1,2025-10-04,2025-10-03,56177.04,56177.04,Paid On Time,0
R00005030,L000413,2,2025-11-04,,56177.04,0.0,Unpaid,90
R00005031,L000413,3,2025-12-04,2025-12-04,56177.04,56177.04,Paid On Time,0
R00005032,L000413,4,2026-01-04,2026-01-04,56177.04,56177.04,Paid On Time,0
R00005033,L000413,5,2026-02-04,2026-02-05,56177.04,56177.04,Paid Late,1
R00005034,L000413,6,2026-03-04,2026-03-03,56177.04,56177.04,Paid On Time,0
R00005035,L000413,7,2026-04-04,2026-04-03,56177.04,56177.04,Paid On Time,0
R00005036,L000413,8,2026-05-04,2026-05-03,56177.04,56177.04,Paid On Time,0
R00005037,L000413,9,2026-06-04,2026-06-04,56177.04,56177.04,Paid On Time,0
R00005038,L000413,10,2026-07-04,2026-07-02,56177.04,56177.04,Paid On Time,0
R00005039,L000413,11,2026-08-04,2026-08-16,56177.04,56177.04,Paid Late,12
R00005040,L000413,12,2026-09-04,2026-09-04,56177.04,56177.04,Paid On Time,0
R00005041,L000414,1,2024-04-02,2024-04-01,203164.47,203164.47,Paid On Time,0
R00005042,L000414,2,2024-05-02,2024-05-02,203164.47,203164.47,Paid On Time,0
R00005043,L000414,3,2024-06-02,2024-06-02,203164.47,203164.47,Paid On Time,0
R00005044,L000414,4,2024-07-02,2024-07-01,203164.47,203164.47,Paid On Time,0
R00005045,L000414,5,2024-08-02,2024-09-01,203164.47,203164.47,Paid Late,30
R00005046,L000414,6,2024-09-02,2024-09-29,203164.47,203164.47,Paid Late,27
R00005047,L000415,1,2025-12-18,2025-12-17,191310.01,191310.01,Paid On Time,0
R00005048,L000415,2,2026-01-18,2026-03-18,191310.01,128431.74,Partial,59
R00005049,L000415,3,2026-02-18,2026-02-17,191310.01,191310.01,Paid On Time,0
R00005050,L000415,4,2026-03-18,2026-03-16,191310.01,191310.01,Paid On Time,0
R00005051,L000415,5,2026-04-18,2026-04-17,191310.01,191310.01,Paid On Time,0
R00005052,L000415,6,2026-05-18,2026-05-16,191310.01,191310.01,Paid On Time,0
R00005053,L000415,7,2026-06-18,2026-06-16,191310.01,191310.01,Paid On Time,0
R00005054,L000415,8,2026-07-18,2026-07-18,191310.01,191310.01,Paid On Time,0
R00005055,L000415,9,2026-08-18,2026-08-17,191310.01,191310.01,Paid On Time,0
R00005056,L000415,10,2026-09-18,2026-09-17,191310.01,191310.01,Paid On Time,0
R00005057,L000416,1,2025-06-08,,24916.16,0.0,Unpaid,60
R00005058,L000416,2,2025-07-08,2025-07-08,24916.16,24916.16,Paid On Time,0
R00005059,L000416,3,2025-08-08,2025-08-07,24916.16,24916.16,Paid On Time,0
R00005060,L000416,4,2025-09-08,2025-09-14,24916.16,24916.16,Paid Late,6
R00005061,L000416,5,2025-10-08,2025-10-08,24916.16,24916.16,Paid On Time,0
R00005062,L000416,6,2025-11-08,2025-12-20,24916.16,14008.25,Partial,42
R00005063,L000416,7,2025-12-08,2025-12-08,24916.16,24916.16,Paid On Time,0
R00005064,L000416,8,2026-01-08,2026-01-08,24916.16,24916.16,Paid On Time,0
R00005065,L000416,9,2026-02-08,2026-02-08,24916.16,24916.16,Paid On Time,0
R00005066,L000416,10,2026-03-08,2026-03-08,24916.16,24916.16,Paid On Time,0
R00005067,L000416,11,2026-04-08,2026-04-10,24916.16,24916.16,Paid Late,2
R00005068,L000416,12,2026-05-08,2026-05-08,24916.16,24916.16,Paid On Time,0
R00005069,L000416,13,2026-06-08,2026-06-07,24916.16,24916.16,Paid On Time,0
R00005070,L000416,14,2026-07-08,2026-07-08,24916.16,24916.16,Paid On Time,0
R00005071,L000416,15,2026-08-08,2026-08-06,24916.16,24916.16,Paid On Time,0
R00005072,L000416,16,2026-09-08,2026-09-07,24916.16,24916.16,Paid On Time,0
R00005073,L000417,1,2025-09-11,2025-09-11,247038.18,247038.18,Paid On Time,0
R00005074,L000417,2,2025-10-11,2025-11-08,247038.18,138730.1,Partial,28
R00005075,L000417,3,2025-11-11,2025-11-10,247038.18,247038.18,Paid On Time,0
R00005076,L000417,4,2025-12-11,2026-01-07,247038.18,247038.18,Paid Late,27
R00005077,L000417,5,2026-01-11,2026-01-09,247038.18,247038.18,Paid On Time,0
R00005078,L000417,6,2026-02-11,2026-02-11,247038.18,247038.18,Paid On Time,0
R00005079,L000418,1,2026-05-23,2026-05-23,84733.89,84733.89,Paid On Time,0
R00005080,L000418,2,2026-06-23,2026-07-07,84733.89,84733.89,Paid Late,14
R00005081,L000418,3,2026-07-23,2026-07-21,84733.89,84733.89,Paid On Time,0
R00005082,L000418,4,2026-08-23,2026-08-21,84733.89,84733.89,Paid On Time,0
R00005083,L000418,5,2026-09-23,2026-09-21,84733.89,84733.89,Paid On Time,0
R00005084,L000419,1,2025-12-20,2025-12-20,51185.41,51185.41,Paid On Time,0
R00005085,L000419,2,2026-01-20,2026-01-20,51185.41,51185.41,Paid On Time,0
R00005086,L000419,3,2026-02-20,2026-02-20,51185.41,51185.41,Paid On Time,0
R00005087,L000419,4,2026-03-20,2026-03-19,51185.41,51185.41,Paid On Time,0
R00005088,L000419,5,2026-04-20,2026-04-18,51185.41,51185.41,Paid On Time,0
R00005089,L000419,6,2026-05-20,2026-05-19,51185.41,51185.41,Paid On Time,0
R00005090,L000419,7,2026-06-20,2026-06-20,51185.41,51185.41,Paid On Time,0
R00005091,L000419,8,2026-07-20,2026-07-19,51185.41,51185.41,Paid On Time,0
R00005092,L000419,9,2026-08-20,2026-08-22,51185.41,51185.41,Paid Late,2
R00005093,L000419,10,2026-09-20,2026-09-30,51185.41,33400.53,Partial,54
R00005094,L000420,1,2026-05-28,2026-05-28,102657.48,102657.48,Paid On Time,0
R00005095,L000420,2,2026-06-28,2026-06-27,102657.48,102657.48,Paid On Time,0
R00005096,L000420,3,2026-07-28,2026-07-27,102657.48,102657.48,Paid On Time,0
R00005097,L000420,4,2026-08-28,2026-09-18,102657.48,102657.48,Paid Late,21
R00005098,L000420,5,2026-09-28,2026-10-12,102657.48,102657.48,Paid Late,14
R00005099,L000421,1,2026-08-27,2026-08-26,73509.78,73509.78,Paid On Time,0
R00005100,L000421,2,2026-09-27,2026-09-25,73509.78,73509.78,Paid On Time,0
R00005101,L000422,1,2024-04-03,2024-04-07,258157.13,258157.13,Paid Late,4
R00005102,L000422,2,2024-05-03,2024-05-01,258157.13,258157.13,Paid On Time,0
R00005103,L000422,3,2024-06-03,2024-06-03,258157.13,258157.13,Paid On Time,0
R00005104,L000422,4,2024-07-03,2024-07-03,258157.13,258157.13,Paid On Time,0
R00005105,L000422,5,2024-08-03,2024-08-07,258157.13,258157.13,Paid Late,4
R00005106,L000422,6,2024-09-03,2024-09-02,258157.13,258157.13,Paid On Time,0
R00005107,L000422,7,2024-10-03,2024-10-02,258157.13,258157.13,Paid On Time,0
R00005108,L000422,8,2024-11-03,2024-11-02,258157.13,258157.13,Paid On Time,0
R00005109,L000422,9,2024-12-03,2024-12-03,258157.13,258157.13,Paid On Time,0
R00005110,L000422,10,2025-01-03,2025-01-11,258157.13,258157.13,Paid Late,8
R00005111,L000422,11,2025-02-03,2025-02-03,258157.13,258157.13,Paid On Time,0
R00005112,L000422,12,2025-03-03,2025-03-03,258157.13,258157.13,Paid On Time,0
R00005113,L000422,13,2025-04-03,2025-04-01,258157.13,258157.13,Paid On Time,0
R00005114,L000422,14,2025-05-03,2025-06-25,258157.13,153341.36,Partial,53
R00005115,L000422,15,2025-06-03,2025-06-02,258157.13,258157.13,Paid On Time,0
R00005116,L000422,16,2025-07-03,2025-07-03,258157.13,258157.13,Paid On Time,0
R00005117,L000422,17,2025-08-03,2025-08-03,258157.13,258157.13,Paid On Time,0
R00005118,L000422,18,2025-09-03,2025-09-10,258157.13,258157.13,Paid Late,7
R00005119,L000422,19,2025-10-03,2025-10-02,258157.13,258157.13,Paid On Time,0
R00005120,L000422,20,2025-11-03,2025-11-03,258157.13,258157.13,Paid On Time,0
R00005121,L000422,21,2025-12-03,2025-12-03,258157.13,258157.13,Paid On Time,0
R00005122,L000422,22,2026-01-03,2026-01-02,258157.13,258157.13,Paid On Time,0
R00005123,L000422,23,2026-02-03,2026-02-01,258157.13,258157.13,Paid On Time,0
R00005124,L000422,24,2026-03-03,,258157.13,0.0,Unpaid,120
R00005125,L000423,1,2024-04-04,2024-04-04,167214.91,167214.91,Paid On Time,0
R00005126,L000423,2,2024-05-04,2024-05-03,167214.91,167214.91,Paid On Time,0
R00005127,L000423,3,2024-06-04,2024-06-04,167214.91,167214.91,Paid On Time,0
R00005128,L000423,4,2024-07-04,2024-07-03,167214.91,167214.91,Paid On Time,0
R00005129,L000423,5,2024-08-04,2024-08-02,167214.91,167214.91,Paid On Time,0
R00005130,L000423,6,2024-09-04,2024-09-02,167214.91,167214.91,Paid On Time,0
R00005131,L000423,7,2024-10-04,2024-10-02,167214.91,167214.91,Paid On Time,0
R00005132,L000423,8,2024-11-04,2024-11-04,167214.91,167214.91,Paid On Time,0
R00005133,L000423,9,2024-12-04,2025-01-15,167214.91,108542.73,Partial,42
R00005134,L000423,10,2025-01-04,2025-01-04,167214.91,167214.91,Paid On Time,0
R00005135,L000423,11,2025-02-04,2025-02-02,167214.91,167214.91,Paid On Time,0
R00005136,L000423,12,2025-03-04,2025-03-03,167214.91,167214.91,Paid On Time,0
R00005137,L000423,13,2025-04-04,,167214.91,0.0,Unpaid,60
R00005138,L000423,14,2025-05-04,2025-05-03,167214.91,167214.91,Paid On Time,0
R00005139,L000423,15,2025-06-04,,167214.91,0.0,Unpaid,90
R00005140,L000423,16,2025-07-04,2025-07-02,167214.91,167214.91,Paid On Time,0
R00005141,L000423,17,2025-08-04,2025-08-02,167214.91,167214.91,Paid On Time,0
R00005142,L000423,18,2025-09-04,2025-09-03,167214.91,167214.91,Paid On Time,0
R00005143,L000424,1,2026-08-25,2026-08-24,332604.89,332604.89,Paid On Time,0
R00005144,L000424,2,2026-09-25,2026-09-23,332604.89,332604.89,Paid On Time,0
R00005145,L000425,1,2026-03-11,,240926.04,0.0,Unpaid,60
R00005146,L000425,2,2026-04-11,2026-04-29,240926.04,240926.04,Paid Late,18
R00005147,L000425,3,2026-05-11,2026-05-11,240926.04,240926.04,Paid On Time,0
R00005148,L000425,4,2026-06-11,2026-06-09,240926.04,240926.04,Paid On Time,0
R00005149,L000425,5,2026-07-11,2026-07-20,240926.04,240926.04,Paid Late,9
R00005150,L000425,6,2026-08-11,2026-08-10,240926.04,240926.04,Paid On Time,0
R00005151,L000425,7,2026-09-11,2026-09-09,240926.04,240926.04,Paid On Time,0
R00005152,L000427,1,2025-08-21,2025-08-19,48159.44,48159.44,Paid On Time,0
R00005153,L000427,2,2025-09-21,2025-09-19,48159.44,48159.44,Paid On Time,0
R00005154,L000427,3,2025-10-21,2025-10-21,48159.44,48159.44,Paid On Time,0
R00005155,L000427,4,2025-11-21,2025-11-20,48159.44,48159.44,Paid On Time,0
R00005156,L000427,5,2025-12-21,2025-12-21,48159.44,48159.44,Paid On Time,0
R00005157,L000427,6,2026-01-21,2026-01-20,48159.44,48159.44,Paid On Time,0
R00005158,L000427,7,2026-02-21,2026-02-20,48159.44,48159.44,Paid On Time,0
R00005159,L000427,8,2026-03-21,2026-03-21,48159.44,48159.44,Paid On Time,0
R00005160,L000427,9,2026-04-21,2026-04-20,48159.44,48159.44,Paid On Time,0
R00005161,L000427,10,2026-05-21,2026-05-20,48159.44,48159.44,Paid On Time,0
R00005162,L000427,11,2026-06-21,2026-06-21,48159.44,48159.44,Paid On Time,0
R00005163,L000427,12,2026-07-21,2026-07-20,48159.44,48159.44,Paid On Time,0
R00005164,L000427,13,2026-08-21,2026-08-21,48159.44,48159.44,Paid On Time,0
R00005165,L000427,14,2026-09-21,2026-09-19,48159.44,48159.44,Paid On Time,0
R00005166,L000428,1,2026-07-17,2026-07-15,94159.87,94159.87,Paid On Time,0
R00005167,L000428,2,2026-08-17,2026-08-15,94159.87,94159.87,Paid On Time,0
R00005168,L000428,3,2026-09-17,2026-09-17,94159.87,94159.87,Paid On Time,0
R00005169,L000429,1,2024-07-28,2024-07-27,66233.37,66233.37,Paid On Time,0
R00005170,L000429,2,2024-08-28,2024-08-26,66233.37,66233.37,Paid On Time,0
R00005171,L000429,3,2024-09-28,2024-09-26,66233.37,66233.37,Paid On Time,0
R00005172,L000429,4,2024-10-28,2024-10-28,66233.37,66233.37,Paid On Time,0
R00005173,L000429,5,2024-11-28,2024-11-28,66233.37,66233.37,Paid On Time,0
R00005174,L000429,6,2024-12-28,2024-12-26,66233.37,66233.37,Paid On Time,0
R00005175,L000429,7,2025-01-28,2025-01-27,66233.37,66233.37,Paid On Time,0
R00005176,L000429,8,2025-02-28,2025-02-27,66233.37,66233.37,Paid On Time,0
R00005177,L000429,9,2025-03-28,2025-03-28,66233.37,66233.37,Paid On Time,0
R00005178,L000429,10,2025-04-28,2025-04-26,66233.37,66233.37,Paid On Time,0
R00005179,L000429,11,2025-05-28,2025-06-03,66233.37,66233.37,Paid Late,6
R00005180,L000429,12,2025-06-28,2025-06-28,66233.37,66233.37,Paid On Time,0
R00005181,L000429,13,2025-07-28,2025-08-20,66233.37,66233.37,Paid Late,23
R00005182,L000429,14,2025-08-28,2025-08-27,66233.37,66233.37,Paid On Time,0
R00005183,L000429,15,2025-09-28,2025-09-27,66233.37,66233.37,Paid On Time,0
R00005184,L000429,16,2025-10-28,2025-10-27,66233.37,66233.37,Paid On Time,0
R00005185,L000429,17,2025-11-28,2025-11-28,66233.37,66233.37,Paid On Time,0
R00005186,L000429,18,2025-12-28,2025-12-27,66233.37,66233.37,Paid On Time,0
R00005187,L000429,19,2026-01-28,2026-01-28,66233.37,66233.37,Paid On Time,0
R00005188,L000429,20,2026-02-28,2026-02-28,66233.37,66233.37,Paid On Time,0
R00005189,L000429,21,2026-03-28,2026-03-27,66233.37,66233.37,Paid On Time,0
R00005190,L000429,22,2026-04-28,2026-04-28,66233.37,66233.37,Paid On Time,0
R00005191,L000429,23,2026-05-28,2026-05-26,66233.37,66233.37,Paid On Time,0
R00005192,L000429,24,2026-06-28,2026-06-26,66233.37,66233.37,Paid On Time,0
R00005193,L000430,1,2024-05-02,2024-04-30,569794.94,569794.94,Paid On Time,0
R00005194,L000430,2,2024-06-02,2024-05-31,569794.94,569794.94,Paid On Time,0
R00005195,L000430,3,2024-07-02,2024-07-01,569794.94,569794.94,Paid On Time,0
R00005196,L000430,4,2024-08-02,2024-08-01,569794.94,569794.94,Paid On Time,0
R00005197,L000430,5,2024-09-02,2024-08-31,569794.94,569794.94,Paid On Time,0
R00005198,L000430,6,2024-10-02,2024-10-29,569794.94,370581.29,Partial,27
R00005199,L000430,7,2024-11-02,2024-11-02,569794.94,569794.94,Paid On Time,0
R00005200,L000430,8,2024-12-02,2024-11-30,569794.94,569794.94,Paid On Time,0
R00005201,L000430,9,2025-01-02,2025-01-21,569794.94,569794.94,Paid Late,19
R00005202,L000430,10,2025-02-02,2025-02-01,569794.94,569794.94,Paid On Time,0
R00005203,L000430,11,2025-03-02,2025-02-28,569794.94,569794.94,Paid On Time,0
R00005204,L000430,12,2025-04-02,2025-04-02,569794.94,569794.94,Paid On Time,0
R00005205,L000430,13,2025-05-02,2025-05-01,569794.94,569794.94,Paid On Time,0
R00005206,L000430,14,2025-06-02,2025-05-31,569794.94,569794.94,Paid On Time,0
R00005207,L000430,15,2025-07-02,2025-06-30,569794.94,569794.94,Paid On Time,0
R00005208,L000430,16,2025-08-02,2025-08-01,569794.94,569794.94,Paid On Time,0
R00005209,L000430,17,2025-09-02,2025-09-02,569794.94,569794.94,Paid On Time,0
R00005210,L000430,18,2025-10-02,2025-10-01,569794.94,569794.94,Paid On Time,0
R00005211,L000430,19,2025-11-02,2025-10-31,569794.94,569794.94,Paid On Time,0
R00005212,L000430,20,2025-12-02,2025-12-04,569794.94,569794.94,Paid Late,2
R00005213,L000430,21,2026-01-02,2026-01-01,569794.94,569794.94,Paid On Time,0
R00005214,L000430,22,2026-02-02,2026-02-12,569794.94,569794.94,Paid Late,10
R00005215,L000430,23,2026-03-02,,569794.94,0.0,Unpaid,60
R00005216,L000430,24,2026-04-02,2026-05-20,569794.94,413218.78,Partial,48
R00005217,L000431,1,2026-04-04,,52290.86,0.0,Unpaid,120
R00005218,L000431,2,2026-05-04,2026-05-30,52290.86,52290.86,Paid Late,26
R00005219,L000431,3,2026-06-04,2026-06-21,52290.86,52290.86,Paid Late,17
R00005220,L000431,4,2026-07-04,2026-07-14,52290.86,52290.86,Paid Late,10
R00005221,L000431,5,2026-08-04,2026-08-02,52290.86,52290.86,Paid On Time,0
R00005222,L000431,6,2026-09-04,2026-09-25,52290.86,52290.86,Paid Late,21
R00005223,L000433,1,2026-09-23,2026-09-22,163442.74,163442.74,Paid On Time,0
R00005224,L000434,1,2024-06-23,,30208.07,0.0,Unpaid,120
R00005225,L000434,2,2024-07-23,2024-07-23,30208.07,30208.07,Paid On Time,0
R00005226,L000434,3,2024-08-23,2024-08-22,30208.07,30208.07,Paid On Time,0
R00005227,L000434,4,2024-09-23,2024-09-23,30208.07,30208.07,Paid On Time,0
R00005228,L000434,5,2024-10-23,,30208.07,0.0,Unpaid,120
R00005229,L000434,6,2024-11-23,2024-12-07,30208.07,30208.07,Paid Late,14
R00005230,L000434,7,2024-12-23,2024-12-22,30208.07,30208.07,Paid On Time,0
R00005231,L000434,8,2025-01-23,2025-01-22,30208.07,30208.07,Paid On Time,0
R00005232,L000434,9,2025-02-23,2025-02-21,30208.07,30208.07,Paid On Time,0
R00005233,L000434,10,2025-03-23,2025-03-21,30208.07,30208.07,Paid On Time,0
R00005234,L000434,11,2025-04-23,2025-04-21,30208.07,30208.07,Paid On Time,0
R00005235,L000434,12,2025-05-23,2025-05-23,30208.07,30208.07,Paid On Time,0
R00005236,L000434,13,2025-06-23,2025-06-23,30208.07,30208.07,Paid On Time,0
R00005237,L000434,14,2025-07-23,2025-07-26,30208.07,30208.07,Paid Late,3
R00005238,L000434,15,2025-08-23,2025-08-23,30208.07,30208.07,Paid On Time,0
R00005239,L000434,16,2025-09-23,2025-10-15,30208.07,30208.07,Paid Late,22
R00005240,L000434,17,2025-10-23,2025-10-21,30208.07,30208.07,Paid On Time,0
R00005241,L000434,18,2025-11-23,2025-11-21,30208.07,30208.07,Paid On Time,0
R00005242,L000434,19,2025-12-23,2025-12-22,30208.07,30208.07,Paid On Time,0
R00005243,L000434,20,2026-01-23,2026-02-07,30208.07,11845.91,Partial,15
R00005244,L000434,21,2026-02-23,2026-03-03,30208.07,30208.07,Paid Late,8
R00005245,L000434,22,2026-03-23,2026-04-17,30208.07,30208.07,Paid Late,25
R00005246,L000434,23,2026-04-23,2026-04-23,30208.07,30208.07,Paid On Time,0
R00005247,L000434,24,2026-05-23,2026-05-21,30208.07,30208.07,Paid On Time,0
R00005248,L000434,25,2026-06-23,2026-06-21,30208.07,30208.07,Paid On Time,0
R00005249,L000434,26,2026-07-23,2026-08-11,30208.07,30208.07,Paid Late,19
R00005250,L000434,27,2026-08-23,2026-08-22,30208.07,30208.07,Paid On Time,0
R00005251,L000434,28,2026-09-23,2026-09-30,30208.07,14495.79,Partial,27
R00005252,L000435,1,2026-09-28,,410880.42,0.0,Unpaid,2
R00005253,L000436,1,2024-04-09,2024-04-07,25369.17,25369.17,Paid On Time,0
R00005254,L000436,2,2024-05-09,2024-05-19,25369.17,25369.17,Paid Late,10
R00005255,L000436,3,2024-06-09,2024-06-07,25369.17,25369.17,Paid On Time,0
R00005256,L000436,4,2024-07-09,2024-07-21,25369.17,25369.17,Paid Late,12
R00005257,L000436,5,2024-08-09,2024-08-30,25369.17,25369.17,Paid Late,21
R00005258,L000436,6,2024-09-09,2024-09-09,25369.17,25369.17,Paid On Time,0
R00005259,L000436,7,2024-10-09,2024-10-08,25369.17,25369.17,Paid On Time,0
R00005260,L000436,8,2024-11-09,2024-12-28,25369.17,17557.57,Partial,49
R00005261,L000436,9,2024-12-09,2024-12-09,25369.17,25369.17,Paid On Time,0
R00005262,L000436,10,2025-01-09,2025-02-28,25369.17,19869.48,Partial,50
R00005263,L000436,11,2025-02-09,2025-02-07,25369.17,25369.17,Paid On Time,0
R00005264,L000436,12,2025-03-09,2025-03-07,25369.17,25369.17,Paid On Time,0
R00005265,L000436,13,2025-04-09,2025-04-09,25369.17,25369.17,Paid On Time,0
R00005266,L000436,14,2025-05-09,2025-05-07,25369.17,25369.17,Paid On Time,0
R00005267,L000436,15,2025-06-09,2025-06-07,25369.17,25369.17,Paid On Time,0
R00005268,L000436,16,2025-07-09,2025-07-17,25369.17,25369.17,Paid Late,8
R00005269,L000436,17,2025-08-09,2025-08-27,25369.17,18500.92,Partial,18
R00005270,L000436,18,2025-09-09,2025-09-08,25369.17,25369.17,Paid On Time,0
R00005271,L000436,19,2025-10-09,2025-10-08,25369.17,25369.17,Paid On Time,0
R00005272,L000436,20,2025-11-09,2025-11-07,25369.17,25369.17,Paid On Time,0
R00005273,L000436,21,2025-12-09,2025-12-09,25369.17,25369.17,Paid On Time,0
R00005274,L000436,22,2026-01-09,2026-01-08,25369.17,25369.17,Paid On Time,0
R00005275,L000436,23,2026-02-09,2026-02-07,25369.17,25369.17,Paid On Time,0
R00005276,L000436,24,2026-03-09,2026-03-08,25369.17,25369.17,Paid On Time,0
R00005277,L000437,1,2025-12-20,2026-01-13,99679.28,99679.28,Paid Late,24
R00005278,L000437,2,2026-01-20,2026-01-19,99679.28,99679.28,Paid On Time,0
R00005279,L000437,3,2026-02-20,2026-03-14,99679.28,99679.28,Paid Late,22
R00005280,L000437,4,2026-03-20,2026-03-18,99679.28,99679.28,Paid On Time,0
R00005281,L000437,5,2026-04-20,2026-05-04,99679.28,99679.28,Paid Late,14
R00005282,L000437,6,2026-05-20,2026-05-19,99679.28,99679.28,Paid On Time,0
R00005283,L000437,7,2026-06-20,2026-06-19,99679.28,99679.28,Paid On Time,0
R00005284,L000437,8,2026-07-20,2026-09-14,99679.28,53916.37,Partial,56
R00005285,L000437,9,2026-08-20,2026-09-04,99679.28,99679.28,Paid Late,15
R00005286,L000437,10,2026-09-20,2026-09-19,99679.28,99679.28,Paid On Time,0
R00005287,L000438,1,2026-04-02,2026-04-01,565872.17,565872.17,Paid On Time,0
R00005288,L000438,2,2026-05-02,2026-04-30,565872.17,565872.17,Paid On Time,0
R00005289,L000438,3,2026-06-02,2026-05-31,565872.17,565872.17,Paid On Time,0
R00005290,L000438,4,2026-07-02,2026-07-02,565872.17,565872.17,Paid On Time,0
R00005291,L000438,5,2026-08-02,2026-08-13,565872.17,565872.17,Paid Late,11
R00005292,L000438,6,2026-09-02,2026-09-01,565872.17,565872.17,Paid On Time,0
R00005293,L000439,1,2026-09-08,2026-09-08,59240.02,59240.02,Paid On Time,0
R00005294,L000440,1,2025-05-04,2025-05-23,151563.62,151563.62,Paid Late,19
R00005295,L000440,2,2025-06-04,2025-06-03,151563.62,151563.62,Paid On Time,0
R00005296,L000440,3,2025-07-04,2025-07-02,151563.62,151563.62,Paid On Time,0
R00005297,L000440,4,2025-08-04,2025-08-02,151563.62,151563.62,Paid On Time,0
R00005298,L000440,5,2025-09-04,2025-09-03,151563.62,151563.62,Paid On Time,0
R00005299,L000440,6,2025-10-04,2025-10-02,151563.62,151563.62,Paid On Time,0
R00005300,L000440,7,2025-11-04,2025-11-03,151563.62,151563.62,Paid On Time,0
R00005301,L000440,8,2025-12-04,2025-12-03,151563.62,151563.62,Paid On Time,0
R00005302,L000440,9,2026-01-04,2026-01-02,151563.62,151563.62,Paid On Time,0
R00005303,L000440,10,2026-02-04,2026-02-16,151563.62,151563.62,Paid Late,12
R00005304,L000440,11,2026-03-04,2026-03-03,151563.62,151563.62,Paid On Time,0
R00005305,L000440,12,2026-04-04,2026-04-02,151563.62,151563.62,Paid On Time,0
R00005306,L000440,13,2026-05-04,2026-05-04,151563.62,151563.62,Paid On Time,0
R00005307,L000440,14,2026-06-04,2026-06-03,151563.62,151563.62,Paid On Time,0
R00005308,L000440,15,2026-07-04,,151563.62,0.0,Unpaid,60
R00005309,L000440,16,2026-08-04,2026-08-04,151563.62,151563.62,Paid On Time,0
R00005310,L000440,17,2026-09-04,2026-09-02,151563.62,151563.62,Paid On Time,0
R00005311,L000441,1,2024-03-15,2024-03-13,68743.84,68743.84,Paid On Time,0
R00005312,L000441,2,2024-04-15,2024-04-13,68743.84,68743.84,Paid On Time,0
R00005313,L000441,3,2024-05-15,2024-05-15,68743.84,68743.84,Paid On Time,0
R00005314,L000441,4,2024-06-15,,68743.84,0.0,Unpaid,60
R00005315,L000441,5,2024-07-15,2024-07-14,68743.84,68743.84,Paid On Time,0
R00005316,L000441,6,2024-08-15,2024-08-14,68743.84,68743.84,Paid On Time,0
R00005317,L000441,7,2024-09-15,2024-09-15,68743.84,68743.84,Paid On Time,0
R00005318,L000441,8,2024-10-15,2024-10-13,68743.84,68743.84,Paid On Time,0
R00005319,L000441,9,2024-11-15,2024-11-14,68743.84,68743.84,Paid On Time,0
R00005320,L000441,10,2024-12-15,2024-12-17,68743.84,68743.84,Paid Late,2
R00005321,L000441,11,2025-01-15,2025-01-13,68743.84,68743.84,Paid On Time,0
R00005322,L000441,12,2025-02-15,2025-02-15,68743.84,68743.84,Paid On Time,0
R00005323,L000441,13,2025-03-15,2025-04-06,68743.84,68743.84,Paid Late,22
R00005324,L000441,14,2025-04-15,2025-04-13,68743.84,68743.84,Paid On Time,0
R00005325,L000441,15,2025-05-15,2025-05-15,68743.84,68743.84,Paid On Time,0
R00005326,L000441,16,2025-06-15,2025-06-13,68743.84,68743.84,Paid On Time,0
R00005327,L000441,17,2025-07-15,2025-07-14,68743.84,68743.84,Paid On Time,0
R00005328,L000441,18,2025-08-15,2025-08-23,68743.84,68743.84,Paid Late,8
R00005329,L000441,19,2025-09-15,2025-09-25,68743.84,68743.84,Paid Late,10
R00005330,L000441,20,2025-10-15,2025-10-13,68743.84,68743.84,Paid On Time,0
R00005331,L000441,21,2025-11-15,2025-11-25,68743.84,68743.84,Paid Late,10
R00005332,L000441,22,2025-12-15,2026-01-23,68743.84,24154.77,Partial,39
R00005333,L000441,23,2026-01-15,2026-01-14,68743.84,68743.84,Paid On Time,0
R00005334,L000441,24,2026-02-15,2026-02-14,68743.84,68743.84,Paid On Time,0
R00005335,L000442,1,2024-03-28,2024-03-28,169493.03,169493.03,Paid On Time,0
R00005336,L000442,2,2024-04-28,2024-04-26,169493.03,169493.03,Paid On Time,0
R00005337,L000442,3,2024-05-28,2024-05-26,169493.03,169493.03,Paid On Time,0
R00005338,L000442,4,2024-06-28,2024-06-27,169493.03,169493.03,Paid On Time,0
R00005339,L000442,5,2024-07-28,2024-07-27,169493.03,169493.03,Paid On Time,0
R00005340,L000442,6,2024-08-28,2024-09-21,169493.03,169493.03,Paid Late,24
R00005341,L000442,7,2024-09-28,2024-10-18,169493.03,169493.03,Paid Late,20
R00005342,L000442,8,2024-10-28,2024-10-27,169493.03,169493.03,Paid On Time,0
R00005343,L000442,9,2024-11-28,2025-01-17,169493.03,112402.77,Partial,50
R00005344,L000442,10,2024-12-28,2024-12-27,169493.03,169493.03,Paid On Time,0
R00005345,L000442,11,2025-01-28,,169493.03,0.0,Unpaid,60
R00005346,L000442,12,2025-02-28,2025-02-26,169493.03,169493.03,Paid On Time,0
R00005347,L000442,13,2025-03-28,2025-03-28,169493.03,169493.03,Paid On Time,0
R00005348,L000442,14,2025-04-28,2025-04-27,169493.03,169493.03,Paid On Time,0
R00005349,L000442,15,2025-05-28,2025-05-26,169493.03,169493.03,Paid On Time,0
R00005350,L000442,16,2025-06-28,2025-06-28,169493.03,169493.03,Paid On Time,0
R00005351,L000442,17,2025-07-28,2025-07-27,169493.03,169493.03,Paid On Time,0
R00005352,L000442,18,2025-08-28,2025-08-28,169493.03,169493.03,Paid On Time,0
R00005353,L000443,1,2025-02-12,2025-02-10,38130.37,38130.37,Paid On Time,0
R00005354,L000443,2,2025-03-12,2025-03-11,38130.37,38130.37,Paid On Time,0
R00005355,L000443,3,2025-04-12,2025-04-11,38130.37,38130.37,Paid On Time,0
R00005356,L000443,4,2025-05-12,2025-06-04,38130.37,38130.37,Paid Late,23
R00005357,L000443,5,2025-06-12,2025-06-10,38130.37,38130.37,Paid On Time,0
R00005358,L000443,6,2025-07-12,2025-07-12,38130.37,38130.37,Paid On Time,0
R00005359,L000443,7,2025-08-12,2025-08-12,38130.37,38130.37,Paid On Time,0
R00005360,L000443,8,2025-09-12,2025-10-30,38130.37,22788.41,Partial,48
R00005361,L000443,9,2025-10-12,2025-10-12,38130.37,38130.37,Paid On Time,0
R00005362,L000443,10,2025-11-12,2025-11-12,38130.37,38130.37,Paid On Time,0
R00005363,L000443,11,2025-12-12,2025-12-10,38130.37,38130.37,Paid On Time,0
R00005364,L000443,12,2026-01-12,2026-01-11,38130.37,38130.37,Paid On Time,0
R00005365,L000443,13,2026-02-12,2026-02-12,38130.37,38130.37,Paid On Time,0
R00005366,L000443,14,2026-03-12,2026-03-11,38130.37,38130.37,Paid On Time,0
R00005367,L000443,15,2026-04-12,2026-04-10,38130.37,38130.37,Paid On Time,0
R00005368,L000443,16,2026-05-12,2026-05-12,38130.37,38130.37,Paid On Time,0
R00005369,L000443,17,2026-06-12,2026-06-11,38130.37,38130.37,Paid On Time,0
R00005370,L000443,18,2026-07-12,2026-07-21,38130.37,38130.37,Paid Late,9
R00005371,L000443,19,2026-08-12,2026-09-08,38130.37,20341.31,Partial,27
R00005372,L000443,20,2026-09-12,2026-09-30,38130.37,18493.78,Partial,33
R00005373,L000444,1,2026-02-04,2026-02-04,29067.65,29067.65,Paid On Time,0
R00005374,L000444,2,2026-03-04,2026-04-03,29067.65,29067.65,Paid Late,30
R00005375,L000444,3,2026-04-04,,29067.65,0.0,Unpaid,90
R00005376,L000444,4,2026-05-04,2026-05-03,29067.65,29067.65,Paid On Time,0
R00005377,L000444,5,2026-06-04,2026-06-29,29067.65,29067.65,Paid Late,25
R00005378,L000444,6,2026-07-04,2026-07-02,29067.65,29067.65,Paid On Time,0
R00005379,L000444,7,2026-08-04,2026-08-02,29067.65,29067.65,Paid On Time,0
R00005380,L000444,8,2026-09-04,2026-09-04,29067.65,29067.65,Paid On Time,0
R00005381,L000445,1,2025-04-05,2025-04-05,94562.44,94562.44,Paid On Time,0
R00005382,L000445,2,2025-05-05,2025-05-03,94562.44,94562.44,Paid On Time,0
R00005383,L000445,3,2025-06-05,2025-06-04,94562.44,94562.44,Paid On Time,0
R00005384,L000445,4,2025-07-05,2025-07-05,94562.44,94562.44,Paid On Time,0
R00005385,L000445,5,2025-08-05,2025-08-04,94562.44,94562.44,Paid On Time,0
R00005386,L000445,6,2025-09-05,2025-09-04,94562.44,94562.44,Paid On Time,0
R00005387,L000445,7,2025-10-05,2025-10-04,94562.44,94562.44,Paid On Time,0
R00005388,L000445,8,2025-11-05,2025-11-06,94562.44,94562.44,Paid Late,1
R00005389,L000445,9,2025-12-05,2025-12-03,94562.44,94562.44,Paid On Time,0
R00005390,L000445,10,2026-01-05,2026-01-04,94562.44,94562.44,Paid On Time,0
R00005391,L000445,11,2026-02-05,2026-02-04,94562.44,94562.44,Paid On Time,0
R00005392,L000445,12,2026-03-05,2026-03-04,94562.44,94562.44,Paid On Time,0
R00005393,L000445,13,2026-04-05,2026-04-03,94562.44,94562.44,Paid On Time,0
R00005394,L000445,14,2026-05-05,2026-05-03,94562.44,94562.44,Paid On Time,0
R00005395,L000445,15,2026-06-05,2026-06-04,94562.44,94562.44,Paid On Time,0
R00005396,L000445,16,2026-07-05,2026-07-03,94562.44,94562.44,Paid On Time,0
R00005397,L000445,17,2026-08-05,2026-08-05,94562.44,94562.44,Paid On Time,0
R00005398,L000445,18,2026-09-05,2026-09-04,94562.44,94562.44,Paid On Time,0
R00005399,L000446,1,2026-06-01,2026-06-28,665631.96,396983.43,Partial,27
R00005400,L000446,2,2026-07-01,2026-06-29,665631.96,665631.96,Paid On Time,0
R00005401,L000446,3,2026-08-01,2026-07-31,665631.96,665631.96,Paid On Time,0
R00005402,L000446,4,2026-09-01,2026-09-01,665631.96,665631.96,Paid On Time,0
R00005403,L000447,1,2025-03-10,2025-03-09,567184.25,567184.25,Paid On Time,0
R00005404,L000447,2,2025-04-10,2025-04-10,567184.25,567184.25,Paid On Time,0
R00005405,L000447,3,2025-05-10,2025-05-19,567184.25,567184.25,Paid Late,9
R00005406,L000447,4,2025-06-10,2025-06-09,567184.25,567184.25,Paid On Time,0
R00005407,L000447,5,2025-07-10,2025-08-27,567184.25,237671.42,Partial,48
R00005408,L000447,6,2025-08-10,2025-08-08,567184.25,567184.25,Paid On Time,0
R00005409,L000447,7,2025-09-10,2025-09-09,567184.25,567184.25,Paid On Time,0
R00005410,L000447,8,2025-10-10,2025-10-10,567184.25,567184.25,Paid On Time,0
R00005411,L000447,9,2025-11-10,2025-11-09,567184.25,567184.25,Paid On Time,0
R00005412,L000447,10,2025-12-10,2025-12-10,567184.25,567184.25,Paid On Time,0
R00005413,L000447,11,2026-01-10,2026-01-08,567184.25,567184.25,Paid On Time,0
R00005414,L000447,12,2026-02-10,2026-02-10,567184.25,567184.25,Paid On Time,0
R00005415,L000447,13,2026-03-10,2026-03-09,567184.25,567184.25,Paid On Time,0
R00005416,L000447,14,2026-04-10,,567184.25,0.0,Unpaid,60
R00005417,L000447,15,2026-05-10,,567184.25,0.0,Unpaid,90
R00005418,L000447,16,2026-06-10,2026-07-03,567184.25,567184.25,Paid Late,23
R00005419,L000447,17,2026-07-10,2026-07-08,567184.25,567184.25,Paid On Time,0
R00005420,L000447,18,2026-08-10,2026-08-08,567184.25,567184.25,Paid On Time,0
R00005421,L000449,1,2026-05-16,2026-05-15,198065.75,198065.75,Paid On Time,0
R00005422,L000449,2,2026-06-16,2026-06-24,198065.75,198065.75,Paid Late,8
R00005423,L000449,3,2026-07-16,2026-07-14,198065.75,198065.75,Paid On Time,0
R00005424,L000449,4,2026-08-16,2026-09-30,198065.75,91059.51,Partial,52
R00005425,L000449,5,2026-09-16,2026-09-30,198065.75,80649.23,Partial,35
R00005426,L000450,1,2025-11-05,2025-11-03,490867.3,490867.3,Paid On Time,0
R00005427,L000450,2,2025-12-05,2025-12-04,490867.3,490867.3,Paid On Time,0
R00005428,L000450,3,2026-01-05,2026-01-05,490867.3,490867.3,Paid On Time,0
R00005429,L000450,4,2026-02-05,2026-02-03,490867.3,490867.3,Paid On Time,0
R00005430,L000450,5,2026-03-05,2026-03-25,490867.3,490867.3,Paid Late,20
R00005431,L000450,6,2026-04-05,2026-04-04,490867.3,490867.3,Paid On Time,0
R00005432,L000450,7,2026-05-05,,490867.3,0.0,Unpaid,30
R00005433,L000450,8,2026-06-05,2026-06-03,490867.3,490867.3,Paid On Time,0
R00005434,L000450,9,2026-07-05,2026-07-28,490867.3,172377.83,Partial,23
R00005435,L000450,10,2026-08-05,2026-08-05,490867.3,490867.3,Paid On Time,0
R00005436,L000450,11,2026-09-05,2026-09-30,490867.3,490867.3,Paid Late,25
R00005437,L000451,1,2024-04-21,2024-06-11,100470.36,63313.24,Partial,51
R00005438,L000451,2,2024-05-21,2024-05-21,100470.36,100470.36,Paid On Time,0
R00005439,L000451,3,2024-06-21,2024-06-19,100470.36,100470.36,Paid On Time,0
R00005440,L000451,4,2024-07-21,2024-07-20,100470.36,100470.36,Paid On Time,0
R00005441,L000451,5,2024-08-21,2024-08-19,100470.36,100470.36,Paid On Time,0
R00005442,L000451,6,2024-09-21,2024-10-05,100470.36,100470.36,Paid Late,14
R00005443,L000451,7,2024-10-21,2024-10-19,100470.36,100470.36,Paid On Time,0
R00005444,L000451,8,2024-11-21,2024-11-25,100470.36,100470.36,Paid Late,4
R00005445,L000451,9,2024-12-21,2024-12-19,100470.36,100470.36,Paid On Time,0
R00005446,L000451,10,2025-01-21,,100470.36,0.0,Unpaid,60
R00005447,L000451,11,2025-02-21,2025-02-19,100470.36,100470.36,Paid On Time,0
R00005448,L000451,12,2025-03-21,2025-03-21,100470.36,100470.36,Paid On Time,0
R00005449,L000451,13,2025-04-21,2025-04-21,100470.36,100470.36,Paid On Time,0
R00005450,L000451,14,2025-05-21,2025-05-21,100470.36,100470.36,Paid On Time,0
R00005451,L000451,15,2025-06-21,2025-07-16,100470.36,51089.29,Partial,25
R00005452,L000451,16,2025-07-21,2025-07-19,100470.36,100470.36,Paid On Time,0
R00005453,L000451,17,2025-08-21,2025-10-16,100470.36,41371.55,Partial,56
R00005454,L000451,18,2025-09-21,2025-09-20,100470.36,100470.36,Paid On Time,0
R00005455,L000452,1,2025-04-08,2025-05-08,437040.57,437040.57,Paid Late,30
R00005456,L000452,2,2025-05-08,2025-05-27,437040.57,437040.57,Paid Late,19
R00005457,L000452,3,2025-06-08,2025-06-07,437040.57,437040.57,Paid On Time,0
R00005458,L000452,4,2025-07-08,2025-07-30,437040.57,437040.57,Paid Late,22
R00005459,L000452,5,2025-08-08,2025-08-07,437040.57,437040.57,Paid On Time,0
R00005460,L000452,6,2025-09-08,2025-09-06,437040.57,437040.57,Paid On Time,0
R00005461,L000453,1,2024-03-01,2024-02-28,177270.78,177270.78,Paid On Time,0
R00005462,L000453,2,2024-04-01,2024-03-31,177270.78,177270.78,Paid On Time,0
R00005463,L000453,3,2024-05-01,2024-05-01,177270.78,177270.78,Paid On Time,0
R00005464,L000453,4,2024-06-01,2024-06-05,177270.78,177270.78,Paid Late,4
R00005465,L000453,5,2024-07-01,2024-06-30,177270.78,177270.78,Paid On Time,0
R00005466,L000453,6,2024-08-01,2024-07-31,177270.78,177270.78,Paid On Time,0
R00005467,L000453,7,2024-09-01,2024-08-30,177270.78,177270.78,Paid On Time,0
R00005468,L000453,8,2024-10-01,2024-09-29,177270.78,177270.78,Paid On Time,0
R00005469,L000453,9,2024-11-01,2024-10-30,177270.78,177270.78,Paid On Time,0
R00005470,L000453,10,2024-12-01,2025-01-22,177270.78,113019.96,Partial,52
R00005471,L000453,11,2025-01-01,2025-01-01,177270.78,177270.78,Paid On Time,0
R00005472,L000453,12,2025-02-01,2025-01-30,177270.78,177270.78,Paid On Time,0
R00005473,L000453,13,2025-03-01,2025-03-01,177270.78,177270.78,Paid On Time,0
R00005474,L000453,14,2025-04-01,2025-04-27,177270.78,74705.95,Partial,26
R00005475,L000453,15,2025-05-01,2025-04-30,177270.78,177270.78,Paid On Time,0
R00005476,L000453,16,2025-06-01,,177270.78,0.0,Unpaid,60
R00005477,L000453,17,2025-07-01,2025-06-29,177270.78,177270.78,Paid On Time,0
R00005478,L000453,18,2025-08-01,2025-07-31,177270.78,177270.78,Paid On Time,0
R00005479,L000453,19,2025-09-01,2025-08-31,177270.78,177270.78,Paid On Time,0
R00005480,L000453,20,2025-10-01,2025-10-01,177270.78,177270.78,Paid On Time,0
R00005481,L000453,21,2025-11-01,2025-12-30,177270.78,100745.3,Partial,59
R00005482,L000453,22,2025-12-01,2025-12-10,177270.78,177270.78,Paid Late,9
R00005483,L000453,23,2026-01-01,2025-12-30,177270.78,177270.78,Paid On Time,0
R00005484,L000453,24,2026-02-01,2026-01-31,177270.78,177270.78,Paid On Time,0
R00005485,L000454,1,2024-06-07,2024-06-06,690402.82,690402.82,Paid On Time,0
R00005486,L000454,2,2024-07-07,2024-07-06,690402.82,690402.82,Paid On Time,0
R00005487,L000454,3,2024-08-07,2024-08-07,690402.82,690402.82,Paid On Time,0
R00005488,L000454,4,2024-09-07,2024-09-05,690402.82,690402.82,Paid On Time,0
R00005489,L000454,5,2024-10-07,2024-10-05,690402.82,690402.82,Paid On Time,0
R00005490,L000454,6,2024-11-07,2024-11-05,690402.82,690402.82,Paid On Time,0
R00005491,L000454,7,2024-12-07,2024-12-06,690402.82,690402.82,Paid On Time,0
R00005492,L000454,8,2025-01-07,2025-01-05,690402.82,690402.82,Paid On Time,0
R00005493,L000454,9,2025-02-07,2025-02-07,690402.82,690402.82,Paid On Time,0
R00005494,L000454,10,2025-03-07,2025-03-06,690402.82,690402.82,Paid On Time,0
R00005495,L000454,11,2025-04-07,2025-05-02,690402.82,690402.82,Paid Late,25
R00005496,L000454,12,2025-05-07,2025-05-05,690402.82,690402.82,Paid On Time,0
R00005497,L000454,13,2025-06-07,2025-06-05,690402.82,690402.82,Paid On Time,0
R00005498,L000454,14,2025-07-07,,690402.82,0.0,Unpaid,90
R00005499,L000454,15,2025-08-07,2025-08-07,690402.82,690402.82,Paid On Time,0
R00005500,L000454,16,2025-09-07,2025-09-28,690402.82,690402.82,Paid Late,21
R00005501,L000454,17,2025-10-07,2025-10-22,690402.82,690402.82,Paid Late,15
R00005502,L000454,18,2025-11-07,2025-11-06,690402.82,690402.82,Paid On Time,0
R00005503,L000454,19,2025-12-07,2025-12-05,690402.82,690402.82,Paid On Time,0
R00005504,L000454,20,2026-01-07,2026-01-07,690402.82,690402.82,Paid On Time,0
R00005505,L000454,21,2026-02-07,2026-03-01,690402.82,690402.82,Paid Late,22
R00005506,L000454,22,2026-03-07,2026-03-06,690402.82,690402.82,Paid On Time,0
R00005507,L000454,23,2026-04-07,2026-04-06,690402.82,690402.82,Paid On Time,0
R00005508,L000454,24,2026-05-07,2026-05-08,690402.82,690402.82,Paid Late,1
R00005509,L000455,1,2026-09-27,2026-09-30,321225.52,116227.37,Partial,21
R00005510,L000456,1,2025-12-22,2025-12-22,1964529.48,1964529.48,Paid On Time,0
R00005511,L000456,2,2026-01-22,2026-01-21,1964529.48,1964529.48,Paid On Time,0
R00005512,L000456,3,2026-02-22,2026-02-21,1964529.48,1964529.48,Paid On Time,0
R00005513,L000456,4,2026-03-22,2026-03-20,1964529.48,1964529.48,Paid On Time,0
R00005514,L000456,5,2026-04-22,2026-04-22,1964529.48,1964529.48,Paid On Time,0
R00005515,L000456,6,2026-05-22,2026-05-21,1964529.48,1964529.48,Paid On Time,0
R00005516,L000457,1,2025-09-28,2025-11-20,112171.58,88629.98,Partial,53
R00005517,L000457,2,2025-10-28,2025-10-27,112171.58,112171.58,Paid On Time,0
R00005518,L000457,3,2025-11-28,2025-12-16,112171.58,112171.58,Paid Late,18
R00005519,L000457,4,2025-12-28,2025-12-28,112171.58,112171.58,Paid On Time,0
R00005520,L000457,5,2026-01-28,2026-03-14,112171.58,82434.9,Partial,45
R00005521,L000457,6,2026-02-28,2026-02-28,112171.58,112171.58,Paid On Time,0
R00005522,L000457,7,2026-03-28,2026-04-18,112171.58,112171.58,Paid Late,21
R00005523,L000457,8,2026-04-28,2026-04-28,112171.58,112171.58,Paid On Time,0
R00005524,L000457,9,2026-05-28,2026-05-26,112171.58,112171.58,Paid On Time,0
R00005525,L000457,10,2026-06-28,2026-07-18,112171.58,89645.3,Partial,20
R00005526,L000457,11,2026-07-28,2026-07-28,112171.58,112171.58,Paid On Time,0
R00005527,L000457,12,2026-08-28,2026-08-26,112171.58,112171.58,Paid On Time,0
R00005528,L000457,13,2026-09-28,2026-09-26,112171.58,112171.58,Paid On Time,0
R00005529,L000458,1,2026-07-21,2026-07-19,218349.06,218349.06,Paid On Time,0
R00005530,L000458,2,2026-08-21,2026-08-20,218349.06,218349.06,Paid On Time,0
R00005531,L000458,3,2026-09-21,2026-09-21,218349.06,218349.06,Paid On Time,0
R00005532,L000459,1,2025-04-16,2025-04-14,381668.66,381668.66,Paid On Time,0
R00005533,L000459,2,2025-05-16,2025-05-14,381668.66,381668.66,Paid On Time,0
R00005534,L000459,3,2025-06-16,2025-06-15,381668.66,381668.66,Paid On Time,0
R00005535,L000459,4,2025-07-16,2025-07-16,381668.66,381668.66,Paid On Time,0
R00005536,L000459,5,2025-08-16,2025-09-15,381668.66,381668.66,Paid Late,30
R00005537,L000459,6,2025-09-16,2025-09-15,381668.66,381668.66,Paid On Time,0
R00005538,L000459,7,2025-10-16,2025-10-16,381668.66,381668.66,Paid On Time,0
R00005539,L000459,8,2025-11-16,2025-12-13,381668.66,381668.66,Paid Late,27
R00005540,L000459,9,2025-12-16,2025-12-14,381668.66,381668.66,Paid On Time,0
R00005541,L000459,10,2026-01-16,2026-02-14,381668.66,381668.66,Paid Late,29
R00005542,L000459,11,2026-02-16,2026-02-15,381668.66,381668.66,Paid On Time,0
R00005543,L000459,12,2026-03-16,2026-04-08,381668.66,381668.66,Paid Late,23
R00005544,L000460,1,2025-04-16,2025-04-16,1931916.1,1931916.1,Paid On Time,0
R00005545,L000460,2,2025-05-16,2025-05-16,1931916.1,1931916.1,Paid On Time,0
R00005546,L000460,3,2025-06-16,2025-06-14,1931916.1,1931916.1,Paid On Time,0
R00005547,L000460,4,2025-07-16,2025-07-14,1931916.1,1931916.1,Paid On Time,0
R00005548,L000460,5,2025-08-16,2025-08-14,1931916.1,1931916.1,Paid On Time,0
R00005549,L000460,6,2025-09-16,2025-09-16,1931916.1,1931916.1,Paid On Time,0
R00005550,L000461,1,2024-12-21,2024-12-21,269759.23,269759.23,Paid On Time,0
R00005551,L000461,2,2025-01-21,2025-01-23,269759.23,269759.23,Paid Late,2
R00005552,L000461,3,2025-02-21,2025-03-11,269759.23,269759.23,Paid Late,18
R00005553,L000461,4,2025-03-21,2025-03-20,269759.23,269759.23,Paid On Time,0
R00005554,L000461,5,2025-04-21,2025-04-19,269759.23,269759.23,Paid On Time,0
R00005555,L000461,6,2025-05-21,2025-05-19,269759.23,269759.23,Paid On Time,0
R00005556,L000461,7,2025-06-21,2025-07-03,269759.23,269759.23,Paid Late,12
R00005557,L000461,8,2025-07-21,2025-07-27,269759.23,269759.23,Paid Late,6
R00005558,L000461,9,2025-08-21,2025-09-03,269759.23,160131.66,Partial,13
R00005559,L000461,10,2025-09-21,2025-09-20,269759.23,269759.23,Paid On Time,0
R00005560,L000461,11,2025-10-21,2025-10-21,269759.23,269759.23,Paid On Time,0
R00005561,L000461,12,2025-11-21,2025-11-19,269759.23,269759.23,Paid On Time,0
R00005562,L000461,13,2025-12-21,2025-12-20,269759.23,269759.23,Paid On Time,0
R00005563,L000461,14,2026-01-21,,269759.23,0.0,Unpaid,30
R00005564,L000461,15,2026-02-21,,269759.23,0.0,Unpaid,120
R00005565,L000461,16,2026-03-21,,269759.23,0.0,Unpaid,90
R00005566,L000461,17,2026-04-21,2026-04-21,269759.23,269759.23,Paid On Time,0
R00005567,L000461,18,2026-05-21,2026-05-20,269759.23,269759.23,Paid On Time,0
R00005568,L000461,19,2026-06-21,2026-06-19,269759.23,269759.23,Paid On Time,0
R00005569,L000461,20,2026-07-21,2026-07-29,269759.23,269759.23,Paid Late,8
R00005570,L000461,21,2026-08-21,2026-08-19,269759.23,269759.23,Paid On Time,0
R00005571,L000461,22,2026-09-21,2026-09-21,269759.23,269759.23,Paid On Time,0
R00005572,L000462,1,2026-04-23,2026-04-21,363796.47,363796.47,Paid On Time,0
R00005573,L000462,2,2026-05-23,2026-06-17,363796.47,363796.47,Paid Late,25
R00005574,L000462,3,2026-06-23,2026-06-23,363796.47,363796.47,Paid On Time,0
R00005575,L000462,4,2026-07-23,2026-07-21,363796.47,363796.47,Paid On Time,0
R00005576,L000462,5,2026-08-23,2026-08-21,363796.47,363796.47,Paid On Time,0
R00005577,L000462,6,2026-09-23,2026-09-21,363796.47,363796.47,Paid On Time,0
R00005578,L000463,1,2024-11-21,2024-11-21,80411.8,80411.8,Paid On Time,0
R00005579,L000463,2,2024-12-21,,80411.8,0.0,Unpaid,120
R00005580,L000463,3,2025-01-21,2025-01-19,80411.8,80411.8,Paid On Time,0
R00005581,L000463,4,2025-02-21,2025-02-20,80411.8,80411.8,Paid On Time,0
R00005582,L000463,5,2025-03-21,2025-03-20,80411.8,80411.8,Paid On Time,0
R00005583,L000463,6,2025-04-21,,80411.8,0.0,Unpaid,60
R00005584,L000463,7,2025-05-21,2025-06-14,80411.8,80411.8,Paid Late,24
R00005585,L000463,8,2025-06-21,2025-07-14,80411.8,80411.8,Paid Late,23
R00005586,L000463,9,2025-07-21,2025-08-01,80411.8,80411.8,Paid Late,11
R00005587,L000463,10,2025-08-21,2025-08-19,80411.8,80411.8,Paid On Time,0
R00005588,L000463,11,2025-09-21,2025-10-02,80411.8,80411.8,Paid Late,11
R00005589,L000463,12,2025-10-21,2025-10-24,80411.8,80411.8,Paid Late,3
R00005590,L000464,1,2026-03-03,2026-03-01,86708.08,86708.08,Paid On Time,0
R00005591,L000464,2,2026-04-03,2026-04-03,86708.08,86708.08,Paid On Time,0
R00005592,L000464,3,2026-05-03,2026-05-03,86708.08,86708.08,Paid On Time,0
R00005593,L000464,4,2026-06-03,2026-06-03,86708.08,86708.08,Paid On Time,0
R00005594,L000464,5,2026-07-03,2026-07-01,86708.08,86708.08,Paid On Time,0
R00005595,L000464,6,2026-08-03,2026-08-03,86708.08,86708.08,Paid On Time,0
R00005596,L000464,7,2026-09-03,2026-09-03,86708.08,86708.08,Paid On Time,0
R00005597,L000465,1,2026-07-26,2026-07-25,223398.81,223398.81,Paid On Time,0
R00005598,L000465,2,2026-08-26,2026-08-26,223398.81,223398.81,Paid On Time,0
R00005599,L000465,3,2026-09-26,2026-09-25,223398.81,223398.81,Paid On Time,0
R00005600,L000466,1,2024-04-28,2024-04-27,174870.35,174870.35,Paid On Time,0
R00005601,L000466,2,2024-05-28,2024-05-28,174870.35,174870.35,Paid On Time,0
R00005602,L000466,3,2024-06-28,2024-06-26,174870.35,174870.35,Paid On Time,0
R00005603,L000466,4,2024-07-28,,174870.35,0.0,Unpaid,120
R00005604,L000466,5,2024-08-28,2024-08-28,174870.35,174870.35,Paid On Time,0
R00005605,L000466,6,2024-09-28,,174870.35,0.0,Unpaid,90
R00005606,L000466,7,2024-10-28,2024-10-26,174870.35,174870.35,Paid On Time,0
R00005607,L000466,8,2024-11-28,2024-11-27,174870.35,174870.35,Paid On Time,0
R00005608,L000466,9,2024-12-28,2024-12-27,174870.35,174870.35,Paid On Time,0
R00005609,L000466,10,2025-01-28,2025-01-28,174870.35,174870.35,Paid On Time,0
R00005610,L000466,11,2025-02-28,2025-02-26,174870.35,174870.35,Paid On Time,0
R00005611,L000466,12,2025-03-28,2025-03-26,174870.35,174870.35,Paid On Time,0
R00005612,L000467,1,2026-04-09,2026-04-07,23895.51,23895.51,Paid On Time,0
R00005613,L000467,2,2026-05-09,2026-05-09,23895.51,23895.51,Paid On Time,0
R00005614,L000467,3,2026-06-09,2026-06-07,23895.51,23895.51,Paid On Time,0
R00005615,L000467,4,2026-07-09,2026-07-08,23895.51,23895.51,Paid On Time,0
R00005616,L000467,5,2026-08-09,2026-08-08,23895.51,23895.51,Paid On Time,0
R00005617,L000467,6,2026-09-09,2026-09-09,23895.51,23895.51,Paid On Time,0
R00005618,L000468,1,2026-05-28,2026-05-27,320425.66,320425.66,Paid On Time,0
R00005619,L000468,2,2026-06-28,2026-06-27,320425.66,320425.66,Paid On Time,0
R00005620,L000468,3,2026-07-28,2026-07-28,320425.66,320425.66,Paid On Time,0
R00005621,L000468,4,2026-08-28,2026-09-26,320425.66,320425.66,Paid Late,29
R00005622,L000468,5,2026-09-28,2026-09-26,320425.66,320425.66,Paid On Time,0
R00005623,L000469,1,2025-10-01,2025-10-01,318641.88,318641.88,Paid On Time,0
R00005624,L000469,2,2025-11-01,2025-11-28,318641.88,318641.88,Paid Late,27
R00005625,L000469,3,2025-12-01,2025-11-30,318641.88,318641.88,Paid On Time,0
R00005626,L000469,4,2026-01-01,2026-01-01,318641.88,318641.88,Paid On Time,0
R00005627,L000469,5,2026-02-01,2026-01-31,318641.88,318641.88,Paid On Time,0
R00005628,L000469,6,2026-03-01,2026-02-28,318641.88,318641.88,Paid On Time,0
R00005629,L000469,7,2026-04-01,2026-03-31,318641.88,318641.88,Paid On Time,0
R00005630,L000469,8,2026-05-01,,318641.88,0.0,Unpaid,90
R00005631,L000469,9,2026-06-01,2026-05-30,318641.88,318641.88,Paid On Time,0
R00005632,L000469,10,2026-07-01,2026-06-29,318641.88,318641.88,Paid On Time,0
R00005633,L000469,11,2026-08-01,2026-07-30,318641.88,318641.88,Paid On Time,0
R00005634,L000469,12,2026-09-01,2026-08-30,318641.88,318641.88,Paid On Time,0
R00005635,L000470,1,2025-09-04,2025-09-03,161998.74,161998.74,Paid On Time,0
R00005636,L000470,2,2025-10-04,2025-10-03,161998.74,161998.74,Paid On Time,0
R00005637,L000470,3,2025-11-04,2025-11-04,161998.74,161998.74,Paid On Time,0
R00005638,L000470,4,2025-12-04,2025-12-02,161998.74,161998.74,Paid On Time,0
R00005639,L000470,5,2026-01-04,2026-01-06,161998.74,161998.74,Paid Late,2
R00005640,L000470,6,2026-02-04,2026-03-05,161998.74,161998.74,Paid Late,29
R00005641,L000470,7,2026-03-04,2026-03-03,161998.74,161998.74,Paid On Time,0
R00005642,L000470,8,2026-04-04,2026-04-03,161998.74,161998.74,Paid On Time,0
R00005643,L000470,9,2026-05-04,2026-05-02,161998.74,161998.74,Paid On Time,0
R00005644,L000470,10,2026-06-04,2026-06-03,161998.74,161998.74,Paid On Time,0
R00005645,L000470,11,2026-07-04,2026-07-04,161998.74,161998.74,Paid On Time,0
R00005646,L000470,12,2026-08-04,2026-08-02,161998.74,161998.74,Paid On Time,0
R00005647,L000470,13,2026-09-04,2026-09-06,161998.74,161998.74,Paid Late,2
R00005648,L000471,1,2024-07-01,2024-06-29,26118.37,26118.37,Paid On Time,0
R00005649,L000471,2,2024-08-01,2024-07-30,26118.37,26118.37,Paid On Time,0
R00005650,L000471,3,2024-09-01,2024-09-01,26118.37,26118.37,Paid On Time,0
R00005651,L000471,4,2024-10-01,2024-10-01,26118.37,26118.37,Paid On Time,0
R00005652,L000471,5,2024-11-01,2024-10-31,26118.37,26118.37,Paid On Time,0
R00005653,L000471,6,2024-12-01,2024-12-01,26118.37,26118.37,Paid On Time,0
R00005654,L000471,7,2025-01-01,2024-12-31,26118.37,26118.37,Paid On Time,0
R00005655,L000471,8,2025-02-01,2025-01-30,26118.37,26118.37,Paid On Time,0
R00005656,L000471,9,2025-03-01,2025-03-01,26118.37,26118.37,Paid On Time,0
R00005657,L000471,10,2025-04-01,2025-04-01,26118.37,26118.37,Paid On Time,0
R00005658,L000471,11,2025-05-01,2025-04-29,26118.37,26118.37,Paid On Time,0
R00005659,L000471,12,2025-06-01,2025-05-30,26118.37,26118.37,Paid On Time,0
R00005660,L000471,13,2025-07-01,2025-07-28,26118.37,9383.3,Partial,27
R00005661,L000471,14,2025-08-01,2025-07-31,26118.37,26118.37,Paid On Time,0
R00005662,L000471,15,2025-09-01,2025-09-01,26118.37,26118.37,Paid On Time,0
R00005663,L000471,16,2025-10-01,2025-09-30,26118.37,26118.37,Paid On Time,0
R00005664,L000471,17,2025-11-01,2025-10-31,26118.37,26118.37,Paid On Time,0
R00005665,L000471,18,2025-12-01,2025-11-30,26118.37,26118.37,Paid On Time,0
R00005666,L000471,19,2026-01-01,2026-01-01,26118.37,26118.37,Paid On Time,0
R00005667,L000471,20,2026-02-01,2026-01-31,26118.37,26118.37,Paid On Time,0
R00005668,L000471,21,2026-03-01,2026-02-28,26118.37,26118.37,Paid On Time,0
R00005669,L000471,22,2026-04-01,2026-03-31,26118.37,26118.37,Paid On Time,0
R00005670,L000471,23,2026-05-01,2026-04-30,26118.37,26118.37,Paid On Time,0
R00005671,L000471,24,2026-06-01,2026-06-01,26118.37,26118.37,Paid On Time,0
R00005672,L000472,1,2024-07-17,2024-07-15,35885.35,35885.35,Paid On Time,0
R00005673,L000472,2,2024-08-17,2024-08-15,35885.35,35885.35,Paid On Time,0
R00005674,L000472,3,2024-09-17,2024-09-16,35885.35,35885.35,Paid On Time,0
R00005675,L000472,4,2024-10-17,2024-10-25,35885.35,35885.35,Paid Late,8
R00005676,L000472,5,2024-11-17,2024-11-16,35885.35,35885.35,Paid On Time,0
R00005677,L000472,6,2024-12-17,2025-01-02,35885.35,25366.35,Partial,16
R00005678,L000472,7,2025-01-17,2025-01-16,35885.35,35885.35,Paid On Time,0
R00005679,L000472,8,2025-02-17,2025-02-15,35885.35,35885.35,Paid On Time,0
R00005680,L000472,9,2025-03-17,2025-03-17,35885.35,35885.35,Paid On Time,0
R00005681,L000472,10,2025-04-17,2025-04-15,35885.35,35885.35,Paid On Time,0
R00005682,L000472,11,2025-05-17,2025-05-16,35885.35,35885.35,Paid On Time,0
R00005683,L000472,12,2025-06-17,,35885.35,0.0,Unpaid,60
R00005684,L000472,13,2025-07-17,2025-07-17,35885.35,35885.35,Paid On Time,0
R00005685,L000472,14,2025-08-17,2025-08-17,35885.35,35885.35,Paid On Time,0
R00005686,L000472,15,2025-09-17,2025-09-17,35885.35,35885.35,Paid On Time,0
R00005687,L000472,16,2025-10-17,2025-10-15,35885.35,35885.35,Paid On Time,0
R00005688,L000472,17,2025-11-17,2025-11-17,35885.35,35885.35,Paid On Time,0
R00005689,L000472,18,2025-12-17,2025-12-16,35885.35,35885.35,Paid On Time,0
R00005690,L000473,1,2025-01-09,2025-01-08,156206.25,156206.25,Paid On Time,0
R00005691,L000473,2,2025-02-09,2025-02-07,156206.25,156206.25,Paid On Time,0
R00005692,L000473,3,2025-03-09,2025-03-09,156206.25,156206.25,Paid On Time,0
R00005693,L000473,4,2025-04-09,2025-04-07,156206.25,156206.25,Paid On Time,0
R00005694,L000473,5,2025-05-09,2025-05-30,156206.25,156206.25,Paid Late,21
R00005695,L000473,6,2025-06-09,2025-06-07,156206.25,156206.25,Paid On Time,0
R00005696,L000473,7,2025-07-09,2025-07-08,156206.25,156206.25,Paid On Time,0
R00005697,L000473,8,2025-08-09,2025-08-08,156206.25,156206.25,Paid On Time,0
R00005698,L000473,9,2025-09-09,2025-09-27,156206.25,156206.25,Paid Late,18
R00005699,L000473,10,2025-10-09,2025-10-07,156206.25,156206.25,Paid On Time,0
R00005700,L000473,11,2025-11-09,2025-11-19,156206.25,156206.25,Paid Late,10
R00005701,L000473,12,2025-12-09,2025-12-08,156206.25,156206.25,Paid On Time,0
R00005702,L000473,13,2026-01-09,2026-01-07,156206.25,156206.25,Paid On Time,0
R00005703,L000473,14,2026-02-09,2026-02-10,156206.25,156206.25,Paid Late,1
R00005704,L000473,15,2026-03-09,2026-03-07,156206.25,156206.25,Paid On Time,0
R00005705,L000473,16,2026-04-09,2026-05-11,156206.25,97428.91,Partial,32
R00005706,L000473,17,2026-05-09,2026-05-20,156206.25,156206.25,Paid Late,11
R00005707,L000473,18,2026-06-09,2026-06-09,156206.25,156206.25,Paid On Time,0
R00005708,L000474,1,2025-12-12,2025-12-30,125851.35,125851.35,Paid Late,18
R00005709,L000474,2,2026-01-12,2026-01-11,125851.35,125851.35,Paid On Time,0
R00005710,L000474,3,2026-02-12,2026-02-11,125851.35,125851.35,Paid On Time,0
R00005711,L000474,4,2026-03-12,2026-03-11,125851.35,125851.35,Paid On Time,0
R00005712,L000474,5,2026-04-12,2026-04-10,125851.35,125851.35,Paid On Time,0
R00005713,L000474,6,2026-05-12,2026-06-01,125851.35,125851.35,Paid Late,20
R00005714,L000474,7,2026-06-12,2026-06-12,125851.35,125851.35,Paid On Time,0
R00005715,L000474,8,2026-07-12,,125851.35,0.0,Unpaid,80
R00005716,L000474,9,2026-08-12,2026-08-10,125851.35,125851.35,Paid On Time,0
R00005717,L000474,10,2026-09-12,2026-09-30,125851.35,61237.3,Partial,31
R00005718,L000475,1,2025-11-23,2025-11-23,497171.04,497171.04,Paid On Time,0
R00005719,L000475,2,2025-12-23,2025-12-22,497171.04,497171.04,Paid On Time,0
R00005720,L000475,3,2026-01-23,2026-01-23,497171.04,497171.04,Paid On Time,0
R00005721,L000475,4,2026-02-23,2026-02-23,497171.04,497171.04,Paid On Time,0
R00005722,L000475,5,2026-03-23,2026-03-21,497171.04,497171.04,Paid On Time,0
R00005723,L000475,6,2026-04-23,2026-04-21,497171.04,497171.04,Paid On Time,0
R00005724,L000475,7,2026-05-23,2026-05-21,497171.04,497171.04,Paid On Time,0
R00005725,L000475,8,2026-06-23,,497171.04,0.0,Unpaid,30
R00005726,L000475,9,2026-07-23,2026-07-22,497171.04,497171.04,Paid On Time,0
R00005727,L000475,10,2026-08-23,2026-08-22,497171.04,497171.04,Paid On Time,0
R00005728,L000475,11,2026-09-23,2026-09-21,497171.04,497171.04,Paid On Time,0
R00005729,L000476,1,2026-06-02,2026-06-02,15664.37,15664.37,Paid On Time,0
R00005730,L000476,2,2026-07-02,2026-07-02,15664.37,15664.37,Paid On Time,0
R00005731,L000476,3,2026-08-02,2026-08-01,15664.37,15664.37,Paid On Time,0
R00005732,L000476,4,2026-09-02,2026-08-31,15664.37,15664.37,Paid On Time,0
R00005733,L000477,1,2025-10-08,2025-11-09,54634.31,38387.06,Partial,32
R00005734,L000477,2,2025-11-08,2025-11-08,54634.31,54634.31,Paid On Time,0
R00005735,L000477,3,2025-12-08,2025-12-08,54634.31,54634.31,Paid On Time,0
R00005736,L000477,4,2026-01-08,2026-01-23,54634.31,54634.31,Paid Late,15
R00005737,L000477,5,2026-02-08,2026-02-07,54634.31,54634.31,Paid On Time,0
R00005738,L000477,6,2026-03-08,2026-03-08,54634.31,54634.31,Paid On Time,0
R00005739,L000477,7,2026-04-08,2026-04-06,54634.31,54634.31,Paid On Time,0
R00005740,L000477,8,2026-05-08,2026-05-06,54634.31,54634.31,Paid On Time,0
R00005741,L000477,9,2026-06-08,2026-06-08,54634.31,54634.31,Paid On Time,0
R00005742,L000477,10,2026-07-08,2026-07-08,54634.31,54634.31,Paid On Time,0
R00005743,L000477,11,2026-08-08,2026-08-07,54634.31,54634.31,Paid On Time,0
R00005744,L000477,12,2026-09-08,2026-09-08,54634.31,54634.31,Paid On Time,0
R00005745,L000478,1,2024-11-11,2024-11-10,1340707.87,1340707.87,Paid On Time,0
R00005746,L000478,2,2024-12-11,2024-12-10,1340707.87,1340707.87,Paid On Time,0
R00005747,L000478,3,2025-01-11,,1340707.87,0.0,Unpaid,120
R00005748,L000478,4,2025-02-11,2025-02-10,1340707.87,1340707.87,Paid On Time,0
R00005749,L000478,5,2025-03-11,2025-03-09,1340707.87,1340707.87,Paid On Time,0
R00005750,L000478,6,2025-04-11,2025-04-11,1340707.87,1340707.87,Paid On Time,0
R00005751,L000478,7,2025-05-11,2025-05-10,1340707.87,1340707.87,Paid On Time,0
R00005752,L000478,8,2025-06-11,2025-06-10,1340707.87,1340707.87,Paid On Time,0
R00005753,L000478,9,2025-07-11,2025-07-10,1340707.87,1340707.87,Paid On Time,0
R00005754,L000478,10,2025-08-11,2025-09-18,1340707.87,1024556.29,Partial,38
R00005755,L000478,11,2025-09-11,2025-09-14,1340707.87,1340707.87,Paid Late,3
R00005756,L000478,12,2025-10-11,2025-10-09,1340707.87,1340707.87,Paid On Time,0
R00005757,L000478,13,2025-11-11,2025-11-11,1340707.87,1340707.87,Paid On Time,0
R00005758,L000478,14,2025-12-11,2025-12-11,1340707.87,1340707.87,Paid On Time,0
R00005759,L000478,15,2026-01-11,2026-01-11,1340707.87,1340707.87,Paid On Time,0
R00005760,L000478,16,2026-02-11,2026-02-10,1340707.87,1340707.87,Paid On Time,0
R00005761,L000478,17,2026-03-11,2026-04-02,1340707.87,1340707.87,Paid Late,22
R00005762,L000478,18,2026-04-11,2026-04-10,1340707.87,1340707.87,Paid On Time,0
R00005763,L000479,1,2026-04-21,2026-04-20,879692.56,879692.56,Paid On Time,0
R00005764,L000479,2,2026-05-21,2026-05-19,879692.56,879692.56,Paid On Time,0
R00005765,L000479,3,2026-06-21,2026-06-29,879692.56,879692.56,Paid Late,8
R00005766,L000479,4,2026-07-21,2026-07-21,879692.56,879692.56,Paid On Time,0
R00005767,L000479,5,2026-08-21,2026-08-20,879692.56,879692.56,Paid On Time,0
R00005768,L000479,6,2026-09-21,2026-09-21,879692.56,879692.56,Paid On Time,0
R00005769,L000480,1,2025-05-28,2025-05-26,448378.84,448378.84,Paid On Time,0
R00005770,L000480,2,2025-06-28,2025-06-27,448378.84,448378.84,Paid On Time,0
R00005771,L000480,3,2025-07-28,2025-07-26,448378.84,448378.84,Paid On Time,0
R00005772,L000480,4,2025-08-28,2025-08-26,448378.84,448378.84,Paid On Time,0
R00005773,L000480,5,2025-09-28,2025-09-28,448378.84,448378.84,Paid On Time,0
R00005774,L000480,6,2025-10-28,2025-10-27,448378.84,448378.84,Paid On Time,0
R00005775,L000480,7,2025-11-28,2025-11-28,448378.84,448378.84,Paid On Time,0
R00005776,L000480,8,2025-12-28,2025-12-26,448378.84,448378.84,Paid On Time,0
R00005777,L000480,9,2026-01-28,2026-02-16,448378.84,448378.84,Paid Late,19
R00005778,L000480,10,2026-02-28,2026-02-27,448378.84,448378.84,Paid On Time,0
R00005779,L000480,11,2026-03-28,2026-05-06,448378.84,308597.99,Partial,39
R00005780,L000480,12,2026-04-28,2026-04-28,448378.84,448378.84,Paid On Time,0
R00005781,L000480,13,2026-05-28,2026-05-28,448378.84,448378.84,Paid On Time,0
R00005782,L000480,14,2026-06-28,2026-06-28,448378.84,448378.84,Paid On Time,0
R00005783,L000480,15,2026-07-28,,448378.84,0.0,Unpaid,60
R00005784,L000480,16,2026-08-28,2026-08-26,448378.84,448378.84,Paid On Time,0
R00005785,L000480,17,2026-09-28,2026-09-26,448378.84,448378.84,Paid On Time,0
R00005786,L000481,1,2025-11-11,2025-11-11,32893.05,32893.05,Paid On Time,0
R00005787,L000481,2,2025-12-11,2025-12-14,32893.05,32893.05,Paid Late,3
R00005788,L000481,3,2026-01-11,2026-02-07,32893.05,32893.05,Paid Late,27
R00005789,L000481,4,2026-02-11,2026-03-10,32893.05,32893.05,Paid Late,27
R00005790,L000481,5,2026-03-11,2026-03-10,32893.05,32893.05,Paid On Time,0
R00005791,L000481,6,2026-04-11,2026-04-09,32893.05,32893.05,Paid On Time,0
R00005792,L000481,7,2026-05-11,2026-05-11,32893.05,32893.05,Paid On Time,0
R00005793,L000481,8,2026-06-11,2026-08-08,32893.05,16954.88,Partial,58
R00005794,L000481,9,2026-07-11,2026-07-09,32893.05,32893.05,Paid On Time,0
R00005795,L000481,10,2026-08-11,2026-08-09,32893.05,32893.05,Paid On Time,0
R00005796,L000481,11,2026-09-11,2026-09-11,32893.05,32893.05,Paid On Time,0
R00005797,L000482,1,2025-02-10,2025-02-08,489762.83,489762.83,Paid On Time,0
R00005798,L000482,2,2025-03-10,2025-04-06,489762.83,390440.27,Partial,27
R00005799,L000482,3,2025-04-10,2025-04-08,489762.83,489762.83,Paid On Time,0
R00005800,L000482,4,2025-05-10,2025-05-09,489762.83,489762.83,Paid On Time,0
R00005801,L000482,5,2025-06-10,2025-08-06,489762.83,256978.44,Partial,57
R00005802,L000482,6,2025-07-10,2025-07-08,489762.83,489762.83,Paid On Time,0
R00005803,L000482,7,2025-08-10,2025-08-09,489762.83,489762.83,Paid On Time,0
R00005804,L000482,8,2025-09-10,2025-09-09,489762.83,489762.83,Paid On Time,0
R00005805,L000482,9,2025-10-10,2025-10-14,489762.83,489762.83,Paid Late,4
R00005806,L000482,10,2025-11-10,2025-11-08,489762.83,489762.83,Paid On Time,0
R00005807,L000482,11,2025-12-10,2025-12-10,489762.83,489762.83,Paid On Time,0
R00005808,L000482,12,2026-01-10,2026-01-09,489762.83,489762.83,Paid On Time,0
R00005809,L000482,13,2026-02-10,2026-02-09,489762.83,489762.83,Paid On Time,0
R00005810,L000482,14,2026-03-10,2026-03-10,489762.83,489762.83,Paid On Time,0
R00005811,L000482,15,2026-04-10,2026-04-09,489762.83,489762.83,Paid On Time,0
R00005812,L000482,16,2026-05-10,2026-05-09,489762.83,489762.83,Paid On Time,0
R00005813,L000482,17,2026-06-10,,489762.83,0.0,Unpaid,60
R00005814,L000482,18,2026-07-10,2026-07-10,489762.83,489762.83,Paid On Time,0
R00005815,L000483,1,2024-04-28,2024-04-28,62971.12,62971.12,Paid On Time,0
R00005816,L000483,2,2024-05-28,2024-05-27,62971.12,62971.12,Paid On Time,0
R00005817,L000483,3,2024-06-28,2024-06-27,62971.12,62971.12,Paid On Time,0
R00005818,L000483,4,2024-07-28,2024-07-28,62971.12,62971.12,Paid On Time,0
R00005819,L000483,5,2024-08-28,2024-09-04,62971.12,62971.12,Paid Late,7
R00005820,L000483,6,2024-09-28,2024-10-26,62971.12,62971.12,Paid Late,28
R00005821,L000483,7,2024-10-28,,62971.12,0.0,Unpaid,90
R00005822,L000483,8,2024-11-28,,62971.12,0.0,Unpaid,120
R00005823,L000483,9,2024-12-28,2025-01-03,62971.12,62971.12,Paid Late,6
R00005824,L000483,10,2025-01-28,,62971.12,0.0,Unpaid,30
R00005825,L000483,11,2025-02-28,2025-02-28,62971.12,62971.12,Paid On Time,0
R00005826,L000483,12,2025-03-28,,62971.12,0.0,Unpaid,60
R00005827,L000484,1,2026-05-03,2026-05-01,129580.35,129580.35,Paid On Time,0
R00005828,L000484,2,2026-06-03,2026-07-20,129580.35,57733.6,Partial,47
R00005829,L000484,3,2026-07-03,2026-07-02,129580.35,129580.35,Paid On Time,0
R00005830,L000484,4,2026-08-03,2026-08-02,129580.35,129580.35,Paid On Time,0
R00005831,L000484,5,2026-09-03,2026-09-01,129580.35,129580.35,Paid On Time,0
R00005832,L000485,1,2024-04-25,2024-04-23,56991.5,56991.5,Paid On Time,0
R00005833,L000485,2,2024-05-25,2024-06-19,56991.5,21874.59,Partial,25
R00005834,L000485,3,2024-06-25,2024-06-23,56991.5,56991.5,Paid On Time,0
R00005835,L000485,4,2024-07-25,2024-08-05,56991.5,44458.38,Partial,11
R00005836,L000485,5,2024-08-25,2024-09-07,56991.5,56991.5,Paid Late,13
R00005837,L000485,6,2024-09-25,2024-09-24,56991.5,56991.5,Paid On Time,0
R00005838,L000485,7,2024-10-25,2024-10-25,56991.5,56991.5,Paid On Time,0
R00005839,L000485,8,2024-11-25,2024-11-24,56991.5,56991.5,Paid On Time,0
R00005840,L000485,9,2024-12-25,2025-01-23,56991.5,56991.5,Paid Late,29
R00005841,L000485,10,2025-01-25,2025-01-24,56991.5,56991.5,Paid On Time,0
R00005842,L000485,11,2025-02-25,2025-02-28,56991.5,56991.5,Paid Late,3
R00005843,L000485,12,2025-03-25,2025-03-23,56991.5,56991.5,Paid On Time,0
R00005844,L000485,13,2025-04-25,2025-05-07,56991.5,56991.5,Paid Late,12
R00005845,L000485,14,2025-05-25,2025-05-23,56991.5,56991.5,Paid On Time,0
R00005846,L000485,15,2025-06-25,2025-06-25,56991.5,56991.5,Paid On Time,0
R00005847,L000485,16,2025-07-25,2025-07-23,56991.5,56991.5,Paid On Time,0
R00005848,L000485,17,2025-08-25,2025-09-02,56991.5,56991.5,Paid Late,8
R00005849,L000485,18,2025-09-25,2025-10-24,56991.5,56991.5,Paid Late,29
R00005850,L000486,1,2025-06-06,2025-06-05,76005.16,76005.16,Paid On Time,0
R00005851,L000486,2,2025-07-06,2025-07-12,76005.16,76005.16,Paid Late,6
R00005852,L000486,3,2025-08-06,2025-08-04,76005.16,76005.16,Paid On Time,0
R00005853,L000486,4,2025-09-06,2025-09-06,76005.16,76005.16,Paid On Time,0
R00005854,L000486,5,2025-10-06,2025-10-05,76005.16,76005.16,Paid On Time,0
R00005855,L000486,6,2025-11-06,2025-11-04,76005.16,76005.16,Paid On Time,0
R00005856,L000487,1,2025-08-22,2025-08-21,82840.83,82840.83,Paid On Time,0
R00005857,L000487,2,2025-09-22,2025-09-22,82840.83,82840.83,Paid On Time,0
R00005858,L000487,3,2025-10-22,2025-11-11,82840.83,82840.83,Paid Late,20
R00005859,L000487,4,2025-11-22,,82840.83,0.0,Unpaid,30
R00005860,L000487,5,2025-12-22,2025-12-22,82840.83,82840.83,Paid On Time,0
R00005861,L000487,6,2026-01-22,2026-02-11,82840.83,61558.63,Partial,20
R00005862,L000488,1,2024-06-28,2024-06-27,611216.01,611216.01,Paid On Time,0
R00005863,L000488,2,2024-07-28,2024-07-26,611216.01,611216.01,Paid On Time,0
R00005864,L000488,3,2024-08-28,2024-08-28,611216.01,611216.01,Paid On Time,0
R00005865,L000488,4,2024-09-28,2024-11-02,611216.01,223294.65,Partial,35
R00005866,L000488,5,2024-10-28,2024-10-26,611216.01,611216.01,Paid On Time,0
R00005867,L000488,6,2024-11-28,2024-12-16,611216.01,611216.01,Paid Late,18
R00005868,L000489,1,2025-10-09,2025-10-09,468779.2,468779.2,Paid On Time,0
R00005869,L000489,2,2025-11-09,2025-11-08,468779.2,468779.2,Paid On Time,0
R00005870,L000489,3,2025-12-09,2025-12-07,468779.2,468779.2,Paid On Time,0
R00005871,L000489,4,2026-01-09,2026-01-08,468779.2,468779.2,Paid On Time,0
R00005872,L000489,5,2026-02-09,2026-02-07,468779.2,468779.2,Paid On Time,0
R00005873,L000489,6,2026-03-09,2026-03-27,468779.2,468779.2,Paid Late,18
R00005874,L000490,1,2025-06-12,2025-06-25,85133.1,85133.1,Paid Late,13
R00005875,L000490,2,2025-07-12,2025-07-10,85133.1,85133.1,Paid On Time,0
R00005876,L000490,3,2025-08-12,2025-08-11,85133.1,85133.1,Paid On Time,0
R00005877,L000490,4,2025-09-12,2025-09-11,85133.1,85133.1,Paid On Time,0
R00005878,L000490,5,2025-10-12,2025-10-10,85133.1,85133.1,Paid On Time,0
R00005879,L000490,6,2025-11-12,2025-11-12,85133.1,85133.1,Paid On Time,0
R00005880,L000490,7,2025-12-12,2025-12-10,85133.1,85133.1,Paid On Time,0
R00005881,L000490,8,2026-01-12,2026-01-12,85133.1,85133.1,Paid On Time,0
R00005882,L000490,9,2026-02-12,2026-02-12,85133.1,85133.1,Paid On Time,0
R00005883,L000490,10,2026-03-12,2026-03-12,85133.1,85133.1,Paid On Time,0
R00005884,L000490,11,2026-04-12,2026-04-10,85133.1,85133.1,Paid On Time,0
R00005885,L000490,12,2026-05-12,2026-05-12,85133.1,85133.1,Paid On Time,0
R00005886,L000490,13,2026-06-12,2026-06-17,85133.1,85133.1,Paid Late,5
R00005887,L000490,14,2026-07-12,2026-07-11,85133.1,85133.1,Paid On Time,0
R00005888,L000490,15,2026-08-12,2026-08-12,85133.1,85133.1,Paid On Time,0
R00005889,L000490,16,2026-09-12,2026-09-30,85133.1,37901.49,Partial,18
R00005890,L000491,1,2025-03-25,2025-03-23,208378.79,208378.79,Paid On Time,0
R00005891,L000491,2,2025-04-25,2025-06-14,208378.79,159251.33,Partial,50
R00005892,L000491,3,2025-05-25,2025-06-18,208378.79,208378.79,Paid Late,24
R00005893,L000491,4,2025-06-25,2025-06-25,208378.79,208378.79,Paid On Time,0
R00005894,L000491,5,2025-07-25,2025-08-09,208378.79,208378.79,Paid Late,15
R00005895,L000491,6,2025-08-25,2025-08-25,208378.79,208378.79,Paid On Time,0
R00005896,L000491,7,2025-09-25,2025-10-21,208378.79,208378.79,Paid Late,26
R00005897,L000491,8,2025-10-25,2025-10-23,208378.79,208378.79,Paid On Time,0
R00005898,L000491,9,2025-11-25,2025-12-02,208378.79,208378.79,Paid Late,7
R00005899,L000491,10,2025-12-25,2025-12-23,208378.79,208378.79,Paid On Time,0
R00005900,L000491,11,2026-01-25,,208378.79,0.0,Unpaid,120
R00005901,L000491,12,2026-02-25,2026-02-25,208378.79,208378.79,Paid On Time,0
R00005902,L000492,1,2026-02-02,2026-02-01,43255.44,43255.44,Paid On Time,0
R00005903,L000492,2,2026-03-02,2026-03-02,43255.44,43255.44,Paid On Time,0
R00005904,L000492,3,2026-04-02,2026-04-01,43255.44,43255.44,Paid On Time,0
R00005905,L000492,4,2026-05-02,2026-05-02,43255.44,43255.44,Paid On Time,0
R00005906,L000492,5,2026-06-02,2026-05-31,43255.44,43255.44,Paid On Time,0
R00005907,L000492,6,2026-07-02,2026-06-30,43255.44,43255.44,Paid On Time,0
R00005908,L000492,7,2026-08-02,2026-08-21,43255.44,43255.44,Paid Late,19
R00005909,L000492,8,2026-09-02,2026-09-30,43255.44,33292.93,Partial,45
R00005910,L000493,1,2025-11-28,2025-11-28,853787.15,853787.15,Paid On Time,0
R00005911,L000493,2,2025-12-28,2025-12-26,853787.15,853787.15,Paid On Time,0
R00005912,L000493,3,2026-01-28,2026-01-26,853787.15,853787.15,Paid On Time,0
R00005913,L000493,4,2026-02-28,2026-02-27,853787.15,853787.15,Paid On Time,0
R00005914,L000493,5,2026-03-28,2026-03-26,853787.15,853787.15,Paid On Time,0
R00005915,L000493,6,2026-04-28,2026-04-26,853787.15,853787.15,Paid On Time,0
R00005916,L000493,7,2026-05-28,2026-06-28,853787.15,303013.45,Partial,31
R00005917,L000493,8,2026-06-28,2026-06-26,853787.15,853787.15,Paid On Time,0
R00005918,L000493,9,2026-07-28,2026-07-28,853787.15,853787.15,Paid On Time,0
R00005919,L000493,10,2026-08-28,2026-08-27,853787.15,853787.15,Paid On Time,0
R00005920,L000493,11,2026-09-28,2026-09-27,853787.15,853787.15,Paid On Time,0
R00005921,L000494,1,2024-05-15,2024-05-13,90441.64,90441.64,Paid On Time,0
R00005922,L000494,2,2024-06-15,2024-06-15,90441.64,90441.64,Paid On Time,0
R00005923,L000494,3,2024-07-15,2024-07-13,90441.64,90441.64,Paid On Time,0
R00005924,L000494,4,2024-08-15,2024-08-15,90441.64,90441.64,Paid On Time,0
R00005925,L000494,5,2024-09-15,2024-09-13,90441.64,90441.64,Paid On Time,0
R00005926,L000494,6,2024-10-15,2024-10-15,90441.64,90441.64,Paid On Time,0
R00005927,L000494,7,2024-11-15,2024-12-12,90441.64,90441.64,Paid Late,27
R00005928,L000494,8,2024-12-15,2024-12-14,90441.64,90441.64,Paid On Time,0
R00005929,L000494,9,2025-01-15,2025-01-14,90441.64,90441.64,Paid On Time,0
R00005930,L000494,10,2025-02-15,2025-02-14,90441.64,90441.64,Paid On Time,0
R00005931,L000494,11,2025-03-15,2025-03-14,90441.64,90441.64,Paid On Time,0
R00005932,L000494,12,2025-04-15,2025-04-14,90441.64,90441.64,Paid On Time,0
R00005933,L000494,13,2025-05-15,2025-05-13,90441.64,90441.64,Paid On Time,0
R00005934,L000494,14,2025-06-15,2025-06-14,90441.64,90441.64,Paid On Time,0
R00005935,L000494,15,2025-07-15,2025-07-13,90441.64,90441.64,Paid On Time,0
R00005936,L000494,16,2025-08-15,2025-08-13,90441.64,90441.64,Paid On Time,0
R00005937,L000494,17,2025-09-15,2025-09-14,90441.64,90441.64,Paid On Time,0
R00005938,L000494,18,2025-10-15,2025-10-15,90441.64,90441.64,Paid On Time,0
R00005939,L000494,19,2025-11-15,2025-11-13,90441.64,90441.64,Paid On Time,0
R00005940,L000494,20,2025-12-15,2025-12-15,90441.64,90441.64,Paid On Time,0
R00005941,L000494,21,2026-01-15,2026-02-06,90441.64,90441.64,Paid Late,22
R00005942,L000494,22,2026-02-15,2026-03-08,90441.64,90441.64,Paid Late,21
R00005943,L000494,23,2026-03-15,2026-04-13,90441.64,54439.49,Partial,29
R00005944,L000494,24,2026-04-15,2026-04-15,90441.64,90441.64,Paid On Time,0
R00005945,L000495,1,2025-05-06,2025-05-14,194245.28,194245.28,Paid Late,8
R00005946,L000495,2,2025-06-06,2025-06-04,194245.28,194245.28,Paid On Time,0
R00005947,L000495,3,2025-07-06,2025-07-04,194245.28,194245.28,Paid On Time,0
R00005948,L000495,4,2025-08-06,2025-08-04,194245.28,194245.28,Paid On Time,0
R00005949,L000495,5,2025-09-06,2025-09-04,194245.28,194245.28,Paid On Time,0
R00005950,L000495,6,2025-10-06,2025-10-25,194245.28,130244.03,Partial,19
R00005951,L000495,7,2025-11-06,2025-11-05,194245.28,194245.28,Paid On Time,0
R00005952,L000495,8,2025-12-06,2026-01-01,194245.28,194245.28,Paid Late,26
R00005953,L000495,9,2026-01-06,2026-01-05,194245.28,194245.28,Paid On Time,0
R00005954,L000495,10,2026-02-06,2026-03-25,194245.28,106329.97,Partial,47
R00005955,L000495,11,2026-03-06,2026-04-05,194245.28,194245.28,Paid Late,30
R00005956,L000495,12,2026-04-06,2026-04-19,194245.28,194245.28,Paid Late,13
R00005957,L000495,13,2026-05-06,2026-05-13,194245.28,194245.28,Paid Late,7
R00005958,L000495,14,2026-06-06,2026-06-06,194245.28,194245.28,Paid On Time,0
R00005959,L000495,15,2026-07-06,2026-07-05,194245.28,194245.28,Paid On Time,0
R00005960,L000495,16,2026-08-06,2026-08-05,194245.28,194245.28,Paid On Time,0
R00005961,L000495,17,2026-09-06,2026-09-04,194245.28,194245.28,Paid On Time,0
R00005962,L000496,1,2025-02-16,2025-02-14,189086.78,189086.78,Paid On Time,0
R00005963,L000496,2,2025-03-16,2025-03-16,189086.78,189086.78,Paid On Time,0
R00005964,L000496,3,2025-04-16,2025-04-15,189086.78,189086.78,Paid On Time,0
R00005965,L000496,4,2025-05-16,2025-05-15,189086.78,189086.78,Paid On Time,0
R00005966,L000496,5,2025-06-16,2025-06-14,189086.78,189086.78,Paid On Time,0
R00005967,L000496,6,2025-07-16,2025-07-28,189086.78,189086.78,Paid Late,12
R00005968,L000496,7,2025-08-16,2025-08-14,189086.78,189086.78,Paid On Time,0
R00005969,L000496,8,2025-09-16,2025-09-16,189086.78,189086.78,Paid On Time,0
R00005970,L000496,9,2025-10-16,2025-10-15,189086.78,189086.78,Paid On Time,0
R00005971,L000496,10,2025-11-16,2025-11-29,189086.78,76234.92,Partial,13
R00005972,L000496,11,2025-12-16,2025-12-15,189086.78,189086.78,Paid On Time,0
R00005973,L000496,12,2026-01-16,2026-01-16,189086.78,189086.78,Paid On Time,0
R00005974,L000496,13,2026-02-16,2026-02-15,189086.78,189086.78,Paid On Time,0
R00005975,L000496,14,2026-03-16,2026-03-14,189086.78,189086.78,Paid On Time,0
R00005976,L000496,15,2026-04-16,2026-04-16,189086.78,189086.78,Paid On Time,0
R00005977,L000496,16,2026-05-16,2026-05-14,189086.78,189086.78,Paid On Time,0
R00005978,L000496,17,2026-06-16,2026-06-15,189086.78,189086.78,Paid On Time,0
R00005979,L000496,18,2026-07-16,2026-07-16,189086.78,189086.78,Paid On Time,0
R00005980,L000497,1,2024-11-28,2024-11-28,20870.2,20870.2,Paid On Time,0
R00005981,L000497,2,2024-12-28,2024-12-28,20870.2,20870.2,Paid On Time,0
R00005982,L000497,3,2025-01-28,2025-01-27,20870.2,20870.2,Paid On Time,0
R00005983,L000497,4,2025-02-28,2025-03-11,20870.2,20870.2,Paid Late,11
R00005984,L000497,5,2025-03-28,2025-05-25,20870.2,13858.58,Partial,58
R00005985,L000497,6,2025-04-28,2025-04-27,20870.2,20870.2,Paid On Time,0
R00005986,L000497,7,2025-05-28,2025-05-28,20870.2,20870.2,Paid On Time,0
R00005987,L000497,8,2025-06-28,2025-06-27,20870.2,20870.2,Paid On Time,0
R00005988,L000497,9,2025-07-28,2025-08-27,20870.2,20870.2,Paid Late,30
R00005989,L000497,10,2025-08-28,2025-08-26,20870.2,20870.2,Paid On Time,0
R00005990,L000497,11,2025-09-28,2025-10-23,20870.2,20870.2,Paid Late,25
R00005991,L000497,12,2025-10-28,2025-11-24,20870.2,20870.2,Paid Late,27
R00005992,L000497,13,2025-11-28,2025-11-27,20870.2,20870.2,Paid On Time,0
R00005993,L000497,14,2025-12-28,2025-12-28,20870.2,20870.2,Paid On Time,0
R00005994,L000497,15,2026-01-28,2026-01-26,20870.2,20870.2,Paid On Time,0
R00005995,L000497,16,2026-02-28,2026-02-27,20870.2,20870.2,Paid On Time,0
R00005996,L000497,17,2026-03-28,2026-03-26,20870.2,20870.2,Paid On Time,0
R00005997,L000497,18,2026-04-28,2026-05-22,20870.2,20870.2,Paid Late,24
R00005998,L000497,19,2026-05-28,2026-05-27,20870.2,20870.2,Paid On Time,0
R00005999,L000497,20,2026-06-28,2026-06-26,20870.2,20870.2,Paid On Time,0
R00006000,L000497,21,2026-07-28,2026-07-26,20870.2,20870.2,Paid On Time,0
R00006001,L000497,22,2026-08-28,2026-08-26,20870.2,20870.2,Paid On Time,0
R00006002,L000497,23,2026-09-28,2026-09-26,20870.2,20870.2,Paid On Time,0
R00006003,L000498,1,2026-06-28,2026-06-26,541011.4,541011.4,Paid On Time,0
R00006004,L000498,2,2026-07-28,2026-08-26,541011.4,541011.4,Paid Late,29
R00006005,L000498,3,2026-08-28,2026-08-26,541011.4,541011.4,Paid On Time,0
R00006006,L000498,4,2026-09-28,2026-09-28,541011.4,541011.4,Paid On Time,0
R00006007,L000499,1,2025-03-26,2025-03-24,156717.4,156717.4,Paid On Time,0
R00006008,L000499,2,2025-04-26,2025-04-25,156717.4,156717.4,Paid On Time,0
R00006009,L000499,3,2025-05-26,2025-05-25,156717.4,156717.4,Paid On Time,0
R00006010,L000499,4,2025-06-26,2025-06-26,156717.4,156717.4,Paid On Time,0
R00006011,L000499,5,2025-07-26,2025-07-24,156717.4,156717.4,Paid On Time,0
R00006012,L000499,6,2025-08-26,2025-08-25,156717.4,156717.4,Paid On Time,0
R00006013,L000499,7,2025-09-26,2025-09-25,156717.4,156717.4,Paid On Time,0
R00006014,L000499,8,2025-10-26,2025-11-20,156717.4,156717.4,Paid Late,25
R00006015,L000499,9,2025-11-26,2025-11-26,156717.4,156717.4,Paid On Time,0
R00006016,L000499,10,2025-12-26,2025-12-26,156717.4,156717.4,Paid On Time,0
R00006017,L000499,11,2026-01-26,2026-01-26,156717.4,156717.4,Paid On Time,0
R00006018,L000499,12,2026-02-26,2026-02-25,156717.4,156717.4,Paid On Time,0
R00006019,L000499,13,2026-03-26,2026-03-26,156717.4,156717.4,Paid On Time,0
R00006020,L000499,14,2026-04-26,2026-04-24,156717.4,156717.4,Paid On Time,0
R00006021,L000499,15,2026-05-26,2026-06-16,156717.4,156717.4,Paid Late,21
R00006022,L000499,16,2026-06-26,2026-06-28,156717.4,156717.4,Paid Late,2
R00006023,L000499,17,2026-07-26,2026-07-24,156717.4,156717.4,Paid On Time,0
R00006024,L000499,18,2026-08-26,2026-08-26,156717.4,156717.4,Paid On Time,0
R00006025,L000499,19,2026-09-26,2026-10-11,156717.4,156717.4,Paid Late,15
R00006026,L000500,1,2026-01-09,2026-01-08,534295.52,534295.52,Paid On Time,0
R00006027,L000500,2,2026-02-09,2026-02-07,534295.52,534295.52,Paid On Time,0
R00006028,L000500,3,2026-03-09,2026-03-09,534295.52,534295.52,Paid On Time,0
R00006029,L000500,4,2026-04-09,2026-04-08,534295.52,534295.52,Paid On Time,0
R00006030,L000500,5,2026-05-09,2026-05-07,534295.52,534295.52,Paid On Time,0
R00006031,L000500,6,2026-06-09,2026-06-08,534295.52,534295.52,Paid On Time,0
R00006032,L000500,7,2026-07-09,2026-07-09,534295.52,534295.52,Paid On Time,0
R00006033,L000500,8,2026-08-09,2026-08-08,534295.52,534295.52,Paid On Time,0
R00006034,L000500,9,2026-09-09,2026-09-08,534295.52,534295.52,Paid On Time,0
R00006035,L000501,1,2026-02-28,2026-02-26,30691.18,30691.18,Paid On Time,0
R00006036,L000501,2,2026-03-28,2026-03-28,30691.18,30691.18,Paid On Time,0
R00006037,L000501,3,2026-04-28,2026-05-14,30691.18,30691.18,Paid Late,16
R00006038,L000501,4,2026-05-28,,30691.18,0.0,Unpaid,90
R00006039,L000501,5,2026-06-28,2026-06-26,30691.18,30691.18,Paid On Time,0
R00006040,L000501,6,2026-07-28,2026-08-27,30691.18,30691.18,Paid Late,30
R00006041,L000501,7,2026-08-28,2026-09-12,30691.18,30691.18,Paid Late,15
R00006042,L000501,8,2026-09-28,2026-09-26,30691.18,30691.18,Paid On Time,0
R00006043,L000502,1,2024-09-16,2024-09-14,140343.36,140343.36,Paid On Time,0
R00006044,L000502,2,2024-10-16,2024-12-04,140343.36,86304.52,Partial,49
R00006045,L000502,3,2024-11-16,2024-11-14,140343.36,140343.36,Paid On Time,0
R00006046,L000502,4,2024-12-16,2024-12-14,140343.36,140343.36,Paid On Time,0
R00006047,L000502,5,2025-01-16,2025-01-14,140343.36,140343.36,Paid On Time,0
R00006048,L000502,6,2025-02-16,2025-02-16,140343.36,140343.36,Paid On Time,0
R00006049,L000502,7,2025-03-16,2025-03-15,140343.36,140343.36,Paid On Time,0
R00006050,L000502,8,2025-04-16,2025-04-15,140343.36,140343.36,Paid On Time,0
R00006051,L000502,9,2025-05-16,2025-05-15,140343.36,140343.36,Paid On Time,0
R00006052,L000502,10,2025-06-16,2025-06-15,140343.36,140343.36,Paid On Time,0
R00006053,L000502,11,2025-07-16,2025-07-16,140343.36,140343.36,Paid On Time,0
R00006054,L000502,12,2025-08-16,2025-08-14,140343.36,140343.36,Paid On Time,0
R00006055,L000502,13,2025-09-16,2025-09-14,140343.36,140343.36,Paid On Time,0
R00006056,L000502,14,2025-10-16,2025-10-14,140343.36,140343.36,Paid On Time,0
R00006057,L000502,15,2025-11-16,2025-11-15,140343.36,140343.36,Paid On Time,0
R00006058,L000502,16,2025-12-16,2025-12-15,140343.36,140343.36,Paid On Time,0
R00006059,L000502,17,2026-01-16,2026-01-14,140343.36,140343.36,Paid On Time,0
R00006060,L000502,18,2026-02-16,2026-02-14,140343.36,140343.36,Paid On Time,0
R00006061,L000502,19,2026-03-16,2026-03-15,140343.36,140343.36,Paid On Time,0
R00006062,L000502,20,2026-04-16,2026-04-29,140343.36,140343.36,Paid Late,13
R00006063,L000502,21,2026-05-16,2026-05-15,140343.36,140343.36,Paid On Time,0
R00006064,L000502,22,2026-06-16,2026-06-15,140343.36,140343.36,Paid On Time,0
R00006065,L000502,23,2026-07-16,2026-07-15,140343.36,140343.36,Paid On Time,0
R00006066,L000502,24,2026-08-16,2026-08-15,140343.36,140343.36,Paid On Time,0
R00006067,L000503,1,2024-11-08,2024-11-07,83917.53,83917.53,Paid On Time,0
R00006068,L000503,2,2024-12-08,2024-12-15,83917.53,83917.53,Paid Late,7
R00006069,L000503,3,2025-01-08,2025-01-08,83917.53,83917.53,Paid On Time,0
R00006070,L000503,4,2025-02-08,2025-02-08,83917.53,83917.53,Paid On Time,0
R00006071,L000503,5,2025-03-08,2025-03-06,83917.53,83917.53,Paid On Time,0
R00006072,L000503,6,2025-04-08,,83917.53,0.0,Unpaid,30
R00006073,L000503,7,2025-05-08,2025-05-07,83917.53,83917.53,Paid On Time,0
R00006074,L000503,8,2025-06-08,2025-06-20,83917.53,83917.53,Paid Late,12
R00006075,L000503,9,2025-07-08,2025-07-07,83917.53,83917.53,Paid On Time,0
R00006076,L000503,10,2025-08-08,,83917.53,0.0,Unpaid,60
R00006077,L000503,11,2025-09-08,2025-09-07,83917.53,83917.53,Paid On Time,0
R00006078,L000503,12,2025-10-08,2025-10-06,83917.53,83917.53,Paid On Time,0
R00006079,L000503,13,2025-11-08,2025-11-07,83917.53,83917.53,Paid On Time,0
R00006080,L000503,14,2025-12-08,2025-12-07,83917.53,83917.53,Paid On Time,0
R00006081,L000503,15,2026-01-08,2026-01-08,83917.53,83917.53,Paid On Time,0
R00006082,L000503,16,2026-02-08,2026-02-06,83917.53,83917.53,Paid On Time,0
R00006083,L000503,17,2026-03-08,2026-03-07,83917.53,83917.53,Paid On Time,0
R00006084,L000503,18,2026-04-08,2026-04-08,83917.53,83917.53,Paid On Time,0
R00006085,L000504,1,2026-01-28,2026-01-26,2096665.38,2096665.38,Paid On Time,0
R00006086,L000504,2,2026-02-28,2026-02-26,2096665.38,2096665.38,Paid On Time,0
R00006087,L000504,3,2026-03-28,2026-03-27,2096665.38,2096665.38,Paid On Time,0
R00006088,L000504,4,2026-04-28,2026-04-28,2096665.38,2096665.38,Paid On Time,0
R00006089,L000504,5,2026-05-28,2026-05-28,2096665.38,2096665.38,Paid On Time,0
R00006090,L000504,6,2026-06-28,2026-06-26,2096665.38,2096665.38,Paid On Time,0
R00006091,L000504,7,2026-07-28,2026-07-28,2096665.38,2096665.38,Paid On Time,0
R00006092,L000504,8,2026-08-28,2026-08-27,2096665.38,2096665.38,Paid On Time,0
R00006093,L000504,9,2026-09-28,2026-09-26,2096665.38,2096665.38,Paid On Time,0
R00006094,L000505,1,2024-06-21,2024-06-20,50050.81,50050.81,Paid On Time,0
R00006095,L000505,2,2024-07-21,2024-07-21,50050.81,50050.81,Paid On Time,0
R00006096,L000505,3,2024-08-21,,50050.81,0.0,Unpaid,90
R00006097,L000505,4,2024-09-21,2024-09-28,50050.81,50050.81,Paid Late,7
R00006098,L000505,5,2024-10-21,2024-10-21,50050.81,50050.81,Paid On Time,0
R00006099,L000505,6,2024-11-21,2024-11-21,50050.81,50050.81,Paid On Time,0
R00006100,L000505,7,2024-12-21,2024-12-20,50050.81,50050.81,Paid On Time,0
R00006101,L000505,8,2025-01-21,2025-02-08,50050.81,50050.81,Paid Late,18
R00006102,L000505,9,2025-02-21,2025-02-20,50050.81,50050.81,Paid On Time,0
R00006103,L000505,10,2025-03-21,2025-03-19,50050.81,50050.81,Paid On Time,0
R00006104,L000505,11,2025-04-21,,50050.81,0.0,Unpaid,120
R00006105,L000505,12,2025-05-21,2025-05-21,50050.81,50050.81,Paid On Time,0
R00006106,L000505,13,2025-06-21,2025-06-19,50050.81,50050.81,Paid On Time,0
R00006107,L000505,14,2025-07-21,2025-08-05,50050.81,50050.81,Paid Late,15
R00006108,L000505,15,2025-08-21,2025-08-21,50050.81,50050.81,Paid On Time,0
R00006109,L000505,16,2025-09-21,2025-09-20,50050.81,50050.81,Paid On Time,0
R00006110,L000505,17,2025-10-21,2025-10-20,50050.81,50050.81,Paid On Time,0
R00006111,L000505,18,2025-11-21,2025-11-20,50050.81,50050.81,Paid On Time,0
R00006112,L000505,19,2025-12-21,2025-12-21,50050.81,50050.81,Paid On Time,0
R00006113,L000505,20,2026-01-21,2026-02-24,50050.81,31583.82,Partial,34
R00006114,L000505,21,2026-02-21,2026-02-20,50050.81,50050.81,Paid On Time,0
R00006115,L000505,22,2026-03-21,2026-04-12,50050.81,50050.81,Paid Late,22
R00006116,L000505,23,2026-04-21,2026-04-20,50050.81,50050.81,Paid On Time,0
R00006117,L000505,24,2026-05-21,2026-05-19,50050.81,50050.81,Paid On Time,0
R00006118,L000505,25,2026-06-21,2026-06-21,50050.81,50050.81,Paid On Time,0
R00006119,L000505,26,2026-07-21,2026-07-19,50050.81,50050.81,Paid On Time,0
R00006120,L000505,27,2026-08-21,2026-08-20,50050.81,50050.81,Paid On Time,0
R00006121,L000505,28,2026-09-21,2026-09-21,50050.81,50050.81,Paid On Time,0
R00006122,L000506,1,2025-04-09,2025-04-08,915975.75,915975.75,Paid On Time,0
R00006123,L000506,2,2025-05-09,,915975.75,0.0,Unpaid,120
R00006124,L000506,3,2025-06-09,2025-07-04,915975.75,406362.3,Partial,25
R00006125,L000506,4,2025-07-09,,915975.75,0.0,Unpaid,90
R00006126,L000506,5,2025-08-09,2025-08-07,915975.75,915975.75,Paid On Time,0
R00006127,L000506,6,2025-09-09,2025-09-08,915975.75,915975.75,Paid On Time,0
R00006128,L000506,7,2025-10-09,2025-10-11,915975.75,915975.75,Paid Late,2
R00006129,L000506,8,2025-11-09,2025-11-07,915975.75,915975.75,Paid On Time,0
R00006130,L000506,9,2025-12-09,2025-12-20,915975.75,604261.87,Partial,11
R00006131,L000506,10,2026-01-09,,915975.75,0.0,Unpaid,90
R00006132,L000506,11,2026-02-09,2026-02-07,915975.75,915975.75,Paid On Time,0
R00006133,L000506,12,2026-03-09,2026-03-09,915975.75,915975.75,Paid On Time,0
R00006134,L000507,1,2025-06-13,2025-06-13,90479.34,90479.34,Paid On Time,0
R00006135,L000507,2,2025-07-13,2025-07-13,90479.34,90479.34,Paid On Time,0
R00006136,L000507,3,2025-08-13,2025-08-13,90479.34,90479.34,Paid On Time,0
R00006137,L000507,4,2025-09-13,2025-09-11,90479.34,90479.34,Paid On Time,0
R00006138,L000507,5,2025-10-13,,90479.34,0.0,Unpaid,90
R00006139,L000507,6,2025-11-13,2025-11-12,90479.34,90479.34,Paid On Time,0
R00006140,L000507,7,2025-12-13,2025-12-11,90479.34,90479.34,Paid On Time,0
R00006141,L000507,8,2026-01-13,2026-02-21,90479.34,56075.47,Partial,39
R00006142,L000507,9,2026-02-13,2026-02-12,90479.34,90479.34,Paid On Time,0
R00006143,L000507,10,2026-03-13,2026-03-12,90479.34,90479.34,Paid On Time,0
R00006144,L000507,11,2026-04-13,2026-04-12,90479.34,90479.34,Paid On Time,0
R00006145,L000507,12,2026-05-13,2026-05-13,90479.34,90479.34,Paid On Time,0
R00006146,L000507,13,2026-06-13,2026-06-11,90479.34,90479.34,Paid On Time,0
R00006147,L000507,14,2026-07-13,2026-07-12,90479.34,90479.34,Paid On Time,0
R00006148,L000507,15,2026-08-13,2026-08-11,90479.34,90479.34,Paid On Time,0
R00006149,L000507,16,2026-09-13,2026-10-11,90479.34,90479.34,Paid Late,28
R00006150,L000508,1,2025-10-19,2025-10-19,388545.23,388545.23,Paid On Time,0
R00006151,L000508,2,2025-11-19,,388545.23,0.0,Unpaid,30
R00006152,L000508,3,2025-12-19,2025-12-17,388545.23,388545.23,Paid On Time,0
R00006153,L000508,4,2026-01-19,2026-01-18,388545.23,388545.23,Paid On Time,0
R00006154,L000508,5,2026-02-19,2026-02-18,388545.23,388545.23,Paid On Time,0
R00006155,L000508,6,2026-03-19,2026-03-17,388545.23,388545.23,Paid On Time,0
R00006156,L000508,7,2026-04-19,2026-04-24,388545.23,388545.23,Paid Late,5
R00006157,L000508,8,2026-05-19,2026-05-18,388545.23,388545.23,Paid On Time,0
R00006158,L000508,9,2026-06-19,2026-06-18,388545.23,388545.23,Paid On Time,0
R00006159,L000508,10,2026-07-19,2026-07-17,388545.23,388545.23,Paid On Time,0
R00006160,L000508,11,2026-08-19,2026-08-19,388545.23,388545.23,Paid On Time,0
R00006161,L000508,12,2026-09-19,,388545.23,0.0,Unpaid,11
R00006162,L000509,1,2025-03-22,2025-03-20,1052529.63,1052529.63,Paid On Time,0
R00006163,L000509,2,2025-04-22,2025-04-21,1052529.63,1052529.63,Paid On Time,0
R00006164,L000509,3,2025-05-22,2025-06-14,1052529.63,734785.7,Partial,23
R00006165,L000509,4,2025-06-22,,1052529.63,0.0,Unpaid,60
R00006166,L000509,5,2025-07-22,2025-07-21,1052529.63,1052529.63,Paid On Time,0
R00006167,L000509,6,2025-08-22,2025-08-21,1052529.63,1052529.63,Paid On Time,0
R00006168,L000509,7,2025-09-22,2025-09-21,1052529.63,1052529.63,Paid On Time,0
R00006169,L000509,8,2025-10-22,2025-10-21,1052529.63,1052529.63,Paid On Time,0
R00006170,L000509,9,2025-11-22,2026-01-04,1052529.63,469875.9,Partial,43
R00006171,L000509,10,2025-12-22,2025-12-20,1052529.63,1052529.63,Paid On Time,0
R00006172,L000509,11,2026-01-22,2026-01-31,1052529.63,1052529.63,Paid Late,9
R00006173,L000509,12,2026-02-22,2026-03-13,1052529.63,1052529.63,Paid Late,19
R00006174,L000509,13,2026-03-22,2026-03-31,1052529.63,1052529.63,Paid Late,9
R00006175,L000509,14,2026-04-22,2026-04-20,1052529.63,1052529.63,Paid On Time,0
R00006176,L000509,15,2026-05-22,2026-05-20,1052529.63,1052529.63,Paid On Time,0
R00006177,L000509,16,2026-06-22,2026-06-20,1052529.63,1052529.63,Paid On Time,0
R00006178,L000509,17,2026-07-22,,1052529.63,0.0,Unpaid,60
R00006179,L000509,18,2026-08-22,2026-08-20,1052529.63,1052529.63,Paid On Time,0
R00006180,L000510,1,2024-10-10,2024-10-23,263510.58,263510.58,Paid Late,13
R00006181,L000510,2,2024-11-10,2024-11-08,263510.58,263510.58,Paid On Time,0
R00006182,L000510,3,2024-12-10,2024-12-10,263510.58,263510.58,Paid On Time,0
R00006183,L000510,4,2025-01-10,2025-01-08,263510.58,263510.58,Paid On Time,0
R00006184,L000510,5,2025-02-10,2025-02-08,263510.58,263510.58,Paid On Time,0
R00006185,L000510,6,2025-03-10,2025-03-10,263510.58,263510.58,Paid On Time,0
R00006186,L000510,7,2025-04-10,2025-04-27,263510.58,120674.48,Partial,17
R00006187,L000510,8,2025-05-10,2025-05-08,263510.58,263510.58,Paid On Time,0
R00006188,L000510,9,2025-06-10,2025-06-08,263510.58,263510.58,Paid On Time,0
R00006189,L000510,10,2025-07-10,2025-07-13,263510.58,263510.58,Paid Late,3
R00006190,L000510,11,2025-08-10,2025-08-22,263510.58,263510.58,Paid Late,12
R00006191,L000510,12,2025-09-10,2025-09-09,263510.58,263510.58,Paid On Time,0
R00006192,L000510,13,2025-10-10,2025-10-10,263510.58,263510.58,Paid On Time,0
R00006193,L000510,14,2025-11-10,2025-11-10,263510.58,263510.58,Paid On Time,0
R00006194,L000510,15,2025-12-10,2025-12-09,263510.58,263510.58,Paid On Time,0
R00006195,L000510,16,2026-01-10,,263510.58,0.0,Unpaid,120
R00006196,L000510,17,2026-02-10,2026-03-07,263510.58,263510.58,Paid Late,25
R00006197,L000510,18,2026-03-10,2026-03-10,263510.58,263510.58,Paid On Time,0
R00006198,L000511,1,2025-10-25,2025-11-01,108074.98,108074.98,Paid Late,7
R00006199,L000511,2,2025-11-25,2025-11-24,108074.98,108074.98,Paid On Time,0
R00006200,L000511,3,2025-12-25,2025-12-24,108074.98,108074.98,Paid On Time,0
R00006201,L000511,4,2026-01-25,2026-01-23,108074.98,108074.98,Paid On Time,0
R00006202,L000511,5,2026-02-25,2026-02-24,108074.98,108074.98,Paid On Time,0
R00006203,L000511,6,2026-03-25,2026-04-22,108074.98,108074.98,Paid Late,28
R00006204,L000511,7,2026-04-25,2026-04-23,108074.98,108074.98,Paid On Time,0
R00006205,L000511,8,2026-05-25,2026-05-25,108074.98,108074.98,Paid On Time,0
R00006206,L000511,9,2026-06-25,2026-06-25,108074.98,108074.98,Paid On Time,0
R00006207,L000511,10,2026-07-25,2026-08-20,108074.98,108074.98,Paid Late,26
R00006208,L000511,11,2026-08-25,2026-08-25,108074.98,108074.98,Paid On Time,0
R00006209,L000511,12,2026-09-25,2026-09-24,108074.98,108074.98,Paid On Time,0
R00006210,L000512,1,2024-07-19,2024-07-17,110832.92,110832.92,Paid On Time,0
R00006211,L000512,2,2024-08-19,2024-08-18,110832.92,110832.92,Paid On Time,0
R00006212,L000512,3,2024-09-19,2024-10-21,110832.92,67796.68,Partial,32
R00006213,L000512,4,2024-10-19,2024-10-18,110832.92,110832.92,Paid On Time,0
R00006214,L000512,5,2024-11-19,2025-01-14,110832.92,75379.66,Partial,56
R00006215,L000512,6,2024-12-19,2024-12-18,110832.92,110832.92,Paid On Time,0
R00006216,L000512,7,2025-01-19,2025-01-27,110832.92,110832.92,Paid Late,8
R00006217,L000512,8,2025-02-19,2025-02-19,110832.92,110832.92,Paid On Time,0
R00006218,L000512,9,2025-03-19,2025-03-18,110832.92,110832.92,Paid On Time,0
R00006219,L000512,10,2025-04-19,2025-04-17,110832.92,110832.92,Paid On Time,0
R00006220,L000512,11,2025-05-19,,110832.92,0.0,Unpaid,60
R00006221,L000512,12,2025-06-19,2025-06-17,110832.92,110832.92,Paid On Time,0
R00006222,L000512,13,2025-07-19,2025-09-14,110832.92,68323.31,Partial,57
R00006223,L000512,14,2025-08-19,2025-10-18,110832.92,72452.05,Partial,60
R00006224,L000512,15,2025-09-19,2025-09-17,110832.92,110832.92,Paid On Time,0
R00006225,L000512,16,2025-10-19,2025-10-17,110832.92,110832.92,Paid On Time,0
R00006226,L000512,17,2025-11-19,2025-12-02,110832.92,110832.92,Paid Late,13
R00006227,L000512,18,2025-12-19,2025-12-17,110832.92,110832.92,Paid On Time,0
R00006228,L000513,1,2024-04-04,2024-04-08,75267.94,75267.94,Paid Late,4
R00006229,L000513,2,2024-05-04,2024-05-02,75267.94,75267.94,Paid On Time,0
R00006230,L000513,3,2024-06-04,2024-06-19,75267.94,75267.94,Paid Late,15
R00006231,L000513,4,2024-07-04,2024-07-03,75267.94,75267.94,Paid On Time,0
R00006232,L000513,5,2024-08-04,2024-08-02,75267.94,75267.94,Paid On Time,0
R00006233,L000513,6,2024-09-04,2024-09-02,75267.94,75267.94,Paid On Time,0
R00006234,L000513,7,2024-10-04,2024-10-16,75267.94,75267.94,Paid Late,12
R00006235,L000513,8,2024-11-04,2024-11-03,75267.94,75267.94,Paid On Time,0
R00006236,L000513,9,2024-12-04,2024-12-03,75267.94,75267.94,Paid On Time,0
R00006237,L000513,10,2025-01-04,2025-01-04,75267.94,75267.94,Paid On Time,0
R00006238,L000513,11,2025-02-04,2025-02-27,75267.94,75267.94,Paid Late,23
R00006239,L000513,12,2025-03-04,2025-03-03,75267.94,75267.94,Paid On Time,0
R00006240,L000514,1,2024-05-04,2024-05-02,92596.31,92596.31,Paid On Time,0
R00006241,L000514,2,2024-06-04,2024-06-04,92596.31,92596.31,Paid On Time,0
R00006242,L000514,3,2024-07-04,2024-07-03,92596.31,92596.31,Paid On Time,0
R00006243,L000514,4,2024-08-04,2024-08-03,92596.31,92596.31,Paid On Time,0
R00006244,L000514,5,2024-09-04,2024-09-03,92596.31,92596.31,Paid On Time,0
R00006245,L000514,6,2024-10-04,2024-10-03,92596.31,92596.31,Paid On Time,0
R00006246,L000514,7,2024-11-04,2024-11-03,92596.31,92596.31,Paid On Time,0
R00006247,L000514,8,2024-12-04,2024-12-03,92596.31,92596.31,Paid On Time,0
R00006248,L000514,9,2025-01-04,2025-01-03,92596.31,92596.31,Paid On Time,0
R00006249,L000514,10,2025-02-04,2025-02-13,92596.31,92596.31,Paid Late,9
R00006250,L000514,11,2025-03-04,2025-03-02,92596.31,92596.31,Paid On Time,0
R00006251,L000514,12,2025-04-04,2025-04-23,92596.31,92596.31,Paid Late,19
R00006252,L000515,1,2024-08-16,2024-08-16,151087.3,151087.3,Paid On Time,0
R00006253,L000515,2,2024-09-16,2024-09-15,151087.3,151087.3,Paid On Time,0
R00006254,L000515,3,2024-10-16,2024-10-14,151087.3,151087.3,Paid On Time,0
R00006255,L000515,4,2024-11-16,2024-12-10,151087.3,151087.3,Paid Late,24
R00006256,L000515,5,2024-12-16,2024-12-16,151087.3,151087.3,Paid On Time,0
R00006257,L000515,6,2025-01-16,2025-01-16,151087.3,151087.3,Paid On Time,0
R00006258,L000515,7,2025-02-16,,151087.3,0.0,Unpaid,60
R00006259,L000515,8,2025-03-16,2025-03-14,151087.3,151087.3,Paid On Time,0
R00006260,L000515,9,2025-04-16,2025-04-16,151087.3,151087.3,Paid On Time,0
R00006261,L000515,10,2025-05-16,2025-05-16,151087.3,151087.3,Paid On Time,0
R00006262,L000515,11,2025-06-16,2025-06-14,151087.3,151087.3,Paid On Time,0
R00006263,L000515,12,2025-07-16,2025-07-16,151087.3,151087.3,Paid On Time,0
R00006264,L000515,13,2025-08-16,2025-08-14,151087.3,151087.3,Paid On Time,0
R00006265,L000515,14,2025-09-16,2025-09-14,151087.3,151087.3,Paid On Time,0
R00006266,L000515,15,2025-10-16,2025-10-16,151087.3,151087.3,Paid On Time,0
R00006267,L000515,16,2025-11-16,2025-11-16,151087.3,151087.3,Paid On Time,0
R00006268,L000515,17,2025-12-16,2025-12-16,151087.3,151087.3,Paid On Time,0
R00006269,L000515,18,2026-01-16,2026-01-16,151087.3,151087.3,Paid On Time,0
R00006270,L000516,1,2025-01-25,2025-01-25,133498.5,133498.5,Paid On Time,0
R00006271,L000516,2,2025-02-25,2025-03-05,133498.5,133498.5,Paid Late,8
R00006272,L000516,3,2025-03-25,2025-03-25,133498.5,133498.5,Paid On Time,0
R00006273,L000516,4,2025-04-25,2025-04-23,133498.5,133498.5,Paid On Time,0
R00006274,L000516,5,2025-05-25,2025-05-23,133498.5,133498.5,Paid On Time,0
R00006275,L000516,6,2025-06-25,2025-06-24,133498.5,133498.5,Paid On Time,0
R00006276,L000516,7,2025-07-25,2025-07-23,133498.5,133498.5,Paid On Time,0
R00006277,L000516,8,2025-08-25,2025-08-23,133498.5,133498.5,Paid On Time,0
R00006278,L000516,9,2025-09-25,2025-09-23,133498.5,133498.5,Paid On Time,0
R00006279,L000516,10,2025-10-25,2025-10-23,133498.5,133498.5,Paid On Time,0
R00006280,L000516,11,2025-11-25,2025-11-23,133498.5,133498.5,Paid On Time,0
R00006281,L000516,12,2025-12-25,2025-12-25,133498.5,133498.5,Paid On Time,0
R00006282,L000516,13,2026-01-25,2026-02-15,133498.5,133498.5,Paid Late,21
R00006283,L000516,14,2026-02-25,2026-02-24,133498.5,133498.5,Paid On Time,0
R00006284,L000516,15,2026-03-25,2026-03-23,133498.5,133498.5,Paid On Time,0
R00006285,L000516,16,2026-04-25,2026-04-23,133498.5,133498.5,Paid On Time,0
R00006286,L000516,17,2026-05-25,2026-05-23,133498.5,133498.5,Paid On Time,0
R00006287,L000516,18,2026-06-25,2026-06-23,133498.5,133498.5,Paid On Time,0
R00006288,L000516,19,2026-07-25,2026-07-23,133498.5,133498.5,Paid On Time,0
R00006289,L000516,20,2026-08-25,2026-08-25,133498.5,133498.5,Paid On Time,0
R00006290,L000516,21,2026-09-25,2026-09-25,133498.5,133498.5,Paid On Time,0
R00006291,L000517,1,2024-10-04,2024-10-22,370269.98,370269.98,Paid Late,18
R00006292,L000517,2,2024-11-04,2024-11-04,370269.98,370269.98,Paid On Time,0
R00006293,L000517,3,2024-12-04,2024-12-29,370269.98,370269.98,Paid Late,25
R00006294,L000517,4,2025-01-04,2025-01-04,370269.98,370269.98,Paid On Time,0
R00006295,L000517,5,2025-02-04,2025-02-23,370269.98,370269.98,Paid Late,19
R00006296,L000517,6,2025-03-04,2025-03-02,370269.98,370269.98,Paid On Time,0
R00006297,L000517,7,2025-04-04,2025-04-02,370269.98,370269.98,Paid On Time,0
R00006298,L000517,8,2025-05-04,2025-05-04,370269.98,370269.98,Paid On Time,0
R00006299,L000517,9,2025-06-04,2025-06-03,370269.98,370269.98,Paid On Time,0
R00006300,L000517,10,2025-07-04,2025-07-02,370269.98,370269.98,Paid On Time,0
R00006301,L000517,11,2025-08-04,2025-08-03,370269.98,370269.98,Paid On Time,0
R00006302,L000517,12,2025-09-04,2025-09-03,370269.98,370269.98,Paid On Time,0
R00006303,L000518,1,2026-08-09,2026-08-09,103110.41,103110.41,Paid On Time,0
R00006304,L000518,2,2026-09-09,2026-09-08,103110.41,103110.41,Paid On Time,0
R00006305,L000519,1,2026-02-27,2026-02-27,45480.11,45480.11,Paid On Time,0
R00006306,L000519,2,2026-03-27,2026-03-26,45480.11,45480.11,Paid On Time,0
R00006307,L000519,3,2026-04-27,2026-04-25,45480.11,45480.11,Paid On Time,0
R00006308,L000519,4,2026-05-27,2026-05-25,45480.11,45480.11,Paid On Time,0
R00006309,L000519,5,2026-06-27,2026-06-25,45480.11,45480.11,Paid On Time,0
R00006310,L000519,6,2026-07-27,2026-07-26,45480.11,45480.11,Paid On Time,0
R00006311,L000519,7,2026-08-27,2026-08-27,45480.11,45480.11,Paid On Time,0
R00006312,L000519,8,2026-09-27,2026-09-28,45480.11,45480.11,Paid Late,1
R00006313,L000520,1,2025-03-10,2025-03-10,88229.84,88229.84,Paid On Time,0
R00006314,L000520,2,2025-04-10,2025-04-09,88229.84,88229.84,Paid On Time,0
R00006315,L000520,3,2025-05-10,2025-05-08,88229.84,88229.84,Paid On Time,0
R00006316,L000520,4,2025-06-10,2025-06-10,88229.84,88229.84,Paid On Time,0
R00006317,L000520,5,2025-07-10,2025-07-08,88229.84,88229.84,Paid On Time,0
R00006318,L000520,6,2025-08-10,,88229.84,0.0,Unpaid,60
R00006319,L000520,7,2025-09-10,2025-09-10,88229.84,88229.84,Paid On Time,0
R00006320,L000520,8,2025-10-10,2025-10-10,88229.84,88229.84,Paid On Time,0
R00006321,L000520,9,2025-11-10,2025-11-08,88229.84,88229.84,Paid On Time,0
R00006322,L000520,10,2025-12-10,2025-12-10,88229.84,88229.84,Paid On Time,0
R00006323,L000520,11,2026-01-10,2026-01-09,88229.84,88229.84,Paid On Time,0
R00006324,L000520,12,2026-02-10,2026-02-09,88229.84,88229.84,Paid On Time,0
R00006325,L000520,13,2026-03-10,2026-03-25,88229.84,88229.84,Paid Late,15
R00006326,L000520,14,2026-04-10,2026-04-09,88229.84,88229.84,Paid On Time,0
R00006327,L000520,15,2026-05-10,2026-05-08,88229.84,88229.84,Paid On Time,0
R00006328,L000520,16,2026-06-10,2026-06-08,88229.84,88229.84,Paid On Time,0
R00006329,L000520,17,2026-07-10,2026-07-10,88229.84,88229.84,Paid On Time,0
R00006330,L000520,18,2026-08-10,2026-08-08,88229.84,88229.84,Paid On Time,0
R00006331,L000521,1,2025-01-13,2025-02-13,225622.15,143786.2,Partial,31
R00006332,L000521,2,2025-02-13,2025-02-13,225622.15,225622.15,Paid On Time,0
R00006333,L000521,3,2025-03-13,2025-03-11,225622.15,225622.15,Paid On Time,0
R00006334,L000521,4,2025-04-13,2025-04-11,225622.15,225622.15,Paid On Time,0
R00006335,L000521,5,2025-05-13,2025-05-12,225622.15,225622.15,Paid On Time,0
R00006336,L000521,6,2025-06-13,2025-07-03,225622.15,225622.15,Paid Late,20
R00006337,L000521,7,2025-07-13,2025-07-13,225622.15,225622.15,Paid On Time,0
R00006338,L000521,8,2025-08-13,2025-08-12,225622.15,225622.15,Paid On Time,0
R00006339,L000521,9,2025-09-13,2025-09-26,225622.15,225622.15,Paid Late,13
R00006340,L000521,10,2025-10-13,2025-11-02,225622.15,225622.15,Paid Late,20
R00006341,L000521,11,2025-11-13,2025-11-13,225622.15,225622.15,Paid On Time,0
R00006342,L000521,12,2025-12-13,2025-12-29,225622.15,225622.15,Paid Late,16
R00006343,L000522,1,2024-05-28,2024-05-28,205225.59,205225.59,Paid On Time,0
R00006344,L000522,2,2024-06-28,2024-07-18,205225.59,205225.59,Paid Late,20
R00006345,L000522,3,2024-07-28,2024-07-26,205225.59,205225.59,Paid On Time,0
R00006346,L000522,4,2024-08-28,2024-09-12,205225.59,144056.74,Partial,15
R00006347,L000522,5,2024-09-28,2024-09-27,205225.59,205225.59,Paid On Time,0
R00006348,L000522,6,2024-10-28,2024-11-13,205225.59,205225.59,Paid Late,16
R00006349,L000522,7,2024-11-28,2024-11-28,205225.59,205225.59,Paid On Time,0
R00006350,L000522,8,2024-12-28,,205225.59,0.0,Unpaid,60
R00006351,L000522,9,2025-01-28,2025-01-28,205225.59,205225.59,Paid On Time,0
R00006352,L000522,10,2025-02-28,2025-02-27,205225.59,205225.59,Paid On Time,0
R00006353,L000522,11,2025-03-28,2025-03-26,205225.59,205225.59,Paid On Time,0
R00006354,L000522,12,2025-04-28,2025-04-26,205225.59,205225.59,Paid On Time,0
R00006355,L000522,13,2025-05-28,2025-05-28,205225.59,205225.59,Paid On Time,0
R00006356,L000522,14,2025-06-28,2025-06-28,205225.59,205225.59,Paid On Time,0
R00006357,L000522,15,2025-07-28,2025-07-28,205225.59,205225.59,Paid On Time,0
R00006358,L000522,16,2025-08-28,2025-08-28,205225.59,205225.59,Paid On Time,0
R00006359,L000522,17,2025-09-28,2025-09-28,205225.59,205225.59,Paid On Time,0
R00006360,L000522,18,2025-10-28,2025-10-27,205225.59,205225.59,Paid On Time,0
R00006361,L000522,19,2025-11-28,2025-11-27,205225.59,205225.59,Paid On Time,0
R00006362,L000522,20,2025-12-28,2025-12-26,205225.59,205225.59,Paid On Time,0
R00006363,L000522,21,2026-01-28,2026-01-27,205225.59,205225.59,Paid On Time,0
R00006364,L000522,22,2026-02-28,2026-03-30,205225.59,205225.59,Paid Late,30
R00006365,L000522,23,2026-03-28,2026-03-28,205225.59,205225.59,Paid On Time,0
R00006366,L000522,24,2026-04-28,2026-04-27,205225.59,205225.59,Paid On Time,0
R00006367,L000523,1,2025-07-19,2025-07-18,78929.3,78929.3,Paid On Time,0
R00006368,L000523,2,2025-08-19,2025-09-12,78929.3,78929.3,Paid Late,24
R00006369,L000523,3,2025-09-19,2025-09-19,78929.3,78929.3,Paid On Time,0
R00006370,L000523,4,2025-10-19,2025-10-19,78929.3,78929.3,Paid On Time,0
R00006371,L000523,5,2025-11-19,2025-11-18,78929.3,78929.3,Paid On Time,0
R00006372,L000523,6,2025-12-19,2025-12-18,78929.3,78929.3,Paid On Time,0
R00006373,L000523,7,2026-01-19,2026-01-17,78929.3,78929.3,Paid On Time,0
R00006374,L000523,8,2026-02-19,2026-02-24,78929.3,78929.3,Paid Late,5
R00006375,L000523,9,2026-03-19,2026-05-11,78929.3,55039.57,Partial,53
R00006376,L000523,10,2026-04-19,2026-04-18,78929.3,78929.3,Paid On Time,0
R00006377,L000523,11,2026-05-19,2026-05-17,78929.3,78929.3,Paid On Time,0
R00006378,L000523,12,2026-06-19,2026-07-11,78929.3,43702.35,Partial,22
R00006379,L000523,13,2026-07-19,2026-07-17,78929.3,78929.3,Paid On Time,0
R00006380,L000523,14,2026-08-19,2026-08-17,78929.3,78929.3,Paid On Time,0
R00006381,L000523,15,2026-09-19,2026-09-19,78929.3,78929.3,Paid On Time,0
R00006382,L000524,1,2025-07-02,2025-07-01,731228.08,731228.08,Paid On Time,0
R00006383,L000524,2,2025-08-02,2025-07-31,731228.08,731228.08,Paid On Time,0
R00006384,L000524,3,2025-09-02,2025-08-31,731228.08,731228.08,Paid On Time,0
R00006385,L000524,4,2025-10-02,,731228.08,0.0,Unpaid,60
R00006386,L000524,5,2025-11-02,,731228.08,0.0,Unpaid,60
R00006387,L000524,6,2025-12-02,2025-12-25,731228.08,359932.84,Partial,23
R00006388,L000525,1,2024-04-25,2024-04-25,111124.82,111124.82,Paid On Time,0
R00006389,L000525,2,2024-05-25,2024-05-24,111124.82,111124.82,Paid On Time,0
R00006390,L000525,3,2024-06-25,2024-06-23,111124.82,111124.82,Paid On Time,0
R00006391,L000525,4,2024-07-25,2024-07-23,111124.82,111124.82,Paid On Time,0
R00006392,L000525,5,2024-08-25,2024-08-25,111124.82,111124.82,Paid On Time,0
R00006393,L000525,6,2024-09-25,2024-09-24,111124.82,111124.82,Paid On Time,0
R00006394,L000525,7,2024-10-25,2024-10-23,111124.82,111124.82,Paid On Time,0
R00006395,L000525,8,2024-11-25,2024-12-05,111124.82,111124.82,Paid Late,10
R00006396,L000525,9,2024-12-25,2024-12-23,111124.82,111124.82,Paid On Time,0
R00006397,L000525,10,2025-01-25,2025-01-23,111124.82,111124.82,Paid On Time,0
R00006398,L000525,11,2025-02-25,2025-02-23,111124.82,111124.82,Paid On Time,0
R00006399,L000525,12,2025-03-25,2025-03-23,111124.82,111124.82,Paid On Time,0
R00006400,L000525,13,2025-04-25,2025-05-23,111124.82,111124.82,Paid Late,28
R00006401,L000525,14,2025-05-25,2025-05-23,111124.82,111124.82,Paid On Time,0
R00006402,L000525,15,2025-06-25,2025-06-25,111124.82,111124.82,Paid On Time,0
R00006403,L000525,16,2025-07-25,2025-07-25,111124.82,111124.82,Paid On Time,0
R00006404,L000525,17,2025-08-25,2025-08-25,111124.82,111124.82,Paid On Time,0
R00006405,L000525,18,2025-09-25,2025-09-23,111124.82,111124.82,Paid On Time,0
R00006406,L000525,19,2025-10-25,2025-10-25,111124.82,111124.82,Paid On Time,0
R00006407,L000525,20,2025-11-25,2025-11-24,111124.82,111124.82,Paid On Time,0
R00006408,L000525,21,2025-12-25,2026-01-29,111124.82,71823.68,Partial,35
R00006409,L000525,22,2026-01-25,2026-01-23,111124.82,111124.82,Paid On Time,0
R00006410,L000525,23,2026-02-25,2026-02-25,111124.82,111124.82,Paid On Time,0
R00006411,L000525,24,2026-03-25,2026-03-25,111124.82,111124.82,Paid On Time,0
R00006412,L000525,25,2026-04-25,2026-04-23,111124.82,111124.82,Paid On Time,0
R00006413,L000525,26,2026-05-25,2026-05-25,111124.82,111124.82,Paid On Time,0
R00006414,L000525,27,2026-06-25,2026-06-25,111124.82,111124.82,Paid On Time,0
R00006415,L000525,28,2026-07-25,2026-08-10,111124.82,111124.82,Paid Late,16
R00006416,L000525,29,2026-08-25,2026-08-25,111124.82,111124.82,Paid On Time,0
R00006417,L000525,30,2026-09-25,2026-09-23,111124.82,111124.82,Paid On Time,0
R00006418,L000526,1,2024-10-20,2024-10-20,245827.44,245827.44,Paid On Time,0
R00006419,L000526,2,2024-11-20,2024-11-18,245827.44,245827.44,Paid On Time,0
R00006420,L000526,3,2024-12-20,2024-12-18,245827.44,245827.44,Paid On Time,0
R00006421,L000526,4,2025-01-20,2025-01-19,245827.44,245827.44,Paid On Time,0
R00006422,L000526,5,2025-02-20,2025-02-20,245827.44,245827.44,Paid On Time,0
R00006423,L000526,6,2025-03-20,2025-03-19,245827.44,245827.44,Paid On Time,0
R00006424,L000526,7,2025-04-20,2025-04-20,245827.44,245827.44,Paid On Time,0
R00006425,L000526,8,2025-05-20,2025-05-18,245827.44,245827.44,Paid On Time,0
R00006426,L000526,9,2025-06-20,,245827.44,0.0,Unpaid,120
R00006427,L000526,10,2025-07-20,2025-07-18,245827.44,245827.44,Paid On Time,0
R00006428,L000526,11,2025-08-20,2025-08-18,245827.44,245827.44,Paid On Time,0
R00006429,L000526,12,2025-09-20,2025-09-19,245827.44,245827.44,Paid On Time,0
R00006430,L000526,13,2025-10-20,2025-12-03,245827.44,118123.41,Partial,44
R00006431,L000526,14,2025-11-20,2025-11-18,245827.44,245827.44,Paid On Time,0
R00006432,L000526,15,2025-12-20,2026-01-08,245827.44,245827.44,Paid Late,19
R00006433,L000526,16,2026-01-20,2026-02-12,245827.44,245827.44,Paid Late,23
R00006434,L000526,17,2026-02-20,2026-02-20,245827.44,245827.44,Paid On Time,0
R00006435,L000526,18,2026-03-20,2026-03-19,245827.44,245827.44,Paid On Time,0
R00006436,L000526,19,2026-04-20,2026-04-20,245827.44,245827.44,Paid On Time,0
R00006437,L000526,20,2026-05-20,2026-05-18,245827.44,245827.44,Paid On Time,0
R00006438,L000526,21,2026-06-20,2026-07-10,245827.44,245827.44,Paid Late,20
R00006439,L000526,22,2026-07-20,2026-07-20,245827.44,245827.44,Paid On Time,0
R00006440,L000526,23,2026-08-20,2026-08-19,245827.44,245827.44,Paid On Time,0
R00006441,L000526,24,2026-09-20,2026-09-18,245827.44,245827.44,Paid On Time,0
R00006442,L000527,1,2024-06-24,2024-07-25,100556.29,63114.01,Partial,31
R00006443,L000527,2,2024-07-24,2024-08-10,100556.29,65154.46,Partial,17
R00006444,L000527,3,2024-08-24,2024-09-14,100556.29,78579.36,Partial,21
R00006445,L000527,4,2024-09-24,2024-09-23,100556.29,100556.29,Paid On Time,0
R00006446,L000527,5,2024-10-24,2024-12-16,100556.29,70444.58,Partial,53
R00006447,L000527,6,2024-11-24,2024-12-24,100556.29,100556.29,Paid Late,30
R00006448,L000527,7,2024-12-24,2024-12-24,100556.29,100556.29,Paid On Time,0
R00006449,L000527,8,2025-01-24,2025-01-24,100556.29,100556.29,Paid On Time,0
R00006450,L000527,9,2025-02-24,2025-02-23,100556.29,100556.29,Paid On Time,0
R00006451,L000527,10,2025-03-24,2025-03-23,100556.29,100556.29,Paid On Time,0
R00006452,L000527,11,2025-04-24,2025-04-23,100556.29,100556.29,Paid On Time,0
R00006453,L000527,12,2025-05-24,2025-05-23,100556.29,100556.29,Paid On Time,0
R00006454,L000528,1,2024-08-25,2024-08-23,51713.08,51713.08,Paid On Time,0
R00006455,L000528,2,2024-09-25,2024-09-25,51713.08,51713.08,Paid On Time,0
R00006456,L000528,3,2024-10-25,2024-10-24,51713.08,51713.08,Paid On Time,0
R00006457,L000528,4,2024-11-25,2024-11-25,51713.08,51713.08,Paid On Time,0
R00006458,L000528,5,2024-12-25,2024-12-23,51713.08,51713.08,Paid On Time,0
R00006459,L000528,6,2025-01-25,2025-01-24,51713.08,51713.08,Paid On Time,0
R00006460,L000528,7,2025-02-25,2025-02-24,51713.08,51713.08,Paid On Time,0
R00006461,L000528,8,2025-03-25,2025-03-24,51713.08,51713.08,Paid On Time,0
R00006462,L000528,9,2025-04-25,2025-04-23,51713.08,51713.08,Paid On Time,0
R00006463,L000528,10,2025-05-25,2025-05-25,51713.08,51713.08,Paid On Time,0
R00006464,L000528,11,2025-06-25,2025-06-24,51713.08,51713.08,Paid On Time,0
R00006465,L000528,12,2025-07-25,2025-07-25,51713.08,51713.08,Paid On Time,0
R00006466,L000528,13,2025-08-25,2025-08-23,51713.08,51713.08,Paid On Time,0
R00006467,L000528,14,2025-09-25,2025-09-24,51713.08,51713.08,Paid On Time,0
R00006468,L000528,15,2025-10-25,2025-10-25,51713.08,51713.08,Paid On Time,0
R00006469,L000528,16,2025-11-25,2025-11-25,51713.08,51713.08,Paid On Time,0
R00006470,L000528,17,2025-12-25,2025-12-23,51713.08,51713.08,Paid On Time,0
R00006471,L000528,18,2026-01-25,2026-01-24,51713.08,51713.08,Paid On Time,0
R00006472,L000528,19,2026-02-25,2026-02-23,51713.08,51713.08,Paid On Time,0
R00006473,L000528,20,2026-03-25,2026-03-23,51713.08,51713.08,Paid On Time,0
R00006474,L000528,21,2026-04-25,2026-04-23,51713.08,51713.08,Paid On Time,0
R00006475,L000528,22,2026-05-25,2026-05-24,51713.08,51713.08,Paid On Time,0
R00006476,L000528,23,2026-06-25,2026-06-24,51713.08,51713.08,Paid On Time,0
R00006477,L000528,24,2026-07-25,2026-07-24,51713.08,51713.08,Paid On Time,0
R00006478,L000529,1,2024-10-28,,33309.75,0.0,Unpaid,90
R00006479,L000529,2,2024-11-28,2024-11-28,33309.75,33309.75,Paid On Time,0
R00006480,L000529,3,2024-12-28,2024-12-27,33309.75,33309.75,Paid On Time,0
R00006481,L000529,4,2025-01-28,2025-01-28,33309.75,33309.75,Paid On Time,0
R00006482,L000529,5,2025-02-28,2025-02-28,33309.75,33309.75,Paid On Time,0
R00006483,L000529,6,2025-03-28,2025-04-05,33309.75,33309.75,Paid Late,8
R00006484,L000529,7,2025-04-28,,33309.75,0.0,Unpaid,30
R00006485,L000529,8,2025-05-28,2025-05-27,33309.75,33309.75,Paid On Time,0
R00006486,L000529,9,2025-06-28,2025-06-26,33309.75,33309.75,Paid On Time,0
R00006487,L000529,10,2025-07-28,2025-07-28,33309.75,33309.75,Paid On Time,0
R00006488,L000529,11,2025-08-28,2025-08-28,33309.75,33309.75,Paid On Time,0
R00006489,L000529,12,2025-09-28,2025-11-24,33309.75,12350.73,Partial,57
R00006490,L000529,13,2025-10-28,2025-10-27,33309.75,33309.75,Paid On Time,0
R00006491,L000529,14,2025-11-28,,33309.75,0.0,Unpaid,120
R00006492,L000529,15,2025-12-28,2025-12-27,33309.75,33309.75,Paid On Time,0
R00006493,L000529,16,2026-01-28,2026-01-26,33309.75,33309.75,Paid On Time,0
R00006494,L000529,17,2026-02-28,2026-02-27,33309.75,33309.75,Paid On Time,0
R00006495,L000529,18,2026-03-28,2026-03-28,33309.75,33309.75,Paid On Time,0
R00006496,L000530,1,2025-07-07,2025-07-07,165765.49,165765.49,Paid On Time,0
R00006497,L000530,2,2025-08-07,2025-08-09,165765.49,165765.49,Paid Late,2
R00006498,L000530,3,2025-09-07,2025-09-06,165765.49,165765.49,Paid On Time,0
R00006499,L000530,4,2025-10-07,2025-10-07,165765.49,165765.49,Paid On Time,0
R00006500,L000530,5,2025-11-07,2025-11-21,165765.49,114374.05,Partial,14
R00006501,L000530,6,2025-12-07,2025-12-05,165765.49,165765.49,Paid On Time,0
R00006502,L000530,7,2026-01-07,2026-01-06,165765.49,165765.49,Paid On Time,0
R00006503,L000530,8,2026-02-07,2026-02-07,165765.49,165765.49,Paid On Time,0
R00006504,L000530,9,2026-03-07,2026-03-07,165765.49,165765.49,Paid On Time,0
R00006505,L000530,10,2026-04-07,2026-04-05,165765.49,165765.49,Paid On Time,0
R00006506,L000530,11,2026-05-07,2026-05-06,165765.49,165765.49,Paid On Time,0
R00006507,L000530,12,2026-06-07,2026-06-06,165765.49,165765.49,Paid On Time,0
R00006508,L000531,1,2026-02-12,2026-02-11,231103.39,231103.39,Paid On Time,0
R00006509,L000531,2,2026-03-12,2026-03-10,231103.39,231103.39,Paid On Time,0
R00006510,L000531,3,2026-04-12,2026-04-10,231103.39,231103.39,Paid On Time,0
R00006511,L000531,4,2026-05-12,,231103.39,0.0,Unpaid,30
R00006512,L000531,5,2026-06-12,2026-06-11,231103.39,231103.39,Paid On Time,0
R00006513,L000531,6,2026-07-12,2026-07-12,231103.39,231103.39,Paid On Time,0
R00006514,L000531,7,2026-08-12,2026-08-11,231103.39,231103.39,Paid On Time,0
R00006515,L000531,8,2026-09-12,2026-09-10,231103.39,231103.39,Paid On Time,0
R00006516,L000532,1,2026-01-01,2026-02-15,322857.7,177708.59,Partial,45
R00006517,L000532,2,2026-02-01,2026-01-30,322857.7,322857.7,Paid On Time,0
R00006518,L000532,3,2026-03-01,2026-03-01,322857.7,322857.7,Paid On Time,0
R00006519,L000532,4,2026-04-01,2026-03-30,322857.7,322857.7,Paid On Time,0
R00006520,L000532,5,2026-05-01,2026-04-29,322857.7,322857.7,Paid On Time,0
R00006521,L000532,6,2026-06-01,2026-06-11,322857.7,322857.7,Paid Late,10
R00006522,L000532,7,2026-07-01,2026-06-30,322857.7,322857.7,Paid On Time,0
R00006523,L000532,8,2026-08-01,2026-09-23,322857.7,180143.83,Partial,53
R00006524,L000532,9,2026-09-01,2026-08-30,322857.7,322857.7,Paid On Time,0
R00006525,L000533,1,2026-05-20,2026-05-18,274052.95,274052.95,Paid On Time,0
R00006526,L000533,2,2026-06-20,2026-06-19,274052.95,274052.95,Paid On Time,0
R00006527,L000533,3,2026-07-20,2026-07-19,274052.95,274052.95,Paid On Time,0
R00006528,L000533,4,2026-08-20,2026-08-30,274052.95,274052.95,Paid Late,10
R00006529,L000533,5,2026-09-20,2026-09-18,274052.95,274052.95,Paid On Time,0
R00006530,L000534,1,2024-07-28,2024-08-20,1359432.44,1359432.44,Paid Late,23
R00006531,L000534,2,2024-08-28,2024-08-28,1359432.44,1359432.44,Paid On Time,0
R00006532,L000534,3,2024-09-28,,1359432.44,0.0,Unpaid,30
R00006533,L000534,4,2024-10-28,2024-10-27,1359432.44,1359432.44,Paid On Time,0
R00006534,L000534,5,2024-11-28,2024-11-28,1359432.44,1359432.44,Paid On Time,0
R00006535,L000534,6,2024-12-28,2024-12-28,1359432.44,1359432.44,Paid On Time,0
R00006536,L000534,7,2025-01-28,2025-03-20,1359432.44,686414.38,Partial,51
R00006537,L000534,8,2025-02-28,2025-04-03,1359432.44,574815.65,Partial,34
R00006538,L000534,9,2025-03-28,2025-03-26,1359432.44,1359432.44,Paid On Time,0
R00006539,L000534,10,2025-04-28,2025-04-28,1359432.44,1359432.44,Paid On Time,0
R00006540,L000534,11,2025-05-28,2025-05-27,1359432.44,1359432.44,Paid On Time,0
R00006541,L000534,12,2025-06-28,2025-06-26,1359432.44,1359432.44,Paid On Time,0
R00006542,L000534,13,2025-07-28,2025-07-28,1359432.44,1359432.44,Paid On Time,0
R00006543,L000534,14,2025-08-28,2025-08-27,1359432.44,1359432.44,Paid On Time,0
R00006544,L000534,15,2025-09-28,2025-09-28,1359432.44,1359432.44,Paid On Time,0
R00006545,L000534,16,2025-10-28,2025-10-27,1359432.44,1359432.44,Paid On Time,0
R00006546,L000534,17,2025-11-28,2026-01-03,1359432.44,499702.64,Partial,36
R00006547,L000534,18,2025-12-28,,1359432.44,0.0,Unpaid,120
R00006548,L000535,1,2025-08-16,2025-08-16,168428.06,168428.06,Paid On Time,0
R00006549,L000535,2,2025-09-16,2025-09-15,168428.06,168428.06,Paid On Time,0
R00006550,L000535,3,2025-10-16,2025-10-14,168428.06,168428.06,Paid On Time,0
R00006551,L000535,4,2025-11-16,2025-11-14,168428.06,168428.06,Paid On Time,0
R00006552,L000535,5,2025-12-16,2025-12-16,168428.06,168428.06,Paid On Time,0
R00006553,L000535,6,2026-01-16,2026-01-16,168428.06,168428.06,Paid On Time,0
R00006554,L000535,7,2026-02-16,2026-02-16,168428.06,168428.06,Paid On Time,0
R00006555,L000535,8,2026-03-16,2026-03-15,168428.06,168428.06,Paid On Time,0
R00006556,L000535,9,2026-04-16,2026-05-03,168428.06,168428.06,Paid Late,17
R00006557,L000535,10,2026-05-16,2026-05-14,168428.06,168428.06,Paid On Time,0
R00006558,L000535,11,2026-06-16,2026-06-14,168428.06,168428.06,Paid On Time,0
R00006559,L000535,12,2026-07-16,2026-08-06,168428.06,168428.06,Paid Late,21
R00006560,L000536,1,2024-12-10,2025-01-14,129228.55,70214.59,Partial,35
R00006561,L000536,2,2025-01-10,2025-01-09,129228.55,129228.55,Paid On Time,0
R00006562,L000536,3,2025-02-10,2025-02-09,129228.55,129228.55,Paid On Time,0
R00006563,L000536,4,2025-03-10,2025-05-08,129228.55,50328.07,Partial,59
R00006564,L000536,5,2025-04-10,2025-04-10,129228.55,129228.55,Paid On Time,0
R00006565,L000536,6,2025-05-10,2025-05-08,129228.55,129228.55,Paid On Time,0
R00006566,L000536,7,2025-06-10,2025-06-20,129228.55,47512.51,Partial,10
R00006567,L000536,8,2025-07-10,2025-07-10,129228.55,129228.55,Paid On Time,0
R00006568,L000536,9,2025-08-10,2025-08-09,129228.55,129228.55,Paid On Time,0
R00006569,L000536,10,2025-09-10,2025-09-10,129228.55,129228.55,Paid On Time,0
R00006570,L000536,11,2025-10-10,2025-10-10,129228.55,129228.55,Paid On Time,0
R00006571,L000536,12,2025-11-10,2025-11-08,129228.55,129228.55,Paid On Time,0
R00006572,L000536,13,2025-12-10,2026-01-05,129228.55,129228.55,Paid Late,26
R00006573,L000536,14,2026-01-10,2026-01-08,129228.55,129228.55,Paid On Time,0
R00006574,L000536,15,2026-02-10,2026-02-08,129228.55,129228.55,Paid On Time,0
R00006575,L000536,16,2026-03-10,2026-03-10,129228.55,129228.55,Paid On Time,0
R00006576,L000536,17,2026-04-10,2026-04-10,129228.55,129228.55,Paid On Time,0
R00006577,L000536,18,2026-05-10,2026-07-03,129228.55,73507.46,Partial,54
R00006578,L000536,19,2026-06-10,2026-06-10,129228.55,129228.55,Paid On Time,0
R00006579,L000536,20,2026-07-10,2026-07-08,129228.55,129228.55,Paid On Time,0
R00006580,L000536,21,2026-08-10,2026-08-09,129228.55,129228.55,Paid On Time,0
R00006581,L000536,22,2026-09-10,2026-09-30,129228.55,65843.4,Partial,20
R00006582,L000537,1,2026-08-06,2026-08-25,30749.32,30749.32,Paid Late,19
R00006583,L000537,2,2026-09-06,2026-09-06,30749.32,30749.32,Paid On Time,0
R00006584,L000538,1,2026-07-10,2026-07-08,476176.31,476176.31,Paid On Time,0
R00006585,L000538,2,2026-08-10,,476176.31,0.0,Unpaid,51
R00006586,L000538,3,2026-09-10,,476176.31,0.0,Unpaid,20
R00006587,L000539,1,2026-01-28,2026-01-27,76675.77,76675.77,Paid On Time,0
R00006588,L000539,2,2026-02-28,2026-03-13,76675.77,76675.77,Paid Late,13
R00006589,L000539,3,2026-03-28,2026-03-28,76675.77,76675.77,Paid On Time,0
R00006590,L000539,4,2026-04-28,2026-04-28,76675.77,76675.77,Paid On Time,0
R00006591,L000539,5,2026-05-28,2026-05-28,76675.77,76675.77,Paid On Time,0
R00006592,L000539,6,2026-06-28,2026-06-26,76675.77,76675.77,Paid On Time,0
R00006593,L000539,7,2026-07-28,2026-07-27,76675.77,76675.77,Paid On Time,0
R00006594,L000539,8,2026-08-28,2026-08-30,76675.77,76675.77,Paid Late,2
R00006595,L000539,9,2026-09-28,2026-09-27,76675.77,76675.77,Paid On Time,0
R00006596,L000540,1,2025-03-04,2025-03-04,44552.41,44552.41,Paid On Time,0
R00006597,L000540,2,2025-04-04,2025-04-02,44552.41,44552.41,Paid On Time,0
R00006598,L000540,3,2025-05-04,2025-05-30,44552.41,27111.48,Partial,26
R00006599,L000540,4,2025-06-04,2025-06-03,44552.41,44552.41,Paid On Time,0
R00006600,L000540,5,2025-07-04,2025-07-02,44552.41,44552.41,Paid On Time,0
R00006601,L000540,6,2025-08-04,2025-09-03,44552.41,44552.41,Paid Late,30
R00006602,L000540,7,2025-09-04,2025-09-04,44552.41,44552.41,Paid On Time,0
R00006603,L000540,8,2025-10-04,,44552.41,0.0,Unpaid,60
R00006604,L000540,9,2025-11-04,2025-11-03,44552.41,44552.41,Paid On Time,0
R00006605,L000540,10,2025-12-04,2025-12-12,44552.41,44552.41,Paid Late,8
R00006606,L000540,11,2026-01-04,2026-01-03,44552.41,44552.41,Paid On Time,0
R00006607,L000540,12,2026-02-04,2026-02-04,44552.41,44552.41,Paid On Time,0
R00006608,L000540,13,2026-03-04,2026-03-14,44552.41,44552.41,Paid Late,10
R00006609,L000540,14,2026-04-04,2026-04-04,44552.41,44552.41,Paid On Time,0
R00006610,L000540,15,2026-05-04,2026-05-25,44552.41,44552.41,Paid Late,21
R00006611,L000540,16,2026-06-04,2026-06-03,44552.41,44552.41,Paid On Time,0
R00006612,L000540,17,2026-07-04,2026-07-04,44552.41,44552.41,Paid On Time,0
R00006613,L000540,18,2026-08-04,2026-08-02,44552.41,44552.41,Paid On Time,0
R00006614,L000540,19,2026-09-04,2026-09-18,44552.41,44552.41,Paid Late,14
R00006615,L000541,1,2025-12-12,2025-12-12,575451.9,575451.9,Paid On Time,0
R00006616,L000541,2,2026-01-12,2026-01-11,575451.9,575451.9,Paid On Time,0
R00006617,L000541,3,2026-02-12,2026-02-12,575451.9,575451.9,Paid On Time,0
R00006618,L000541,4,2026-03-12,2026-03-30,575451.9,316707.76,Partial,18
R00006619,L000541,5,2026-04-12,2026-04-12,575451.9,575451.9,Paid On Time,0
R00006620,L000541,6,2026-05-12,2026-05-22,575451.9,575451.9,Paid Late,10
R00006621,L000541,7,2026-06-12,2026-06-11,575451.9,575451.9,Paid On Time,0
R00006622,L000541,8,2026-07-12,2026-07-11,575451.9,575451.9,Paid On Time,0
R00006623,L000541,9,2026-08-12,2026-08-11,575451.9,575451.9,Paid On Time,0
R00006624,L000541,10,2026-09-12,2026-09-12,575451.9,575451.9,Paid On Time,0
R00006625,L000542,1,2026-06-01,2026-05-30,1128862.7,1128862.7,Paid On Time,0
R00006626,L000542,2,2026-07-01,2026-07-27,1128862.7,1128862.7,Paid Late,26
R00006627,L000542,3,2026-08-01,2026-07-30,1128862.7,1128862.7,Paid On Time,0
R00006628,L000542,4,2026-09-01,2026-08-30,1128862.7,1128862.7,Paid On Time,0
R00006629,L000543,1,2024-06-05,2024-06-04,40656.69,40656.69,Paid On Time,0
R00006630,L000543,2,2024-07-05,2024-07-05,40656.69,40656.69,Paid On Time,0
R00006631,L000543,3,2024-08-05,,40656.69,0.0,Unpaid,30
R00006632,L000543,4,2024-09-05,2024-09-18,40656.69,40656.69,Paid Late,13
R00006633,L000543,5,2024-10-05,2024-10-03,40656.69,40656.69,Paid On Time,0
R00006634,L000543,6,2024-11-05,2024-11-07,40656.69,40656.69,Paid Late,2
R00006635,L000543,7,2024-12-05,2024-12-03,40656.69,40656.69,Paid On Time,0
R00006636,L000543,8,2025-01-05,2025-01-14,40656.69,40656.69,Paid Late,9
R00006637,L000543,9,2025-02-05,2025-02-03,40656.69,40656.69,Paid On Time,0
R00006638,L000543,10,2025-03-05,2025-03-05,40656.69,40656.69,Paid On Time,0
R00006639,L000543,11,2025-04-05,2025-04-05,40656.69,40656.69,Paid On Time,0
R00006640,L000543,12,2025-05-05,2025-05-08,40656.69,40656.69,Paid Late,3
R00006641,L000543,13,2025-06-05,2025-06-05,40656.69,40656.69,Paid On Time,0
R00006642,L000543,14,2025-07-05,2025-07-05,40656.69,40656.69,Paid On Time,0
R00006643,L000543,15,2025-08-05,2025-08-03,40656.69,40656.69,Paid On Time,0
R00006644,L000543,16,2025-09-05,2025-09-03,40656.69,40656.69,Paid On Time,0
R00006645,L000543,17,2025-10-05,2025-10-05,40656.69,40656.69,Paid On Time,0
R00006646,L000543,18,2025-11-05,2025-11-26,40656.69,40656.69,Paid Late,21
R00006647,L000544,1,2025-08-22,2025-08-22,100124.86,100124.86,Paid On Time,0
R00006648,L000544,2,2025-09-22,2025-09-22,100124.86,100124.86,Paid On Time,0
R00006649,L000544,3,2025-10-22,2025-10-23,100124.86,100124.86,Paid Late,1
R00006650,L000544,4,2025-11-22,2025-11-21,100124.86,100124.86,Paid On Time,0
R00006651,L000544,5,2025-12-22,2025-12-20,100124.86,100124.86,Paid On Time,0
R00006652,L000544,6,2026-01-22,2026-01-22,100124.86,100124.86,Paid On Time,0
R00006653,L000544,7,2026-02-22,2026-02-22,100124.86,100124.86,Paid On Time,0
R00006654,L000544,8,2026-03-22,2026-03-20,100124.86,100124.86,Paid On Time,0
R00006655,L000544,9,2026-04-22,2026-04-21,100124.86,100124.86,Paid On Time,0
R00006656,L000544,10,2026-05-22,2026-05-20,100124.86,100124.86,Paid On Time,0
R00006657,L000544,11,2026-06-22,2026-08-16,100124.86,54573.58,Partial,55
R00006658,L000544,12,2026-07-22,2026-07-21,100124.86,100124.86,Paid On Time,0
R00006659,L000545,1,2025-04-04,2025-04-02,163041.25,163041.25,Paid On Time,0
R00006660,L000545,2,2025-05-04,2025-05-03,163041.25,163041.25,Paid On Time,0
R00006661,L000545,3,2025-06-04,2025-06-04,163041.25,163041.25,Paid On Time,0
R00006662,L000545,4,2025-07-04,2025-07-04,163041.25,163041.25,Paid On Time,0
R00006663,L000545,5,2025-08-04,2025-08-03,163041.25,163041.25,Paid On Time,0
R00006664,L000545,6,2025-09-04,2025-09-02,163041.25,163041.25,Paid On Time,0
R00006665,L000545,7,2025-10-04,2025-10-02,163041.25,163041.25,Paid On Time,0
R00006666,L000545,8,2025-11-04,2025-11-02,163041.25,163041.25,Paid On Time,0
R00006667,L000545,9,2025-12-04,2025-12-02,163041.25,163041.25,Paid On Time,0
R00006668,L000545,10,2026-01-04,2026-01-19,163041.25,163041.25,Paid Late,15
R00006669,L000545,11,2026-02-04,,163041.25,0.0,Unpaid,120
R00006670,L000545,12,2026-03-04,2026-03-02,163041.25,163041.25,Paid On Time,0
R00006671,L000545,13,2026-04-04,2026-04-04,163041.25,163041.25,Paid On Time,0
R00006672,L000545,14,2026-05-04,2026-05-03,163041.25,163041.25,Paid On Time,0
R00006673,L000545,15,2026-06-04,2026-06-02,163041.25,163041.25,Paid On Time,0
R00006674,L000545,16,2026-07-04,2026-07-02,163041.25,163041.25,Paid On Time,0
R00006675,L000545,17,2026-08-04,2026-08-02,163041.25,163041.25,Paid On Time,0
R00006676,L000545,18,2026-09-04,2026-09-02,163041.25,163041.25,Paid On Time,0
R00006677,L000546,1,2026-08-04,2026-09-23,20933.86,8633.88,Partial,50
R00006678,L000546,2,2026-09-04,2026-09-03,20933.86,20933.86,Paid On Time,0
R00006679,L000547,1,2025-11-28,2025-11-26,188898.5,188898.5,Paid On Time,0
R00006680,L000547,2,2025-12-28,2025-12-27,188898.5,188898.5,Paid On Time,0
R00006681,L000547,3,2026-01-28,2026-01-27,188898.5,188898.5,Paid On Time,0
R00006682,L000547,4,2026-02-28,2026-03-20,188898.5,96881.24,Partial,20
R00006683,L000547,5,2026-03-28,2026-03-28,188898.5,188898.5,Paid On Time,0
R00006684,L000547,6,2026-04-28,2026-04-26,188898.5,188898.5,Paid On Time,0
R00006685,L000548,1,2026-09-21,2026-09-19,417450.09,417450.09,Paid On Time,0
R00006686,L000549,1,2026-09-13,2026-09-13,52497.52,52497.52,Paid On Time,0
R00006687,L000550,1,2026-02-01,2026-02-24,380294.33,185140.85,Partial,23
R00006688,L000550,2,2026-03-01,2026-03-01,380294.33,380294.33,Paid On Time,0
R00006689,L000550,3,2026-04-01,2026-05-24,380294.33,259762.48,Partial,53
R00006690,L000550,4,2026-05-01,2026-05-25,380294.33,279736.17,Partial,24
R00006691,L000550,5,2026-06-01,2026-05-31,380294.33,380294.33,Paid On Time,0
R00006692,L000550,6,2026-07-01,2026-06-30,380294.33,380294.33,Paid On Time,0
R00006693,L000550,7,2026-08-01,2026-08-01,380294.33,380294.33,Paid On Time,0
R00006694,L000550,8,2026-09-01,2026-09-01,380294.33,380294.33,Paid On Time,0
R00006695,L000551,1,2025-05-10,2025-05-10,174418.07,174418.07,Paid On Time,0
R00006696,L000551,2,2025-06-10,2025-06-08,174418.07,174418.07,Paid On Time,0
R00006697,L000551,3,2025-07-10,2025-07-10,174418.07,174418.07,Paid On Time,0
R00006698,L000551,4,2025-08-10,2025-08-10,174418.07,174418.07,Paid On Time,0
R00006699,L000551,5,2025-09-10,2025-10-07,174418.07,174418.07,Paid Late,27
R00006700,L000551,6,2025-10-10,2025-11-02,174418.07,174418.07,Paid Late,23
R00006701,L000551,7,2025-11-10,2025-12-07,174418.07,120353.29,Partial,27
R00006702,L000551,8,2025-12-10,2025-12-10,174418.07,174418.07,Paid On Time,0
R00006703,L000551,9,2026-01-10,2026-01-10,174418.07,174418.07,Paid On Time,0
R00006704,L000551,10,2026-02-10,2026-02-10,174418.07,174418.07,Paid On Time,0
R00006705,L000551,11,2026-03-10,2026-03-29,174418.07,174418.07,Paid Late,19
R00006706,L000551,12,2026-04-10,2026-04-18,174418.07,174418.07,Paid Late,8
R00006707,L000551,13,2026-05-10,2026-05-12,174418.07,174418.07,Paid Late,2
R00006708,L000551,14,2026-06-10,2026-06-09,174418.07,174418.07,Paid On Time,0
R00006709,L000551,15,2026-07-10,2026-07-10,174418.07,174418.07,Paid On Time,0
R00006710,L000551,16,2026-08-10,2026-08-09,174418.07,174418.07,Paid On Time,0
R00006711,L000551,17,2026-09-10,2026-09-23,174418.07,174418.07,Paid Late,13
R00006712,L000552,1,2025-10-05,2025-10-04,26601.92,26601.92,Paid On Time,0
R00006713,L000552,2,2025-11-05,2025-11-03,26601.92,26601.92,Paid On Time,0
R00006714,L000552,3,2025-12-05,2025-12-05,26601.92,26601.92,Paid On Time,0
R00006715,L000552,4,2026-01-05,2026-01-04,26601.92,26601.92,Paid On Time,0
R00006716,L000552,5,2026-02-05,2026-02-03,26601.92,26601.92,Paid On Time,0
R00006717,L000552,6,2026-03-05,2026-03-04,26601.92,26601.92,Paid On Time,0
R00006718,L000552,7,2026-04-05,2026-04-04,26601.92,26601.92,Paid On Time,0
R00006719,L000552,8,2026-05-05,2026-06-03,26601.92,26601.92,Paid Late,29
R00006720,L000552,9,2026-06-05,2026-06-05,26601.92,26601.92,Paid On Time,0
R00006721,L000552,10,2026-07-05,2026-07-04,26601.92,26601.92,Paid On Time,0
R00006722,L000552,11,2026-08-05,2026-08-05,26601.92,26601.92,Paid On Time,0
R00006723,L000552,12,2026-09-05,2026-09-05,26601.92,26601.92,Paid On Time,0
R00006724,L000553,1,2025-09-28,2025-09-27,168615.95,168615.95,Paid On Time,0
R00006725,L000553,2,2025-10-28,2025-11-07,168615.95,168615.95,Paid Late,10
R00006726,L000553,3,2025-11-28,2025-11-28,168615.95,168615.95,Paid On Time,0
R00006727,L000553,4,2025-12-28,2026-01-22,168615.95,168615.95,Paid Late,25
R00006728,L000553,5,2026-01-28,2026-01-31,168615.95,168615.95,Paid Late,3
R00006729,L000553,6,2026-02-28,2026-02-28,168615.95,168615.95,Paid On Time,0
R00006730,L000553,7,2026-03-28,2026-03-27,168615.95,168615.95,Paid On Time,0
R00006731,L000553,8,2026-04-28,2026-04-26,168615.95,168615.95,Paid On Time,0
R00006732,L000553,9,2026-05-28,2026-06-06,168615.95,168615.95,Paid Late,9
R00006733,L000553,10,2026-06-28,2026-06-27,168615.95,168615.95,Paid On Time,0
R00006734,L000553,11,2026-07-28,2026-07-27,168615.95,168615.95,Paid On Time,0
R00006735,L000553,12,2026-08-28,2026-08-28,168615.95,168615.95,Paid On Time,0
R00006736,L000553,13,2026-09-28,2026-10-21,168615.95,168615.95,Paid Late,23
R00006737,L000554,1,2024-05-16,2024-05-15,118322.78,118322.78,Paid On Time,0
R00006738,L000554,2,2024-06-16,2024-06-16,118322.78,118322.78,Paid On Time,0
R00006739,L000554,3,2024-07-16,2024-07-15,118322.78,118322.78,Paid On Time,0
R00006740,L000554,4,2024-08-16,2024-08-14,118322.78,118322.78,Paid On Time,0
R00006741,L000554,5,2024-09-16,2024-09-15,118322.78,118322.78,Paid On Time,0
R00006742,L000554,6,2024-10-16,2024-10-16,118322.78,118322.78,Paid On Time,0
R00006743,L000554,7,2024-11-16,2024-11-16,118322.78,118322.78,Paid On Time,0
R00006744,L000554,8,2024-12-16,,118322.78,0.0,Unpaid,120
R00006745,L000554,9,2025-01-16,2025-01-15,118322.78,118322.78,Paid On Time,0
R00006746,L000554,10,2025-02-16,2025-02-14,118322.78,118322.78,Paid On Time,0
R00006747,L000554,11,2025-03-16,2025-03-14,118322.78,118322.78,Paid On Time,0
R00006748,L000554,12,2025-04-16,2025-04-15,118322.78,118322.78,Paid On Time,0
R00006749,L000554,13,2025-05-16,,118322.78,0.0,Unpaid,120
R00006750,L000554,14,2025-06-16,2025-06-14,118322.78,118322.78,Paid On Time,0
R00006751,L000554,15,2025-07-16,2025-08-15,118322.78,93405.98,Partial,30
R00006752,L000554,16,2025-08-16,2025-08-16,118322.78,118322.78,Paid On Time,0
R00006753,L000554,17,2025-09-16,2025-09-15,118322.78,118322.78,Paid On Time,0
R00006754,L000554,18,2025-10-16,,118322.78,0.0,Unpaid,90
R00006755,L000555,1,2024-10-26,2024-11-14,158606.93,158606.93,Paid Late,19
R00006756,L000555,2,2024-11-26,,158606.93,0.0,Unpaid,90
R00006757,L000555,3,2024-12-26,2024-12-24,158606.93,158606.93,Paid On Time,0
R00006758,L000555,4,2025-01-26,2025-01-26,158606.93,158606.93,Paid On Time,0
R00006759,L000555,5,2025-02-26,2025-02-24,158606.93,158606.93,Paid On Time,0
R00006760,L000555,6,2025-03-26,2025-03-25,158606.93,158606.93,Paid On Time,0
R00006761,L000555,7,2025-04-26,2025-04-25,158606.93,158606.93,Paid On Time,0
R00006762,L000555,8,2025-05-26,,158606.93,0.0,Unpaid,30
R00006763,L000555,9,2025-06-26,2025-08-17,158606.93,110734.16,Partial,52
R00006764,L000555,10,2025-07-26,2025-07-24,158606.93,158606.93,Paid On Time,0
R00006765,L000555,11,2025-08-26,2025-08-26,158606.93,158606.93,Paid On Time,0
R00006766,L000555,12,2025-09-26,2025-11-08,158606.93,116481.47,Partial,43
R00006767,L000556,1,2025-03-24,2025-03-24,52166.39,52166.39,Paid On Time,0
R00006768,L000556,2,2025-04-24,2025-04-23,52166.39,52166.39,Paid On Time,0
R00006769,L000556,3,2025-05-24,2025-05-23,52166.39,52166.39,Paid On Time,0
R00006770,L000556,4,2025-06-24,2025-06-24,52166.39,52166.39,Paid On Time,0
R00006771,L000556,5,2025-07-24,2025-08-25,52166.39,40504.73,Partial,32
R00006772,L000556,6,2025-08-24,2025-08-24,52166.39,52166.39,Paid On Time,0
R00006773,L000556,7,2025-09-24,2025-09-23,52166.39,52166.39,Paid On Time,0
R00006774,L000556,8,2025-10-24,2025-11-14,52166.39,52166.39,Paid Late,21
R00006775,L000556,9,2025-11-24,2025-11-22,52166.39,52166.39,Paid On Time,0
R00006776,L000556,10,2025-12-24,2025-12-22,52166.39,52166.39,Paid On Time,0
R00006777,L000556,11,2026-01-24,2026-02-22,52166.39,52166.39,Paid Late,29
R00006778,L000556,12,2026-02-24,2026-02-23,52166.39,52166.39,Paid On Time,0
R00006779,L000556,13,2026-03-24,2026-03-22,52166.39,52166.39,Paid On Time,0
R00006780,L000556,14,2026-04-24,2026-04-23,52166.39,52166.39,Paid On Time,0
R00006781,L000556,15,2026-05-24,2026-05-22,52166.39,52166.39,Paid On Time,0
R00006782,L000556,16,2026-06-24,2026-06-24,52166.39,52166.39,Paid On Time,0
R00006783,L000556,17,2026-07-24,2026-07-24,52166.39,52166.39,Paid On Time,0
R00006784,L000556,18,2026-08-24,2026-09-17,52166.39,52166.39,Paid Late,24
R00006785,L000556,19,2026-09-24,2026-09-23,52166.39,52166.39,Paid On Time,0
R00006786,L000557,1,2025-12-19,2025-12-18,34051.89,34051.89,Paid On Time,0
R00006787,L000557,2,2026-01-19,2026-01-18,34051.89,34051.89,Paid On Time,0
R00006788,L000557,3,2026-02-19,2026-02-18,34051.89,34051.89,Paid On Time,0
R00006789,L000557,4,2026-03-19,2026-03-17,34051.89,34051.89,Paid On Time,0
R00006790,L000557,5,2026-04-19,2026-05-03,34051.89,23840.48,Partial,14
R00006791,L000557,6,2026-05-19,2026-05-18,34051.89,34051.89,Paid On Time,0
R00006792,L000557,7,2026-06-19,2026-06-19,34051.89,34051.89,Paid On Time,0
R00006793,L000557,8,2026-07-19,2026-07-19,34051.89,34051.89,Paid On Time,0
R00006794,L000557,9,2026-08-19,2026-08-19,34051.89,34051.89,Paid On Time,0
R00006795,L000557,10,2026-09-19,2026-10-18,34051.89,34051.89,Paid Late,29
R00006796,L000558,1,2024-04-21,2024-04-21,85714.13,85714.13,Paid On Time,0
R00006797,L000558,2,2024-05-21,2024-05-20,85714.13,85714.13,Paid On Time,0
R00006798,L000558,3,2024-06-21,2024-06-21,85714.13,85714.13,Paid On Time,0
R00006799,L000558,4,2024-07-21,2024-07-21,85714.13,85714.13,Paid On Time,0
R00006800,L000558,5,2024-08-21,2024-08-19,85714.13,85714.13,Paid On Time,0
R00006801,L000558,6,2024-09-21,2024-09-20,85714.13,85714.13,Paid On Time,0
R00006802,L000559,1,2025-12-08,2025-12-24,226733.21,226733.21,Paid Late,16
R00006803,L000559,2,2026-01-08,2026-01-13,226733.21,226733.21,Paid Late,5
R00006804,L000559,3,2026-02-08,2026-02-07,226733.21,226733.21,Paid On Time,0
R00006805,L000559,4,2026-03-08,2026-03-08,226733.21,226733.21,Paid On Time,0
R00006806,L000559,5,2026-04-08,2026-04-08,226733.21,226733.21,Paid On Time,0
R00006807,L000559,6,2026-05-08,2026-05-08,226733.21,226733.21,Paid On Time,0
R00006808,L000559,7,2026-06-08,2026-06-15,226733.21,226733.21,Paid Late,7
R00006809,L000559,8,2026-07-08,2026-07-25,226733.21,226733.21,Paid Late,17
R00006810,L000559,9,2026-08-08,2026-08-06,226733.21,226733.21,Paid On Time,0
R00006811,L000559,10,2026-09-08,2026-09-07,226733.21,226733.21,Paid On Time,0
R00006812,L000560,1,2025-11-27,2025-11-27,261229.05,261229.05,Paid On Time,0
R00006813,L000560,2,2025-12-27,2025-12-27,261229.05,261229.05,Paid On Time,0
R00006814,L000560,3,2026-01-27,2026-01-25,261229.05,261229.05,Paid On Time,0
R00006815,L000560,4,2026-02-27,2026-02-26,261229.05,261229.05,Paid On Time,0
R00006816,L000560,5,2026-03-27,2026-03-27,261229.05,261229.05,Paid On Time,0
R00006817,L000560,6,2026-04-27,2026-05-14,261229.05,261229.05,Paid Late,17
R00006818,L000560,7,2026-05-27,2026-05-25,261229.05,261229.05,Paid On Time,0
R00006819,L000560,8,2026-06-27,2026-06-27,261229.05,261229.05,Paid On Time,0
R00006820,L000560,9,2026-07-27,2026-07-25,261229.05,261229.05,Paid On Time,0
R00006821,L000560,10,2026-08-27,2026-08-25,261229.05,261229.05,Paid On Time,0
R00006822,L000560,11,2026-09-27,2026-09-30,261229.05,132551.61,Partial,23
R00006823,L000561,1,2025-02-14,2025-02-12,505705.38,505705.38,Paid On Time,0
R00006824,L000561,2,2025-03-14,2025-03-12,505705.38,505705.38,Paid On Time,0
R00006825,L000561,3,2025-04-14,2025-04-14,505705.38,505705.38,Paid On Time,0
R00006826,L000561,4,2025-05-14,2025-05-13,505705.38,505705.38,Paid On Time,0
R00006827,L000561,5,2025-06-14,2025-06-24,505705.38,395225.05,Partial,10
R00006828,L000561,6,2025-07-14,2025-07-13,505705.38,505705.38,Paid On Time,0
R00006829,L000561,7,2025-08-14,2025-08-14,505705.38,505705.38,Paid On Time,0
R00006830,L000561,8,2025-09-14,2025-09-12,505705.38,505705.38,Paid On Time,0
R00006831,L000561,9,2025-10-14,2025-10-15,505705.38,505705.38,Paid Late,1
R00006832,L000561,10,2025-11-14,2025-12-11,505705.38,334583.6,Partial,27
R00006833,L000561,11,2025-12-14,2025-12-13,505705.38,505705.38,Paid On Time,0
R00006834,L000561,12,2026-01-14,2026-01-13,505705.38,505705.38,Paid On Time,0
R00006835,L000561,13,2026-02-14,2026-02-12,505705.38,505705.38,Paid On Time,0
R00006836,L000561,14,2026-03-14,2026-03-27,505705.38,505705.38,Paid Late,13
R00006837,L000561,15,2026-04-14,2026-04-12,505705.38,505705.38,Paid On Time,0
R00006838,L000561,16,2026-05-14,2026-05-14,505705.38,505705.38,Paid On Time,0
R00006839,L000561,17,2026-06-14,2026-06-12,505705.38,505705.38,Paid On Time,0
R00006840,L000561,18,2026-07-14,2026-07-14,505705.38,505705.38,Paid On Time,0
R00006841,L000561,19,2026-08-14,2026-08-13,505705.38,505705.38,Paid On Time,0
R00006842,L000561,20,2026-09-14,2026-09-30,505705.38,348511.76,Partial,24
R00006843,L000562,1,2024-07-09,2024-07-08,327690.32,327690.32,Paid On Time,0
R00006844,L000562,2,2024-08-09,2024-09-03,327690.32,327690.32,Paid Late,25
R00006845,L000562,3,2024-09-09,2024-09-08,327690.32,327690.32,Paid On Time,0
R00006846,L000562,4,2024-10-09,2024-10-08,327690.32,327690.32,Paid On Time,0
R00006847,L000562,5,2024-11-09,2024-11-08,327690.32,327690.32,Paid On Time,0
R00006848,L000562,6,2024-12-09,2024-12-07,327690.32,327690.32,Paid On Time,0
R00006849,L000562,7,2025-01-09,2025-01-07,327690.32,327690.32,Paid On Time,0
R00006850,L000562,8,2025-02-09,2025-02-09,327690.32,327690.32,Paid On Time,0
R00006851,L000562,9,2025-03-09,2025-03-08,327690.32,327690.32,Paid On Time,0
R00006852,L000562,10,2025-04-09,2025-04-08,327690.32,327690.32,Paid On Time,0
R00006853,L000562,11,2025-05-09,2025-05-09,327690.32,327690.32,Paid On Time,0
R00006854,L000562,12,2025-06-09,2025-06-09,327690.32,327690.32,Paid On Time,0
R00006855,L000562,13,2025-07-09,2025-07-08,327690.32,327690.32,Paid On Time,0
R00006856,L000562,14,2025-08-09,2025-08-14,327690.32,327690.32,Paid Late,5
R00006857,L000562,15,2025-09-09,2025-09-08,327690.32,327690.32,Paid On Time,0
R00006858,L000562,16,2025-10-09,2025-10-07,327690.32,327690.32,Paid On Time,0
R00006859,L000562,17,2025-11-09,2025-11-08,327690.32,327690.32,Paid On Time,0
R00006860,L000562,18,2025-12-09,2025-12-08,327690.32,327690.32,Paid On Time,0
R00006861,L000563,1,2026-04-28,2026-04-26,753402.24,753402.24,Paid On Time,0
R00006862,L000563,2,2026-05-28,2026-05-27,753402.24,753402.24,Paid On Time,0
R00006863,L000563,3,2026-06-28,2026-06-26,753402.24,753402.24,Paid On Time,0
R00006864,L000563,4,2026-07-28,2026-07-26,753402.24,753402.24,Paid On Time,0
R00006865,L000563,5,2026-08-28,2026-09-25,753402.24,753402.24,Paid Late,28
R00006866,L000563,6,2026-09-28,2026-09-26,753402.24,753402.24,Paid On Time,0
R00006867,L000564,1,2024-05-12,2024-05-11,822324.58,822324.58,Paid On Time,0
R00006868,L000564,2,2024-06-12,2024-06-10,822324.58,822324.58,Paid On Time,0
R00006869,L000564,3,2024-07-12,2024-07-12,822324.58,822324.58,Paid On Time,0
R00006870,L000564,4,2024-08-12,2024-08-10,822324.58,822324.58,Paid On Time,0
R00006871,L000564,5,2024-09-12,2024-09-11,822324.58,822324.58,Paid On Time,0
R00006872,L000564,6,2024-10-12,2024-10-10,822324.58,822324.58,Paid On Time,0
R00006873,L000564,7,2024-11-12,,822324.58,0.0,Unpaid,90
R00006874,L000564,8,2024-12-12,2024-12-12,822324.58,822324.58,Paid On Time,0
R00006875,L000564,9,2025-01-12,2025-01-12,822324.58,822324.58,Paid On Time,0
R00006876,L000564,10,2025-02-12,2025-02-10,822324.58,822324.58,Paid On Time,0
R00006877,L000564,11,2025-03-12,2025-03-11,822324.58,822324.58,Paid On Time,0
R00006878,L000564,12,2025-04-12,2025-04-11,822324.58,822324.58,Paid On Time,0
R00006879,L000565,1,2025-09-22,2025-09-20,213205.57,213205.57,Paid On Time,0
R00006880,L000565,2,2025-10-22,2025-11-12,213205.57,213205.57,Paid Late,21
R00006881,L000565,3,2025-11-22,2025-11-22,213205.57,213205.57,Paid On Time,0
R00006882,L000565,4,2025-12-22,2025-12-21,213205.57,213205.57,Paid On Time,0
R00006883,L000565,5,2026-01-22,2026-02-19,213205.57,213205.57,Paid Late,28
R00006884,L000565,6,2026-02-22,2026-03-05,213205.57,213205.57,Paid Late,11
R00006885,L000565,7,2026-03-22,2026-03-22,213205.57,213205.57,Paid On Time,0
R00006886,L000565,8,2026-04-22,2026-04-21,213205.57,213205.57,Paid On Time,0
R00006887,L000565,9,2026-05-22,2026-05-21,213205.57,213205.57,Paid On Time,0
R00006888,L000565,10,2026-06-22,2026-06-22,213205.57,213205.57,Paid On Time,0
R00006889,L000565,11,2026-07-22,2026-07-20,213205.57,213205.57,Paid On Time,0
R00006890,L000565,12,2026-08-22,2026-08-22,213205.57,213205.57,Paid On Time,0
R00006891,L000566,1,2025-08-18,2025-08-29,185513.21,185513.21,Paid Late,11
R00006892,L000566,2,2025-09-18,2025-09-17,185513.21,185513.21,Paid On Time,0
R00006893,L000566,3,2025-10-18,2025-11-10,185513.21,185513.21,Paid Late,23
R00006894,L000566,4,2025-11-18,2025-11-17,185513.21,185513.21,Paid On Time,0
R00006895,L000566,5,2025-12-18,2025-12-18,185513.21,185513.21,Paid On Time,0
R00006896,L000566,6,2026-01-18,2026-02-15,185513.21,185513.21,Paid Late,28
R00006897,L000567,1,2025-12-22,2025-12-24,23739.43,23739.43,Paid Late,2
R00006898,L000567,2,2026-01-22,2026-01-22,23739.43,23739.43,Paid On Time,0
R00006899,L000567,3,2026-02-22,2026-02-22,23739.43,23739.43,Paid On Time,0
R00006900,L000567,4,2026-03-22,2026-03-21,23739.43,23739.43,Paid On Time,0
R00006901,L000567,5,2026-04-22,2026-04-22,23739.43,23739.43,Paid On Time,0
R00006902,L000567,6,2026-05-22,2026-05-20,23739.43,23739.43,Paid On Time,0
R00006903,L000567,7,2026-06-22,2026-07-08,23739.43,23739.43,Paid Late,16
R00006904,L000567,8,2026-07-22,2026-07-20,23739.43,23739.43,Paid On Time,0
R00006905,L000567,9,2026-08-22,2026-08-22,23739.43,23739.43,Paid On Time,0
R00006906,L000567,10,2026-09-22,2026-09-22,23739.43,23739.43,Paid On Time,0
R00006907,L000568,1,2025-11-22,2025-11-20,66869.79,66869.79,Paid On Time,0
R00006908,L000568,2,2025-12-22,2025-12-20,66869.79,66869.79,Paid On Time,0
R00006909,L000568,3,2026-01-22,2026-01-21,66869.79,66869.79,Paid On Time,0
R00006910,L000568,4,2026-02-22,2026-02-21,66869.79,66869.79,Paid On Time,0
R00006911,L000568,5,2026-03-22,2026-03-29,66869.79,66869.79,Paid Late,7
R00006912,L000568,6,2026-04-22,2026-04-21,66869.79,66869.79,Paid On Time,0
R00006913,L000568,7,2026-05-22,2026-05-20,66869.79,66869.79,Paid On Time,0
R00006914,L000568,8,2026-06-22,2026-07-02,66869.79,66869.79,Paid Late,10
R00006915,L000568,9,2026-07-22,2026-08-11,66869.79,66869.79,Paid Late,20
R00006916,L000568,10,2026-08-22,2026-09-09,66869.79,66869.79,Paid Late,18
R00006917,L000568,11,2026-09-22,2026-10-03,66869.79,66869.79,Paid Late,11
R00006918,L000569,1,2025-09-28,2025-09-27,218090.79,218090.79,Paid On Time,0
R00006919,L000569,2,2025-10-28,2025-10-27,218090.79,218090.79,Paid On Time,0
R00006920,L000569,3,2025-11-28,2025-11-28,218090.79,218090.79,Paid On Time,0
R00006921,L000569,4,2025-12-28,2025-12-26,218090.79,218090.79,Paid On Time,0
R00006922,L000569,5,2026-01-28,2026-01-27,218090.79,218090.79,Paid On Time,0
R00006923,L000569,6,2026-02-28,2026-02-27,218090.79,218090.79,Paid On Time,0
R00006924,L000569,7,2026-03-28,2026-03-28,218090.79,218090.79,Paid On Time,0
R00006925,L000569,8,2026-04-28,2026-04-28,218090.79,218090.79,Paid On Time,0
R00006926,L000569,9,2026-05-28,2026-05-26,218090.79,218090.79,Paid On Time,0
R00006927,L000569,10,2026-06-28,2026-06-27,218090.79,218090.79,Paid On Time,0
R00006928,L000569,11,2026-07-28,2026-07-27,218090.79,218090.79,Paid On Time,0
R00006929,L000569,12,2026-08-28,2026-08-28,218090.79,218090.79,Paid On Time,0
R00006930,L000569,13,2026-09-28,2026-10-04,218090.79,218090.79,Paid Late,6
R00006931,L000570,1,2026-08-20,2026-08-20,556067.91,556067.91,Paid On Time,0
R00006932,L000570,2,2026-09-20,2026-09-18,556067.91,556067.91,Paid On Time,0
R00006933,L000571,1,2025-06-16,2025-06-14,235474.03,235474.03,Paid On Time,0
R00006934,L000571,2,2025-07-16,2025-07-31,235474.03,235474.03,Paid Late,15
R00006935,L000571,3,2025-08-16,2025-08-15,235474.03,235474.03,Paid On Time,0
R00006936,L000571,4,2025-09-16,2025-09-15,235474.03,235474.03,Paid On Time,0
R00006937,L000571,5,2025-10-16,2025-10-16,235474.03,235474.03,Paid On Time,0
R00006938,L000571,6,2025-11-16,2025-11-14,235474.03,235474.03,Paid On Time,0
R00006939,L000571,7,2025-12-16,2026-01-11,235474.03,176070.88,Partial,26
R00006940,L000571,8,2026-01-16,2026-02-22,235474.03,121754.33,Partial,37
R00006941,L000571,9,2026-02-16,2026-02-15,235474.03,235474.03,Paid On Time,0
R00006942,L000571,10,2026-03-16,2026-03-16,235474.03,235474.03,Paid On Time,0
R00006943,L000571,11,2026-04-16,,235474.03,0.0,Unpaid,120
R00006944,L000571,12,2026-05-16,2026-05-14,235474.03,235474.03,Paid On Time,0
R00006945,L000572,1,2025-12-22,2026-01-06,837285.4,837285.4,Paid Late,15
R00006946,L000572,2,2026-01-22,2026-01-22,837285.4,837285.4,Paid On Time,0
R00006947,L000572,3,2026-02-22,2026-02-22,837285.4,837285.4,Paid On Time,0
R00006948,L000572,4,2026-03-22,2026-03-21,837285.4,837285.4,Paid On Time,0
R00006949,L000572,5,2026-04-22,2026-05-28,837285.4,354941.67,Partial,36
R00006950,L000572,6,2026-05-22,2026-05-22,837285.4,837285.4,Paid On Time,0
R00006951,L000572,7,2026-06-22,2026-06-20,837285.4,837285.4,Paid On Time,0
R00006952,L000572,8,2026-07-22,2026-07-21,837285.4,837285.4,Paid On Time,0
R00006953,L000572,9,2026-08-22,2026-08-20,837285.4,837285.4,Paid On Time,0
R00006954,L000572,10,2026-09-22,2026-09-22,837285.4,837285.4,Paid On Time,0
R00006955,L000573,1,2026-09-22,2026-09-21,216557.2,216557.2,Paid On Time,0
R00006956,L000574,1,2025-08-07,2025-08-06,210979.63,210979.63,Paid On Time,0
R00006957,L000574,2,2025-09-07,2025-09-05,210979.63,210979.63,Paid On Time,0
R00006958,L000574,3,2025-10-07,2025-10-29,210979.63,210979.63,Paid Late,22
R00006959,L000574,4,2025-11-07,2025-11-10,210979.63,210979.63,Paid Late,3
R00006960,L000574,5,2025-12-07,2025-12-05,210979.63,210979.63,Paid On Time,0
R00006961,L000574,6,2026-01-07,2026-03-01,210979.63,94586.18,Partial,53
R00006962,L000574,7,2026-02-07,2026-02-17,210979.63,210979.63,Paid Late,10
R00006963,L000574,8,2026-03-07,2026-03-06,210979.63,210979.63,Paid On Time,0
R00006964,L000574,9,2026-04-07,2026-04-05,210979.63,210979.63,Paid On Time,0
R00006965,L000574,10,2026-05-07,2026-05-26,210979.63,210979.63,Paid Late,19
R00006966,L000574,11,2026-06-07,2026-06-07,210979.63,210979.63,Paid On Time,0
R00006967,L000574,12,2026-07-07,2026-07-07,210979.63,210979.63,Paid On Time,0
R00006968,L000574,13,2026-08-07,2026-08-07,210979.63,210979.63,Paid On Time,0
R00006969,L000574,14,2026-09-07,2026-09-11,210979.63,210979.63,Paid Late,4
R00006970,L000575,1,2026-03-02,2026-03-01,286266.44,286266.44,Paid On Time,0
R00006971,L000575,2,2026-04-02,2026-05-30,286266.44,143842.38,Partial,58
R00006972,L000575,3,2026-05-02,2026-05-02,286266.44,286266.44,Paid On Time,0
R00006973,L000575,4,2026-06-02,2026-05-31,286266.44,286266.44,Paid On Time,0
R00006974,L000575,5,2026-07-02,2026-07-17,286266.44,198166.5,Partial,15
R00006975,L000575,6,2026-08-02,2026-08-01,286266.44,286266.44,Paid On Time,0
R00006976,L000575,7,2026-09-02,2026-08-31,286266.44,286266.44,Paid On Time,0
R00006977,L000576,1,2025-04-04,2025-04-03,1281987.97,1281987.97,Paid On Time,0
R00006978,L000576,2,2025-05-04,2025-05-19,1281987.97,1281987.97,Paid Late,15
R00006979,L000576,3,2025-06-04,2025-06-03,1281987.97,1281987.97,Paid On Time,0
R00006980,L000576,4,2025-07-04,2025-08-03,1281987.97,1281987.97,Paid Late,30
R00006981,L000576,5,2025-08-04,2025-08-04,1281987.97,1281987.97,Paid On Time,0
R00006982,L000576,6,2025-09-04,2025-09-04,1281987.97,1281987.97,Paid On Time,0
R00006983,L000577,1,2026-07-01,2026-06-29,66771.91,66771.91,Paid On Time,0
R00006984,L000577,2,2026-08-01,2026-08-01,66771.91,66771.91,Paid On Time,0
R00006985,L000577,3,2026-09-01,2026-09-06,66771.91,66771.91,Paid Late,5
R00006986,L000578,1,2024-04-01,2024-03-30,81800.06,81800.06,Paid On Time,0
R00006987,L000578,2,2024-05-01,2024-04-29,81800.06,81800.06,Paid On Time,0
R00006988,L000578,3,2024-06-01,2024-06-23,81800.06,81800.06,Paid Late,22
R00006989,L000578,4,2024-07-01,2024-07-01,81800.06,81800.06,Paid On Time,0
R00006990,L000578,5,2024-08-01,2024-07-30,81800.06,81800.06,Paid On Time,0
R00006991,L000578,6,2024-09-01,2024-08-30,81800.06,81800.06,Paid On Time,0
R00006992,L000578,7,2024-10-01,2024-10-01,81800.06,81800.06,Paid On Time,0
R00006993,L000578,8,2024-11-01,2024-10-31,81800.06,81800.06,Paid On Time,0
R00006994,L000578,9,2024-12-01,2024-12-01,81800.06,81800.06,Paid On Time,0
R00006995,L000578,10,2025-01-01,2024-12-30,81800.06,81800.06,Paid On Time,0
R00006996,L000578,11,2025-02-01,2025-01-30,81800.06,81800.06,Paid On Time,0
R00006997,L000578,12,2025-03-01,2025-04-18,81800.06,48294.19,Partial,48
R00006998,L000578,13,2025-04-01,2025-04-01,81800.06,81800.06,Paid On Time,0
R00006999,L000578,14,2025-05-01,2025-05-31,81800.06,81800.06,Paid Late,30
R00007000,L000578,15,2025-06-01,2025-06-01,81800.06,81800.06,Paid On Time,0
R00007001,L000578,16,2025-07-01,2025-06-30,81800.06,81800.06,Paid On Time,0
R00007002,L000578,17,2025-08-01,2025-07-31,81800.06,81800.06,Paid On Time,0
R00007003,L000578,18,2025-09-01,2025-08-31,81800.06,81800.06,Paid On Time,0
R00007004,L000578,19,2025-10-01,2025-10-01,81800.06,81800.06,Paid On Time,0
R00007005,L000578,20,2025-11-01,2025-11-18,81800.06,81800.06,Paid Late,17
R00007006,L000578,21,2025-12-01,2025-11-29,81800.06,81800.06,Paid On Time,0
R00007007,L000578,22,2026-01-01,2026-01-01,81800.06,81800.06,Paid On Time,0
R00007008,L000578,23,2026-02-01,2026-02-01,81800.06,81800.06,Paid On Time,0
R00007009,L000578,24,2026-03-01,2026-03-01,81800.06,81800.06,Paid On Time,0
R00007010,L000579,1,2026-04-22,2026-04-22,116798.1,116798.1,Paid On Time,0
R00007011,L000579,2,2026-05-22,2026-06-09,116798.1,116798.1,Paid Late,18
R00007012,L000579,3,2026-06-22,2026-06-22,116798.1,116798.1,Paid On Time,0
R00007013,L000579,4,2026-07-22,2026-07-21,116798.1,116798.1,Paid On Time,0
R00007014,L000579,5,2026-08-22,2026-08-20,116798.1,116798.1,Paid On Time,0
R00007015,L000579,6,2026-09-22,2026-09-30,116798.1,62009.06,Partial,26
R00007016,L000580,1,2024-04-11,,190874.3,0.0,Unpaid,90
R00007017,L000580,2,2024-05-11,2024-05-09,190874.3,190874.3,Paid On Time,0
R00007018,L000580,3,2024-06-11,2024-06-09,190874.3,190874.3,Paid On Time,0
R00007019,L000580,4,2024-07-11,2024-08-01,190874.3,190874.3,Paid Late,21
R00007020,L000580,5,2024-08-11,2024-08-11,190874.3,190874.3,Paid On Time,0
R00007021,L000580,6,2024-09-11,2024-09-11,190874.3,190874.3,Paid On Time,0
R00007022,L000580,7,2024-10-11,2024-10-10,190874.3,190874.3,Paid On Time,0
R00007023,L000580,8,2024-11-11,2024-11-11,190874.3,190874.3,Paid On Time,0
R00007024,L000580,9,2024-12-11,2024-12-10,190874.3,190874.3,Paid On Time,0
R00007025,L000580,10,2025-01-11,2025-01-11,190874.3,190874.3,Paid On Time,0
R00007026,L000580,11,2025-02-11,2025-02-09,190874.3,190874.3,Paid On Time,0
R00007027,L000580,12,2025-03-11,2025-03-09,190874.3,190874.3,Paid On Time,0
R00007028,L000580,13,2025-04-11,2025-04-09,190874.3,190874.3,Paid On Time,0
R00007029,L000580,14,2025-05-11,2025-05-11,190874.3,190874.3,Paid On Time,0
R00007030,L000580,15,2025-06-11,,190874.3,0.0,Unpaid,90
R00007031,L000580,16,2025-07-11,2025-07-11,190874.3,190874.3,Paid On Time,0
R00007032,L000580,17,2025-08-11,2025-08-24,190874.3,190874.3,Paid Late,13
R00007033,L000580,18,2025-09-11,2025-09-09,190874.3,190874.3,Paid On Time,0
R00007034,L000581,1,2025-01-19,2025-02-07,36948.85,36948.85,Paid Late,19
R00007035,L000581,2,2025-02-19,2025-02-28,36948.85,36948.85,Paid Late,9
R00007036,L000581,3,2025-03-19,2025-04-05,36948.85,36948.85,Paid Late,17
R00007037,L000581,4,2025-04-19,2025-05-24,36948.85,28694.43,Partial,35
R00007038,L000581,5,2025-05-19,2025-05-17,36948.85,36948.85,Paid On Time,0
R00007039,L000581,6,2025-06-19,2025-06-18,36948.85,36948.85,Paid On Time,0
R00007040,L000581,7,2025-07-19,2025-07-17,36948.85,36948.85,Paid On Time,0
R00007041,L000581,8,2025-08-19,2025-08-18,36948.85,36948.85,Paid On Time,0
R00007042,L000581,9,2025-09-19,2025-09-19,36948.85,36948.85,Paid On Time,0
R00007043,L000581,10,2025-10-19,2025-10-19,36948.85,36948.85,Paid On Time,0
R00007044,L000581,11,2025-11-19,2025-11-18,36948.85,36948.85,Paid On Time,0
R00007045,L000581,12,2025-12-19,2025-12-17,36948.85,36948.85,Paid On Time,0
R00007046,L000581,13,2026-01-19,2026-01-26,36948.85,36948.85,Paid Late,7
R00007047,L000581,14,2026-02-19,2026-02-19,36948.85,36948.85,Paid On Time,0
R00007048,L000581,15,2026-03-19,2026-03-19,36948.85,36948.85,Paid On Time,0
R00007049,L000581,16,2026-04-19,2026-04-19,36948.85,36948.85,Paid On Time,0
R00007050,L000581,17,2026-05-19,2026-05-18,36948.85,36948.85,Paid On Time,0
R00007051,L000581,18,2026-06-19,2026-06-19,36948.85,36948.85,Paid On Time,0
R00007052,L000581,19,2026-07-19,2026-07-19,36948.85,36948.85,Paid On Time,0
R00007053,L000581,20,2026-08-19,2026-08-17,36948.85,36948.85,Paid On Time,0
R00007054,L000581,21,2026-09-19,2026-10-07,36948.85,36948.85,Paid Late,18
R00007055,L000582,1,2026-06-28,2026-06-28,106326.07,106326.07,Paid On Time,0
R00007056,L000582,2,2026-07-28,2026-08-11,106326.07,106326.07,Paid Late,14
R00007057,L000582,3,2026-08-28,2026-08-26,106326.07,106326.07,Paid On Time,0
R00007058,L000582,4,2026-09-28,2026-09-27,106326.07,106326.07,Paid On Time,0
R00007059,L000583,1,2024-11-04,2024-11-04,76630.34,76630.34,Paid On Time,0
R00007060,L000583,2,2024-12-04,2024-12-06,76630.34,76630.34,Paid Late,2
R00007061,L000583,3,2025-01-04,2025-01-03,76630.34,76630.34,Paid On Time,0
R00007062,L000583,4,2025-02-04,2025-02-03,76630.34,76630.34,Paid On Time,0
R00007063,L000583,5,2025-03-04,2025-03-02,76630.34,76630.34,Paid On Time,0
R00007064,L000583,6,2025-04-04,2025-04-04,76630.34,76630.34,Paid On Time,0
R00007065,L000583,7,2025-05-04,,76630.34,0.0,Unpaid,90
R00007066,L000583,8,2025-06-04,2025-06-04,76630.34,76630.34,Paid On Time,0
R00007067,L000583,9,2025-07-04,2025-07-03,76630.34,76630.34,Paid On Time,0
R00007068,L000583,10,2025-08-04,2025-08-02,76630.34,76630.34,Paid On Time,0
R00007069,L000583,11,2025-09-04,2025-10-10,76630.34,42494.13,Partial,36
R00007070,L000583,12,2025-10-04,2025-10-21,76630.34,76630.34,Paid Late,17
R00007071,L000583,13,2025-11-04,2025-11-04,76630.34,76630.34,Paid On Time,0
R00007072,L000583,14,2025-12-04,2025-12-14,76630.34,76630.34,Paid Late,10
R00007073,L000583,15,2026-01-04,2026-01-03,76630.34,76630.34,Paid On Time,0
R00007074,L000583,16,2026-02-04,2026-02-24,76630.34,76630.34,Paid Late,20
R00007075,L000583,17,2026-03-04,2026-03-04,76630.34,76630.34,Paid On Time,0
R00007076,L000583,18,2026-04-04,2026-04-04,76630.34,76630.34,Paid On Time,0
R00007077,L000584,1,2026-06-26,2026-06-25,34591.78,34591.78,Paid On Time,0
R00007078,L000584,2,2026-07-26,2026-07-26,34591.78,34591.78,Paid On Time,0
R00007079,L000584,3,2026-08-26,2026-09-25,34591.78,34591.78,Paid Late,30
R00007080,L000584,4,2026-09-26,2026-09-30,34591.78,18288.15,Partial,57
R00007081,L000585,1,2024-05-22,2024-05-20,1751932.54,1751932.54,Paid On Time,0
R00007082,L000585,2,2024-06-22,2024-07-02,1751932.54,1751932.54,Paid Late,10
R00007083,L000585,3,2024-07-22,,1751932.54,0.0,Unpaid,60
R00007084,L000585,4,2024-08-22,2024-09-09,1751932.54,1751932.54,Paid Late,18
R00007085,L000585,5,2024-09-22,2024-09-20,1751932.54,1751932.54,Paid On Time,0
R00007086,L000585,6,2024-10-22,2024-10-20,1751932.54,1751932.54,Paid On Time,0
R00007087,L000586,1,2024-07-01,2024-06-29,126382.74,126382.74,Paid On Time,0
R00007088,L000586,2,2024-08-01,2024-07-30,126382.74,126382.74,Paid On Time,0
R00007089,L000586,3,2024-09-01,2024-09-02,126382.74,126382.74,Paid Late,1
R00007090,L000586,4,2024-10-01,2024-09-30,126382.74,126382.74,Paid On Time,0
R00007091,L000586,5,2024-11-01,2024-11-24,126382.74,126382.74,Paid Late,23
R00007092,L000586,6,2024-12-01,2024-11-30,126382.74,126382.74,Paid On Time,0
R00007093,L000586,7,2025-01-01,2025-01-12,126382.74,126382.74,Paid Late,11
R00007094,L000586,8,2025-02-01,2025-01-31,126382.74,126382.74,Paid On Time,0
R00007095,L000586,9,2025-03-01,2025-02-28,126382.74,126382.74,Paid On Time,0
R00007096,L000586,10,2025-04-01,2025-03-31,126382.74,126382.74,Paid On Time,0
R00007097,L000586,11,2025-05-01,2025-05-01,126382.74,126382.74,Paid On Time,0
R00007098,L000586,12,2025-06-01,2025-05-30,126382.74,126382.74,Paid On Time,0
R00007099,L000586,13,2025-07-01,2025-07-01,126382.74,126382.74,Paid On Time,0
R00007100,L000586,14,2025-08-01,2025-07-30,126382.74,126382.74,Paid On Time,0
R00007101,L000586,15,2025-09-01,2025-08-30,126382.74,126382.74,Paid On Time,0
R00007102,L000586,16,2025-10-01,2025-10-30,126382.74,126382.74,Paid Late,29
R00007103,L000586,17,2025-11-01,2025-11-01,126382.74,126382.74,Paid On Time,0
R00007104,L000586,18,2025-12-01,2025-12-26,126382.74,126382.74,Paid Late,25
R00007105,L000587,1,2026-02-11,2026-02-09,513821.73,513821.73,Paid On Time,0
R00007106,L000587,2,2026-03-11,2026-03-09,513821.73,513821.73,Paid On Time,0
R00007107,L000587,3,2026-04-11,2026-04-11,513821.73,513821.73,Paid On Time,0
R00007108,L000587,4,2026-05-11,2026-05-21,513821.73,513821.73,Paid Late,10
R00007109,L000587,5,2026-06-11,2026-06-10,513821.73,513821.73,Paid On Time,0
R00007110,L000587,6,2026-07-11,2026-07-09,513821.73,513821.73,Paid On Time,0
R00007111,L000587,7,2026-08-11,2026-08-10,513821.73,513821.73,Paid On Time,0
R00007112,L000587,8,2026-09-11,2026-09-11,513821.73,513821.73,Paid On Time,0
R00007113,L000588,1,2025-12-02,2025-12-01,75651.12,75651.12,Paid On Time,0
R00007114,L000588,2,2026-01-02,2026-01-21,75651.12,75651.12,Paid Late,19
R00007115,L000588,3,2026-02-02,2026-02-26,75651.12,75651.12,Paid Late,24
R00007116,L000588,4,2026-03-02,2026-03-01,75651.12,75651.12,Paid On Time,0
R00007117,L000588,5,2026-04-02,2026-03-31,75651.12,75651.12,Paid On Time,0
R00007118,L000588,6,2026-05-02,2026-05-22,75651.12,75651.12,Paid Late,20
R00007119,L000588,7,2026-06-02,2026-06-02,75651.12,75651.12,Paid On Time,0
R00007120,L000588,8,2026-07-02,2026-06-30,75651.12,75651.12,Paid On Time,0
R00007121,L000588,9,2026-08-02,2026-08-22,75651.12,75651.12,Paid Late,20
R00007122,L000588,10,2026-09-02,2026-09-02,75651.12,75651.12,Paid On Time,0
R00007123,L000589,1,2024-08-01,2024-08-01,776675.94,776675.94,Paid On Time,0
R00007124,L000589,2,2024-09-01,2024-09-12,776675.94,776675.94,Paid Late,11
R00007125,L000589,3,2024-10-01,2024-10-28,776675.94,521196.88,Partial,27
R00007126,L000589,4,2024-11-01,2024-10-31,776675.94,776675.94,Paid On Time,0
R00007127,L000589,5,2024-12-01,2024-11-29,776675.94,776675.94,Paid On Time,0
R00007128,L000589,6,2025-01-01,,776675.94,0.0,Unpaid,90
R00007129,L000589,7,2025-02-01,2025-02-01,776675.94,776675.94,Paid On Time,0
R00007130,L000589,8,2025-03-01,2025-03-16,776675.94,615038.78,Partial,15
R00007131,L000589,9,2025-04-01,2025-03-30,776675.94,776675.94,Paid On Time,0
R00007132,L000589,10,2025-05-01,2025-04-30,776675.94,776675.94,Paid On Time,0
R00007133,L000589,11,2025-06-01,2025-05-30,776675.94,776675.94,Paid On Time,0
R00007134,L000589,12,2025-07-01,2025-07-01,776675.94,776675.94,Paid On Time,0
R00007135,L000590,1,2024-05-08,2024-05-06,177860.25,177860.25,Paid On Time,0
R00007136,L000590,2,2024-06-08,2024-06-08,177860.25,177860.25,Paid On Time,0
R00007137,L000590,3,2024-07-08,2024-07-06,177860.25,177860.25,Paid On Time,0
R00007138,L000590,4,2024-08-08,2024-08-06,177860.25,177860.25,Paid On Time,0
R00007139,L000590,5,2024-09-08,2024-09-08,177860.25,177860.25,Paid On Time,0
R00007140,L000590,6,2024-10-08,2024-10-08,177860.25,177860.25,Paid On Time,0
R00007141,L000590,7,2024-11-08,2025-01-04,177860.25,98746.94,Partial,57
R00007142,L000590,8,2024-12-08,2024-12-08,177860.25,177860.25,Paid On Time,0
R00007143,L000590,9,2025-01-08,2025-02-12,177860.25,67866.35,Partial,35
R00007144,L000590,10,2025-02-08,2025-02-08,177860.25,177860.25,Paid On Time,0
R00007145,L000590,11,2025-03-08,2025-03-06,177860.25,177860.25,Paid On Time,0
R00007146,L000590,12,2025-04-08,2025-04-06,177860.25,177860.25,Paid On Time,0
R00007147,L000590,13,2025-05-08,2025-05-07,177860.25,177860.25,Paid On Time,0
R00007148,L000590,14,2025-06-08,2025-06-22,177860.25,177860.25,Paid Late,14
R00007149,L000590,15,2025-07-08,2025-07-06,177860.25,177860.25,Paid On Time,0
R00007150,L000590,16,2025-08-08,2025-08-06,177860.25,177860.25,Paid On Time,0
R00007151,L000590,17,2025-09-08,2025-09-08,177860.25,177860.25,Paid On Time,0
R00007152,L000590,18,2025-10-08,2025-10-08,177860.25,177860.25,Paid On Time,0
R00007153,L000590,19,2025-11-08,2025-11-06,177860.25,177860.25,Paid On Time,0
R00007154,L000590,20,2025-12-08,2025-12-06,177860.25,177860.25,Paid On Time,0
R00007155,L000590,21,2026-01-08,2026-02-03,177860.25,177860.25,Paid Late,26
R00007156,L000590,22,2026-02-08,2026-04-09,177860.25,108552.98,Partial,60
R00007157,L000590,23,2026-03-08,2026-03-08,177860.25,177860.25,Paid On Time,0
R00007158,L000590,24,2026-04-08,2026-04-06,177860.25,177860.25,Paid On Time,0
R00007159,L000591,1,2025-10-22,2025-10-21,1249657.93,1249657.93,Paid On Time,0
R00007160,L000591,2,2025-11-22,2025-12-09,1249657.93,1249657.93,Paid Late,17
R00007161,L000591,3,2025-12-22,,1249657.93,0.0,Unpaid,60
R00007162,L000591,4,2026-01-22,2026-01-22,1249657.93,1249657.93,Paid On Time,0
R00007163,L000591,5,2026-02-22,2026-02-22,1249657.93,1249657.93,Paid On Time,0
R00007164,L000591,6,2026-03-22,,1249657.93,0.0,Unpaid,30
R00007165,L000591,7,2026-04-22,2026-06-01,1249657.93,526405.18,Partial,40
R00007166,L000591,8,2026-05-22,2026-05-22,1249657.93,1249657.93,Paid On Time,0
R00007167,L000591,9,2026-06-22,2026-06-20,1249657.93,1249657.93,Paid On Time,0
R00007168,L000591,10,2026-07-22,2026-09-01,1249657.93,606083.32,Partial,41
R00007169,L000591,11,2026-08-22,2026-09-08,1249657.93,1249657.93,Paid Late,17
R00007170,L000591,12,2026-09-22,2026-09-22,1249657.93,1249657.93,Paid On Time,0
R00007171,L000592,1,2026-08-17,2026-08-16,208245.96,208245.96,Paid On Time,0
R00007172,L000592,2,2026-09-17,2026-09-15,208245.96,208245.96,Paid On Time,0
R00007173,L000593,1,2026-06-28,2026-07-07,55593.08,55593.08,Paid Late,9
R00007174,L000593,2,2026-07-28,2026-07-27,55593.08,55593.08,Paid On Time,0
R00007175,L000593,3,2026-08-28,2026-08-27,55593.08,55593.08,Paid On Time,0
R00007176,L000593,4,2026-09-28,2026-09-26,55593.08,55593.08,Paid On Time,0
R00007177,L000594,1,2025-10-12,2025-10-11,29722.64,29722.64,Paid On Time,0
R00007178,L000594,2,2025-11-12,2025-11-11,29722.64,29722.64,Paid On Time,0
R00007179,L000594,3,2025-12-12,2025-12-14,29722.64,29722.64,Paid Late,2
R00007180,L000594,4,2026-01-12,2026-01-10,29722.64,29722.64,Paid On Time,0
R00007181,L000594,5,2026-02-12,2026-02-10,29722.64,29722.64,Paid On Time,0
R00007182,L000594,6,2026-03-12,2026-03-12,29722.64,29722.64,Paid On Time,0
R00007183,L000594,7,2026-04-12,2026-04-12,29722.64,29722.64,Paid On Time,0
R00007184,L000594,8,2026-05-12,2026-05-12,29722.64,29722.64,Paid On Time,0
R00007185,L000594,9,2026-06-12,2026-06-12,29722.64,29722.64,Paid On Time,0
R00007186,L000594,10,2026-07-12,2026-07-10,29722.64,29722.64,Paid On Time,0
R00007187,L000594,11,2026-08-12,2026-08-10,29722.64,29722.64,Paid On Time,0
R00007188,L000594,12,2026-09-12,2026-09-10,29722.64,29722.64,Paid On Time,0
R00007189,L000595,1,2026-03-19,2026-03-18,107777.25,107777.25,Paid On Time,0
R00007190,L000595,2,2026-04-19,2026-04-30,107777.25,70193.03,Partial,11
R00007191,L000595,3,2026-05-19,2026-06-16,107777.25,107777.25,Paid Late,28
R00007192,L000595,4,2026-06-19,2026-06-18,107777.25,107777.25,Paid On Time,0
R00007193,L000595,5,2026-07-19,2026-07-17,107777.25,107777.25,Paid On Time,0
R00007194,L000595,6,2026-08-19,2026-08-19,107777.25,107777.25,Paid On Time,0
R00007195,L000595,7,2026-09-19,2026-09-18,107777.25,107777.25,Paid On Time,0
R00007196,L000596,1,2024-04-07,2024-04-06,182004.88,182004.88,Paid On Time,0
R00007197,L000596,2,2024-05-07,2024-05-25,182004.88,182004.88,Paid Late,18
R00007198,L000596,3,2024-06-07,2024-06-06,182004.88,182004.88,Paid On Time,0
R00007199,L000596,4,2024-07-07,2024-08-03,182004.88,182004.88,Paid Late,27
R00007200,L000596,5,2024-08-07,2024-08-05,182004.88,182004.88,Paid On Time,0
R00007201,L000596,6,2024-09-07,2024-09-07,182004.88,182004.88,Paid On Time,0
R00007202,L000596,7,2024-10-07,2024-10-06,182004.88,182004.88,Paid On Time,0
R00007203,L000596,8,2024-11-07,2024-11-06,182004.88,182004.88,Paid On Time,0
R00007204,L000596,9,2024-12-07,2024-12-05,182004.88,182004.88,Paid On Time,0
R00007205,L000596,10,2025-01-07,2025-01-25,182004.88,122988.93,Partial,18
R00007206,L000596,11,2025-02-07,2025-02-07,182004.88,182004.88,Paid On Time,0
R00007207,L000596,12,2025-03-07,2025-03-06,182004.88,182004.88,Paid On Time,0
R00007208,L000596,13,2025-04-07,2025-04-05,182004.88,182004.88,Paid On Time,0
R00007209,L000596,14,2025-05-07,2025-05-07,182004.88,182004.88,Paid On Time,0
R00007210,L000596,15,2025-06-07,2025-06-07,182004.88,182004.88,Paid On Time,0
R00007211,L000596,16,2025-07-07,2025-07-06,182004.88,182004.88,Paid On Time,0
R00007212,L000596,17,2025-08-07,2025-08-05,182004.88,182004.88,Paid On Time,0
R00007213,L000596,18,2025-09-07,2025-09-05,182004.88,182004.88,Paid On Time,0
R00007214,L000596,19,2025-10-07,2025-11-08,182004.88,139123.79,Partial,32
R00007215,L000596,20,2025-11-07,2025-11-07,182004.88,182004.88,Paid On Time,0
R00007216,L000596,21,2025-12-07,2025-12-06,182004.88,182004.88,Paid On Time,0
R00007217,L000596,22,2026-01-07,2026-01-06,182004.88,182004.88,Paid On Time,0
R00007218,L000596,23,2026-02-07,2026-02-07,182004.88,182004.88,Paid On Time,0
R00007219,L000596,24,2026-03-07,2026-03-18,182004.88,182004.88,Paid Late,11
R00007220,L000597,1,2026-02-28,2026-02-26,20250.03,20250.03,Paid On Time,0
R00007221,L000597,2,2026-03-28,2026-03-28,20250.03,20250.03,Paid On Time,0
R00007222,L000597,3,2026-04-28,2026-04-27,20250.03,20250.03,Paid On Time,0
R00007223,L000597,4,2026-05-28,,20250.03,0.0,Unpaid,90
R00007224,L000597,5,2026-06-28,2026-06-26,20250.03,20250.03,Paid On Time,0
R00007225,L000597,6,2026-07-28,2026-07-28,20250.03,20250.03,Paid On Time,0
R00007226,L000597,7,2026-08-28,2026-08-26,20250.03,20250.03,Paid On Time,0
R00007227,L000597,8,2026-09-28,2026-09-26,20250.03,20250.03,Paid On Time,0
R00007228,L000598,1,2025-03-28,2025-03-26,198548.78,198548.78,Paid On Time,0
R00007229,L000598,2,2025-04-28,2025-05-24,198548.78,80728.61,Partial,26
R00007230,L000598,3,2025-05-28,2025-05-27,198548.78,198548.78,Paid On Time,0
R00007231,L000598,4,2025-06-28,2025-06-28,198548.78,198548.78,Paid On Time,0
R00007232,L000598,5,2025-07-28,2025-08-24,198548.78,198548.78,Paid Late,27
R00007233,L000598,6,2025-08-28,2025-08-26,198548.78,198548.78,Paid On Time,0
R00007234,L000598,7,2025-09-28,2025-10-09,198548.78,198548.78,Paid Late,11
R00007235,L000598,8,2025-10-28,2025-12-01,198548.78,89537.13,Partial,34
R00007236,L000598,9,2025-11-28,2025-11-26,198548.78,198548.78,Paid On Time,0
R00007237,L000598,10,2025-12-28,2025-12-27,198548.78,198548.78,Paid On Time,0
R00007238,L000598,11,2026-01-28,2026-01-28,198548.78,198548.78,Paid On Time,0
R00007239,L000598,12,2026-02-28,2026-02-28,198548.78,198548.78,Paid On Time,0
R00007240,L000599,1,2024-09-28,2024-09-28,144247.6,144247.6,Paid On Time,0
R00007241,L000599,2,2024-10-28,2024-10-28,144247.6,144247.6,Paid On Time,0
R00007242,L000599,3,2024-11-28,2024-11-27,144247.6,144247.6,Paid On Time,0
R00007243,L000599,4,2024-12-28,2024-12-29,144247.6,144247.6,Paid Late,1
R00007244,L000599,5,2025-01-28,2025-01-28,144247.6,144247.6,Paid On Time,0
R00007245,L000599,6,2025-02-28,2025-03-11,144247.6,144247.6,Paid Late,11
R00007246,L000599,7,2025-03-28,2025-03-28,144247.6,144247.6,Paid On Time,0
R00007247,L000599,8,2025-04-28,2025-04-28,144247.6,144247.6,Paid On Time,0
R00007248,L000599,9,2025-05-28,2025-05-27,144247.6,144247.6,Paid On Time,0
R00007249,L000599,10,2025-06-28,2025-06-28,144247.6,144247.6,Paid On Time,0
R00007250,L000599,11,2025-07-28,2025-08-24,144247.6,144247.6,Paid Late,27
R00007251,L000599,12,2025-08-28,2025-09-13,144247.6,144247.6,Paid Late,16
R00007252,L000599,13,2025-09-28,2025-11-09,144247.6,111423.64,Partial,42
R00007253,L000599,14,2025-10-28,2025-12-10,144247.6,63577.97,Partial,43
R00007254,L000599,15,2025-11-28,2025-11-27,144247.6,144247.6,Paid On Time,0
R00007255,L000599,16,2025-12-28,2026-01-06,144247.6,144247.6,Paid Late,9
R00007256,L000599,17,2026-01-28,2026-01-28,144247.6,144247.6,Paid On Time,0
R00007257,L000599,18,2026-02-28,2026-02-27,144247.6,144247.6,Paid On Time,0
R00007258,L000599,19,2026-03-28,2026-04-05,144247.6,144247.6,Paid Late,8
R00007259,L000599,20,2026-04-28,2026-05-08,144247.6,144247.6,Paid Late,10
R00007260,L000599,21,2026-05-28,2026-05-28,144247.6,144247.6,Paid On Time,0
R00007261,L000599,22,2026-06-28,2026-07-19,144247.6,144247.6,Paid Late,21
R00007262,L000599,23,2026-07-28,2026-07-26,144247.6,144247.6,Paid On Time,0
R00007263,L000599,24,2026-08-28,2026-08-27,144247.6,144247.6,Paid On Time,0
R00007264,L000599,25,2026-09-28,2026-10-20,144247.6,144247.6,Paid Late,22
R00007265,L000600,1,2024-04-01,2024-03-31,85873.01,85873.01,Paid On Time,0
R00007266,L000600,2,2024-05-01,2024-04-29,85873.01,85873.01,Paid On Time,0
R00007267,L000600,3,2024-06-01,2024-06-01,85873.01,85873.01,Paid On Time,0
R00007268,L000600,4,2024-07-01,2024-07-01,85873.01,85873.01,Paid On Time,0
R00007269,L000600,5,2024-08-01,2024-08-01,85873.01,85873.01,Paid On Time,0
R00007270,L000600,6,2024-09-01,2024-08-30,85873.01,85873.01,Paid On Time,0
R00007271,L000600,7,2024-10-01,2024-10-01,85873.01,85873.01,Paid On Time,0
R00007272,L000600,8,2024-11-01,2024-10-31,85873.01,85873.01,Paid On Time,0
R00007273,L000600,9,2024-12-01,2024-11-30,85873.01,85873.01,Paid On Time,0
R00007274,L000600,10,2025-01-01,2025-01-01,85873.01,85873.01,Paid On Time,0
R00007275,L000600,11,2025-02-01,2025-02-15,85873.01,85873.01,Paid Late,14
R00007276,L000600,12,2025-03-01,2025-03-01,85873.01,85873.01,Paid On Time,0
R00007277,L000600,13,2025-04-01,2025-03-30,85873.01,85873.01,Paid On Time,0
R00007278,L000600,14,2025-05-01,2025-04-29,85873.01,85873.01,Paid On Time,0
R00007279,L000600,15,2025-06-01,2025-05-30,85873.01,85873.01,Paid On Time,0
R00007280,L000600,16,2025-07-01,2025-07-01,85873.01,85873.01,Paid On Time,0
R00007281,L000600,17,2025-08-01,,85873.01,0.0,Unpaid,90
R00007282,L000600,18,2025-09-01,2025-08-31,85873.01,85873.01,Paid On Time,0
R00007283,L000600,19,2025-10-01,2025-10-26,85873.01,38315.13,Partial,25
R00007284,L000600,20,2025-11-01,2025-10-30,85873.01,85873.01,Paid On Time,0
R00007285,L000600,21,2025-12-01,2025-12-24,85873.01,85873.01,Paid Late,23
R00007286,L000600,22,2026-01-01,2025-12-30,85873.01,85873.01,Paid On Time,0
R00007287,L000600,23,2026-02-01,2026-02-13,85873.01,85873.01,Paid Late,12
R00007288,L000600,24,2026-03-01,2026-02-27,85873.01,85873.01,Paid On Time,0
R00007289,L000601,1,2024-06-14,2024-06-14,65913.82,65913.82,Paid On Time,0
R00007290,L000601,2,2024-07-14,2024-07-15,65913.82,65913.82,Paid Late,1
R00007291,L000601,3,2024-08-14,2024-08-14,65913.82,65913.82,Paid On Time,0
R00007292,L000601,4,2024-09-14,2024-09-12,65913.82,65913.82,Paid On Time,0
R00007293,L000601,5,2024-10-14,2024-10-13,65913.82,65913.82,Paid On Time,0
R00007294,L000601,6,2024-11-14,2025-01-06,65913.82,43100.14,Partial,53
R00007295,L000601,7,2024-12-14,2024-12-19,65913.82,65913.82,Paid Late,5
R00007296,L000601,8,2025-01-14,2025-01-13,65913.82,65913.82,Paid On Time,0
R00007297,L000601,9,2025-02-14,2025-02-14,65913.82,65913.82,Paid On Time,0
R00007298,L000601,10,2025-03-14,2025-05-10,65913.82,31374.58,Partial,57
R00007299,L000601,11,2025-04-14,2025-04-12,65913.82,65913.82,Paid On Time,0
R00007300,L000601,12,2025-05-14,2025-05-13,65913.82,65913.82,Paid On Time,0
R00007301,L000601,13,2025-06-14,2025-07-04,65913.82,65913.82,Paid Late,20
R00007302,L000601,14,2025-07-14,2025-07-13,65913.82,65913.82,Paid On Time,0
R00007303,L000601,15,2025-08-14,2025-08-14,65913.82,65913.82,Paid On Time,0
R00007304,L000601,16,2025-09-14,2025-09-12,65913.82,65913.82,Paid On Time,0
R00007305,L000601,17,2025-10-14,2025-10-12,65913.82,65913.82,Paid On Time,0
R00007306,L000601,18,2025-11-14,2025-11-12,65913.82,65913.82,Paid On Time,0
R00007307,L000601,19,2025-12-14,2026-01-10,65913.82,23610.43,Partial,27
R00007308,L000601,20,2026-01-14,2026-01-13,65913.82,65913.82,Paid On Time,0
R00007309,L000601,21,2026-02-14,2026-03-12,65913.82,65913.82,Paid Late,26
R00007310,L000601,22,2026-03-14,2026-03-13,65913.82,65913.82,Paid On Time,0
R00007311,L000601,23,2026-04-14,2026-04-14,65913.82,65913.82,Paid On Time,0
R00007312,L000601,24,2026-05-14,2026-05-12,65913.82,65913.82,Paid On Time,0
R00007313,L000601,25,2026-06-14,2026-06-12,65913.82,65913.82,Paid On Time,0
R00007314,L000601,26,2026-07-14,2026-07-14,65913.82,65913.82,Paid On Time,0
R00007315,L000601,27,2026-08-14,2026-08-29,65913.82,65913.82,Paid Late,15
R00007316,L000601,28,2026-09-14,2026-09-24,65913.82,65913.82,Paid Late,10
R00007317,L000602,1,2025-06-25,2025-06-25,317665.3,317665.3,Paid On Time,0
R00007318,L000602,2,2025-07-25,2025-07-24,317665.3,317665.3,Paid On Time,0
R00007319,L000602,3,2025-08-25,2025-08-25,317665.3,317665.3,Paid On Time,0
R00007320,L000602,4,2025-09-25,2025-10-21,317665.3,317665.3,Paid Late,26
R00007321,L000602,5,2025-10-25,2025-10-24,317665.3,317665.3,Paid On Time,0
R00007322,L000602,6,2025-11-25,2025-11-24,317665.3,317665.3,Paid On Time,0
R00007323,L000602,7,2025-12-25,,317665.3,0.0,Unpaid,60
R00007324,L000602,8,2026-01-25,2026-02-24,317665.3,317665.3,Paid Late,30
R00007325,L000602,9,2026-02-25,2026-03-10,317665.3,317665.3,Paid Late,13
R00007326,L000602,10,2026-03-25,2026-03-25,317665.3,317665.3,Paid On Time,0
R00007327,L000602,11,2026-04-25,2026-05-15,317665.3,147688.4,Partial,20
R00007328,L000602,12,2026-05-25,2026-05-23,317665.3,317665.3,Paid On Time,0
R00007329,L000602,13,2026-06-25,2026-06-25,317665.3,317665.3,Paid On Time,0
R00007330,L000602,14,2026-07-25,2026-07-23,317665.3,317665.3,Paid On Time,0
R00007331,L000602,15,2026-08-25,2026-08-23,317665.3,317665.3,Paid On Time,0
R00007332,L000602,16,2026-09-25,2026-09-23,317665.3,317665.3,Paid On Time,0
R00007333,L000603,1,2025-02-13,2025-02-11,113567.0,113567.0,Paid On Time,0
R00007334,L000603,2,2025-03-13,2025-03-13,113567.0,113567.0,Paid On Time,0
R00007335,L000603,3,2025-04-13,2025-04-11,113567.0,113567.0,Paid On Time,0
R00007336,L000603,4,2025-05-13,2025-05-11,113567.0,113567.0,Paid On Time,0
R00007337,L000603,5,2025-06-13,2025-06-12,113567.0,113567.0,Paid On Time,0
R00007338,L000603,6,2025-07-13,2025-07-11,113567.0,113567.0,Paid On Time,0
R00007339,L000603,7,2025-08-13,2025-08-11,113567.0,113567.0,Paid On Time,0
R00007340,L000603,8,2025-09-13,2025-09-12,113567.0,113567.0,Paid On Time,0
R00007341,L000603,9,2025-10-13,2025-11-12,113567.0,113567.0,Paid Late,30
R00007342,L000603,10,2025-11-13,2025-11-13,113567.0,113567.0,Paid On Time,0
R00007343,L000603,11,2025-12-13,2025-12-11,113567.0,113567.0,Paid On Time,0
R00007344,L000603,12,2026-01-13,2026-01-13,113567.0,113567.0,Paid On Time,0
R00007345,L000603,13,2026-02-13,2026-02-23,113567.0,113567.0,Paid Late,10
R00007346,L000603,14,2026-03-13,2026-03-11,113567.0,113567.0,Paid On Time,0
R00007347,L000603,15,2026-04-13,2026-04-13,113567.0,113567.0,Paid On Time,0
R00007348,L000603,16,2026-05-13,2026-06-05,113567.0,113567.0,Paid Late,23
R00007349,L000603,17,2026-06-13,2026-06-13,113567.0,113567.0,Paid On Time,0
R00007350,L000603,18,2026-07-13,2026-07-13,113567.0,113567.0,Paid On Time,0
R00007351,L000603,19,2026-08-13,2026-09-30,113567.0,53977.97,Partial,55
R00007352,L000603,20,2026-09-13,2026-09-12,113567.0,113567.0,Paid On Time,0
R00007353,L000604,1,2024-05-22,2024-05-20,76867.76,76867.76,Paid On Time,0
R00007354,L000604,2,2024-06-22,2024-06-20,76867.76,76867.76,Paid On Time,0
R00007355,L000604,3,2024-07-22,2024-08-11,76867.76,76867.76,Paid Late,20
R00007356,L000604,4,2024-08-22,2024-08-22,76867.76,76867.76,Paid On Time,0
R00007357,L000604,5,2024-09-22,2024-09-21,76867.76,76867.76,Paid On Time,0
R00007358,L000604,6,2024-10-22,2024-11-18,76867.76,76867.76,Paid Late,27
R00007359,L000604,7,2024-11-22,,76867.76,0.0,Unpaid,90
R00007360,L000604,8,2024-12-22,2024-12-21,76867.76,76867.76,Paid On Time,0
R00007361,L000604,9,2025-01-22,2025-01-21,76867.76,76867.76,Paid On Time,0
R00007362,L000604,10,2025-02-22,2025-03-22,76867.76,76867.76,Paid Late,28
R00007363,L000604,11,2025-03-22,2025-03-20,76867.76,76867.76,Paid On Time,0
R00007364,L000604,12,2025-04-22,2025-04-22,76867.76,76867.76,Paid On Time,0
R00007365,L000605,1,2024-10-03,2024-10-01,406768.76,406768.76,Paid On Time,0
R00007366,L000605,2,2024-11-03,2024-11-01,406768.76,406768.76,Paid On Time,0
R00007367,L000605,3,2024-12-03,2024-12-01,406768.76,406768.76,Paid On Time,0
R00007368,L000605,4,2025-01-03,2025-01-26,406768.76,406768.76,Paid Late,23
R00007369,L000605,5,2025-02-03,2025-02-02,406768.76,406768.76,Paid On Time,0
R00007370,L000605,6,2025-03-03,2025-03-03,406768.76,406768.76,Paid On Time,0
R00007371,L000606,1,2024-06-09,2024-06-16,1602305.82,1602305.82,Paid Late,7
R00007372,L000606,2,2024-07-09,2024-07-08,1602305.82,1602305.82,Paid On Time,0
R00007373,L000606,3,2024-08-09,2024-08-09,1602305.82,1602305.82,Paid On Time,0
R00007374,L000606,4,2024-09-09,2024-09-09,1602305.82,1602305.82,Paid On Time,0
R00007375,L000606,5,2024-10-09,2024-10-09,1602305.82,1602305.82,Paid On Time,0
R00007376,L000606,6,2024-11-09,2024-11-09,1602305.82,1602305.82,Paid On Time,0
R00007377,L000607,1,2026-05-19,2026-05-19,88829.29,88829.29,Paid On Time,0
R00007378,L000607,2,2026-06-19,2026-06-19,88829.29,88829.29,Paid On Time,0
R00007379,L000607,3,2026-07-19,2026-07-18,88829.29,88829.29,Paid On Time,0
R00007380,L000607,4,2026-08-19,,88829.29,0.0,Unpaid,42
R00007381,L000607,5,2026-09-19,2026-09-18,88829.29,88829.29,Paid On Time,0
R00007382,L000608,1,2026-03-25,2026-03-25,344333.82,344333.82,Paid On Time,0
R00007383,L000608,2,2026-04-25,2026-04-24,344333.82,344333.82,Paid On Time,0
R00007384,L000608,3,2026-05-25,2026-05-24,344333.82,344333.82,Paid On Time,0
R00007385,L000608,4,2026-06-25,2026-06-25,344333.82,344333.82,Paid On Time,0
R00007386,L000608,5,2026-07-25,2026-07-24,344333.82,344333.82,Paid On Time,0
R00007387,L000608,6,2026-08-25,2026-09-30,344333.82,218786.02,Partial,58
R00007388,L000608,7,2026-09-25,2026-09-24,344333.82,344333.82,Paid On Time,0
R00007389,L000609,1,2026-03-05,2026-03-05,464297.16,464297.16,Paid On Time,0
R00007390,L000609,2,2026-04-05,2026-04-03,464297.16,464297.16,Paid On Time,0
R00007391,L000609,3,2026-05-05,2026-05-03,464297.16,464297.16,Paid On Time,0
R00007392,L000609,4,2026-06-05,2026-06-04,464297.16,464297.16,Paid On Time,0
R00007393,L000609,5,2026-07-05,2026-07-04,464297.16,464297.16,Paid On Time,0
R00007394,L000609,6,2026-08-05,2026-08-03,464297.16,464297.16,Paid On Time,0
R00007395,L000609,7,2026-09-05,2026-09-27,464297.16,464297.16,Paid Late,22
R00007396,L000610,1,2025-08-28,2025-09-13,166192.64,166192.64,Paid Late,16
R00007397,L000610,2,2025-09-28,2025-09-28,166192.64,166192.64,Paid On Time,0
R00007398,L000610,3,2025-10-28,,166192.64,0.0,Unpaid,30
R00007399,L000610,4,2025-11-28,2025-11-28,166192.64,166192.64,Paid On Time,0
R00007400,L000610,5,2025-12-28,2025-12-27,166192.64,166192.64,Paid On Time,0
R00007401,L000610,6,2026-01-28,2026-01-27,166192.64,166192.64,Paid On Time,0
R00007402,L000610,7,2026-02-28,2026-02-26,166192.64,166192.64,Paid On Time,0
R00007403,L000610,8,2026-03-28,2026-04-04,166192.64,166192.64,Paid Late,7
R00007404,L000610,9,2026-04-28,2026-05-19,166192.64,166192.64,Paid Late,21
R00007405,L000610,10,2026-05-28,2026-06-22,166192.64,166192.64,Paid Late,25
R00007406,L000610,11,2026-06-28,2026-08-05,166192.64,71420.63,Partial,38
R00007407,L000610,12,2026-07-28,2026-07-28,166192.64,166192.64,Paid On Time,0
R00007408,L000611,1,2026-04-20,2026-04-20,171546.69,171546.69,Paid On Time,0
R00007409,L000611,2,2026-05-20,2026-05-19,171546.69,171546.69,Paid On Time,0
R00007410,L000611,3,2026-06-20,2026-06-20,171546.69,171546.69,Paid On Time,0
R00007411,L000611,4,2026-07-20,2026-07-25,171546.69,171546.69,Paid Late,5
R00007412,L000611,5,2026-08-20,2026-08-18,171546.69,171546.69,Paid On Time,0
R00007413,L000611,6,2026-09-20,2026-09-20,171546.69,171546.69,Paid On Time,0
R00007414,L000612,1,2025-07-23,2025-07-21,369520.29,369520.29,Paid On Time,0
R00007415,L000612,2,2025-08-23,2025-08-22,369520.29,369520.29,Paid On Time,0
R00007416,L000612,3,2025-09-23,2025-09-25,369520.29,369520.29,Paid Late,2
R00007417,L000612,4,2025-10-23,2025-10-21,369520.29,369520.29,Paid On Time,0
R00007418,L000612,5,2025-11-23,2025-11-27,369520.29,369520.29,Paid Late,4
R00007419,L000612,6,2025-12-23,2025-12-23,369520.29,369520.29,Paid On Time,0
R00007420,L000612,7,2026-01-23,2026-01-21,369520.29,369520.29,Paid On Time,0
R00007421,L000612,8,2026-02-23,2026-02-21,369520.29,369520.29,Paid On Time,0
R00007422,L000612,9,2026-03-23,2026-04-19,369520.29,369520.29,Paid Late,27
R00007423,L000612,10,2026-04-23,2026-04-21,369520.29,369520.29,Paid On Time,0
R00007424,L000612,11,2026-05-23,2026-06-18,369520.29,168516.38,Partial,26
R00007425,L000612,12,2026-06-23,2026-06-21,369520.29,369520.29,Paid On Time,0
R00007426,L000613,1,2024-10-15,2024-10-14,2509060.02,2509060.02,Paid On Time,0
R00007427,L000613,2,2024-11-15,2024-11-17,2509060.02,2509060.02,Paid Late,2
R00007428,L000613,3,2024-12-15,2024-12-14,2509060.02,2509060.02,Paid On Time,0
R00007429,L000613,4,2025-01-15,2025-01-14,2509060.02,2509060.02,Paid On Time,0
R00007430,L000613,5,2025-02-15,,2509060.02,0.0,Unpaid,30
R00007431,L000613,6,2025-03-15,2025-03-15,2509060.02,2509060.02,Paid On Time,0
R00007432,L000614,1,2024-12-02,2024-12-02,341619.05,341619.05,Paid On Time,0
R00007433,L000614,2,2025-01-02,2025-01-01,341619.05,341619.05,Paid On Time,0
R00007434,L000614,3,2025-02-02,2025-02-02,341619.05,341619.05,Paid On Time,0
R00007435,L000614,4,2025-03-02,2025-03-01,341619.05,341619.05,Paid On Time,0
R00007436,L000614,5,2025-04-02,2025-03-31,341619.05,341619.05,Paid On Time,0
R00007437,L000614,6,2025-05-02,2025-05-02,341619.05,341619.05,Paid On Time,0
R00007438,L000614,7,2025-06-02,2025-06-01,341619.05,341619.05,Paid On Time,0
R00007439,L000614,8,2025-07-02,2025-06-30,341619.05,341619.05,Paid On Time,0
R00007440,L000614,9,2025-08-02,2025-08-01,341619.05,341619.05,Paid On Time,0
R00007441,L000614,10,2025-09-02,2025-09-02,341619.05,341619.05,Paid On Time,0
R00007442,L000614,11,2025-10-02,2025-10-19,341619.05,250964.51,Partial,17
R00007443,L000614,12,2025-11-02,2025-11-01,341619.05,341619.05,Paid On Time,0
R00007444,L000614,13,2025-12-02,,341619.05,0.0,Unpaid,30
R00007445,L000614,14,2026-01-02,,341619.05,0.0,Unpaid,30
R00007446,L000614,15,2026-02-02,2026-03-04,341619.05,341619.05,Paid Late,30
R00007447,L000614,16,2026-03-02,2026-03-02,341619.05,341619.05,Paid On Time,0
R00007448,L000614,17,2026-04-02,2026-03-31,341619.05,341619.05,Paid On Time,0
R00007449,L000614,18,2026-05-02,2026-05-02,341619.05,341619.05,Paid On Time,0
R00007450,L000615,1,2025-04-21,2025-04-21,33769.48,33769.48,Paid On Time,0
R00007451,L000615,2,2025-05-21,2025-05-20,33769.48,33769.48,Paid On Time,0
R00007452,L000615,3,2025-06-21,2025-06-19,33769.48,33769.48,Paid On Time,0
R00007453,L000615,4,2025-07-21,2025-07-19,33769.48,33769.48,Paid On Time,0
R00007454,L000615,5,2025-08-21,2025-08-21,33769.48,33769.48,Paid On Time,0
R00007455,L000615,6,2025-09-21,2025-09-20,33769.48,33769.48,Paid On Time,0
R00007456,L000615,7,2025-10-21,2025-10-19,33769.48,33769.48,Paid On Time,0
R00007457,L000615,8,2025-11-21,2025-11-20,33769.48,33769.48,Paid On Time,0
R00007458,L000615,9,2025-12-21,2025-12-19,33769.48,33769.48,Paid On Time,0
R00007459,L000615,10,2026-01-21,2026-01-19,33769.48,33769.48,Paid On Time,0
R00007460,L000615,11,2026-02-21,2026-02-20,33769.48,33769.48,Paid On Time,0
R00007461,L000615,12,2026-03-21,2026-03-20,33769.48,33769.48,Paid On Time,0
R00007462,L000615,13,2026-04-21,2026-04-29,33769.48,33769.48,Paid Late,8
R00007463,L000615,14,2026-05-21,2026-05-19,33769.48,33769.48,Paid On Time,0
R00007464,L000615,15,2026-06-21,2026-07-05,33769.48,33769.48,Paid Late,14
R00007465,L000615,16,2026-07-21,2026-07-21,33769.48,33769.48,Paid On Time,0
R00007466,L000615,17,2026-08-21,2026-08-21,33769.48,33769.48,Paid On Time,0
R00007467,L000615,18,2026-09-21,2026-09-21,33769.48,33769.48,Paid On Time,0
R00007468,L000616,1,2024-07-04,2024-07-03,55373.85,55373.85,Paid On Time,0
R00007469,L000616,2,2024-08-04,2024-08-04,55373.85,55373.85,Paid On Time,0
R00007470,L000616,3,2024-09-04,2024-09-03,55373.85,55373.85,Paid On Time,0
R00007471,L000616,4,2024-10-04,2024-10-04,55373.85,55373.85,Paid On Time,0
R00007472,L000616,5,2024-11-04,2024-11-02,55373.85,55373.85,Paid On Time,0
R00007473,L000616,6,2024-12-04,2025-01-08,55373.85,24786.98,Partial,35
R00007474,L000616,7,2025-01-04,2025-01-04,55373.85,55373.85,Paid On Time,0
R00007475,L000616,8,2025-02-04,2025-02-03,55373.85,55373.85,Paid On Time,0
R00007476,L000616,9,2025-03-04,2025-03-03,55373.85,55373.85,Paid On Time,0
R00007477,L000616,10,2025-04-04,2025-04-03,55373.85,55373.85,Paid On Time,0
R00007478,L000616,11,2025-05-04,2025-05-02,55373.85,55373.85,Paid On Time,0
R00007479,L000616,12,2025-06-04,2025-06-03,55373.85,55373.85,Paid On Time,0
R00007480,L000617,1,2025-01-13,,27536.4,0.0,Unpaid,30
R00007481,L000617,2,2025-02-13,2025-02-11,27536.4,27536.4,Paid On Time,0
R00007482,L000617,3,2025-03-13,2025-03-13,27536.4,27536.4,Paid On Time,0
R00007483,L000617,4,2025-04-13,2025-04-11,27536.4,27536.4,Paid On Time,0
R00007484,L000617,5,2025-05-13,2025-05-12,27536.4,27536.4,Paid On Time,0
R00007485,L000617,6,2025-06-13,2025-07-03,27536.4,27536.4,Paid Late,20
R00007486,L000617,7,2025-07-13,2025-07-11,27536.4,27536.4,Paid On Time,0
R00007487,L000617,8,2025-08-13,2025-08-12,27536.4,27536.4,Paid On Time,0
R00007488,L000617,9,2025-09-13,2025-11-01,27536.4,18201.83,Partial,49
R00007489,L000617,10,2025-10-13,2025-10-12,27536.4,27536.4,Paid On Time,0
R00007490,L000617,11,2025-11-13,2025-11-11,27536.4,27536.4,Paid On Time,0
R00007491,L000617,12,2025-12-13,,27536.4,0.0,Unpaid,90
R00007492,L000617,13,2026-01-13,2026-01-11,27536.4,27536.4,Paid On Time,0
R00007493,L000617,14,2026-02-13,2026-02-24,27536.4,27536.4,Paid Late,11
R00007494,L000617,15,2026-03-13,2026-04-02,27536.4,19554.68,Partial,20
R00007495,L000617,16,2026-04-13,2026-04-23,27536.4,27536.4,Paid Late,10
R00007496,L000617,17,2026-05-13,2026-05-12,27536.4,27536.4,Paid On Time,0
R00007497,L000617,18,2026-06-13,2026-06-12,27536.4,27536.4,Paid On Time,0
R00007498,L000618,1,2025-09-26,,158939.51,0.0,Unpaid,60
R00007499,L000618,2,2025-10-26,2025-12-22,158939.51,89790.0,Partial,57
R00007500,L000618,3,2025-11-26,2025-11-25,158939.51,158939.51,Paid On Time,0
R00007501,L000618,4,2025-12-26,2025-12-26,158939.51,158939.51,Paid On Time,0
R00007502,L000618,5,2026-01-26,2026-01-25,158939.51,158939.51,Paid On Time,0
R00007503,L000618,6,2026-02-26,2026-02-26,158939.51,158939.51,Paid On Time,0
R00007504,L000618,7,2026-03-26,2026-03-24,158939.51,158939.51,Paid On Time,0
R00007505,L000618,8,2026-04-26,2026-04-24,158939.51,158939.51,Paid On Time,0
R00007506,L000618,9,2026-05-26,2026-06-10,158939.51,158939.51,Paid Late,15
R00007507,L000618,10,2026-06-26,,158939.51,0.0,Unpaid,90
R00007508,L000618,11,2026-07-26,2026-08-05,158939.51,158939.51,Paid Late,10
R00007509,L000618,12,2026-08-26,2026-08-25,158939.51,158939.51,Paid On Time,0
R00007510,L000618,13,2026-09-26,2026-09-27,158939.51,158939.51,Paid Late,1
R00007511,L000619,1,2024-12-28,2025-01-12,132564.34,132564.34,Paid Late,15
R00007512,L000619,2,2025-01-28,2025-01-27,132564.34,132564.34,Paid On Time,0
R00007513,L000619,3,2025-02-28,2025-02-27,132564.34,132564.34,Paid On Time,0
R00007514,L000619,4,2025-03-28,2025-03-26,132564.34,132564.34,Paid On Time,0
R00007515,L000619,5,2025-04-28,2025-04-27,132564.34,132564.34,Paid On Time,0
R00007516,L000619,6,2025-05-28,2025-05-27,132564.34,132564.34,Paid On Time,0
R00007517,L000619,7,2025-06-28,2025-06-27,132564.34,132564.34,Paid On Time,0
R00007518,L000619,8,2025-07-28,2025-07-28,132564.34,132564.34,Paid On Time,0
R00007519,L000619,9,2025-08-28,2025-08-28,132564.34,132564.34,Paid On Time,0
R00007520,L000619,10,2025-09-28,2025-09-27,132564.34,132564.34,Paid On Time,0
R00007521,L000619,11,2025-10-28,2025-10-28,132564.34,132564.34,Paid On Time,0
R00007522,L000619,12,2025-11-28,2025-11-28,132564.34,132564.34,Paid On Time,0
R00007523,L000619,13,2025-12-28,2025-12-26,132564.34,132564.34,Paid On Time,0
R00007524,L000619,14,2026-01-28,2026-01-28,132564.34,132564.34,Paid On Time,0
R00007525,L000619,15,2026-02-28,2026-02-27,132564.34,132564.34,Paid On Time,0
R00007526,L000619,16,2026-03-28,2026-03-26,132564.34,132564.34,Paid On Time,0
R00007527,L000619,17,2026-04-28,2026-04-27,132564.34,132564.34,Paid On Time,0
R00007528,L000619,18,2026-05-28,2026-05-28,132564.34,132564.34,Paid On Time,0
R00007529,L000619,19,2026-06-28,2026-06-26,132564.34,132564.34,Paid On Time,0
R00007530,L000619,20,2026-07-28,2026-09-11,132564.34,99954.69,Partial,45
R00007531,L000619,21,2026-08-28,2026-08-27,132564.34,132564.34,Paid On Time,0
R00007532,L000619,22,2026-09-28,2026-09-26,132564.34,132564.34,Paid On Time,0
R00007533,L000620,1,2026-04-05,2026-04-04,337891.38,337891.38,Paid On Time,0
R00007534,L000620,2,2026-05-05,2026-05-05,337891.38,337891.38,Paid On Time,0
R00007535,L000620,3,2026-06-05,2026-07-07,337891.38,246722.13,Partial,32
R00007536,L000620,4,2026-07-05,2026-07-26,337891.38,337891.38,Paid Late,21
R00007537,L000620,5,2026-08-05,2026-08-05,337891.38,337891.38,Paid On Time,0
R00007538,L000620,6,2026-09-05,2026-09-04,337891.38,337891.38,Paid On Time,0
R00007539,L000621,1,2025-04-24,,412915.87,0.0,Unpaid,30
R00007540,L000621,2,2025-05-24,2025-05-23,412915.87,412915.87,Paid On Time,0
R00007541,L000621,3,2025-06-24,2025-06-23,412915.87,412915.87,Paid On Time,0
R00007542,L000621,4,2025-07-24,2025-07-22,412915.87,412915.87,Paid On Time,0
R00007543,L000621,5,2025-08-24,2025-08-22,412915.87,412915.87,Paid On Time,0
R00007544,L000621,6,2025-09-24,2025-09-24,412915.87,412915.87,Paid On Time,0
R00007545,L000621,7,2025-10-24,2025-11-06,412915.87,412915.87,Paid Late,13
R00007546,L000621,8,2025-11-24,2025-11-22,412915.87,412915.87,Paid On Time,0
R00007547,L000621,9,2025-12-24,2025-12-23,412915.87,412915.87,Paid On Time,0
R00007548,L000621,10,2026-01-24,2026-02-23,412915.87,412915.87,Paid Late,30
R00007549,L000621,11,2026-02-24,2026-02-22,412915.87,412915.87,Paid On Time,0
R00007550,L000621,12,2026-03-24,2026-05-07,412915.87,227187.21,Partial,44
R00007551,L000621,13,2026-04-24,2026-04-29,412915.87,412915.87,Paid Late,5
R00007552,L000621,14,2026-05-24,2026-05-22,412915.87,412915.87,Paid On Time,0
R00007553,L000621,15,2026-06-24,,412915.87,0.0,Unpaid,98
R00007554,L000621,16,2026-07-24,2026-07-23,412915.87,412915.87,Paid On Time,0
R00007555,L000621,17,2026-08-24,2026-08-23,412915.87,412915.87,Paid On Time,0
R00007556,L000621,18,2026-09-24,2026-09-23,412915.87,412915.87,Paid On Time,0
R00007557,L000622,1,2025-08-20,2025-08-19,296277.4,296277.4,Paid On Time,0
R00007558,L000622,2,2025-09-20,2025-09-20,296277.4,296277.4,Paid On Time,0
R00007559,L000622,3,2025-10-20,2025-10-20,296277.4,296277.4,Paid On Time,0
R00007560,L000622,4,2025-11-20,2025-12-05,296277.4,296277.4,Paid Late,15
R00007561,L000622,5,2025-12-20,2025-12-20,296277.4,296277.4,Paid On Time,0
R00007562,L000622,6,2026-01-20,2026-01-18,296277.4,296277.4,Paid On Time,0
R00007563,L000622,7,2026-02-20,2026-02-20,296277.4,296277.4,Paid On Time,0
R00007564,L000622,8,2026-03-20,2026-03-18,296277.4,296277.4,Paid On Time,0
R00007565,L000622,9,2026-04-20,2026-04-18,296277.4,296277.4,Paid On Time,0
R00007566,L000622,10,2026-05-20,2026-05-20,296277.4,296277.4,Paid On Time,0
R00007567,L000622,11,2026-06-20,2026-06-19,296277.4,296277.4,Paid On Time,0
R00007568,L000622,12,2026-07-20,2026-09-18,296277.4,176230.25,Partial,60
R00007569,L000622,13,2026-08-20,2026-08-18,296277.4,296277.4,Paid On Time,0
R00007570,L000622,14,2026-09-20,2026-09-20,296277.4,296277.4,Paid On Time,0
R00007571,L000623,1,2024-08-13,2024-08-11,628162.79,628162.79,Paid On Time,0
R00007572,L000623,2,2024-09-13,2024-09-11,628162.79,628162.79,Paid On Time,0
R00007573,L000623,3,2024-10-13,2024-10-11,628162.79,628162.79,Paid On Time,0
R00007574,L000623,4,2024-11-13,2024-11-11,628162.79,628162.79,Paid On Time,0
R00007575,L000623,5,2024-12-13,2024-12-12,628162.79,628162.79,Paid On Time,0
R00007576,L000623,6,2025-01-13,2025-01-12,628162.79,628162.79,Paid On Time,0
R00007577,L000623,7,2025-02-13,2025-02-13,628162.79,628162.79,Paid On Time,0
R00007578,L000623,8,2025-03-13,2025-04-27,628162.79,400992.38,Partial,45
R00007579,L000623,9,2025-04-13,2025-04-11,628162.79,628162.79,Paid On Time,0
R00007580,L000623,10,2025-05-13,2025-05-13,628162.79,628162.79,Paid On Time,0
R00007581,L000623,11,2025-06-13,2025-07-04,628162.79,411913.98,Partial,21
R00007582,L000623,12,2025-07-13,2025-07-12,628162.79,628162.79,Paid On Time,0
R00007583,L000624,1,2024-09-11,2024-09-10,571997.72,571997.72,Paid On Time,0
R00007584,L000624,2,2024-10-11,2024-10-09,571997.72,571997.72,Paid On Time,0
R00007585,L000624,3,2024-11-11,2024-11-29,571997.72,571997.72,Paid Late,18
R00007586,L000624,4,2024-12-11,2024-12-10,571997.72,571997.72,Paid On Time,0
R00007587,L000624,5,2025-01-11,,571997.72,0.0,Unpaid,120
R00007588,L000624,6,2025-02-11,2025-02-10,571997.72,571997.72,Paid On Time,0
R00007589,L000625,1,2024-12-14,2024-12-12,522400.97,522400.97,Paid On Time,0
R00007590,L000625,2,2025-01-14,2025-01-12,522400.97,522400.97,Paid On Time,0
R00007591,L000625,3,2025-02-14,2025-02-12,522400.97,522400.97,Paid On Time,0
R00007592,L000625,4,2025-03-14,2025-03-23,522400.97,522400.97,Paid Late,9
R00007593,L000625,5,2025-04-14,2025-04-12,522400.97,522400.97,Paid On Time,0
R00007594,L000625,6,2025-05-14,2025-05-14,522400.97,522400.97,Paid On Time,0
R00007595,L000625,7,2025-06-14,2025-07-13,522400.97,522400.97,Paid Late,29
R00007596,L000625,8,2025-07-14,2025-07-13,522400.97,522400.97,Paid On Time,0
R00007597,L000625,9,2025-08-14,2025-08-13,522400.97,522400.97,Paid On Time,0
R00007598,L000625,10,2025-09-14,2025-09-13,522400.97,522400.97,Paid On Time,0
R00007599,L000625,11,2025-10-14,2025-10-13,522400.97,522400.97,Paid On Time,0
R00007600,L000625,12,2025-11-14,2025-11-14,522400.97,522400.97,Paid On Time,0
R00007601,L000625,13,2025-12-14,2026-01-02,522400.97,522400.97,Paid Late,19
R00007602,L000625,14,2026-01-14,2026-01-13,522400.97,522400.97,Paid On Time,0
R00007603,L000625,15,2026-02-14,,522400.97,0.0,Unpaid,120
R00007604,L000625,16,2026-03-14,2026-03-13,522400.97,522400.97,Paid On Time,0
R00007605,L000625,17,2026-04-14,2026-04-14,522400.97,522400.97,Paid On Time,0
R00007606,L000625,18,2026-05-14,2026-05-12,522400.97,522400.97,Paid On Time,0
R00007607,L000626,1,2024-11-17,2024-11-30,140739.77,140739.77,Paid Late,13
R00007608,L000626,2,2024-12-17,2024-12-17,140739.77,140739.77,Paid On Time,0
R00007609,L000626,3,2025-01-17,2025-01-16,140739.77,140739.77,Paid On Time,0
R00007610,L000626,4,2025-02-17,2025-02-15,140739.77,140739.77,Paid On Time,0
R00007611,L000626,5,2025-03-17,2025-04-15,140739.77,140739.77,Paid Late,29
R00007612,L000626,6,2025-04-17,2025-04-15,140739.77,140739.77,Paid On Time,0
R00007613,L000626,7,2025-05-17,2025-05-17,140739.77,140739.77,Paid On Time,0
R00007614,L000626,8,2025-06-17,2025-06-16,140739.77,140739.77,Paid On Time,0
R00007615,L000626,9,2025-07-17,2025-07-16,140739.77,140739.77,Paid On Time,0
R00007616,L000626,10,2025-08-17,2025-08-15,140739.77,140739.77,Paid On Time,0
R00007617,L000626,11,2025-09-17,2025-09-17,140739.77,140739.77,Paid On Time,0
R00007618,L000626,12,2025-10-17,2025-10-17,140739.77,140739.77,Paid On Time,0
R00007619,L000626,13,2025-11-17,2026-01-02,140739.77,79089.43,Partial,46
R00007620,L000626,14,2025-12-17,2025-12-15,140739.77,140739.77,Paid On Time,0
R00007621,L000626,15,2026-01-17,2026-01-17,140739.77,140739.77,Paid On Time,0
R00007622,L000626,16,2026-02-17,2026-02-17,140739.77,140739.77,Paid On Time,0
R00007623,L000626,17,2026-03-17,2026-03-17,140739.77,140739.77,Paid On Time,0
R00007624,L000626,18,2026-04-17,2026-04-16,140739.77,140739.77,Paid On Time,0
R00007625,L000626,19,2026-05-17,2026-05-17,140739.77,140739.77,Paid On Time,0
R00007626,L000626,20,2026-06-17,2026-06-17,140739.77,140739.77,Paid On Time,0
R00007627,L000626,21,2026-07-17,2026-07-16,140739.77,140739.77,Paid On Time,0
R00007628,L000626,22,2026-08-17,2026-08-17,140739.77,140739.77,Paid On Time,0
R00007629,L000626,23,2026-09-17,2026-09-16,140739.77,140739.77,Paid On Time,0
R00007630,L000627,1,2025-06-03,2025-06-02,41115.22,41115.22,Paid On Time,0
R00007631,L000627,2,2025-07-03,2025-07-02,41115.22,41115.22,Paid On Time,0
R00007632,L000627,3,2025-08-03,2025-08-01,41115.22,41115.22,Paid On Time,0
R00007633,L000627,4,2025-09-03,2025-09-01,41115.22,41115.22,Paid On Time,0
R00007634,L000627,5,2025-10-03,2025-10-14,41115.22,17523.7,Partial,11
R00007635,L000627,6,2025-11-03,2025-11-01,41115.22,41115.22,Paid On Time,0
R00007636,L000627,7,2025-12-03,2025-12-22,41115.22,41115.22,Paid Late,19
R00007637,L000627,8,2026-01-03,2026-01-03,41115.22,41115.22,Paid On Time,0
R00007638,L000627,9,2026-02-03,2026-03-21,41115.22,28952.16,Partial,46
R00007639,L000627,10,2026-03-03,2026-03-02,41115.22,41115.22,Paid On Time,0
R00007640,L000627,11,2026-04-03,2026-04-01,41115.22,41115.22,Paid On Time,0
R00007641,L000627,12,2026-05-03,2026-05-02,41115.22,41115.22,Paid On Time,0
R00007642,L000627,13,2026-06-03,2026-06-14,41115.22,41115.22,Paid Late,11
R00007643,L000627,14,2026-07-03,2026-07-01,41115.22,41115.22,Paid On Time,0
R00007644,L000627,15,2026-08-03,2026-08-02,41115.22,41115.22,Paid On Time,0
R00007645,L000627,16,2026-09-03,2026-09-01,41115.22,41115.22,Paid On Time,0
R00007646,L000628,1,2025-02-14,2025-02-14,354923.03,354923.03,Paid On Time,0
R00007647,L000628,2,2025-03-14,2025-03-12,354923.03,354923.03,Paid On Time,0
R00007648,L000628,3,2025-04-14,2025-05-24,354923.03,183435.68,Partial,40
R00007649,L000628,4,2025-05-14,,354923.03,0.0,Unpaid,60
R00007650,L000628,5,2025-06-14,2025-06-12,354923.03,354923.03,Paid On Time,0
R00007651,L000628,6,2025-07-14,2025-07-14,354923.03,354923.03,Paid On Time,0
R00007652,L000628,7,2025-08-14,2025-08-14,354923.03,354923.03,Paid On Time,0
R00007653,L000628,8,2025-09-14,2025-09-14,354923.03,354923.03,Paid On Time,0
R00007654,L000628,9,2025-10-14,2025-10-27,354923.03,354923.03,Paid Late,13
R00007655,L000628,10,2025-11-14,2025-11-14,354923.03,354923.03,Paid On Time,0
R00007656,L000628,11,2025-12-14,2025-12-31,354923.03,354923.03,Paid Late,17
R00007657,L000628,12,2026-01-14,2026-01-13,354923.03,354923.03,Paid On Time,0
R00007658,L000629,1,2024-04-07,2024-04-07,42103.4,42103.4,Paid On Time,0
R00007659,L000629,2,2024-05-07,2024-05-05,42103.4,42103.4,Paid On Time,0
R00007660,L000629,3,2024-06-07,2024-06-08,42103.4,42103.4,Paid Late,1
R00007661,L000629,4,2024-07-07,2024-07-05,42103.4,42103.4,Paid On Time,0
R00007662,L000629,5,2024-08-07,2024-08-05,42103.4,42103.4,Paid On Time,0
R00007663,L000629,6,2024-09-07,2024-09-05,42103.4,42103.4,Paid On Time,0
R00007664,L000629,7,2024-10-07,2024-10-06,42103.4,42103.4,Paid On Time,0
R00007665,L000629,8,2024-11-07,2024-11-06,42103.4,42103.4,Paid On Time,0
R00007666,L000629,9,2024-12-07,2024-12-07,42103.4,42103.4,Paid On Time,0
R00007667,L000629,10,2025-01-07,2025-01-05,42103.4,42103.4,Paid On Time,0
R00007668,L000629,11,2025-02-07,2025-02-05,42103.4,42103.4,Paid On Time,0
R00007669,L000629,12,2025-03-07,2025-03-06,42103.4,42103.4,Paid On Time,0
R00007670,L000629,13,2025-04-07,2025-04-05,42103.4,42103.4,Paid On Time,0
R00007671,L000629,14,2025-05-07,2025-05-06,42103.4,42103.4,Paid On Time,0
R00007672,L000629,15,2025-06-07,2025-06-05,42103.4,42103.4,Paid On Time,0
R00007673,L000629,16,2025-07-07,2025-07-06,42103.4,42103.4,Paid On Time,0
R00007674,L000629,17,2025-08-07,2025-08-07,42103.4,42103.4,Paid On Time,0
R00007675,L000629,18,2025-09-07,2025-09-07,42103.4,42103.4,Paid On Time,0
R00007676,L000629,19,2025-10-07,2025-10-06,42103.4,42103.4,Paid On Time,0
R00007677,L000629,20,2025-11-07,2025-11-23,42103.4,42103.4,Paid Late,16
R00007678,L000629,21,2025-12-07,2025-12-07,42103.4,42103.4,Paid On Time,0
R00007679,L000629,22,2026-01-07,2026-01-05,42103.4,42103.4,Paid On Time,0
R00007680,L000629,23,2026-02-07,2026-02-06,42103.4,42103.4,Paid On Time,0
R00007681,L000629,24,2026-03-07,2026-03-05,42103.4,42103.4,Paid On Time,0
R00007682,L000629,25,2026-04-07,2026-04-05,42103.4,42103.4,Paid On Time,0
R00007683,L000629,26,2026-05-07,2026-05-18,42103.4,42103.4,Paid Late,11
R00007684,L000629,27,2026-06-07,2026-06-06,42103.4,42103.4,Paid On Time,0
R00007685,L000629,28,2026-07-07,,42103.4,0.0,Unpaid,85
R00007686,L000629,29,2026-08-07,2026-08-07,42103.4,42103.4,Paid On Time,0
R00007687,L000629,30,2026-09-07,2026-09-05,42103.4,42103.4,Paid On Time,0
R00007688,L000630,1,2026-04-12,2026-04-19,190569.5,190569.5,Paid Late,7
R00007689,L000630,2,2026-05-12,2026-05-10,190569.5,190569.5,Paid On Time,0
R00007690,L000630,3,2026-06-12,2026-06-12,190569.5,190569.5,Paid On Time,0
R00007691,L000630,4,2026-07-12,2026-07-12,190569.5,190569.5,Paid On Time,0
R00007692,L000630,5,2026-08-12,2026-08-12,190569.5,190569.5,Paid On Time,0
R00007693,L000630,6,2026-09-12,2026-09-10,190569.5,190569.5,Paid On Time,0
R00007694,L000631,1,2024-05-10,2024-05-08,130754.36,130754.36,Paid On Time,0
R00007695,L000631,2,2024-06-10,2024-07-30,130754.36,63462.99,Partial,50
R00007696,L000631,3,2024-07-10,2024-08-06,130754.36,130754.36,Paid Late,27
R00007697,L000631,4,2024-08-10,2024-08-10,130754.36,130754.36,Paid On Time,0
R00007698,L000631,5,2024-09-10,,130754.36,0.0,Unpaid,60
R00007699,L000631,6,2024-10-10,2024-10-22,130754.36,98346.68,Partial,12
R00007700,L000631,7,2024-11-10,2024-11-08,130754.36,130754.36,Paid On Time,0
R00007701,L000631,8,2024-12-10,2024-12-09,130754.36,130754.36,Paid On Time,0
R00007702,L000631,9,2025-01-10,2025-01-09,130754.36,130754.36,Paid On Time,0
R00007703,L000631,10,2025-02-10,2025-02-08,130754.36,130754.36,Paid On Time,0
R00007704,L000631,11,2025-03-10,2025-03-10,130754.36,130754.36,Paid On Time,0
R00007705,L000631,12,2025-04-10,2025-04-09,130754.36,130754.36,Paid On Time,0
R00007706,L000631,13,2025-05-10,2025-05-08,130754.36,130754.36,Paid On Time,0
R00007707,L000631,14,2025-06-10,2025-06-10,130754.36,130754.36,Paid On Time,0
R00007708,L000631,15,2025-07-10,2025-07-24,130754.36,98671.01,Partial,14
R00007709,L000631,16,2025-08-10,2025-08-09,130754.36,130754.36,Paid On Time,0
R00007710,L000631,17,2025-09-10,2025-09-09,130754.36,130754.36,Paid On Time,0
R00007711,L000631,18,2025-10-10,2025-10-26,130754.36,130754.36,Paid Late,16
R00007712,L000632,1,2025-12-14,2025-12-12,524102.63,524102.63,Paid On Time,0
R00007713,L000632,2,2026-01-14,2026-01-14,524102.63,524102.63,Paid On Time,0
R00007714,L000632,3,2026-02-14,2026-02-13,524102.63,524102.63,Paid On Time,0
R00007715,L000632,4,2026-03-14,2026-03-14,524102.63,524102.63,Paid On Time,0
R00007716,L000632,5,2026-04-14,2026-04-20,524102.63,524102.63,Paid Late,6
R00007717,L000632,6,2026-05-14,2026-05-14,524102.63,524102.63,Paid On Time,0
R00007718,L000632,7,2026-06-14,2026-06-12,524102.63,524102.63,Paid On Time,0
R00007719,L000632,8,2026-07-14,2026-07-14,524102.63,524102.63,Paid On Time,0
R00007720,L000632,9,2026-08-14,2026-08-13,524102.63,524102.63,Paid On Time,0
R00007721,L000632,10,2026-09-14,2026-10-07,524102.63,524102.63,Paid Late,23
R00007722,L000633,1,2024-08-10,2024-08-10,294093.38,294093.38,Paid On Time,0
R00007723,L000633,2,2024-09-10,2024-09-08,294093.38,294093.38,Paid On Time,0
R00007724,L000633,3,2024-10-10,2024-10-08,294093.38,294093.38,Paid On Time,0
R00007725,L000633,4,2024-11-10,2024-11-09,294093.38,294093.38,Paid On Time,0
R00007726,L000633,5,2024-12-10,2025-01-22,294093.38,233376.98,Partial,43
R00007727,L000633,6,2025-01-10,2025-01-09,294093.38,294093.38,Paid On Time,0
R00007728,L000634,1,2026-03-05,2026-03-04,800142.54,800142.54,Paid On Time,0
R00007729,L000634,2,2026-04-05,2026-04-04,800142.54,800142.54,Paid On Time,0
R00007730,L000634,3,2026-05-05,2026-05-14,800142.54,800142.54,Paid Late,9
R00007731,L000634,4,2026-06-05,2026-06-05,800142.54,800142.54,Paid On Time,0
R00007732,L000634,5,2026-07-05,2026-07-03,800142.54,800142.54,Paid On Time,0
R00007733,L000634,6,2026-08-05,2026-08-03,800142.54,800142.54,Paid On Time,0
R00007734,L000634,7,2026-09-05,,800142.54,0.0,Unpaid,25
R00007735,L000635,1,2024-10-05,2024-10-03,1098678.56,1098678.56,Paid On Time,0
R00007736,L000635,2,2024-11-05,2024-11-05,1098678.56,1098678.56,Paid On Time,0
R00007737,L000635,3,2024-12-05,2024-12-03,1098678.56,1098678.56,Paid On Time,0
R00007738,L000635,4,2025-01-05,2025-01-03,1098678.56,1098678.56,Paid On Time,0
R00007739,L000635,5,2025-02-05,2025-02-05,1098678.56,1098678.56,Paid On Time,0
R00007740,L000635,6,2025-03-05,2025-03-05,1098678.56,1098678.56,Paid On Time,0
R00007741,L000635,7,2025-04-05,2025-04-06,1098678.56,1098678.56,Paid Late,1
R00007742,L000635,8,2025-05-05,2025-05-04,1098678.56,1098678.56,Paid On Time,0
R00007743,L000635,9,2025-06-05,2025-06-07,1098678.56,1098678.56,Paid Late,2
R00007744,L000635,10,2025-07-05,2025-07-03,1098678.56,1098678.56,Paid On Time,0
R00007745,L000635,11,2025-08-05,2025-08-05,1098678.56,1098678.56,Paid On Time,0
R00007746,L000635,12,2025-09-05,2025-09-03,1098678.56,1098678.56,Paid On Time,0
R00007747,L000637,1,2025-09-12,2025-09-11,217230.68,217230.68,Paid On Time,0
R00007748,L000637,2,2025-10-12,2025-10-12,217230.68,217230.68,Paid On Time,0
R00007749,L000637,3,2025-11-12,2025-11-12,217230.68,217230.68,Paid On Time,0
R00007750,L000637,4,2025-12-12,2025-12-10,217230.68,217230.68,Paid On Time,0
R00007751,L000637,5,2026-01-12,2026-01-12,217230.68,217230.68,Paid On Time,0
R00007752,L000637,6,2026-02-12,2026-02-11,217230.68,217230.68,Paid On Time,0
R00007753,L000637,7,2026-03-12,2026-03-11,217230.68,217230.68,Paid On Time,0
R00007754,L000637,8,2026-04-12,2026-04-10,217230.68,217230.68,Paid On Time,0
R00007755,L000637,9,2026-05-12,2026-05-11,217230.68,217230.68,Paid On Time,0
R00007756,L000637,10,2026-06-12,2026-06-14,217230.68,217230.68,Paid Late,2
R00007757,L000637,11,2026-07-12,2026-07-12,217230.68,217230.68,Paid On Time,0
R00007758,L000637,12,2026-08-12,2026-08-11,217230.68,217230.68,Paid On Time,0
R00007759,L000637,13,2026-09-12,2026-09-10,217230.68,217230.68,Paid On Time,0
R00007760,L000638,1,2026-04-10,2026-04-09,55311.86,55311.86,Paid On Time,0
R00007761,L000638,2,2026-05-10,2026-05-09,55311.86,55311.86,Paid On Time,0
R00007762,L000638,3,2026-06-10,2026-06-08,55311.86,55311.86,Paid On Time,0
R00007763,L000638,4,2026-07-10,2026-07-08,55311.86,55311.86,Paid On Time,0
R00007764,L000638,5,2026-08-10,2026-09-09,55311.86,55311.86,Paid Late,30
R00007765,L000638,6,2026-09-10,2026-09-09,55311.86,55311.86,Paid On Time,0
R00007766,L000639,1,2024-07-26,2024-07-26,32366.4,32366.4,Paid On Time,0
R00007767,L000639,2,2024-08-26,2024-08-24,32366.4,32366.4,Paid On Time,0
R00007768,L000639,3,2024-09-26,2024-10-21,32366.4,32366.4,Paid Late,25
R00007769,L000639,4,2024-10-26,2024-10-26,32366.4,32366.4,Paid On Time,0
R00007770,L000639,5,2024-11-26,2024-11-26,32366.4,32366.4,Paid On Time,0
R00007771,L000639,6,2024-12-26,2024-12-25,32366.4,32366.4,Paid On Time,0
R00007772,L000639,7,2025-01-26,2025-01-24,32366.4,32366.4,Paid On Time,0
R00007773,L000639,8,2025-02-26,2025-02-24,32366.4,32366.4,Paid On Time,0
R00007774,L000639,9,2025-03-26,2025-03-26,32366.4,32366.4,Paid On Time,0
R00007775,L000639,10,2025-04-26,2025-04-26,32366.4,32366.4,Paid On Time,0
R00007776,L000639,11,2025-05-26,2025-05-26,32366.4,32366.4,Paid On Time,0
R00007777,L000639,12,2025-06-26,2025-06-24,32366.4,32366.4,Paid On Time,0
R00007778,L000639,13,2025-07-26,2025-07-24,32366.4,32366.4,Paid On Time,0
R00007779,L000639,14,2025-08-26,2025-08-25,32366.4,32366.4,Paid On Time,0
R00007780,L000639,15,2025-09-26,2025-09-26,32366.4,32366.4,Paid On Time,0
R00007781,L000639,16,2025-10-26,2025-10-24,32366.4,32366.4,Paid On Time,0
R00007782,L000639,17,2025-11-26,2025-11-26,32366.4,32366.4,Paid On Time,0
R00007783,L000639,18,2025-12-26,2025-12-24,32366.4,32366.4,Paid On Time,0
R00007784,L000640,1,2026-09-07,2026-09-17,596228.23,596228.23,Paid Late,10
R00007785,L000641,1,2025-01-06,2025-01-05,163399.54,163399.54,Paid On Time,0
R00007786,L000641,2,2025-02-06,2025-02-04,163399.54,163399.54,Paid On Time,0
R00007787,L000641,3,2025-03-06,2025-03-26,163399.54,163399.54,Paid Late,20
R00007788,L000641,4,2025-04-06,2025-04-04,163399.54,163399.54,Paid On Time,0
R00007789,L000641,5,2025-05-06,2025-05-06,163399.54,163399.54,Paid On Time,0
R00007790,L000641,6,2025-06-06,2025-06-06,163399.54,163399.54,Paid On Time,0
R00007791,L000641,7,2025-07-06,2025-07-04,163399.54,163399.54,Paid On Time,0
R00007792,L000641,8,2025-08-06,2025-08-22,163399.54,163399.54,Paid Late,16
R00007793,L000641,9,2025-09-06,2025-09-04,163399.54,163399.54,Paid On Time,0
R00007794,L000641,10,2025-10-06,2025-11-22,163399.54,99689.58,Partial,47
R00007795,L000641,11,2025-11-06,2025-11-04,163399.54,163399.54,Paid On Time,0
R00007796,L000641,12,2025-12-06,2025-12-16,163399.54,163399.54,Paid Late,10
R00007797,L000641,13,2026-01-06,2026-01-06,163399.54,163399.54,Paid On Time,0
R00007798,L000641,14,2026-02-06,2026-02-06,163399.54,163399.54,Paid On Time,0
R00007799,L000641,15,2026-03-06,2026-03-25,163399.54,163399.54,Paid Late,19
R00007800,L000641,16,2026-04-06,2026-04-06,163399.54,163399.54,Paid On Time,0
R00007801,L000641,17,2026-05-06,2026-05-05,163399.54,163399.54,Paid On Time,0
R00007802,L000641,18,2026-06-06,2026-06-06,163399.54,163399.54,Paid On Time,0
R00007803,L000641,19,2026-07-06,2026-07-04,163399.54,163399.54,Paid On Time,0
R00007804,L000641,20,2026-08-06,2026-08-04,163399.54,163399.54,Paid On Time,0
R00007805,L000641,21,2026-09-06,2026-09-04,163399.54,163399.54,Paid On Time,0
R00007806,L000643,1,2025-03-09,2025-03-08,105467.91,105467.91,Paid On Time,0
R00007807,L000643,2,2025-04-09,2025-04-07,105467.91,105467.91,Paid On Time,0
R00007808,L000643,3,2025-05-09,2025-06-20,105467.91,78629.37,Partial,42
R00007809,L000643,4,2025-06-09,2025-06-09,105467.91,105467.91,Paid On Time,0
R00007810,L000643,5,2025-07-09,2025-07-07,105467.91,105467.91,Paid On Time,0
R00007811,L000643,6,2025-08-09,2025-08-09,105467.91,105467.91,Paid On Time,0
R00007812,L000644,1,2025-06-03,2025-06-03,88962.03,88962.03,Paid On Time,0
R00007813,L000644,2,2025-07-03,2025-07-01,88962.03,88962.03,Paid On Time,0
R00007814,L000644,3,2025-08-03,2025-08-03,88962.03,88962.03,Paid On Time,0
R00007815,L000644,4,2025-09-03,2025-09-01,88962.03,88962.03,Paid On Time,0
R00007816,L000644,5,2025-10-03,2025-10-01,88962.03,88962.03,Paid On Time,0
R00007817,L000644,6,2025-11-03,2025-11-01,88962.03,88962.03,Paid On Time,0
R00007818,L000644,7,2025-12-03,2025-12-01,88962.03,88962.03,Paid On Time,0
R00007819,L000644,8,2026-01-03,2026-01-03,88962.03,88962.03,Paid On Time,0
R00007820,L000644,9,2026-02-03,2026-02-03,88962.03,88962.03,Paid On Time,0
R00007821,L000644,10,2026-03-03,2026-03-21,88962.03,59269.86,Partial,18
R00007822,L000644,11,2026-04-03,2026-04-01,88962.03,88962.03,Paid On Time,0
R00007823,L000644,12,2026-05-03,2026-05-02,88962.03,88962.03,Paid On Time,0
R00007824,L000646,1,2025-10-28,2025-10-28,54569.11,54569.11,Paid On Time,0
R00007825,L000646,2,2025-11-28,2025-11-28,54569.11,54569.11,Paid On Time,0
R00007826,L000646,3,2025-12-28,2025-12-28,54569.11,54569.11,Paid On Time,0
R00007827,L000646,4,2026-01-28,2026-01-27,54569.11,54569.11,Paid On Time,0
R00007828,L000646,5,2026-02-28,2026-02-27,54569.11,54569.11,Paid On Time,0
R00007829,L000646,6,2026-03-28,2026-03-26,54569.11,54569.11,Paid On Time,0
R00007830,L000646,7,2026-04-28,2026-04-28,54569.11,54569.11,Paid On Time,0
R00007831,L000646,8,2026-05-28,2026-05-27,54569.11,54569.11,Paid On Time,0
R00007832,L000646,9,2026-06-28,2026-06-26,54569.11,54569.11,Paid On Time,0
R00007833,L000646,10,2026-07-28,2026-07-26,54569.11,54569.11,Paid On Time,0
R00007834,L000646,11,2026-08-28,2026-08-27,54569.11,54569.11,Paid On Time,0
R00007835,L000646,12,2026-09-28,2026-10-01,54569.11,54569.11,Paid Late,3
R00007836,L000647,1,2025-03-23,2025-03-22,52940.29,52940.29,Paid On Time,0
R00007837,L000647,2,2025-04-23,2025-04-21,52940.29,52940.29,Paid On Time,0
R00007838,L000647,3,2025-05-23,2025-06-08,52940.29,52940.29,Paid Late,16
R00007839,L000647,4,2025-06-23,2025-06-21,52940.29,52940.29,Paid On Time,0
R00007840,L000647,5,2025-07-23,2025-07-22,52940.29,52940.29,Paid On Time,0
R00007841,L000647,6,2025-08-23,2025-10-17,52940.29,25760.09,Partial,55
R00007842,L000647,7,2025-09-23,2025-10-28,52940.29,18777.07,Partial,35
R00007843,L000647,8,2025-10-23,2025-10-22,52940.29,52940.29,Paid On Time,0
R00007844,L000647,9,2025-11-23,2025-11-22,52940.29,52940.29,Paid On Time,0
R00007845,L000647,10,2025-12-23,2025-12-21,52940.29,52940.29,Paid On Time,0
R00007846,L000647,11,2026-01-23,2026-01-21,52940.29,52940.29,Paid On Time,0
R00007847,L000647,12,2026-02-23,2026-02-24,52940.29,52940.29,Paid Late,1
R00007848,L000647,13,2026-03-23,2026-03-23,52940.29,52940.29,Paid On Time,0
R00007849,L000647,14,2026-04-23,2026-04-23,52940.29,52940.29,Paid On Time,0
R00007850,L000647,15,2026-05-23,2026-05-22,52940.29,52940.29,Paid On Time,0
R00007851,L000647,16,2026-06-23,2026-08-17,52940.29,42186.28,Partial,55
R00007852,L000647,17,2026-07-23,2026-07-30,52940.29,52940.29,Paid Late,7
R00007853,L000647,18,2026-08-23,2026-09-17,52940.29,52940.29,Paid Late,25
R00007854,L000647,19,2026-09-23,2026-09-22,52940.29,52940.29,Paid On Time,0
R00007855,L000648,1,2025-06-24,2025-06-24,49125.31,49125.31,Paid On Time,0
R00007856,L000648,2,2025-07-24,2025-07-22,49125.31,49125.31,Paid On Time,0
R00007857,L000648,3,2025-08-24,2025-08-24,49125.31,49125.31,Paid On Time,0
R00007858,L000648,4,2025-09-24,2025-09-24,49125.31,49125.31,Paid On Time,0
R00007859,L000648,5,2025-10-24,2025-10-23,49125.31,49125.31,Paid On Time,0
R00007860,L000648,6,2025-11-24,2025-11-23,49125.31,49125.31,Paid On Time,0
R00007861,L000648,7,2025-12-24,2025-12-23,49125.31,49125.31,Paid On Time,0
R00007862,L000648,8,2026-01-24,2026-01-23,49125.31,49125.31,Paid On Time,0
R00007863,L000648,9,2026-02-24,2026-02-22,49125.31,49125.31,Paid On Time,0
R00007864,L000648,10,2026-03-24,,49125.31,0.0,Unpaid,60
R00007865,L000648,11,2026-04-24,2026-04-24,49125.31,49125.31,Paid On Time,0
R00007866,L000648,12,2026-05-24,2026-05-24,49125.31,49125.31,Paid On Time,0
R00007867,L000648,13,2026-06-24,2026-06-23,49125.31,49125.31,Paid On Time,0
R00007868,L000648,14,2026-07-24,2026-07-24,49125.31,49125.31,Paid On Time,0
R00007869,L000648,15,2026-08-24,2026-08-23,49125.31,49125.31,Paid On Time,0
R00007870,L000648,16,2026-09-24,2026-09-22,49125.31,49125.31,Paid On Time,0
R00007871,L000649,1,2024-09-18,2024-09-16,134468.85,134468.85,Paid On Time,0
R00007872,L000649,2,2024-10-18,2024-10-18,134468.85,134468.85,Paid On Time,0
R00007873,L000649,3,2024-11-18,2024-11-17,134468.85,134468.85,Paid On Time,0
R00007874,L000649,4,2024-12-18,2024-12-16,134468.85,134468.85,Paid On Time,0
R00007875,L000649,5,2025-01-18,2025-01-18,134468.85,134468.85,Paid On Time,0
R00007876,L000649,6,2025-02-18,2025-03-13,134468.85,134468.85,Paid Late,23
R00007877,L000649,7,2025-03-18,2025-03-16,134468.85,134468.85,Paid On Time,0
R00007878,L000649,8,2025-04-18,2025-05-17,134468.85,134468.85,Paid Late,29
R00007879,L000649,9,2025-05-18,2025-05-17,134468.85,134468.85,Paid On Time,0
R00007880,L000649,10,2025-06-18,2025-07-03,134468.85,134468.85,Paid Late,15
R00007881,L000649,11,2025-07-18,2025-07-18,134468.85,134468.85,Paid On Time,0
R00007882,L000649,12,2025-08-18,2025-08-16,134468.85,134468.85,Paid On Time,0
R00007883,L000649,13,2025-09-18,2025-09-27,134468.85,134468.85,Paid Late,9
R00007884,L000649,14,2025-10-18,2025-10-18,134468.85,134468.85,Paid On Time,0
R00007885,L000649,15,2025-11-18,2025-11-16,134468.85,134468.85,Paid On Time,0
R00007886,L000649,16,2025-12-18,2025-12-26,134468.85,134468.85,Paid Late,8
R00007887,L000649,17,2026-01-18,2026-01-17,134468.85,134468.85,Paid On Time,0
R00007888,L000649,18,2026-02-18,2026-02-16,134468.85,134468.85,Paid On Time,0
R00007889,L000650,1,2026-05-16,2026-05-14,270927.54,270927.54,Paid On Time,0
R00007890,L000650,2,2026-06-16,2026-06-14,270927.54,270927.54,Paid On Time,0
R00007891,L000650,3,2026-07-16,2026-07-14,270927.54,270927.54,Paid On Time,0
R00007892,L000650,4,2026-08-16,2026-08-23,270927.54,270927.54,Paid Late,7
R00007893,L000650,5,2026-09-16,2026-09-30,270927.54,154817.22,Partial,25
R00007894,L000651,1,2025-03-22,2025-03-20,1606089.21,1606089.21,Paid On Time,0
R00007895,L000651,2,2025-04-22,2025-04-22,1606089.21,1606089.21,Paid On Time,0
R00007896,L000651,3,2025-05-22,2025-05-22,1606089.21,1606089.21,Paid On Time,0
R00007897,L000651,4,2025-06-22,2025-06-21,1606089.21,1606089.21,Paid On Time,0
R00007898,L000651,5,2025-07-22,,1606089.21,0.0,Unpaid,120
R00007899,L000651,6,2025-08-22,2025-08-21,1606089.21,1606089.21,Paid On Time,0
R00007900,L000651,7,2025-09-22,2025-09-20,1606089.21,1606089.21,Paid On Time,0
R00007901,L000651,8,2025-10-22,2025-10-22,1606089.21,1606089.21,Paid On Time,0
R00007902,L000651,9,2025-11-22,2025-11-20,1606089.21,1606089.21,Paid On Time,0
R00007903,L000651,10,2025-12-22,2025-12-27,1606089.21,1606089.21,Paid Late,5
R00007904,L000651,11,2026-01-22,2026-02-17,1606089.21,1229116.07,Partial,26
R00007905,L000651,12,2026-02-22,2026-02-21,1606089.21,1606089.21,Paid On Time,0
R00007906,L000652,1,2025-02-14,2025-02-14,44116.16,44116.16,Paid On Time,0
R00007907,L000652,2,2025-03-14,2025-03-13,44116.16,44116.16,Paid On Time,0
R00007908,L000652,3,2025-04-14,2025-04-18,44116.16,44116.16,Paid Late,4
R00007909,L000652,4,2025-05-14,2025-05-14,44116.16,44116.16,Paid On Time,0
R00007910,L000652,5,2025-06-14,2025-06-12,44116.16,44116.16,Paid On Time,0
R00007911,L000652,6,2025-07-14,2025-07-14,44116.16,44116.16,Paid On Time,0
R00007912,L000652,7,2025-08-14,2025-08-13,44116.16,44116.16,Paid On Time,0
R00007913,L000652,8,2025-09-14,2025-09-14,44116.16,44116.16,Paid On Time,0
R00007914,L000652,9,2025-10-14,2025-10-13,44116.16,44116.16,Paid On Time,0
R00007915,L000652,10,2025-11-14,2025-11-12,44116.16,44116.16,Paid On Time,0
R00007916,L000652,11,2025-12-14,2025-12-13,44116.16,44116.16,Paid On Time,0
R00007917,L000652,12,2026-01-14,2026-01-13,44116.16,44116.16,Paid On Time,0
R00007918,L000653,1,2024-09-21,2024-09-21,296024.0,296024.0,Paid On Time,0
R00007919,L000653,2,2024-10-21,2024-10-19,296024.0,296024.0,Paid On Time,0
R00007920,L000653,3,2024-11-21,2024-12-02,296024.0,296024.0,Paid Late,11
R00007921,L000653,4,2024-12-21,2024-12-20,296024.0,296024.0,Paid On Time,0
R00007922,L000653,5,2025-01-21,2025-01-20,296024.0,296024.0,Paid On Time,0
R00007923,L000653,6,2025-02-21,2025-02-20,296024.0,296024.0,Paid On Time,0
R00007924,L000653,7,2025-03-21,2025-03-21,296024.0,296024.0,Paid On Time,0
R00007925,L000653,8,2025-04-21,2025-05-02,296024.0,162045.68,Partial,11
R00007926,L000653,9,2025-05-21,2025-05-20,296024.0,296024.0,Paid On Time,0
R00007927,L000653,10,2025-06-21,2025-08-14,296024.0,104969.84,Partial,54
R00007928,L000653,11,2025-07-21,,296024.0,0.0,Unpaid,60
R00007929,L000653,12,2025-08-21,2025-08-21,296024.0,296024.0,Paid On Time,0
R00007930,L000654,1,2024-07-18,2024-07-25,302248.31,302248.31,Paid Late,7
R00007931,L000654,2,2024-08-18,2024-08-17,302248.31,302248.31,Paid On Time,0
R00007932,L000654,3,2024-09-18,2024-09-16,302248.31,302248.31,Paid On Time,0
R00007933,L000654,4,2024-10-18,2024-10-18,302248.31,302248.31,Paid On Time,0
R00007934,L000654,5,2024-11-18,2024-11-16,302248.31,302248.31,Paid On Time,0
R00007935,L000654,6,2024-12-18,2024-12-18,302248.31,302248.31,Paid On Time,0
R00007936,L000654,7,2025-01-18,2025-01-16,302248.31,302248.31,Paid On Time,0
R00007937,L000654,8,2025-02-18,2025-02-17,302248.31,302248.31,Paid On Time,0
R00007938,L000654,9,2025-03-18,2025-03-16,302248.31,302248.31,Paid On Time,0
R00007939,L000654,10,2025-04-18,2025-04-16,302248.31,302248.31,Paid On Time,0
R00007940,L000654,11,2025-05-18,2025-05-16,302248.31,302248.31,Paid On Time,0
R00007941,L000654,12,2025-06-18,2025-06-16,302248.31,302248.31,Paid On Time,0
R00007942,L000654,13,2025-07-18,2025-07-18,302248.31,302248.31,Paid On Time,0
R00007943,L000654,14,2025-08-18,2025-08-16,302248.31,302248.31,Paid On Time,0
R00007944,L000654,15,2025-09-18,2025-09-17,302248.31,302248.31,Paid On Time,0
R00007945,L000654,16,2025-10-18,,302248.31,0.0,Unpaid,60
R00007946,L000654,17,2025-11-18,2025-11-16,302248.31,302248.31,Paid On Time,0
R00007947,L000654,18,2025-12-18,2025-12-16,302248.31,302248.31,Paid On Time,0
R00007948,L000655,1,2026-02-04,2026-02-03,20700.77,20700.77,Paid On Time,0
R00007949,L000655,2,2026-03-04,2026-03-02,20700.77,20700.77,Paid On Time,0
R00007950,L000655,3,2026-04-04,2026-04-03,20700.77,20700.77,Paid On Time,0
R00007951,L000655,4,2026-05-04,2026-05-04,20700.77,20700.77,Paid On Time,0
R00007952,L000655,5,2026-06-04,2026-06-02,20700.77,20700.77,Paid On Time,0
R00007953,L000655,6,2026-07-04,2026-07-03,20700.77,20700.77,Paid On Time,0
R00007954,L000655,7,2026-08-04,2026-08-04,20700.77,20700.77,Paid On Time,0
R00007955,L000655,8,2026-09-04,2026-09-03,20700.77,20700.77,Paid On Time,0
R00007956,L000656,1,2024-04-02,2024-04-02,38848.52,38848.52,Paid On Time,0
R00007957,L000656,2,2024-05-02,2024-04-30,38848.52,38848.52,Paid On Time,0
R00007958,L000656,3,2024-06-02,2024-07-14,38848.52,30403.94,Partial,42
R00007959,L000656,4,2024-07-02,2024-07-02,38848.52,38848.52,Paid On Time,0
R00007960,L000656,5,2024-08-02,2024-08-02,38848.52,38848.52,Paid On Time,0
R00007961,L000656,6,2024-09-02,2024-09-02,38848.52,38848.52,Paid On Time,0
R00007962,L000656,7,2024-10-02,2024-11-05,38848.52,19670.42,Partial,34
R00007963,L000656,8,2024-11-02,2024-11-02,38848.52,38848.52,Paid On Time,0
R00007964,L000656,9,2024-12-02,2024-11-30,38848.52,38848.52,Paid On Time,0
R00007965,L000656,10,2025-01-02,2025-01-20,38848.52,38848.52,Paid Late,18
R00007966,L000656,11,2025-02-02,2025-02-01,38848.52,38848.52,Paid On Time,0
R00007967,L000656,12,2025-03-02,2025-03-02,38848.52,38848.52,Paid On Time,0
R00007968,L000656,13,2025-04-02,2025-04-01,38848.52,38848.52,Paid On Time,0
R00007969,L000656,14,2025-05-02,2025-05-02,38848.52,38848.52,Paid On Time,0
R00007970,L000656,15,2025-06-02,2025-05-31,38848.52,38848.52,Paid On Time,0
R00007971,L000656,16,2025-07-02,2025-07-01,38848.52,38848.52,Paid On Time,0
R00007972,L000656,17,2025-08-02,2025-08-12,38848.52,38848.52,Paid Late,10
R00007973,L000656,18,2025-09-02,2025-09-01,38848.52,38848.52,Paid On Time,0
R00007974,L000656,19,2025-10-02,2025-10-01,38848.52,38848.52,Paid On Time,0
R00007975,L000656,20,2025-11-02,2025-12-06,38848.52,31059.22,Partial,34
R00007976,L000656,21,2025-12-02,2026-01-28,38848.52,16235.98,Partial,57
R00007977,L000656,22,2026-01-02,2026-01-01,38848.52,38848.52,Paid On Time,0
R00007978,L000656,23,2026-02-02,2026-02-02,38848.52,38848.52,Paid On Time,0
R00007979,L000656,24,2026-03-02,2026-03-02,38848.52,38848.52,Paid On Time,0
R00007980,L000656,25,2026-04-02,2026-04-02,38848.52,38848.52,Paid On Time,0
R00007981,L000656,26,2026-05-02,2026-05-01,38848.52,38848.52,Paid On Time,0
R00007982,L000656,27,2026-06-02,2026-06-01,38848.52,38848.52,Paid On Time,0
R00007983,L000656,28,2026-07-02,2026-08-25,38848.52,16002.46,Partial,54
R00007984,L000656,29,2026-08-02,2026-08-01,38848.52,38848.52,Paid On Time,0
R00007985,L000656,30,2026-09-02,2026-09-14,38848.52,38848.52,Paid Late,12
R00007986,L000657,1,2026-08-04,,703095.85,0.0,Unpaid,57
R00007987,L000657,2,2026-09-04,2026-09-02,703095.85,703095.85,Paid On Time,0
R00007988,L000658,1,2024-05-23,2024-05-21,118275.87,118275.87,Paid On Time,0
R00007989,L000658,2,2024-06-23,2024-07-11,118275.87,56838.0,Partial,18
R00007990,L000658,3,2024-07-23,2024-08-03,118275.87,118275.87,Paid Late,11
R00007991,L000658,4,2024-08-23,2024-08-25,118275.87,118275.87,Paid Late,2
R00007992,L000658,5,2024-09-23,2024-09-22,118275.87,118275.87,Paid On Time,0
R00007993,L000658,6,2024-10-23,2024-11-16,118275.87,118275.87,Paid Late,24
R00007994,L000658,7,2024-11-23,2024-11-24,118275.87,118275.87,Paid Late,1
R00007995,L000658,8,2024-12-23,2024-12-21,118275.87,118275.87,Paid On Time,0
R00007996,L000658,9,2025-01-23,2025-01-22,118275.87,118275.87,Paid On Time,0
R00007997,L000658,10,2025-02-23,2025-02-21,118275.87,118275.87,Paid On Time,0
R00007998,L000658,11,2025-03-23,2025-03-21,118275.87,118275.87,Paid On Time,0
R00007999,L000658,12,2025-04-23,2025-04-23,118275.87,118275.87,Paid On Time,0
R00008000,L000658,13,2025-05-23,2025-05-23,118275.87,118275.87,Paid On Time,0
R00008001,L000658,14,2025-06-23,2025-06-21,118275.87,118275.87,Paid On Time,0
R00008002,L000658,15,2025-07-23,2025-07-22,118275.87,118275.87,Paid On Time,0
R00008003,L000658,16,2025-08-23,,118275.87,0.0,Unpaid,60
R00008004,L000658,17,2025-09-23,2025-09-22,118275.87,118275.87,Paid On Time,0
R00008005,L000658,18,2025-10-23,2025-10-25,118275.87,118275.87,Paid Late,2
R00008006,L000659,1,2026-06-24,2026-06-22,373500.92,373500.92,Paid On Time,0
R00008007,L000659,2,2026-07-24,2026-07-22,373500.92,373500.92,Paid On Time,0
R00008008,L000659,3,2026-08-24,2026-08-30,373500.92,373500.92,Paid Late,6
R00008009,L000659,4,2026-09-24,2026-10-14,373500.92,373500.92,Paid Late,20
R00008010,L000660,1,2025-06-21,2025-06-30,243095.13,243095.13,Paid Late,9
R00008011,L000660,2,2025-07-21,2025-07-19,243095.13,243095.13,Paid On Time,0
R00008012,L000660,3,2025-08-21,2025-08-20,243095.13,243095.13,Paid On Time,0
R00008013,L000660,4,2025-09-21,2025-10-19,243095.13,243095.13,Paid Late,28
R00008014,L000660,5,2025-10-21,2025-10-19,243095.13,243095.13,Paid On Time,0
R00008015,L000660,6,2025-11-21,2025-12-18,243095.13,243095.13,Paid Late,27
R00008016,L000660,7,2025-12-21,2025-12-19,243095.13,243095.13,Paid On Time,0
R00008017,L000660,8,2026-01-21,2026-01-20,243095.13,243095.13,Paid On Time,0
R00008018,L000660,9,2026-02-21,,243095.13,0.0,Unpaid,60
R00008019,L000660,10,2026-03-21,,243095.13,0.0,Unpaid,30
R00008020,L000660,11,2026-04-21,2026-04-21,243095.13,243095.13,Paid On Time,0
R00008021,L000660,12,2026-05-21,2026-05-19,243095.13,243095.13,Paid On Time,0
R00008022,L000661,1,2026-04-13,2026-04-11,630248.0,630248.0,Paid On Time,0
R00008023,L000661,2,2026-05-13,2026-05-23,630248.0,630248.0,Paid Late,10
R00008024,L000661,3,2026-06-13,2026-06-13,630248.0,630248.0,Paid On Time,0
R00008025,L000661,4,2026-07-13,2026-07-11,630248.0,630248.0,Paid On Time,0
R00008026,L000661,5,2026-08-13,2026-08-13,630248.0,630248.0,Paid On Time,0
R00008027,L000661,6,2026-09-13,2026-09-11,630248.0,630248.0,Paid On Time,0
R00008028,L000662,1,2025-12-08,,883398.53,0.0,Unpaid,90
R00008029,L000662,2,2026-01-08,2026-02-03,883398.53,883398.53,Paid Late,26
R00008030,L000662,3,2026-02-08,2026-02-06,883398.53,883398.53,Paid On Time,0
R00008031,L000662,4,2026-03-08,,883398.53,0.0,Unpaid,30
R00008032,L000662,5,2026-04-08,2026-04-07,883398.53,883398.53,Paid On Time,0
R00008033,L000662,6,2026-05-08,,883398.53,0.0,Unpaid,120
R00008034,L000662,7,2026-06-08,2026-06-08,883398.53,883398.53,Paid On Time,0
R00008035,L000662,8,2026-07-08,2026-07-18,883398.53,546218.04,Partial,10
R00008036,L000662,9,2026-08-08,2026-08-06,883398.53,883398.53,Paid On Time,0
R00008037,L000662,10,2026-09-08,2026-09-07,883398.53,883398.53,Paid On Time,0
R00008038,L000663,1,2025-06-14,2025-06-14,874142.5,874142.5,Paid On Time,0
R00008039,L000663,2,2025-07-14,2025-07-12,874142.5,874142.5,Paid On Time,0
R00008040,L000663,3,2025-08-14,,874142.5,0.0,Unpaid,120
R00008041,L000663,4,2025-09-14,2025-10-04,874142.5,571886.69,Partial,20
R00008042,L000663,5,2025-10-14,2025-10-14,874142.5,874142.5,Paid On Time,0
R00008043,L000663,6,2025-11-14,2025-11-24,874142.5,874142.5,Paid Late,10
R00008044,L000663,7,2025-12-14,2025-12-13,874142.5,874142.5,Paid On Time,0
R00008045,L000663,8,2026-01-14,2026-01-13,874142.5,874142.5,Paid On Time,0
R00008046,L000663,9,2026-02-14,2026-02-12,874142.5,874142.5,Paid On Time,0
R00008047,L000663,10,2026-03-14,2026-03-14,874142.5,874142.5,Paid On Time,0
R00008048,L000663,11,2026-04-14,2026-04-13,874142.5,874142.5,Paid On Time,0
R00008049,L000663,12,2026-05-14,2026-05-12,874142.5,874142.5,Paid On Time,0
R00008050,L000664,1,2026-01-02,2026-01-24,695298.94,247274.71,Partial,22
R00008051,L000664,2,2026-02-02,2026-03-03,695298.94,695298.94,Paid Late,29
R00008052,L000664,3,2026-03-02,2026-02-28,695298.94,695298.94,Paid On Time,0
R00008053,L000664,4,2026-04-02,2026-04-21,695298.94,695298.94,Paid Late,19
R00008054,L000664,5,2026-05-02,2026-05-01,695298.94,695298.94,Paid On Time,0
R00008055,L000664,6,2026-06-02,2026-06-28,695298.94,695298.94,Paid Late,26
R00008056,L000664,7,2026-07-02,2026-07-01,695298.94,695298.94,Paid On Time,0
R00008057,L000664,8,2026-08-02,2026-08-01,695298.94,695298.94,Paid On Time,0
R00008058,L000664,9,2026-09-02,2026-09-01,695298.94,695298.94,Paid On Time,0
R00008059,L000665,1,2025-02-28,2025-02-26,87776.42,87776.42,Paid On Time,0
R00008060,L000665,2,2025-03-28,2025-03-26,87776.42,87776.42,Paid On Time,0
R00008061,L000665,3,2025-04-28,2025-04-27,87776.42,87776.42,Paid On Time,0
R00008062,L000665,4,2025-05-28,2025-06-24,87776.42,87776.42,Paid Late,27
R00008063,L000665,5,2025-06-28,2025-06-26,87776.42,87776.42,Paid On Time,0
R00008064,L000665,6,2025-07-28,2025-07-27,87776.42,87776.42,Paid On Time,0
R00008065,L000665,7,2025-08-28,2025-09-24,87776.42,34922.52,Partial,27
R00008066,L000665,8,2025-09-28,2025-09-27,87776.42,87776.42,Paid On Time,0
R00008067,L000665,9,2025-10-28,2025-11-29,87776.42,70163.74,Partial,32
R00008068,L000665,10,2025-11-28,,87776.42,0.0,Unpaid,120
R00008069,L000665,11,2025-12-28,2025-12-28,87776.42,87776.42,Paid On Time,0
R00008070,L000665,12,2026-01-28,2026-01-27,87776.42,87776.42,Paid On Time,0
R00008071,L000665,13,2026-02-28,2026-02-26,87776.42,87776.42,Paid On Time,0
R00008072,L000665,14,2026-03-28,2026-05-07,87776.42,56127.0,Partial,40
R00008073,L000665,15,2026-04-28,2026-04-27,87776.42,87776.42,Paid On Time,0
R00008074,L000665,16,2026-05-28,2026-06-12,87776.42,38151.93,Partial,15
R00008075,L000665,17,2026-06-28,2026-06-26,87776.42,87776.42,Paid On Time,0
R00008076,L000665,18,2026-07-28,2026-07-28,87776.42,87776.42,Paid On Time,0
R00008077,L000666,1,2025-07-03,2025-07-01,90669.64,90669.64,Paid On Time,0
R00008078,L000666,2,2025-08-03,2025-09-07,90669.64,60752.93,Partial,35
R00008079,L000666,3,2025-09-03,2025-09-13,90669.64,90669.64,Paid Late,10
R00008080,L000666,4,2025-10-03,2025-10-19,90669.64,90669.64,Paid Late,16
R00008081,L000666,5,2025-11-03,2025-11-01,90669.64,90669.64,Paid On Time,0
R00008082,L000666,6,2025-12-03,2025-12-01,90669.64,90669.64,Paid On Time,0
R00008083,L000666,7,2026-01-03,2026-01-01,90669.64,90669.64,Paid On Time,0
R00008084,L000666,8,2026-02-03,2026-02-01,90669.64,90669.64,Paid On Time,0
R00008085,L000666,9,2026-03-03,2026-03-31,90669.64,71927.48,Partial,28
R00008086,L000666,10,2026-04-03,2026-04-01,90669.64,90669.64,Paid On Time,0
R00008087,L000666,11,2026-05-03,2026-05-06,90669.64,90669.64,Paid Late,3
R00008088,L000666,12,2026-06-03,2026-06-02,90669.64,90669.64,Paid On Time,0
R00008089,L000666,13,2026-07-03,2026-07-03,90669.64,90669.64,Paid On Time,0
R00008090,L000666,14,2026-08-03,2026-08-01,90669.64,90669.64,Paid On Time,0
R00008091,L000666,15,2026-09-03,2026-09-01,90669.64,90669.64,Paid On Time,0
R00008092,L000667,1,2026-04-19,2026-04-17,142921.26,142921.26,Paid On Time,0
R00008093,L000667,2,2026-05-19,2026-05-23,142921.26,142921.26,Paid Late,4
R00008094,L000667,3,2026-06-19,2026-06-18,142921.26,142921.26,Paid On Time,0
R00008095,L000667,4,2026-07-19,2026-07-19,142921.26,142921.26,Paid On Time,0
R00008096,L000667,5,2026-08-19,2026-08-29,142921.26,142921.26,Paid Late,10
R00008097,L000667,6,2026-09-19,2026-09-21,142921.26,142921.26,Paid Late,2
R00008098,L000668,1,2025-06-06,2025-06-04,169680.22,169680.22,Paid On Time,0
R00008099,L000668,2,2025-07-06,2025-07-05,169680.22,169680.22,Paid On Time,0
R00008100,L000668,3,2025-08-06,2025-09-03,169680.22,169680.22,Paid Late,28
R00008101,L000668,4,2025-09-06,2025-09-04,169680.22,169680.22,Paid On Time,0
R00008102,L000668,5,2025-10-06,2025-10-05,169680.22,169680.22,Paid On Time,0
R00008103,L000668,6,2025-11-06,2025-11-26,169680.22,118323.49,Partial,20
R00008104,L000668,7,2025-12-06,2025-12-04,169680.22,169680.22,Paid On Time,0
R00008105,L000668,8,2026-01-06,2026-01-06,169680.22,169680.22,Paid On Time,0
R00008106,L000668,9,2026-02-06,2026-02-06,169680.22,169680.22,Paid On Time,0
R00008107,L000668,10,2026-03-06,2026-03-06,169680.22,169680.22,Paid On Time,0
R00008108,L000668,11,2026-04-06,,169680.22,0.0,Unpaid,60
R00008109,L000668,12,2026-05-06,2026-05-05,169680.22,169680.22,Paid On Time,0
R00008110,L000668,13,2026-06-06,2026-06-12,169680.22,169680.22,Paid Late,6
R00008111,L000668,14,2026-07-06,2026-07-05,169680.22,169680.22,Paid On Time,0
R00008112,L000668,15,2026-08-06,2026-08-06,169680.22,169680.22,Paid On Time,0
R00008113,L000668,16,2026-09-06,2026-09-06,169680.22,169680.22,Paid On Time,0
R00008114,L000669,1,2026-05-09,2026-05-07,505743.4,505743.4,Paid On Time,0
R00008115,L000669,2,2026-06-09,2026-06-08,505743.4,505743.4,Paid On Time,0
R00008116,L000669,3,2026-07-09,2026-07-08,505743.4,505743.4,Paid On Time,0
R00008117,L000669,4,2026-08-09,,505743.4,0.0,Unpaid,30
R00008118,L000669,5,2026-09-09,2026-09-07,505743.4,505743.4,Paid On Time,0
R00008119,L000670,1,2025-11-09,2025-11-09,800375.81,800375.81,Paid On Time,0
R00008120,L000670,2,2025-12-09,2025-12-07,800375.81,800375.81,Paid On Time,0
R00008121,L000670,3,2026-01-09,2026-01-07,800375.81,800375.81,Paid On Time,0
R00008122,L000670,4,2026-02-09,2026-02-07,800375.81,800375.81,Paid On Time,0
R00008123,L000670,5,2026-03-09,2026-03-07,800375.81,800375.81,Paid On Time,0
R00008124,L000670,6,2026-04-09,2026-04-09,800375.81,800375.81,Paid On Time,0
R00008125,L000671,1,2026-03-01,2026-02-27,144898.81,144898.81,Paid On Time,0
R00008126,L000671,2,2026-04-01,2026-04-01,144898.81,144898.81,Paid On Time,0
R00008127,L000671,3,2026-05-01,2026-04-29,144898.81,144898.81,Paid On Time,0
R00008128,L000671,4,2026-06-01,2026-05-31,144898.81,144898.81,Paid On Time,0
R00008129,L000671,5,2026-07-01,2026-07-01,144898.81,144898.81,Paid On Time,0
R00008130,L000671,6,2026-08-01,2026-08-01,144898.81,144898.81,Paid On Time,0
R00008131,L000671,7,2026-09-01,2026-08-31,144898.81,144898.81,Paid On Time,0
R00008132,L000672,1,2024-08-28,2024-08-26,132834.28,132834.28,Paid On Time,0
R00008133,L000672,2,2024-09-28,2024-10-16,132834.28,132834.28,Paid Late,18
R00008134,L000672,3,2024-10-28,2024-11-08,132834.28,132834.28,Paid Late,11
R00008135,L000672,4,2024-11-28,2024-11-28,132834.28,132834.28,Paid On Time,0
R00008136,L000672,5,2024-12-28,2024-12-28,132834.28,132834.28,Paid On Time,0
R00008137,L000672,6,2025-01-28,2025-01-30,132834.28,132834.28,Paid Late,2
R00008138,L000672,7,2025-02-28,2025-02-27,132834.28,132834.28,Paid On Time,0
R00008139,L000672,8,2025-03-28,2025-04-29,132834.28,89592.89,Partial,32
R00008140,L000672,9,2025-04-28,2025-04-27,132834.28,132834.28,Paid On Time,0
R00008141,L000672,10,2025-05-28,2025-05-27,132834.28,132834.28,Paid On Time,0
R00008142,L000672,11,2025-06-28,2025-06-27,132834.28,132834.28,Paid On Time,0
R00008143,L000672,12,2025-07-28,2025-07-26,132834.28,132834.28,Paid On Time,0
R00008144,L000673,1,2025-08-17,2025-08-17,47730.74,47730.74,Paid On Time,0
R00008145,L000673,2,2025-09-17,2025-09-16,47730.74,47730.74,Paid On Time,0
R00008146,L000673,3,2025-10-17,2025-10-27,47730.74,32114.72,Partial,10
R00008147,L000673,4,2025-11-17,,47730.74,0.0,Unpaid,120
R00008148,L000673,5,2025-12-17,2025-12-23,47730.74,47730.74,Paid Late,6
R00008149,L000673,6,2026-01-17,2026-01-16,47730.74,47730.74,Paid On Time,0
R00008150,L000673,7,2026-02-17,2026-02-15,47730.74,47730.74,Paid On Time,0
R00008151,L000673,8,2026-03-17,2026-03-15,47730.74,47730.74,Paid On Time,0
R00008152,L000673,9,2026-04-17,,47730.74,0.0,Unpaid,30
R00008153,L000673,10,2026-05-17,2026-07-11,47730.74,35851.5,Partial,55
R00008154,L000673,11,2026-06-17,2026-06-16,47730.74,47730.74,Paid On Time,0
R00008155,L000673,12,2026-07-17,2026-07-17,47730.74,47730.74,Paid On Time,0
R00008156,L000673,13,2026-08-17,2026-08-16,47730.74,47730.74,Paid On Time,0
R00008157,L000673,14,2026-09-17,2026-09-17,47730.74,47730.74,Paid On Time,0
R00008158,L000674,1,2026-08-24,2026-08-23,118865.12,118865.12,Paid On Time,0
R00008159,L000674,2,2026-09-24,2026-09-23,118865.12,118865.12,Paid On Time,0
R00008160,L000675,1,2024-08-28,2024-08-26,1536525.6,1536525.6,Paid On Time,0
R00008161,L000675,2,2024-09-28,2024-09-26,1536525.6,1536525.6,Paid On Time,0
R00008162,L000675,3,2024-10-28,2024-10-27,1536525.6,1536525.6,Paid On Time,0
R00008163,L000675,4,2024-11-28,2024-11-27,1536525.6,1536525.6,Paid On Time,0
R00008164,L000675,5,2024-12-28,2024-12-26,1536525.6,1536525.6,Paid On Time,0
R00008165,L000675,6,2025-01-28,2025-01-28,1536525.6,1536525.6,Paid On Time,0
R00008166,L000676,1,2026-01-13,2026-01-13,117757.52,117757.52,Paid On Time,0
R00008167,L000676,2,2026-02-13,2026-02-18,117757.52,117757.52,Paid Late,5
R00008168,L000676,3,2026-03-13,,117757.52,0.0,Unpaid,30
R00008169,L000676,4,2026-04-13,2026-04-13,117757.52,117757.52,Paid On Time,0
R00008170,L000676,5,2026-05-13,2026-05-13,117757.52,117757.52,Paid On Time,0
R00008171,L000676,6,2026-06-13,2026-06-13,117757.52,117757.52,Paid On Time,0
R00008172,L000676,7,2026-07-13,2026-07-12,117757.52,117757.52,Paid On Time,0
R00008173,L000676,8,2026-08-13,2026-08-11,117757.52,117757.52,Paid On Time,0
R00008174,L000676,9,2026-09-13,2026-09-30,117757.52,73130.55,Partial,25
R00008175,L000677,1,2024-03-06,2024-03-05,134134.97,134134.97,Paid On Time,0
R00008176,L000677,2,2024-04-06,2024-04-06,134134.97,134134.97,Paid On Time,0
R00008177,L000677,3,2024-05-06,2024-05-05,134134.97,134134.97,Paid On Time,0
R00008178,L000677,4,2024-06-06,2024-06-04,134134.97,134134.97,Paid On Time,0
R00008179,L000677,5,2024-07-06,,134134.97,0.0,Unpaid,60
R00008180,L000677,6,2024-08-06,2024-08-05,134134.97,134134.97,Paid On Time,0
R00008181,L000677,7,2024-09-06,2024-09-04,134134.97,134134.97,Paid On Time,0
R00008182,L000677,8,2024-10-06,2024-10-04,134134.97,134134.97,Paid On Time,0
R00008183,L000677,9,2024-11-06,2024-12-06,134134.97,134134.97,Paid Late,30
R00008184,L000677,10,2024-12-06,2024-12-05,134134.97,134134.97,Paid On Time,0
R00008185,L000677,11,2025-01-06,2025-01-06,134134.97,134134.97,Paid On Time,0
R00008186,L000677,12,2025-02-06,2025-02-05,134134.97,134134.97,Paid On Time,0
R00008187,L000677,13,2025-03-06,2025-03-19,134134.97,134134.97,Paid Late,13
R00008188,L000677,14,2025-04-06,2025-04-05,134134.97,134134.97,Paid On Time,0
R00008189,L000677,15,2025-05-06,2025-05-04,134134.97,134134.97,Paid On Time,0
R00008190,L000677,16,2025-06-06,2025-06-06,134134.97,134134.97,Paid On Time,0
R00008191,L000677,17,2025-07-06,2025-07-06,134134.97,134134.97,Paid On Time,0
R00008192,L000677,18,2025-08-06,2025-08-06,134134.97,134134.97,Paid On Time,0
R00008193,L000677,19,2025-09-06,2025-09-06,134134.97,134134.97,Paid On Time,0
R00008194,L000677,20,2025-10-06,2025-10-04,134134.97,134134.97,Paid On Time,0
R00008195,L000677,21,2025-11-06,,134134.97,0.0,Unpaid,120
R00008196,L000677,22,2025-12-06,2025-12-09,134134.97,134134.97,Paid Late,3
R00008197,L000677,23,2026-01-06,2026-01-06,134134.97,134134.97,Paid On Time,0
R00008198,L000677,24,2026-02-06,2026-02-06,134134.97,134134.97,Paid On Time,0
R00008199,L000678,1,2026-09-21,2026-10-14,169276.91,169276.91,Paid Late,23
R00008200,L000679,1,2025-07-25,2025-07-24,82868.86,82868.86,Paid On Time,0
R00008201,L000679,2,2025-08-25,2025-08-23,82868.86,82868.86,Paid On Time,0
R00008202,L000679,3,2025-09-25,2025-09-23,82868.86,82868.86,Paid On Time,0
R00008203,L000679,4,2025-10-25,2025-10-25,82868.86,82868.86,Paid On Time,0
R00008204,L000679,5,2025-11-25,2025-11-23,82868.86,82868.86,Paid On Time,0
R00008205,L000679,6,2025-12-25,2025-12-23,82868.86,82868.86,Paid On Time,0
R00008206,L000679,7,2026-01-25,2026-01-23,82868.86,82868.86,Paid On Time,0
R00008207,L000679,8,2026-02-25,2026-02-25,82868.86,82868.86,Paid On Time,0
R00008208,L000679,9,2026-03-25,2026-03-23,82868.86,82868.86,Paid On Time,0
R00008209,L000679,10,2026-04-25,2026-04-24,82868.86,82868.86,Paid On Time,0
R00008210,L000679,11,2026-05-25,2026-05-24,82868.86,82868.86,Paid On Time,0
R00008211,L000679,12,2026-06-25,2026-07-15,82868.86,82868.86,Paid Late,20
R00008212,L000679,13,2026-07-25,2026-08-14,82868.86,82868.86,Paid Late,20
R00008213,L000679,14,2026-08-25,2026-09-04,82868.86,39112.55,Partial,10
R00008214,L000679,15,2026-09-25,2026-09-27,82868.86,82868.86,Paid Late,2
R00008215,L000680,1,2025-01-28,2025-01-28,859637.67,859637.67,Paid On Time,0
R00008216,L000680,2,2025-02-28,2025-03-06,859637.67,859637.67,Paid Late,6
R00008217,L000680,3,2025-03-28,2025-03-28,859637.67,859637.67,Paid On Time,0
R00008218,L000680,4,2025-04-28,2025-04-26,859637.67,859637.67,Paid On Time,0
R00008219,L000680,5,2025-05-28,2025-05-27,859637.67,859637.67,Paid On Time,0
R00008220,L000680,6,2025-06-28,2025-06-27,859637.67,859637.67,Paid On Time,0
R00008221,L000680,7,2025-07-28,2025-07-28,859637.67,859637.67,Paid On Time,0
R00008222,L000680,8,2025-08-28,2025-08-28,859637.67,859637.67,Paid On Time,0
R00008223,L000680,9,2025-09-28,2025-09-27,859637.67,859637.67,Paid On Time,0
R00008224,L000680,10,2025-10-28,2025-12-23,859637.67,310025.28,Partial,56
R00008225,L000680,11,2025-11-28,2025-11-26,859637.67,859637.67,Paid On Time,0
R00008226,L000680,12,2025-12-28,2025-12-28,859637.67,859637.67,Paid On Time,0
R00008227,L000680,13,2026-01-28,2026-01-26,859637.67,859637.67,Paid On Time,0
R00008228,L000680,14,2026-02-28,2026-02-26,859637.67,859637.67,Paid On Time,0
R00008229,L000680,15,2026-03-28,,859637.67,0.0,Unpaid,60
R00008230,L000680,16,2026-04-28,2026-04-27,859637.67,859637.67,Paid On Time,0
R00008231,L000680,17,2026-05-28,2026-05-26,859637.67,859637.67,Paid On Time,0
R00008232,L000680,18,2026-06-28,2026-07-07,859637.67,859637.67,Paid Late,9
R00008233,L000681,1,2024-11-05,2024-11-04,80293.06,80293.06,Paid On Time,0
R00008234,L000681,2,2024-12-05,2024-12-20,80293.06,58889.4,Partial,15
R00008235,L000681,3,2025-01-05,2025-01-05,80293.06,80293.06,Paid On Time,0
R00008236,L000681,4,2025-02-05,2025-02-05,80293.06,80293.06,Paid On Time,0
R00008237,L000681,5,2025-03-05,2025-03-03,80293.06,80293.06,Paid On Time,0
R00008238,L000681,6,2025-04-05,2025-04-04,80293.06,80293.06,Paid On Time,0
R00008239,L000682,1,2024-06-18,2024-06-16,583280.26,583280.26,Paid On Time,0
R00008240,L000682,2,2024-07-18,2024-07-16,583280.26,583280.26,Paid On Time,0
R00008241,L000682,3,2024-08-18,2024-08-17,583280.26,583280.26,Paid On Time,0
R00008242,L000682,4,2024-09-18,2024-09-18,583280.26,583280.26,Paid On Time,0
R00008243,L000682,5,2024-10-18,2024-10-18,583280.26,583280.26,Paid On Time,0
R00008244,L000682,6,2024-11-18,2024-12-14,583280.26,583280.26,Paid Late,26
R00008245,L000682,7,2024-12-18,2024-12-17,583280.26,583280.26,Paid On Time,0
R00008246,L000682,8,2025-01-18,2025-01-17,583280.26,583280.26,Paid On Time,0
R00008247,L000682,9,2025-02-18,2025-02-18,583280.26,583280.26,Paid On Time,0
R00008248,L000682,10,2025-03-18,2025-03-18,583280.26,583280.26,Paid On Time,0
R00008249,L000682,11,2025-04-18,2025-04-18,583280.26,583280.26,Paid On Time,0
R00008250,L000682,12,2025-05-18,2025-05-18,583280.26,583280.26,Paid On Time,0
R00008251,L000682,13,2025-06-18,2025-06-18,583280.26,583280.26,Paid On Time,0
R00008252,L000682,14,2025-07-18,2025-08-02,583280.26,583280.26,Paid Late,15
R00008253,L000682,15,2025-08-18,2025-08-28,583280.26,342284.09,Partial,10
R00008254,L000682,16,2025-09-18,2025-10-10,583280.26,293426.01,Partial,22
R00008255,L000682,17,2025-10-18,2025-12-12,583280.26,284708.34,Partial,55
R00008256,L000682,18,2025-11-18,2025-11-23,583280.26,583280.26,Paid Late,5
R00008257,L000682,19,2025-12-18,,583280.26,0.0,Unpaid,60
R00008258,L000682,20,2026-01-18,2026-02-16,583280.26,583280.26,Paid Late,29
R00008259,L000682,21,2026-02-18,2026-03-02,583280.26,583280.26,Paid Late,12
R00008260,L000682,22,2026-03-18,2026-03-16,583280.26,583280.26,Paid On Time,0
R00008261,L000682,23,2026-04-18,2026-04-17,583280.26,583280.26,Paid On Time,0
R00008262,L000682,24,2026-05-18,2026-05-17,583280.26,583280.26,Paid On Time,0
R00008263,L000682,25,2026-06-18,2026-06-17,583280.26,583280.26,Paid On Time,0
R00008264,L000682,26,2026-07-18,2026-07-17,583280.26,583280.26,Paid On Time,0
R00008265,L000682,27,2026-08-18,2026-08-17,583280.26,583280.26,Paid On Time,0
R00008266,L000682,28,2026-09-18,2026-10-12,583280.26,583280.26,Paid Late,24
R00008267,L000683,1,2026-01-10,2026-01-09,114212.02,114212.02,Paid On Time,0
R00008268,L000683,2,2026-02-10,2026-02-08,114212.02,114212.02,Paid On Time,0
R00008269,L000683,3,2026-03-10,2026-03-08,114212.02,114212.02,Paid On Time,0
R00008270,L000683,4,2026-04-10,2026-04-10,114212.02,114212.02,Paid On Time,0
R00008271,L000683,5,2026-05-10,2026-05-24,114212.02,77415.73,Partial,14
R00008272,L000683,6,2026-06-10,2026-06-10,114212.02,114212.02,Paid On Time,0
R00008273,L000683,7,2026-07-10,2026-07-10,114212.02,114212.02,Paid On Time,0
R00008274,L000683,8,2026-08-10,2026-08-10,114212.02,114212.02,Paid On Time,0
R00008275,L000683,9,2026-09-10,2026-09-08,114212.02,114212.02,Paid On Time,0
R00008276,L000684,1,2025-07-11,2025-07-09,15538.96,15538.96,Paid On Time,0
R00008277,L000684,2,2025-08-11,2025-08-10,15538.96,15538.96,Paid On Time,0
R00008278,L000684,3,2025-09-11,2025-09-11,15538.96,15538.96,Paid On Time,0
R00008279,L000684,4,2025-10-11,2025-10-11,15538.96,15538.96,Paid On Time,0
R00008280,L000684,5,2025-11-11,2025-11-11,15538.96,15538.96,Paid On Time,0
R00008281,L000684,6,2025-12-11,2025-12-11,15538.96,15538.96,Paid On Time,0
R00008282,L000684,7,2026-01-11,2026-01-11,15538.96,15538.96,Paid On Time,0
R00008283,L000684,8,2026-02-11,2026-02-11,15538.96,15538.96,Paid On Time,0
R00008284,L000684,9,2026-03-11,2026-03-12,15538.96,15538.96,Paid Late,1
R00008285,L000684,10,2026-04-11,2026-04-09,15538.96,15538.96,Paid On Time,0
R00008286,L000684,11,2026-05-11,2026-05-09,15538.96,15538.96,Paid On Time,0
R00008287,L000684,12,2026-06-11,2026-06-11,15538.96,15538.96,Paid On Time,0
R00008288,L000684,13,2026-07-11,2026-07-19,15538.96,15538.96,Paid Late,8
R00008289,L000684,14,2026-08-11,2026-08-10,15538.96,15538.96,Paid On Time,0
R00008290,L000684,15,2026-09-11,2026-10-07,15538.96,15538.96,Paid Late,26
R00008291,L000685,1,2025-08-28,2025-08-28,257131.43,257131.43,Paid On Time,0
R00008292,L000685,2,2025-09-28,2025-09-26,257131.43,257131.43,Paid On Time,0
R00008293,L000685,3,2025-10-28,2025-11-17,257131.43,257131.43,Paid Late,20
R00008294,L000685,4,2025-11-28,2025-11-28,257131.43,257131.43,Paid On Time,0
R00008295,L000685,5,2025-12-28,2025-12-28,257131.43,257131.43,Paid On Time,0
R00008296,L000685,6,2026-01-28,2026-01-26,257131.43,257131.43,Paid On Time,0
R00008297,L000686,1,2025-04-16,2025-04-15,117919.26,117919.26,Paid On Time,0
R00008298,L000686,2,2025-05-16,2025-06-02,117919.26,117919.26,Paid Late,17
R00008299,L000686,3,2025-06-16,2025-06-15,117919.26,117919.26,Paid On Time,0
R00008300,L000686,4,2025-07-16,2025-07-14,117919.26,117919.26,Paid On Time,0
R00008301,L000686,5,2025-08-16,2025-08-16,117919.26,117919.26,Paid On Time,0
R00008302,L000686,6,2025-09-16,2025-10-03,117919.26,117919.26,Paid Late,17
R00008303,L000687,1,2026-09-28,2026-09-28,508741.92,508741.92,Paid On Time,0
R00008304,L000688,1,2025-10-23,2025-11-08,126726.94,126726.94,Paid Late,16
R00008305,L000688,2,2025-11-23,2025-12-17,126726.94,126726.94,Paid Late,24
R00008306,L000688,3,2025-12-23,2025-12-22,126726.94,126726.94,Paid On Time,0
R00008307,L000688,4,2026-01-23,2026-01-21,126726.94,126726.94,Paid On Time,0
R00008308,L000688,5,2026-02-23,2026-02-22,126726.94,126726.94,Paid On Time,0
R00008309,L000688,6,2026-03-23,2026-04-12,126726.94,126726.94,Paid Late,20
R00008310,L000688,7,2026-04-23,2026-06-05,126726.94,89003.09,Partial,43
R00008311,L000688,8,2026-05-23,2026-05-23,126726.94,126726.94,Paid On Time,0
R00008312,L000688,9,2026-06-23,2026-07-18,126726.94,126726.94,Paid Late,25
R00008313,L000688,10,2026-07-23,2026-07-23,126726.94,126726.94,Paid On Time,0
R00008314,L000688,11,2026-08-23,2026-08-21,126726.94,126726.94,Paid On Time,0
R00008315,L000688,12,2026-09-23,2026-09-22,126726.94,126726.94,Paid On Time,0
R00008316,L000689,1,2025-10-16,2025-11-24,175242.15,110786.89,Partial,39
R00008317,L000689,2,2025-11-16,2025-11-14,175242.15,175242.15,Paid On Time,0
R00008318,L000689,3,2025-12-16,2025-12-27,175242.15,175242.15,Paid Late,11
R00008319,L000689,4,2026-01-16,2026-01-20,175242.15,175242.15,Paid Late,4
R00008320,L000689,5,2026-02-16,2026-02-28,175242.15,175242.15,Paid Late,12
R00008321,L000689,6,2026-03-16,2026-03-16,175242.15,175242.15,Paid On Time,0
R00008322,L000689,7,2026-04-16,2026-04-23,175242.15,175242.15,Paid Late,7
R00008323,L000689,8,2026-05-16,2026-05-16,175242.15,175242.15,Paid On Time,0
R00008324,L000689,9,2026-06-16,2026-06-14,175242.15,175242.15,Paid On Time,0
R00008325,L000689,10,2026-07-16,2026-07-14,175242.15,175242.15,Paid On Time,0
R00008326,L000689,11,2026-08-16,,175242.15,0.0,Unpaid,45
R00008327,L000689,12,2026-09-16,,175242.15,0.0,Unpaid,14
R00008328,L000690,1,2024-02-20,2024-02-20,47736.78,47736.78,Paid On Time,0
R00008329,L000690,2,2024-03-20,2024-03-20,47736.78,47736.78,Paid On Time,0
R00008330,L000690,3,2024-04-20,,47736.78,0.0,Unpaid,120
R00008331,L000690,4,2024-05-20,2024-05-19,47736.78,47736.78,Paid On Time,0
R00008332,L000690,5,2024-06-20,2024-06-19,47736.78,47736.78,Paid On Time,0
R00008333,L000690,6,2024-07-20,2024-08-10,47736.78,47736.78,Paid Late,21
R00008334,L000690,7,2024-08-20,2024-10-16,47736.78,29497.38,Partial,57
R00008335,L000690,8,2024-09-20,2024-09-19,47736.78,47736.78,Paid On Time,0
R00008336,L000690,9,2024-10-20,2024-11-07,47736.78,47736.78,Paid Late,18
R00008337,L000690,10,2024-11-20,2024-12-12,47736.78,47736.78,Paid Late,22
R00008338,L000690,11,2024-12-20,2024-12-19,47736.78,47736.78,Paid On Time,0
R00008339,L000690,12,2025-01-20,2025-01-19,47736.78,47736.78,Paid On Time,0
R00008340,L000691,1,2025-03-18,,187200.63,0.0,Unpaid,30
R00008341,L000691,2,2025-04-18,2025-05-14,187200.63,187200.63,Paid Late,26
R00008342,L000691,3,2025-05-18,2025-05-18,187200.63,187200.63,Paid On Time,0
R00008343,L000691,4,2025-06-18,2025-06-18,187200.63,187200.63,Paid On Time,0
R00008344,L000691,5,2025-07-18,2025-07-16,187200.63,187200.63,Paid On Time,0
R00008345,L000691,6,2025-08-18,2025-08-16,187200.63,187200.63,Paid On Time,0
R00008346,L000691,7,2025-09-18,2025-09-16,187200.63,187200.63,Paid On Time,0
R00008347,L000691,8,2025-10-18,,187200.63,0.0,Unpaid,120
R00008348,L000691,9,2025-11-18,2025-11-16,187200.63,187200.63,Paid On Time,0
R00008349,L000691,10,2025-12-18,2025-12-17,187200.63,187200.63,Paid On Time,0
R00008350,L000691,11,2026-01-18,2026-01-17,187200.63,187200.63,Paid On Time,0
R00008351,L000691,12,2026-02-18,2026-02-18,187200.63,187200.63,Paid On Time,0
R00008352,L000691,13,2026-03-18,2026-03-16,187200.63,187200.63,Paid On Time,0
R00008353,L000691,14,2026-04-18,2026-04-16,187200.63,187200.63,Paid On Time,0
R00008354,L000691,15,2026-05-18,2026-05-16,187200.63,187200.63,Paid On Time,0
R00008355,L000691,16,2026-06-18,2026-06-17,187200.63,187200.63,Paid On Time,0
R00008356,L000691,17,2026-07-18,2026-07-16,187200.63,187200.63,Paid On Time,0
R00008357,L000691,18,2026-08-18,2026-08-17,187200.63,187200.63,Paid On Time,0
R00008358,L000692,1,2024-08-22,2024-09-02,96445.35,96445.35,Paid Late,11
R00008359,L000692,2,2024-09-22,2024-09-20,96445.35,96445.35,Paid On Time,0
R00008360,L000692,3,2024-10-22,2024-10-20,96445.35,96445.35,Paid On Time,0
R00008361,L000692,4,2024-11-22,2024-11-30,96445.35,96445.35,Paid Late,8
R00008362,L000692,5,2024-12-22,2024-12-21,96445.35,96445.35,Paid On Time,0
R00008363,L000692,6,2025-01-22,2025-01-21,96445.35,96445.35,Paid On Time,0
R00008364,L000692,7,2025-02-22,2025-02-20,96445.35,96445.35,Paid On Time,0
R00008365,L000692,8,2025-03-22,2025-03-21,96445.35,96445.35,Paid On Time,0
R00008366,L000692,9,2025-04-22,2025-04-20,96445.35,96445.35,Paid On Time,0
R00008367,L000692,10,2025-05-22,2025-06-19,96445.35,40871.29,Partial,28
R00008368,L000692,11,2025-06-22,2025-06-21,96445.35,96445.35,Paid On Time,0
R00008369,L000692,12,2025-07-22,2025-08-18,96445.35,96445.35,Paid Late,27
R00008370,L000692,13,2025-08-22,2025-09-30,96445.35,38935.51,Partial,39
R00008371,L000692,14,2025-09-22,2025-09-21,96445.35,96445.35,Paid On Time,0
R00008372,L000692,15,2025-10-22,2025-10-20,96445.35,96445.35,Paid On Time,0
R00008373,L000692,16,2025-11-22,2025-12-19,96445.35,96445.35,Paid Late,27
R00008374,L000692,17,2025-12-22,,96445.35,0.0,Unpaid,60
R00008375,L000692,18,2026-01-22,2026-01-22,96445.35,96445.35,Paid On Time,0
R00008376,L000692,19,2026-02-22,2026-02-21,96445.35,96445.35,Paid On Time,0
R00008377,L000692,20,2026-03-22,2026-03-21,96445.35,96445.35,Paid On Time,0
R00008378,L000692,21,2026-04-22,2026-04-20,96445.35,96445.35,Paid On Time,0
R00008379,L000692,22,2026-05-22,2026-05-22,96445.35,96445.35,Paid On Time,0
R00008380,L000692,23,2026-06-22,2026-06-22,96445.35,96445.35,Paid On Time,0
R00008381,L000692,24,2026-07-22,2026-07-20,96445.35,96445.35,Paid On Time,0
R00008382,L000693,1,2024-11-26,,42475.94,0.0,Unpaid,30
R00008383,L000693,2,2024-12-26,2024-12-26,42475.94,42475.94,Paid On Time,0
R00008384,L000693,3,2025-01-26,2025-01-24,42475.94,42475.94,Paid On Time,0
R00008385,L000693,4,2025-02-26,,42475.94,0.0,Unpaid,90
R00008386,L000693,5,2025-03-26,2025-04-17,42475.94,17416.1,Partial,22
R00008387,L000693,6,2025-04-26,2025-04-25,42475.94,42475.94,Paid On Time,0
R00008388,L000693,7,2025-05-26,2025-05-25,42475.94,42475.94,Paid On Time,0
R00008389,L000693,8,2025-06-26,2025-06-25,42475.94,42475.94,Paid On Time,0
R00008390,L000693,9,2025-07-26,2025-07-24,42475.94,42475.94,Paid On Time,0
R00008391,L000693,10,2025-08-26,2025-08-26,42475.94,42475.94,Paid On Time,0
R00008392,L000693,11,2025-09-26,2025-09-25,42475.94,42475.94,Paid On Time,0
R00008393,L000693,12,2025-10-26,2025-11-11,42475.94,42475.94,Paid Late,16
R00008394,L000693,13,2025-11-26,2025-11-26,42475.94,42475.94,Paid On Time,0
R00008395,L000693,14,2025-12-26,2026-01-05,42475.94,42475.94,Paid Late,10
R00008396,L000693,15,2026-01-26,2026-01-24,42475.94,42475.94,Paid On Time,0
R00008397,L000693,16,2026-02-26,,42475.94,0.0,Unpaid,30
R00008398,L000693,17,2026-03-26,2026-03-24,42475.94,42475.94,Paid On Time,0
R00008399,L000693,18,2026-04-26,2026-04-26,42475.94,42475.94,Paid On Time,0
R00008400,L000694,1,2025-02-23,2025-02-21,143275.63,143275.63,Paid On Time,0
R00008401,L000694,2,2025-03-23,2025-03-22,143275.63,143275.63,Paid On Time,0
R00008402,L000694,3,2025-04-23,2025-04-22,143275.63,143275.63,Paid On Time,0
R00008403,L000694,4,2025-05-23,2025-05-23,143275.63,143275.63,Paid On Time,0
R00008404,L000694,5,2025-06-23,2025-07-21,143275.63,143275.63,Paid Late,28
R00008405,L000694,6,2025-07-23,,143275.63,0.0,Unpaid,90
R00008406,L000694,7,2025-08-23,2025-08-23,143275.63,143275.63,Paid On Time,0
R00008407,L000694,8,2025-09-23,,143275.63,0.0,Unpaid,120
R00008408,L000694,9,2025-10-23,2025-10-21,143275.63,143275.63,Paid On Time,0
R00008409,L000694,10,2025-11-23,2025-11-21,143275.63,143275.63,Paid On Time,0
R00008410,L000694,11,2025-12-23,2025-12-22,143275.63,143275.63,Paid On Time,0
R00008411,L000694,12,2026-01-23,2026-02-21,143275.63,50175.04,Partial,29
R00008412,L000694,13,2026-02-23,2026-02-21,143275.63,143275.63,Paid On Time,0
R00008413,L000694,14,2026-03-23,2026-03-22,143275.63,143275.63,Paid On Time,0
R00008414,L000694,15,2026-04-23,2026-04-23,143275.63,143275.63,Paid On Time,0
R00008415,L000694,16,2026-05-23,2026-05-23,143275.63,143275.63,Paid On Time,0
R00008416,L000694,17,2026-06-23,2026-06-23,143275.63,143275.63,Paid On Time,0
R00008417,L000694,18,2026-07-23,2026-07-21,143275.63,143275.63,Paid On Time,0
R00008418,L000695,1,2025-10-01,2025-09-29,226854.4,226854.4,Paid On Time,0
R00008419,L000695,2,2025-11-01,2025-11-17,226854.4,226854.4,Paid Late,16
R00008420,L000695,3,2025-12-01,2025-11-29,226854.4,226854.4,Paid On Time,0
R00008421,L000695,4,2026-01-01,2025-12-30,226854.4,226854.4,Paid On Time,0
R00008422,L000695,5,2026-02-01,2026-01-30,226854.4,226854.4,Paid On Time,0
R00008423,L000695,6,2026-03-01,2026-03-01,226854.4,226854.4,Paid On Time,0
R00008424,L000695,7,2026-04-01,2026-04-01,226854.4,226854.4,Paid On Time,0
R00008425,L000695,8,2026-05-01,2026-05-15,226854.4,226854.4,Paid Late,14
R00008426,L000695,9,2026-06-01,2026-05-31,226854.4,226854.4,Paid On Time,0
R00008427,L000695,10,2026-07-01,2026-07-01,226854.4,226854.4,Paid On Time,0
R00008428,L000695,11,2026-08-01,2026-07-30,226854.4,226854.4,Paid On Time,0
R00008429,L000695,12,2026-09-01,2026-09-01,226854.4,226854.4,Paid On Time,0
R00008430,L000696,1,2024-07-28,2024-07-27,500192.27,500192.27,Paid On Time,0
R00008431,L000696,2,2024-08-28,2024-08-28,500192.27,500192.27,Paid On Time,0
R00008432,L000696,3,2024-09-28,2024-10-06,500192.27,500192.27,Paid Late,8
R00008433,L000696,4,2024-10-28,2024-12-26,500192.27,338999.13,Partial,59
R00008434,L000696,5,2024-11-28,2024-12-26,500192.27,500192.27,Paid Late,28
R00008435,L000696,6,2024-12-28,2024-12-27,500192.27,500192.27,Paid On Time,0
R00008436,L000697,1,2024-07-17,2024-07-15,1470373.81,1470373.81,Paid On Time,0
R00008437,L000697,2,2024-08-17,2024-08-16,1470373.81,1470373.81,Paid On Time,0
R00008438,L000697,3,2024-09-17,2024-09-17,1470373.81,1470373.81,Paid On Time,0
R00008439,L000697,4,2024-10-17,2024-10-16,1470373.81,1470373.81,Paid On Time,0
R00008440,L000697,5,2024-11-17,2024-11-15,1470373.81,1470373.81,Paid On Time,0
R00008441,L000697,6,2024-12-17,2024-12-16,1470373.81,1470373.81,Paid On Time,0
R00008442,L000698,1,2026-07-18,2026-07-18,1901045.53,1901045.53,Paid On Time,0
R00008443,L000698,2,2026-08-18,2026-08-16,1901045.53,1901045.53,Paid On Time,0
R00008444,L000698,3,2026-09-18,2026-09-17,1901045.53,1901045.53,Paid On Time,0
R00008445,L000699,1,2024-08-20,2024-08-20,180095.77,180095.77,Paid On Time,0
R00008446,L000699,2,2024-09-20,,180095.77,0.0,Unpaid,90
R00008447,L000699,3,2024-10-20,2024-10-20,180095.77,180095.77,Paid On Time,0
R00008448,L000699,4,2024-11-20,2024-11-28,180095.77,180095.77,Paid Late,8
R00008449,L000699,5,2024-12-20,2024-12-18,180095.77,180095.77,Paid On Time,0
R00008450,L000699,6,2025-01-20,2025-01-20,180095.77,180095.77,Paid On Time,0
R00008451,L000699,7,2025-02-20,2025-02-20,180095.77,180095.77,Paid On Time,0
R00008452,L000699,8,2025-03-20,2025-04-13,180095.77,180095.77,Paid Late,24
R00008453,L000699,9,2025-04-20,2025-05-06,180095.77,180095.77,Paid Late,16
R00008454,L000699,10,2025-05-20,2025-05-18,180095.77,180095.77,Paid On Time,0
R00008455,L000699,11,2025-06-20,2025-06-20,180095.77,180095.77,Paid On Time,0
R00008456,L000699,12,2025-07-20,2025-07-18,180095.77,180095.77,Paid On Time,0
R00008457,L000699,13,2025-08-20,2025-08-18,180095.77,180095.77,Paid On Time,0
R00008458,L000699,14,2025-09-20,2025-09-20,180095.77,180095.77,Paid On Time,0
R00008459,L000699,15,2025-10-20,2025-10-18,180095.77,180095.77,Paid On Time,0
R00008460,L000699,16,2025-11-20,2025-11-20,180095.77,180095.77,Paid On Time,0
R00008461,L000699,17,2025-12-20,2025-12-20,180095.77,180095.77,Paid On Time,0
R00008462,L000699,18,2026-01-20,2026-01-19,180095.77,180095.77,Paid On Time,0
R00008463,L000699,19,2026-02-20,2026-03-09,180095.77,180095.77,Paid Late,17
R00008464,L000699,20,2026-03-20,2026-03-19,180095.77,180095.77,Paid On Time,0
R00008465,L000699,21,2026-04-20,,180095.77,0.0,Unpaid,120
R00008466,L000699,22,2026-05-20,2026-05-18,180095.77,180095.77,Paid On Time,0
R00008467,L000699,23,2026-06-20,2026-06-20,180095.77,180095.77,Paid On Time,0
R00008468,L000699,24,2026-07-20,2026-07-20,180095.77,180095.77,Paid On Time,0
R00008469,L000699,25,2026-08-20,2026-08-19,180095.77,180095.77,Paid On Time,0
R00008470,L000699,26,2026-09-20,2026-09-18,180095.77,180095.77,Paid On Time,0
R00008471,L000700,1,2025-12-01,2025-11-30,173158.05,173158.05,Paid On Time,0
R00008472,L000700,2,2026-01-01,2026-01-01,173158.05,173158.05,Paid On Time,0
R00008473,L000700,3,2026-02-01,2026-01-30,173158.05,173158.05,Paid On Time,0
R00008474,L000700,4,2026-03-01,2026-02-28,173158.05,173158.05,Paid On Time,0
R00008475,L000700,5,2026-04-01,2026-04-01,173158.05,173158.05,Paid On Time,0
R00008476,L000700,6,2026-05-01,2026-04-30,173158.05,173158.05,Paid On Time,0
R00008477,L000700,7,2026-06-01,2026-06-01,173158.05,173158.05,Paid On Time,0
R00008478,L000700,8,2026-07-01,,173158.05,0.0,Unpaid,91
R00008479,L000700,9,2026-08-01,2026-08-01,173158.05,173158.05,Paid On Time,0
R00008480,L000700,10,2026-09-01,2026-09-13,173158.05,77960.44,Partial,12
R00008481,L000701,1,2026-07-10,2026-07-08,186612.58,186612.58,Paid On Time,0
R00008482,L000701,2,2026-08-10,2026-08-10,186612.58,186612.58,Paid On Time,0
R00008483,L000701,3,2026-09-10,2026-09-08,186612.58,186612.58,Paid On Time,0
R00008484,L000702,1,2025-06-16,2025-06-16,809356.42,809356.42,Paid On Time,0
R00008485,L000702,2,2025-07-16,,809356.42,0.0,Unpaid,60
R00008486,L000702,3,2025-08-16,2025-08-14,809356.42,809356.42,Paid On Time,0
R00008487,L000702,4,2025-09-16,2025-10-05,809356.42,809356.42,Paid Late,19
R00008488,L000702,5,2025-10-16,2025-10-16,809356.42,809356.42,Paid On Time,0
R00008489,L000702,6,2025-11-16,2025-11-16,809356.42,809356.42,Paid On Time,0
R00008490,L000703,1,2024-11-26,2024-11-24,226465.67,226465.67,Paid On Time,0
R00008491,L000703,2,2024-12-26,2024-12-26,226465.67,226465.67,Paid On Time,0
R00008492,L000703,3,2025-01-26,2025-01-24,226465.67,226465.67,Paid On Time,0
R00008493,L000703,4,2025-02-26,2025-02-26,226465.67,226465.67,Paid On Time,0
R00008494,L000703,5,2025-03-26,2025-03-25,226465.67,226465.67,Paid On Time,0
R00008495,L000703,6,2025-04-26,2025-04-25,226465.67,226465.67,Paid On Time,0
R00008496,L000704,1,2024-12-23,2024-12-21,119094.44,119094.44,Paid On Time,0
R00008497,L000704,2,2025-01-23,2025-01-21,119094.44,119094.44,Paid On Time,0
R00008498,L000704,3,2025-02-23,2025-02-21,119094.44,119094.44,Paid On Time,0
R00008499,L000704,4,2025-03-23,2025-03-22,119094.44,119094.44,Paid On Time,0
R00008500,L000704,5,2025-04-23,2025-04-23,119094.44,119094.44,Paid On Time,0
R00008501,L000704,6,2025-05-23,2025-05-22,119094.44,119094.44,Paid On Time,0
R00008502,L000704,7,2025-06-23,2025-07-23,119094.44,60522.1,Partial,30
R00008503,L000704,8,2025-07-23,2025-07-21,119094.44,119094.44,Paid On Time,0
R00008504,L000704,9,2025-08-23,2025-08-23,119094.44,119094.44,Paid On Time,0
R00008505,L000704,10,2025-09-23,2025-09-21,119094.44,119094.44,Paid On Time,0
R00008506,L000704,11,2025-10-23,2025-10-22,119094.44,119094.44,Paid On Time,0
R00008507,L000704,12,2025-11-23,2025-11-23,119094.44,119094.44,Paid On Time,0
R00008508,L000704,13,2025-12-23,2025-12-22,119094.44,119094.44,Paid On Time,0
R00008509,L000704,14,2026-01-23,2026-02-21,119094.44,119094.44,Paid Late,29
R00008510,L000704,15,2026-02-23,2026-02-23,119094.44,119094.44,Paid On Time,0
R00008511,L000704,16,2026-03-23,2026-03-23,119094.44,119094.44,Paid On Time,0
R00008512,L000704,17,2026-04-23,2026-04-22,119094.44,119094.44,Paid On Time,0
R00008513,L000704,18,2026-05-23,2026-05-23,119094.44,119094.44,Paid On Time,0
R00008514,L000704,19,2026-06-23,2026-06-23,119094.44,119094.44,Paid On Time,0
R00008515,L000704,20,2026-07-23,2026-07-22,119094.44,119094.44,Paid On Time,0
R00008516,L000704,21,2026-08-23,2026-08-22,119094.44,119094.44,Paid On Time,0
R00008517,L000704,22,2026-09-23,2026-09-22,119094.44,119094.44,Paid On Time,0
R00008518,L000705,1,2025-09-19,,22375.83,0.0,Unpaid,120
R00008519,L000705,2,2025-10-19,2025-10-19,22375.83,22375.83,Paid On Time,0
R00008520,L000705,3,2025-11-19,2025-11-18,22375.83,22375.83,Paid On Time,0
R00008521,L000705,4,2025-12-19,2025-12-18,22375.83,22375.83,Paid On Time,0
R00008522,L000705,5,2026-01-19,2026-01-17,22375.83,22375.83,Paid On Time,0
R00008523,L000705,6,2026-02-19,2026-03-20,22375.83,22375.83,Paid Late,29
R00008524,L000705,7,2026-03-19,2026-03-17,22375.83,22375.83,Paid On Time,0
R00008525,L000705,8,2026-04-19,2026-05-28,22375.83,17473.21,Partial,39
R00008526,L000705,9,2026-05-19,2026-05-18,22375.83,22375.83,Paid On Time,0
R00008527,L000705,10,2026-06-19,2026-08-16,22375.83,8501.11,Partial,58
R00008528,L000705,11,2026-07-19,2026-07-19,22375.83,22375.83,Paid On Time,0
R00008529,L000705,12,2026-08-19,2026-08-19,22375.83,22375.83,Paid On Time,0
R00008530,L000705,13,2026-09-19,2026-09-30,22375.83,22375.83,Paid Late,11
R00008531,L000706,1,2026-02-12,2026-02-11,112211.14,112211.14,Paid On Time,0
R00008532,L000706,2,2026-03-12,2026-03-12,112211.14,112211.14,Paid On Time,0
R00008533,L000706,3,2026-04-12,2026-04-11,112211.14,112211.14,Paid On Time,0
R00008534,L000706,4,2026-05-12,2026-05-10,112211.14,112211.14,Paid On Time,0
R00008535,L000706,5,2026-06-12,2026-06-11,112211.14,112211.14,Paid On Time,0
R00008536,L000706,6,2026-07-12,2026-07-12,112211.14,112211.14,Paid On Time,0
R00008537,L000706,7,2026-08-12,2026-08-12,112211.14,112211.14,Paid On Time,0
R00008538,L000706,8,2026-09-12,2026-09-12,112211.14,112211.14,Paid On Time,0
R00008539,L000707,1,2025-02-27,2025-02-27,125132.54,125132.54,Paid On Time,0
R00008540,L000707,2,2025-03-27,2025-03-25,125132.54,125132.54,Paid On Time,0
R00008541,L000707,3,2025-04-27,2025-05-26,125132.54,98132.23,Partial,29
R00008542,L000707,4,2025-05-27,,125132.54,0.0,Unpaid,90
R00008543,L000707,5,2025-06-27,2025-06-25,125132.54,125132.54,Paid On Time,0
R00008544,L000707,6,2025-07-27,2025-07-27,125132.54,125132.54,Paid On Time,0
R00008545,L000707,7,2025-08-27,2025-08-25,125132.54,125132.54,Paid On Time,0
R00008546,L000707,8,2025-09-27,2025-10-12,125132.54,125132.54,Paid Late,15
R00008547,L000707,9,2025-10-27,2025-10-27,125132.54,125132.54,Paid On Time,0
R00008548,L000707,10,2025-11-27,2025-12-12,125132.54,125132.54,Paid Late,15
R00008549,L000707,11,2025-12-27,2025-12-26,125132.54,125132.54,Paid On Time,0
R00008550,L000707,12,2026-01-27,2026-01-27,125132.54,125132.54,Paid On Time,0
R00008551,L000707,13,2026-02-27,2026-02-27,125132.54,125132.54,Paid On Time,0
R00008552,L000707,14,2026-03-27,2026-03-26,125132.54,125132.54,Paid On Time,0
R00008553,L000707,15,2026-04-27,2026-04-26,125132.54,125132.54,Paid On Time,0
R00008554,L000707,16,2026-05-27,2026-05-25,125132.54,125132.54,Paid On Time,0
R00008555,L000707,17,2026-06-27,2026-06-25,125132.54,125132.54,Paid On Time,0
R00008556,L000707,18,2026-07-27,2026-09-18,125132.54,64264.67,Partial,53
R00008557,L000708,1,2025-01-28,2025-01-28,124644.89,124644.89,Paid On Time,0
R00008558,L000708,2,2025-02-28,2025-03-11,124644.89,124644.89,Paid Late,11
R00008559,L000708,3,2025-03-28,2025-03-26,124644.89,124644.89,Paid On Time,0
R00008560,L000708,4,2025-04-28,2025-04-28,124644.89,124644.89,Paid On Time,0
R00008561,L000708,5,2025-05-28,2025-05-28,124644.89,124644.89,Paid On Time,0
R00008562,L000708,6,2025-06-28,,124644.89,0.0,Unpaid,60
R00008563,L000708,7,2025-07-28,2025-07-28,124644.89,124644.89,Paid On Time,0
R00008564,L000708,8,2025-08-28,2025-08-26,124644.89,124644.89,Paid On Time,0
R00008565,L000708,9,2025-09-28,2025-09-27,124644.89,124644.89,Paid On Time,0
R00008566,L000708,10,2025-10-28,2025-10-26,124644.89,124644.89,Paid On Time,0
R00008567,L000708,11,2025-11-28,2025-11-26,124644.89,124644.89,Paid On Time,0
R00008568,L000708,12,2025-12-28,2026-01-21,124644.89,124644.89,Paid Late,24
R00008569,L000708,13,2026-01-28,2026-01-27,124644.89,124644.89,Paid On Time,0
R00008570,L000708,14,2026-02-28,2026-02-27,124644.89,124644.89,Paid On Time,0
R00008571,L000708,15,2026-03-28,2026-03-28,124644.89,124644.89,Paid On Time,0
R00008572,L000708,16,2026-04-28,2026-04-26,124644.89,124644.89,Paid On Time,0
R00008573,L000708,17,2026-05-28,2026-05-26,124644.89,124644.89,Paid On Time,0
R00008574,L000708,18,2026-06-28,2026-06-28,124644.89,124644.89,Paid On Time,0
R00008575,L000708,19,2026-07-28,2026-07-27,124644.89,124644.89,Paid On Time,0
R00008576,L000708,20,2026-08-28,2026-08-27,124644.89,124644.89,Paid On Time,0
R00008577,L000708,21,2026-09-28,2026-09-28,124644.89,124644.89,Paid On Time,0
R00008578,L000709,1,2026-06-07,2026-06-07,85218.16,85218.16,Paid On Time,0
R00008579,L000709,2,2026-07-07,2026-07-07,85218.16,85218.16,Paid On Time,0
R00008580,L000709,3,2026-08-07,2026-08-14,85218.16,85218.16,Paid Late,7
R00008581,L000709,4,2026-09-07,2026-09-05,85218.16,85218.16,Paid On Time,0
R00008582,L000710,1,2025-02-22,2025-02-20,1177300.79,1177300.79,Paid On Time,0
R00008583,L000710,2,2025-03-22,2025-03-20,1177300.79,1177300.79,Paid On Time,0
R00008584,L000710,3,2025-04-22,2025-04-22,1177300.79,1177300.79,Paid On Time,0
R00008585,L000710,4,2025-05-22,,1177300.79,0.0,Unpaid,120
R00008586,L000710,5,2025-06-22,2025-06-21,1177300.79,1177300.79,Paid On Time,0
R00008587,L000710,6,2025-07-22,2025-07-21,1177300.79,1177300.79,Paid On Time,0
R00008588,L000711,1,2025-03-27,2025-03-27,51244.97,51244.97,Paid On Time,0
R00008589,L000711,2,2025-04-27,2025-04-26,51244.97,51244.97,Paid On Time,0
R00008590,L000711,3,2025-05-27,2025-07-01,51244.97,30581.51,Partial,35
R00008591,L000711,4,2025-06-27,2025-06-29,51244.97,51244.97,Paid Late,2
R00008592,L000711,5,2025-07-27,2025-07-25,51244.97,51244.97,Paid On Time,0
R00008593,L000711,6,2025-08-27,2025-08-26,51244.97,51244.97,Paid On Time,0
R00008594,L000711,7,2025-09-27,,51244.97,0.0,Unpaid,60
R00008595,L000711,8,2025-10-27,2025-10-26,51244.97,51244.97,Paid On Time,0
R00008596,L000711,9,2025-11-27,2025-11-26,51244.97,51244.97,Paid On Time,0
R00008597,L000711,10,2025-12-27,2025-12-27,51244.97,51244.97,Paid On Time,0
R00008598,L000711,11,2026-01-27,2026-02-17,51244.97,38352.23,Partial,21
R00008599,L000711,12,2026-02-27,2026-02-27,51244.97,51244.97,Paid On Time,0
R00008600,L000711,13,2026-03-27,2026-03-27,51244.97,51244.97,Paid On Time,0
R00008601,L000711,14,2026-04-27,2026-04-27,51244.97,51244.97,Paid On Time,0
R00008602,L000711,15,2026-05-27,2026-05-27,51244.97,51244.97,Paid On Time,0
R00008603,L000711,16,2026-06-27,2026-06-27,51244.97,51244.97,Paid On Time,0
R00008604,L000711,17,2026-07-27,2026-07-31,51244.97,51244.97,Paid Late,4
R00008605,L000711,18,2026-08-27,2026-08-26,51244.97,51244.97,Paid On Time,0
R00008606,L000711,19,2026-09-27,2026-09-25,51244.97,51244.97,Paid On Time,0
R00008607,L000712,1,2026-06-19,2026-06-17,208539.48,208539.48,Paid On Time,0
R00008608,L000712,2,2026-07-19,2026-07-19,208539.48,208539.48,Paid On Time,0
R00008609,L000712,3,2026-08-19,2026-08-19,208539.48,208539.48,Paid On Time,0
R00008610,L000712,4,2026-09-19,2026-09-30,208539.48,127381.11,Partial,50
R00008611,L000713,1,2024-05-09,2024-05-08,348239.25,348239.25,Paid On Time,0
R00008612,L000713,2,2024-06-09,,348239.25,0.0,Unpaid,60
R00008613,L000713,3,2024-07-09,2024-07-09,348239.25,348239.25,Paid On Time,0
R00008614,L000713,4,2024-08-09,2024-08-09,348239.25,348239.25,Paid On Time,0
R00008615,L000713,5,2024-09-09,2024-09-08,348239.25,348239.25,Paid On Time,0
R00008616,L000713,6,2024-10-09,2024-10-09,348239.25,348239.25,Paid On Time,0
R00008617,L000713,7,2024-11-09,2024-12-25,348239.25,128140.18,Partial,46
R00008618,L000713,8,2024-12-09,2024-12-07,348239.25,348239.25,Paid On Time,0
R00008619,L000713,9,2025-01-09,2025-01-08,348239.25,348239.25,Paid On Time,0
R00008620,L000713,10,2025-02-09,,348239.25,0.0,Unpaid,60
R00008621,L000713,11,2025-03-09,2025-03-07,348239.25,348239.25,Paid On Time,0
R00008622,L000713,12,2025-04-09,,348239.25,0.0,Unpaid,60
R00008623,L000713,13,2025-05-09,2025-05-09,348239.25,348239.25,Paid On Time,0
R00008624,L000713,14,2025-06-09,2025-07-02,348239.25,348239.25,Paid Late,23
R00008625,L000713,15,2025-07-09,2025-07-09,348239.25,348239.25,Paid On Time,0
R00008626,L000713,16,2025-08-09,2025-08-09,348239.25,348239.25,Paid On Time,0
R00008627,L000713,17,2025-09-09,2025-09-08,348239.25,348239.25,Paid On Time,0
R00008628,L000713,18,2025-10-09,2025-10-07,348239.25,348239.25,Paid On Time,0
R00008629,L000713,19,2025-11-09,,348239.25,0.0,Unpaid,30
R00008630,L000713,20,2025-12-09,2026-01-16,348239.25,237962.68,Partial,38
R00008631,L000713,21,2026-01-09,2026-01-27,348239.25,348239.25,Paid Late,18
R00008632,L000713,22,2026-02-09,2026-02-07,348239.25,348239.25,Paid On Time,0
R00008633,L000713,23,2026-03-09,2026-03-07,348239.25,348239.25,Paid On Time,0
R00008634,L000713,24,2026-04-09,2026-04-27,348239.25,348239.25,Paid Late,18
R00008635,L000714,1,2026-07-06,2026-07-05,44878.53,44878.53,Paid On Time,0
R00008636,L000714,2,2026-08-06,2026-08-20,44878.53,44878.53,Paid Late,14
R00008637,L000714,3,2026-09-06,2026-09-04,44878.53,44878.53,Paid On Time,0
R00008638,L000715,1,2025-03-17,2025-03-20,1385291.79,1385291.79,Paid Late,3
R00008639,L000715,2,2025-04-17,2025-04-17,1385291.79,1385291.79,Paid On Time,0
R00008640,L000715,3,2025-05-17,2025-05-17,1385291.79,1385291.79,Paid On Time,0
R00008641,L000715,4,2025-06-17,2025-06-15,1385291.79,1385291.79,Paid On Time,0
R00008642,L000715,5,2025-07-17,2025-07-17,1385291.79,1385291.79,Paid On Time,0
R00008643,L000715,6,2025-08-17,2025-08-16,1385291.79,1385291.79,Paid On Time,0
R00008644,L000715,7,2025-09-17,2025-09-17,1385291.79,1385291.79,Paid On Time,0
R00008645,L000715,8,2025-10-17,2025-10-16,1385291.79,1385291.79,Paid On Time,0
R00008646,L000715,9,2025-11-17,2025-11-16,1385291.79,1385291.79,Paid On Time,0
R00008647,L000715,10,2025-12-17,2025-12-15,1385291.79,1385291.79,Paid On Time,0
R00008648,L000715,11,2026-01-17,2026-01-16,1385291.79,1385291.79,Paid On Time,0
R00008649,L000715,12,2026-02-17,,1385291.79,0.0,Unpaid,90
R00008650,L000715,13,2026-03-17,2026-03-17,1385291.79,1385291.79,Paid On Time,0
R00008651,L000715,14,2026-04-17,2026-04-16,1385291.79,1385291.79,Paid On Time,0
R00008652,L000715,15,2026-05-17,2026-05-16,1385291.79,1385291.79,Paid On Time,0
R00008653,L000715,16,2026-06-17,2026-07-15,1385291.79,1385291.79,Paid Late,28
R00008654,L000715,17,2026-07-17,2026-07-16,1385291.79,1385291.79,Paid On Time,0
R00008655,L000715,18,2026-08-17,2026-08-17,1385291.79,1385291.79,Paid On Time,0
R00008656,L000717,1,2024-03-22,2024-03-21,270905.05,270905.05,Paid On Time,0
R00008657,L000717,2,2024-04-22,2024-04-20,270905.05,270905.05,Paid On Time,0
R00008658,L000717,3,2024-05-22,2024-05-22,270905.05,270905.05,Paid On Time,0
R00008659,L000717,4,2024-06-22,2024-06-22,270905.05,270905.05,Paid On Time,0
R00008660,L000717,5,2024-07-22,2024-07-24,270905.05,270905.05,Paid Late,2
R00008661,L000717,6,2024-08-22,2024-08-22,270905.05,270905.05,Paid On Time,0
R00008662,L000717,7,2024-09-22,2024-11-09,270905.05,111358.99,Partial,48
R00008663,L000717,8,2024-10-22,2024-10-21,270905.05,270905.05,Paid On Time,0
R00008664,L000717,9,2024-11-22,2024-11-22,270905.05,270905.05,Paid On Time,0
R00008665,L000717,10,2024-12-22,2024-12-20,270905.05,270905.05,Paid On Time,0
R00008666,L000717,11,2025-01-22,2025-01-20,270905.05,270905.05,Paid On Time,0
R00008667,L000717,12,2025-02-22,2025-02-21,270905.05,270905.05,Paid On Time,0
R00008668,L000717,13,2025-03-22,2025-03-22,270905.05,270905.05,Paid On Time,0
R00008669,L000717,14,2025-04-22,2025-04-22,270905.05,270905.05,Paid On Time,0
R00008670,L000717,15,2025-05-22,2025-06-21,270905.05,270905.05,Paid Late,30
R00008671,L000717,16,2025-06-22,2025-07-20,270905.05,270905.05,Paid Late,28
R00008672,L000717,17,2025-07-22,2025-07-21,270905.05,270905.05,Paid On Time,0
R00008673,L000717,18,2025-08-22,2025-09-06,270905.05,131494.6,Partial,15
R00008674,L000718,1,2025-11-01,2025-10-31,212705.87,212705.87,Paid On Time,0
R00008675,L000718,2,2025-12-01,2025-11-30,212705.87,212705.87,Paid On Time,0
R00008676,L000718,3,2026-01-01,2025-12-30,212705.87,212705.87,Paid On Time,0
R00008677,L000718,4,2026-02-01,2026-01-31,212705.87,212705.87,Paid On Time,0
R00008678,L000718,5,2026-03-01,2026-02-27,212705.87,212705.87,Paid On Time,0
R00008679,L000718,6,2026-04-01,2026-04-01,212705.87,212705.87,Paid On Time,0
R00008680,L000718,7,2026-05-01,2026-05-01,212705.87,212705.87,Paid On Time,0
R00008681,L000718,8,2026-06-01,2026-06-01,212705.87,212705.87,Paid On Time,0
R00008682,L000718,9,2026-07-01,2026-06-30,212705.87,212705.87,Paid On Time,0
R00008683,L000718,10,2026-08-01,2026-09-19,212705.87,84315.27,Partial,49
R00008684,L000718,11,2026-09-01,2026-09-30,212705.87,130827.33,Partial,52
R00008685,L000719,1,2025-08-13,,170747.58,0.0,Unpaid,90
R00008686,L000719,2,2025-09-13,,170747.58,0.0,Unpaid,90
R00008687,L000719,3,2025-10-13,2025-10-13,170747.58,170747.58,Paid On Time,0
R00008688,L000719,4,2025-11-13,2025-11-11,170747.58,170747.58,Paid On Time,0
R00008689,L000719,5,2025-12-13,2025-12-12,170747.58,170747.58,Paid On Time,0
R00008690,L000719,6,2026-01-13,2026-01-11,170747.58,170747.58,Paid On Time,0
R00008691,L000719,7,2026-02-13,,170747.58,0.0,Unpaid,30
R00008692,L000719,8,2026-03-13,2026-03-13,170747.58,170747.58,Paid On Time,0
R00008693,L000719,9,2026-04-13,2026-04-12,170747.58,170747.58,Paid On Time,0
R00008694,L000719,10,2026-05-13,2026-05-12,170747.58,170747.58,Paid On Time,0
R00008695,L000719,11,2026-06-13,2026-06-13,170747.58,170747.58,Paid On Time,0
R00008696,L000719,12,2026-07-13,2026-07-12,170747.58,170747.58,Paid On Time,0
R00008697,L000720,1,2026-05-01,2026-04-29,184782.91,184782.91,Paid On Time,0
R00008698,L000720,2,2026-06-01,2026-06-01,184782.91,184782.91,Paid On Time,0
R00008699,L000720,3,2026-07-01,2026-07-01,184782.91,184782.91,Paid On Time,0
R00008700,L000720,4,2026-08-01,2026-08-21,184782.91,85524.76,Partial,20
R00008701,L000720,5,2026-09-01,2026-09-01,184782.91,184782.91,Paid On Time,0
R00008702,L000721,1,2025-01-06,2025-01-06,101131.97,101131.97,Paid On Time,0
R00008703,L000721,2,2025-02-06,2025-02-05,101131.97,101131.97,Paid On Time,0
R00008704,L000721,3,2025-03-06,,101131.97,0.0,Unpaid,60
R00008705,L000721,4,2025-04-06,2025-04-04,101131.97,101131.97,Paid On Time,0
R00008706,L000721,5,2025-05-06,2025-05-05,101131.97,101131.97,Paid On Time,0
R00008707,L000721,6,2025-06-06,2025-06-05,101131.97,101131.97,Paid On Time,0
R00008708,L000721,7,2025-07-06,2025-07-06,101131.97,101131.97,Paid On Time,0
R00008709,L000721,8,2025-08-06,2025-08-04,101131.97,101131.97,Paid On Time,0
R00008710,L000721,9,2025-09-06,2025-09-05,101131.97,101131.97,Paid On Time,0
R00008711,L000721,10,2025-10-06,2025-10-05,101131.97,101131.97,Paid On Time,0
R00008712,L000721,11,2025-11-06,,101131.97,0.0,Unpaid,60
R00008713,L000721,12,2025-12-06,,101131.97,0.0,Unpaid,120
R00008714,L000721,13,2026-01-06,2026-01-04,101131.97,101131.97,Paid On Time,0
R00008715,L000721,14,2026-02-06,2026-02-04,101131.97,101131.97,Paid On Time,0
R00008716,L000721,15,2026-03-06,2026-03-06,101131.97,101131.97,Paid On Time,0
R00008717,L000721,16,2026-04-06,2026-04-05,101131.97,101131.97,Paid On Time,0
R00008718,L000721,17,2026-05-06,,101131.97,0.0,Unpaid,120
R00008719,L000721,18,2026-06-06,2026-06-04,101131.97,101131.97,Paid On Time,0
R00008720,L000721,19,2026-07-06,2026-07-28,101131.97,101131.97,Paid Late,22
R00008721,L000721,20,2026-08-06,2026-08-05,101131.97,101131.97,Paid On Time,0
R00008722,L000721,21,2026-09-06,2026-09-05,101131.97,101131.97,Paid On Time,0
R00008723,L000722,1,2025-03-12,2025-03-11,467984.8,467984.8,Paid On Time,0
R00008724,L000722,2,2025-04-12,2025-04-10,467984.8,467984.8,Paid On Time,0
R00008725,L000722,3,2025-05-12,2025-06-02,467984.8,467984.8,Paid Late,21
R00008726,L000722,4,2025-06-12,2025-06-10,467984.8,467984.8,Paid On Time,0
R00008727,L000722,5,2025-07-12,2025-07-12,467984.8,467984.8,Paid On Time,0
R00008728,L000722,6,2025-08-12,2025-08-11,467984.8,467984.8,Paid On Time,0
R00008729,L000722,7,2025-09-12,2025-10-05,467984.8,467984.8,Paid Late,23
R00008730,L000722,8,2025-10-12,2025-10-12,467984.8,467984.8,Paid On Time,0
R00008731,L000722,9,2025-11-12,2025-11-10,467984.8,467984.8,Paid On Time,0
R00008732,L000722,10,2025-12-12,2025-12-11,467984.8,467984.8,Paid On Time,0
R00008733,L000722,11,2026-01-12,2026-01-11,467984.8,467984.8,Paid On Time,0
R00008734,L000722,12,2026-02-12,2026-02-11,467984.8,467984.8,Paid On Time,0
R00008735,L000722,13,2026-03-12,2026-03-12,467984.8,467984.8,Paid On Time,0
R00008736,L000722,14,2026-04-12,2026-04-12,467984.8,467984.8,Paid On Time,0
R00008737,L000722,15,2026-05-12,2026-05-10,467984.8,467984.8,Paid On Time,0
R00008738,L000722,16,2026-06-12,2026-06-12,467984.8,467984.8,Paid On Time,0
R00008739,L000722,17,2026-07-12,2026-07-29,467984.8,467984.8,Paid Late,17
R00008740,L000722,18,2026-08-12,2026-08-11,467984.8,467984.8,Paid On Time,0
R00008741,L000722,19,2026-09-12,2026-10-12,467984.8,467984.8,Paid Late,30
R00008742,L000723,1,2024-11-08,2024-11-07,167908.4,167908.4,Paid On Time,0
R00008743,L000723,2,2024-12-08,2024-12-06,167908.4,167908.4,Paid On Time,0
R00008744,L000723,3,2025-01-08,2025-01-06,167908.4,167908.4,Paid On Time,0
R00008745,L000723,4,2025-02-08,2025-02-07,167908.4,167908.4,Paid On Time,0
R00008746,L000723,5,2025-03-08,2025-04-04,167908.4,167908.4,Paid Late,27
R00008747,L000723,6,2025-04-08,2025-04-08,167908.4,167908.4,Paid On Time,0
R00008748,L000723,7,2025-05-08,2025-05-18,167908.4,167908.4,Paid Late,10
R00008749,L000723,8,2025-06-08,2025-06-07,167908.4,167908.4,Paid On Time,0
R00008750,L000723,9,2025-07-08,2025-07-07,167908.4,167908.4,Paid On Time,0
R00008751,L000723,10,2025-08-08,2025-08-27,167908.4,167908.4,Paid Late,19
R00008752,L000723,11,2025-09-08,2025-09-08,167908.4,167908.4,Paid On Time,0
R00008753,L000723,12,2025-10-08,2025-10-08,167908.4,167908.4,Paid On Time,0
R00008754,L000723,13,2025-11-08,2025-12-11,167908.4,68372.14,Partial,33
R00008755,L000723,14,2025-12-08,2025-12-08,167908.4,167908.4,Paid On Time,0
R00008756,L000723,15,2026-01-08,,167908.4,0.0,Unpaid,30
R00008757,L000723,16,2026-02-08,2026-02-06,167908.4,167908.4,Paid On Time,0
R00008758,L000723,17,2026-03-08,2026-03-06,167908.4,167908.4,Paid On Time,0
R00008759,L000723,18,2026-04-08,2026-04-08,167908.4,167908.4,Paid On Time,0
R00008760,L000723,19,2026-05-08,2026-05-06,167908.4,167908.4,Paid On Time,0
R00008761,L000723,20,2026-06-08,2026-06-07,167908.4,167908.4,Paid On Time,0
R00008762,L000723,21,2026-07-08,2026-07-06,167908.4,167908.4,Paid On Time,0
R00008763,L000723,22,2026-08-08,2026-08-08,167908.4,167908.4,Paid On Time,0
R00008764,L000723,23,2026-09-08,2026-09-08,167908.4,167908.4,Paid On Time,0
R00008765,L000724,1,2024-06-03,2024-06-01,697813.8,697813.8,Paid On Time,0
R00008766,L000724,2,2024-07-03,2024-07-03,697813.8,697813.8,Paid On Time,0
R00008767,L000724,3,2024-08-03,2024-08-01,697813.8,697813.8,Paid On Time,0
R00008768,L000724,4,2024-09-03,2024-09-01,697813.8,697813.8,Paid On Time,0
R00008769,L000724,5,2024-10-03,2024-10-15,697813.8,697813.8,Paid Late,12
R00008770,L000724,6,2024-11-03,2024-11-03,697813.8,697813.8,Paid On Time,0
R00008771,L000724,7,2024-12-03,2024-12-02,697813.8,697813.8,Paid On Time,0
R00008772,L000724,8,2025-01-03,2025-01-03,697813.8,697813.8,Paid On Time,0
R00008773,L000724,9,2025-02-03,2025-02-03,697813.8,697813.8,Paid On Time,0
R00008774,L000724,10,2025-03-03,,697813.8,0.0,Unpaid,60
R00008775,L000724,11,2025-04-03,2025-04-12,697813.8,697813.8,Paid Late,9
R00008776,L000724,12,2025-05-03,2025-05-02,697813.8,697813.8,Paid On Time,0
R00008777,L000725,1,2024-06-28,2024-06-28,861448.23,861448.23,Paid On Time,0
R00008778,L000725,2,2024-07-28,2024-07-28,861448.23,861448.23,Paid On Time,0
R00008779,L000725,3,2024-08-28,2024-08-27,861448.23,861448.23,Paid On Time,0
R00008780,L000725,4,2024-09-28,2024-11-22,861448.23,434598.04,Partial,55
R00008781,L000725,5,2024-10-28,2024-10-27,861448.23,861448.23,Paid On Time,0
R00008782,L000725,6,2024-11-28,2024-12-02,861448.23,861448.23,Paid Late,4
R00008783,L000725,7,2024-12-28,,861448.23,0.0,Unpaid,120
R00008784,L000725,8,2025-01-28,2025-01-28,861448.23,861448.23,Paid On Time,0
R00008785,L000725,9,2025-02-28,2025-02-28,861448.23,861448.23,Paid On Time,0
R00008786,L000725,10,2025-03-28,2025-03-27,861448.23,861448.23,Paid On Time,0
R00008787,L000725,11,2025-04-28,2025-04-27,861448.23,861448.23,Paid On Time,0
R00008788,L000725,12,2025-05-28,2025-06-12,861448.23,861448.23,Paid Late,15
R00008789,L000725,13,2025-06-28,2025-06-27,861448.23,861448.23,Paid On Time,0
R00008790,L000725,14,2025-07-28,2025-07-27,861448.23,861448.23,Paid On Time,0
R00008791,L000725,15,2025-08-28,2025-08-28,861448.23,861448.23,Paid On Time,0
R00008792,L000725,16,2025-09-28,2025-09-27,861448.23,861448.23,Paid On Time,0
R00008793,L000725,17,2025-10-28,2025-10-26,861448.23,861448.23,Paid On Time,0
R00008794,L000725,18,2025-11-28,2026-01-27,861448.23,471511.91,Partial,60
R00008795,L000725,19,2025-12-28,2026-01-10,861448.23,861448.23,Paid Late,13
R00008796,L000725,20,2026-01-28,2026-01-28,861448.23,861448.23,Paid On Time,0
R00008797,L000725,21,2026-02-28,2026-02-27,861448.23,861448.23,Paid On Time,0
R00008798,L000725,22,2026-03-28,2026-03-28,861448.23,861448.23,Paid On Time,0
R00008799,L000725,23,2026-04-28,2026-04-28,861448.23,861448.23,Paid On Time,0
R00008800,L000725,24,2026-05-28,2026-05-27,861448.23,861448.23,Paid On Time,0
R00008801,L000726,1,2026-05-27,2026-05-25,113596.07,113596.07,Paid On Time,0
R00008802,L000726,2,2026-06-27,2026-06-25,113596.07,113596.07,Paid On Time,0
R00008803,L000726,3,2026-07-27,2026-08-07,113596.07,113596.07,Paid Late,11
R00008804,L000726,4,2026-08-27,2026-08-27,113596.07,113596.07,Paid On Time,0
R00008805,L000726,5,2026-09-27,2026-09-25,113596.07,113596.07,Paid On Time,0
R00008806,L000727,1,2026-05-05,2026-05-04,136184.25,136184.25,Paid On Time,0
R00008807,L000727,2,2026-06-05,2026-06-09,136184.25,136184.25,Paid Late,4
R00008808,L000727,3,2026-07-05,2026-07-05,136184.25,136184.25,Paid On Time,0
R00008809,L000727,4,2026-08-05,2026-08-14,136184.25,136184.25,Paid Late,9
R00008810,L000727,5,2026-09-05,2026-09-06,136184.25,136184.25,Paid Late,1
R00008811,L000728,1,2026-05-24,2026-05-22,64130.73,64130.73,Paid On Time,0
R00008812,L000728,2,2026-06-24,2026-06-25,64130.73,64130.73,Paid Late,1
R00008813,L000728,3,2026-07-24,2026-07-22,64130.73,64130.73,Paid On Time,0
R00008814,L000728,4,2026-08-24,2026-08-24,64130.73,64130.73,Paid On Time,0
R00008815,L000728,5,2026-09-24,2026-09-23,64130.73,64130.73,Paid On Time,0
R00008816,L000729,1,2024-10-21,2024-10-19,212997.77,212997.77,Paid On Time,0
R00008817,L000729,2,2024-11-21,2024-11-19,212997.77,212997.77,Paid On Time,0
R00008818,L000729,3,2024-12-21,2024-12-19,212997.77,212997.77,Paid On Time,0
R00008819,L000729,4,2025-01-21,2025-01-19,212997.77,212997.77,Paid On Time,0
R00008820,L000729,5,2025-02-21,2025-02-19,212997.77,212997.77,Paid On Time,0
R00008821,L000729,6,2025-03-21,2025-03-21,212997.77,212997.77,Paid On Time,0
R00008822,L000729,7,2025-04-21,2025-04-21,212997.77,212997.77,Paid On Time,0
R00008823,L000729,8,2025-05-21,2025-05-20,212997.77,212997.77,Paid On Time,0
R00008824,L000729,9,2025-06-21,2025-06-19,212997.77,212997.77,Paid On Time,0
R00008825,L000729,10,2025-07-21,2025-08-29,212997.77,124325.68,Partial,39
R00008826,L000729,11,2025-08-21,2025-08-20,212997.77,212997.77,Paid On Time,0
R00008827,L000729,12,2025-09-21,2025-10-14,212997.77,212997.77,Paid Late,23
R00008828,L000729,13,2025-10-21,2025-10-19,212997.77,212997.77,Paid On Time,0
R00008829,L000729,14,2025-11-21,2025-11-20,212997.77,212997.77,Paid On Time,0
R00008830,L000729,15,2025-12-21,2025-12-20,212997.77,212997.77,Paid On Time,0
R00008831,L000729,16,2026-01-21,2026-01-21,212997.77,212997.77,Paid On Time,0
R00008832,L000729,17,2026-02-21,2026-02-19,212997.77,212997.77,Paid On Time,0
R00008833,L000729,18,2026-03-21,2026-04-04,212997.77,212997.77,Paid Late,14
R00008834,L000730,1,2024-12-21,2024-12-20,94981.92,94981.92,Paid On Time,0
R00008835,L000730,2,2025-01-21,2025-01-20,94981.92,94981.92,Paid On Time,0
R00008836,L000730,3,2025-02-21,2025-02-21,94981.92,94981.92,Paid On Time,0
R00008837,L000730,4,2025-03-21,2025-03-19,94981.92,94981.92,Paid On Time,0
R00008838,L000730,5,2025-04-21,,94981.92,0.0,Unpaid,90
R00008839,L000730,6,2025-05-21,2025-05-19,94981.92,94981.92,Paid On Time,0
R00008840,L000730,7,2025-06-21,2025-06-19,94981.92,94981.92,Paid On Time,0
R00008841,L000730,8,2025-07-21,2025-07-21,94981.92,94981.92,Paid On Time,0
R00008842,L000730,9,2025-08-21,2025-08-20,94981.92,94981.92,Paid On Time,0
R00008843,L000730,10,2025-09-21,2025-10-19,94981.92,73146.58,Partial,28
R00008844,L000730,11,2025-10-21,2025-10-20,94981.92,94981.92,Paid On Time,0
R00008845,L000730,12,2025-11-21,2025-12-26,94981.92,55221.32,Partial,35
R00008846,L000730,13,2025-12-21,2025-12-20,94981.92,94981.92,Paid On Time,0
R00008847,L000730,14,2026-01-21,2026-01-19,94981.92,94981.92,Paid On Time,0
R00008848,L000730,15,2026-02-21,2026-02-21,94981.92,94981.92,Paid On Time,0
R00008849,L000730,16,2026-03-21,2026-03-19,94981.92,94981.92,Paid On Time,0
R00008850,L000730,17,2026-04-21,2026-05-19,94981.92,94981.92,Paid Late,28
R00008851,L000730,18,2026-05-21,2026-05-19,94981.92,94981.92,Paid On Time,0
R00008852,L000731,1,2026-01-03,2026-01-03,91882.15,91882.15,Paid On Time,0
R00008853,L000731,2,2026-02-03,2026-02-02,91882.15,91882.15,Paid On Time,0
R00008854,L000731,3,2026-03-03,2026-03-02,91882.15,91882.15,Paid On Time,0
R00008855,L000731,4,2026-04-03,2026-04-02,91882.15,91882.15,Paid On Time,0
R00008856,L000731,5,2026-05-03,2026-05-18,91882.15,91882.15,Paid Late,15
R00008857,L000731,6,2026-06-03,2026-06-01,91882.15,91882.15,Paid On Time,0
R00008858,L000731,7,2026-07-03,2026-07-02,91882.15,91882.15,Paid On Time,0
R00008859,L000731,8,2026-08-03,2026-08-02,91882.15,91882.15,Paid On Time,0
R00008860,L000731,9,2026-09-03,2026-09-03,91882.15,91882.15,Paid On Time,0
R00008861,L000733,1,2026-04-06,2026-04-06,34684.36,34684.36,Paid On Time,0
R00008862,L000733,2,2026-05-06,2026-05-04,34684.36,34684.36,Paid On Time,0
R00008863,L000733,3,2026-06-06,2026-06-04,34684.36,34684.36,Paid On Time,0
R00008864,L000733,4,2026-07-06,2026-07-05,34684.36,34684.36,Paid On Time,0
R00008865,L000733,5,2026-08-06,2026-08-05,34684.36,34684.36,Paid On Time,0
R00008866,L000733,6,2026-09-06,2026-09-06,34684.36,34684.36,Paid On Time,0
R00008867,L000734,1,2025-03-08,2025-03-08,360494.33,360494.33,Paid On Time,0
R00008868,L000734,2,2025-04-08,2025-04-06,360494.33,360494.33,Paid On Time,0
R00008869,L000734,3,2025-05-08,,360494.33,0.0,Unpaid,90
R00008870,L000734,4,2025-06-08,2025-06-08,360494.33,360494.33,Paid On Time,0
R00008871,L000734,5,2025-07-08,2025-07-07,360494.33,360494.33,Paid On Time,0
R00008872,L000734,6,2025-08-08,2025-08-10,360494.33,360494.33,Paid Late,2
R00008873,L000734,7,2025-09-08,2025-09-06,360494.33,360494.33,Paid On Time,0
R00008874,L000734,8,2025-10-08,2025-10-06,360494.33,360494.33,Paid On Time,0
R00008875,L000734,9,2025-11-08,2025-11-08,360494.33,360494.33,Paid On Time,0
R00008876,L000734,10,2025-12-08,2025-12-06,360494.33,360494.33,Paid On Time,0
R00008877,L000734,11,2026-01-08,2026-01-07,360494.33,360494.33,Paid On Time,0
R00008878,L000734,12,2026-02-08,2026-02-07,360494.33,360494.33,Paid On Time,0
R00008879,L000734,13,2026-03-08,2026-03-21,360494.33,170776.23,Partial,13
R00008880,L000734,14,2026-04-08,2026-04-06,360494.33,360494.33,Paid On Time,0
R00008881,L000734,15,2026-05-08,2026-06-01,360494.33,360494.33,Paid Late,24
R00008882,L000734,16,2026-06-08,2026-06-27,360494.33,272875.41,Partial,19
R00008883,L000734,17,2026-07-08,2026-07-27,360494.33,182876.71,Partial,19
R00008884,L000734,18,2026-08-08,2026-09-30,360494.33,287867.92,Partial,60
R00008885,L000734,19,2026-09-08,2026-09-07,360494.33,360494.33,Paid On Time,0
R00008886,L000735,1,2024-02-20,2024-03-15,295209.86,295209.86,Paid Late,24
R00008887,L000735,2,2024-03-20,2024-03-19,295209.86,295209.86,Paid On Time,0
R00008888,L000735,3,2024-04-20,2024-04-18,295209.86,295209.86,Paid On Time,0
R00008889,L000735,4,2024-05-20,2024-05-19,295209.86,295209.86,Paid On Time,0
R00008890,L000735,5,2024-06-20,2024-07-16,295209.86,295209.86,Paid Late,26
R00008891,L000735,6,2024-07-20,,295209.86,0.0,Unpaid,120
R00008892,L000735,7,2024-08-20,2024-08-19,295209.86,295209.86,Paid On Time,0
R00008893,L000735,8,2024-09-20,,295209.86,0.0,Unpaid,30
R00008894,L000735,9,2024-10-20,2024-10-18,295209.86,295209.86,Paid On Time,0
R00008895,L000735,10,2024-11-20,2024-11-20,295209.86,295209.86,Paid On Time,0
R00008896,L000735,11,2024-12-20,2024-12-19,295209.86,295209.86,Paid On Time,0
R00008897,L000735,12,2025-01-20,2025-01-19,295209.86,295209.86,Paid On Time,0
R00008898,L000735,13,2025-02-20,2025-02-19,295209.86,295209.86,Paid On Time,0
R00008899,L000735,14,2025-03-20,,295209.86,0.0,Unpaid,30
R00008900,L000735,15,2025-04-20,2025-06-18,295209.86,196749.51,Partial,59
R00008901,L000735,16,2025-05-20,2025-05-18,295209.86,295209.86,Paid On Time,0
R00008902,L000735,17,2025-06-20,2025-06-20,295209.86,295209.86,Paid On Time,0
R00008903,L000735,18,2025-07-20,2025-07-18,295209.86,295209.86,Paid On Time,0
R00008904,L000735,19,2025-08-20,2025-08-19,295209.86,295209.86,Paid On Time,0
R00008905,L000735,20,2025-09-20,2025-10-03,295209.86,140289.61,Partial,13
R00008906,L000735,21,2025-10-20,2025-10-19,295209.86,295209.86,Paid On Time,0
R00008907,L000735,22,2025-11-20,2025-11-18,295209.86,295209.86,Paid On Time,0
R00008908,L000735,23,2025-12-20,2025-12-19,295209.86,295209.86,Paid On Time,0
R00008909,L000735,24,2026-01-20,2026-01-20,295209.86,295209.86,Paid On Time,0
R00008910,L000735,25,2026-02-20,2026-03-06,295209.86,160318.09,Partial,14
R00008911,L000735,26,2026-03-20,2026-04-12,295209.86,163366.58,Partial,23
R00008912,L000735,27,2026-04-20,2026-04-20,295209.86,295209.86,Paid On Time,0
R00008913,L000735,28,2026-05-20,2026-05-19,295209.86,295209.86,Paid On Time,0
R00008914,L000735,29,2026-06-20,2026-06-20,295209.86,295209.86,Paid On Time,0
R00008915,L000735,30,2026-07-20,2026-07-18,295209.86,295209.86,Paid On Time,0
R00008916,L000735,31,2026-08-20,2026-09-30,295209.86,197697.96,Partial,45
R00008917,L000735,32,2026-09-20,,295209.86,0.0,Unpaid,10
R00008918,L000736,1,2026-08-17,2026-08-18,20448.47,20448.47,Paid Late,1
R00008919,L000736,2,2026-09-17,2026-09-16,20448.47,20448.47,Paid On Time,0
R00008920,L000737,1,2025-07-12,2025-07-10,23963.07,23963.07,Paid On Time,0
R00008921,L000737,2,2025-08-12,2025-08-10,23963.07,23963.07,Paid On Time,0
R00008922,L000737,3,2025-09-12,2025-09-12,23963.07,23963.07,Paid On Time,0
R00008923,L000737,4,2025-10-12,,23963.07,0.0,Unpaid,90
R00008924,L000737,5,2025-11-12,2025-11-12,23963.07,23963.07,Paid On Time,0
R00008925,L000737,6,2025-12-12,2025-12-30,23963.07,15079.61,Partial,18
R00008926,L000737,7,2026-01-12,2026-01-12,23963.07,23963.07,Paid On Time,0
R00008927,L000737,8,2026-02-12,2026-02-12,23963.07,23963.07,Paid On Time,0
R00008928,L000737,9,2026-03-12,,23963.07,0.0,Unpaid,120
R00008929,L000737,10,2026-04-12,2026-04-11,23963.07,23963.07,Paid On Time,0
R00008930,L000737,11,2026-05-12,2026-05-14,23963.07,23963.07,Paid Late,2
R00008931,L000737,12,2026-06-12,2026-06-10,23963.07,23963.07,Paid On Time,0
R00008932,L000737,13,2026-07-12,2026-07-10,23963.07,23963.07,Paid On Time,0
R00008933,L000737,14,2026-08-12,2026-08-12,23963.07,23963.07,Paid On Time,0
R00008934,L000737,15,2026-09-12,2026-09-10,23963.07,23963.07,Paid On Time,0
R00008935,L000738,1,2025-05-06,2025-05-04,157602.45,157602.45,Paid On Time,0
R00008936,L000738,2,2025-06-06,2025-06-24,157602.45,157602.45,Paid Late,18
R00008937,L000738,3,2025-07-06,2025-07-05,157602.45,157602.45,Paid On Time,0
R00008938,L000738,4,2025-08-06,2025-08-05,157602.45,157602.45,Paid On Time,0
R00008939,L000738,5,2025-09-06,2025-09-04,157602.45,157602.45,Paid On Time,0
R00008940,L000738,6,2025-10-06,2025-10-27,157602.45,157602.45,Paid Late,21
R00008941,L000738,7,2025-11-06,2025-11-06,157602.45,157602.45,Paid On Time,0
R00008942,L000738,8,2025-12-06,2026-02-01,157602.45,125425.59,Partial,57
R00008943,L000738,9,2026-01-06,2026-01-04,157602.45,157602.45,Paid On Time,0
R00008944,L000738,10,2026-02-06,2026-02-05,157602.45,157602.45,Paid On Time,0
R00008945,L000738,11,2026-03-06,2026-03-04,157602.45,157602.45,Paid On Time,0
R00008946,L000738,12,2026-04-06,2026-04-24,157602.45,157602.45,Paid Late,18
R00008947,L000738,13,2026-05-06,2026-05-19,157602.45,157602.45,Paid Late,13
R00008948,L000738,14,2026-06-06,2026-06-04,157602.45,157602.45,Paid On Time,0
R00008949,L000738,15,2026-07-06,2026-07-05,157602.45,157602.45,Paid On Time,0
R00008950,L000738,16,2026-08-06,2026-08-04,157602.45,157602.45,Paid On Time,0
R00008951,L000738,17,2026-09-06,2026-09-05,157602.45,157602.45,Paid On Time,0
R00008952,L000739,1,2025-10-12,2025-10-12,58580.52,58580.52,Paid On Time,0
R00008953,L000739,2,2025-11-12,2025-11-12,58580.52,58580.52,Paid On Time,0
R00008954,L000739,3,2025-12-12,2025-12-25,58580.52,58580.52,Paid Late,13
R00008955,L000739,4,2026-01-12,,58580.52,0.0,Unpaid,90
R00008956,L000739,5,2026-02-12,2026-02-11,58580.52,58580.52,Paid On Time,0
R00008957,L000739,6,2026-03-12,2026-03-11,58580.52,58580.52,Paid On Time,0
R00008958,L000739,7,2026-04-12,2026-04-11,58580.52,58580.52,Paid On Time,0
R00008959,L000739,8,2026-05-12,2026-05-10,58580.52,58580.52,Paid On Time,0
R00008960,L000739,9,2026-06-12,,58580.52,0.0,Unpaid,110
R00008961,L000739,10,2026-07-12,2026-07-11,58580.52,58580.52,Paid On Time,0
R00008962,L000739,11,2026-08-12,2026-08-10,58580.52,58580.52,Paid On Time,0
R00008963,L000739,12,2026-09-12,2026-09-11,58580.52,58580.52,Paid On Time,0
R00008964,L000740,1,2025-01-15,2025-01-15,102818.48,102818.48,Paid On Time,0
R00008965,L000740,2,2025-02-15,2025-03-14,102818.48,51947.02,Partial,27
R00008966,L000740,3,2025-03-15,2025-03-14,102818.48,102818.48,Paid On Time,0
R00008967,L000740,4,2025-04-15,2025-04-15,102818.48,102818.48,Paid On Time,0
R00008968,L000740,5,2025-05-15,2025-05-13,102818.48,102818.48,Paid On Time,0
R00008969,L000740,6,2025-06-15,2025-06-15,102818.48,102818.48,Paid On Time,0
R00008970,L000740,7,2025-07-15,2025-07-19,102818.48,102818.48,Paid Late,4
R00008971,L000740,8,2025-08-15,2025-08-14,102818.48,102818.48,Paid On Time,0
R00008972,L000740,9,2025-09-15,2025-09-14,102818.48,102818.48,Paid On Time,0
R00008973,L000740,10,2025-10-15,2025-10-15,102818.48,102818.48,Paid On Time,0
R00008974,L000740,11,2025-11-15,2025-11-14,102818.48,102818.48,Paid On Time,0
R00008975,L000740,12,2025-12-15,2025-12-13,102818.48,102818.48,Paid On Time,0
R00008976,L000740,13,2026-01-15,2026-01-13,102818.48,102818.48,Paid On Time,0
R00008977,L000740,14,2026-02-15,2026-02-14,102818.48,102818.48,Paid On Time,0
R00008978,L000740,15,2026-03-15,2026-03-14,102818.48,102818.48,Paid On Time,0
R00008979,L000740,16,2026-04-15,2026-04-15,102818.48,102818.48,Paid On Time,0
R00008980,L000740,17,2026-05-15,2026-05-14,102818.48,102818.48,Paid On Time,0
R00008981,L000740,18,2026-06-15,2026-06-14,102818.48,102818.48,Paid On Time,0
R00008982,L000740,19,2026-07-15,2026-07-15,102818.48,102818.48,Paid On Time,0
R00008983,L000740,20,2026-08-15,2026-09-02,102818.48,48998.84,Partial,18
R00008984,L000740,21,2026-09-15,2026-09-13,102818.48,102818.48,Paid On Time,0
R00008985,L000741,1,2026-01-07,,292688.85,0.0,Unpaid,30
R00008986,L000741,2,2026-02-07,2026-02-06,292688.85,292688.85,Paid On Time,0
R00008987,L000741,3,2026-03-07,2026-03-30,292688.85,292688.85,Paid Late,23
R00008988,L000741,4,2026-04-07,2026-04-07,292688.85,292688.85,Paid On Time,0
R00008989,L000741,5,2026-05-07,2026-06-11,292688.85,200576.51,Partial,35
R00008990,L000741,6,2026-06-07,2026-06-06,292688.85,292688.85,Paid On Time,0
R00008991,L000741,7,2026-07-07,2026-07-06,292688.85,292688.85,Paid On Time,0
R00008992,L000741,8,2026-08-07,2026-09-01,292688.85,292688.85,Paid Late,25
R00008993,L000741,9,2026-09-07,2026-09-07,292688.85,292688.85,Paid On Time,0
R00008994,L000742,1,2024-06-21,2024-06-19,112086.85,112086.85,Paid On Time,0
R00008995,L000742,2,2024-07-21,2024-07-21,112086.85,112086.85,Paid On Time,0
R00008996,L000742,3,2024-08-21,2024-08-21,112086.85,112086.85,Paid On Time,0
R00008997,L000742,4,2024-09-21,2024-09-20,112086.85,112086.85,Paid On Time,0
R00008998,L000742,5,2024-10-21,2024-10-21,112086.85,112086.85,Paid On Time,0
R00008999,L000742,6,2024-11-21,2024-11-20,112086.85,112086.85,Paid On Time,0
R00009000,L000742,7,2024-12-21,2025-01-06,112086.85,112086.85,Paid Late,16
R00009001,L000742,8,2025-01-21,2025-01-19,112086.85,112086.85,Paid On Time,0
R00009002,L000742,9,2025-02-21,2025-02-20,112086.85,112086.85,Paid On Time,0
R00009003,L000742,10,2025-03-21,2025-03-21,112086.85,112086.85,Paid On Time,0
R00009004,L000742,11,2025-04-21,2025-04-21,112086.85,112086.85,Paid On Time,0
R00009005,L000742,12,2025-05-21,2025-05-24,112086.85,112086.85,Paid Late,3
R00009006,L000742,13,2025-06-21,2025-06-21,112086.85,112086.85,Paid On Time,0
R00009007,L000742,14,2025-07-21,2025-07-21,112086.85,112086.85,Paid On Time,0
R00009008,L000742,15,2025-08-21,2025-08-19,112086.85,112086.85,Paid On Time,0
R00009009,L000742,16,2025-09-21,2025-10-19,112086.85,112086.85,Paid Late,28
R00009010,L000742,17,2025-10-21,2025-10-20,112086.85,112086.85,Paid On Time,0
R00009011,L000742,18,2025-11-21,2025-11-20,112086.85,112086.85,Paid On Time,0
R00009012,L000742,19,2025-12-21,2025-12-19,112086.85,112086.85,Paid On Time,0
R00009013,L000742,20,2026-01-21,2026-01-21,112086.85,112086.85,Paid On Time,0
R00009014,L000742,21,2026-02-21,2026-02-21,112086.85,112086.85,Paid On Time,0
R00009015,L000742,22,2026-03-21,2026-03-31,112086.85,112086.85,Paid Late,10
R00009016,L000742,23,2026-04-21,2026-04-21,112086.85,112086.85,Paid On Time,0
R00009017,L000742,24,2026-05-21,2026-05-29,112086.85,112086.85,Paid Late,8
R00009018,L000743,1,2025-01-05,2025-01-04,2494474.09,2494474.09,Paid On Time,0
R00009019,L000743,2,2025-02-05,2025-02-04,2494474.09,2494474.09,Paid On Time,0
R00009020,L000743,3,2025-03-05,2025-03-03,2494474.09,2494474.09,Paid On Time,0
R00009021,L000743,4,2025-04-05,2025-04-05,2494474.09,2494474.09,Paid On Time,0
R00009022,L000743,5,2025-05-05,2025-05-04,2494474.09,2494474.09,Paid On Time,0
R00009023,L000743,6,2025-06-05,2025-06-30,2494474.09,2494474.09,Paid Late,25
R00009024,L000744,1,2025-11-17,2025-11-30,722498.12,510916.64,Partial,13
R00009025,L000744,2,2025-12-17,2025-12-15,722498.12,722498.12,Paid On Time,0
R00009026,L000744,3,2026-01-17,2026-03-13,722498.12,438646.25,Partial,55
R00009027,L000744,4,2026-02-17,2026-02-26,722498.12,722498.12,Paid Late,9
R00009028,L000744,5,2026-03-17,2026-03-17,722498.12,722498.12,Paid On Time,0
R00009029,L000744,6,2026-04-17,2026-04-15,722498.12,722498.12,Paid On Time,0
R00009030,L000744,7,2026-05-17,2026-05-16,722498.12,722498.12,Paid On Time,0
R00009031,L000744,8,2026-06-17,2026-06-16,722498.12,722498.12,Paid On Time,0
R00009032,L000744,9,2026-07-17,2026-08-09,722498.12,449092.35,Partial,23
R00009033,L000744,10,2026-08-17,2026-08-15,722498.12,722498.12,Paid On Time,0
R00009034,L000744,11,2026-09-17,2026-09-17,722498.12,722498.12,Paid On Time,0
R00009035,L000745,1,2025-07-20,2025-07-20,96364.29,96364.29,Paid On Time,0
R00009036,L000745,2,2025-08-20,2025-08-19,96364.29,96364.29,Paid On Time,0
R00009037,L000745,3,2025-09-20,2025-09-18,96364.29,96364.29,Paid On Time,0
R00009038,L000745,4,2025-10-20,2025-10-19,96364.29,96364.29,Paid On Time,0
R00009039,L000745,5,2025-11-20,2025-11-18,96364.29,96364.29,Paid On Time,0
R00009040,L000745,6,2025-12-20,2025-12-19,96364.29,96364.29,Paid On Time,0
R00009041,L000745,7,2026-01-20,2026-01-19,96364.29,96364.29,Paid On Time,0
R00009042,L000745,8,2026-02-20,2026-02-18,96364.29,96364.29,Paid On Time,0
R00009043,L000745,9,2026-03-20,2026-03-19,96364.29,96364.29,Paid On Time,0
R00009044,L000745,10,2026-04-20,2026-04-19,96364.29,96364.29,Paid On Time,0
R00009045,L000745,11,2026-05-20,2026-06-08,96364.29,96364.29,Paid Late,19
R00009046,L000745,12,2026-06-20,2026-06-20,96364.29,96364.29,Paid On Time,0
R00009047,L000746,1,2024-04-13,2024-04-11,570304.64,570304.64,Paid On Time,0
R00009048,L000746,2,2024-05-13,2024-05-11,570304.64,570304.64,Paid On Time,0
R00009049,L000746,3,2024-06-13,2024-06-23,570304.64,254143.43,Partial,10
R00009050,L000746,4,2024-07-13,2024-07-13,570304.64,570304.64,Paid On Time,0
R00009051,L000746,5,2024-08-13,2024-08-12,570304.64,570304.64,Paid On Time,0
R00009052,L000746,6,2024-09-13,,570304.64,0.0,Unpaid,90
R00009053,L000746,7,2024-10-13,2024-10-13,570304.64,570304.64,Paid On Time,0
R00009054,L000746,8,2024-11-13,2024-11-11,570304.64,570304.64,Paid On Time,0
R00009055,L000746,9,2024-12-13,2024-12-12,570304.64,570304.64,Paid On Time,0
R00009056,L000746,10,2025-01-13,2025-01-13,570304.64,570304.64,Paid On Time,0
R00009057,L000746,11,2025-02-13,2025-02-12,570304.64,570304.64,Paid On Time,0
R00009058,L000746,12,2025-03-13,2025-03-13,570304.64,570304.64,Paid On Time,0
R00009059,L000747,1,2024-03-10,2024-03-08,432103.81,432103.81,Paid On Time,0
R00009060,L000747,2,2024-04-10,2024-04-10,432103.81,432103.81,Paid On Time,0
R00009061,L000747,3,2024-05-10,2024-05-08,432103.81,432103.81,Paid On Time,0
R00009062,L000747,4,2024-06-10,2024-06-08,432103.81,432103.81,Paid On Time,0
R00009063,L000747,5,2024-07-10,2024-08-01,432103.81,233383.93,Partial,22
R00009064,L000747,6,2024-08-10,2024-08-09,432103.81,432103.81,Paid On Time,0
R00009065,L000747,7,2024-09-10,2024-09-10,432103.81,432103.81,Paid On Time,0
R00009066,L000747,8,2024-10-10,2024-10-08,432103.81,432103.81,Paid On Time,0
R00009067,L000747,9,2024-11-10,2024-11-10,432103.81,432103.81,Paid On Time,0
R00009068,L000747,10,2024-12-10,2024-12-09,432103.81,432103.81,Paid On Time,0
R00009069,L000747,11,2025-01-10,2025-01-09,432103.81,432103.81,Paid On Time,0
R00009070,L000747,12,2025-02-10,2025-02-10,432103.81,432103.81,Paid On Time,0
R00009071,L000747,13,2025-03-10,2025-03-09,432103.81,432103.81,Paid On Time,0
R00009072,L000747,14,2025-04-10,,432103.81,0.0,Unpaid,60
R00009073,L000747,15,2025-05-10,2025-05-10,432103.81,432103.81,Paid On Time,0
R00009074,L000747,16,2025-06-10,2025-06-10,432103.81,432103.81,Paid On Time,0
R00009075,L000747,17,2025-07-10,2025-07-10,432103.81,432103.81,Paid On Time,0
R00009076,L000747,18,2025-08-10,,432103.81,0.0,Unpaid,90
R00009077,L000748,1,2025-05-23,2025-06-22,70436.51,33286.44,Partial,30
R00009078,L000748,2,2025-06-23,,70436.51,0.0,Unpaid,30
R00009079,L000748,3,2025-07-23,2025-07-22,70436.51,70436.51,Paid On Time,0
R00009080,L000748,4,2025-08-23,,70436.51,0.0,Unpaid,30
R00009081,L000748,5,2025-09-23,2025-09-21,70436.51,70436.51,Paid On Time,0
R00009082,L000748,6,2025-10-23,2025-10-22,70436.51,70436.51,Paid On Time,0
R00009083,L000749,1,2024-05-28,2024-05-28,213686.54,213686.54,Paid On Time,0
R00009084,L000749,2,2024-06-28,2024-06-26,213686.54,213686.54,Paid On Time,0
R00009085,L000749,3,2024-07-28,2024-07-27,213686.54,213686.54,Paid On Time,0
R00009086,L000749,4,2024-08-28,2024-08-28,213686.54,213686.54,Paid On Time,0
R00009087,L000749,5,2024-09-28,,213686.54,0.0,Unpaid,30
R00009088,L000749,6,2024-10-28,2024-10-26,213686.54,213686.54,Paid On Time,0
R00009089,L000749,7,2024-11-28,2024-12-10,213686.54,213686.54,Paid Late,12
R00009090,L000749,8,2024-12-28,2024-12-26,213686.54,213686.54,Paid On Time,0
R00009091,L000749,9,2025-01-28,2025-01-26,213686.54,213686.54,Paid On Time,0
R00009092,L000749,10,2025-02-28,2025-03-24,213686.54,213686.54,Paid Late,24
R00009093,L000749,11,2025-03-28,2025-03-28,213686.54,213686.54,Paid On Time,0
R00009094,L000749,12,2025-04-28,2025-05-12,213686.54,133215.26,Partial,14
R00009095,L000749,13,2025-05-28,2025-05-27,213686.54,213686.54,Paid On Time,0
R00009096,L000749,14,2025-06-28,2025-06-27,213686.54,213686.54,Paid On Time,0
R00009097,L000749,15,2025-07-28,2025-08-04,213686.54,213686.54,Paid Late,7
R00009098,L000749,16,2025-08-28,2025-08-28,213686.54,213686.54,Paid On Time,0
R00009099,L000749,17,2025-09-28,2025-09-28,213686.54,213686.54,Paid On Time,0
R00009100,L000749,18,2025-10-28,2025-10-27,213686.54,213686.54,Paid On Time,0
R00009101,L000750,1,2024-08-07,2024-08-05,366734.67,366734.67,Paid On Time,0
R00009102,L000750,2,2024-09-07,2024-09-05,366734.67,366734.67,Paid On Time,0
R00009103,L000750,3,2024-10-07,2024-10-05,366734.67,366734.67,Paid On Time,0
R00009104,L000750,4,2024-11-07,2024-11-07,366734.67,366734.67,Paid On Time,0
R00009105,L000750,5,2024-12-07,2025-01-03,366734.67,289318.09,Partial,27
R00009106,L000750,6,2025-01-07,2025-01-27,366734.67,366734.67,Paid Late,20
R00009107,L000750,7,2025-02-07,2025-02-05,366734.67,366734.67,Paid On Time,0
R00009108,L000750,8,2025-03-07,2025-03-07,366734.67,366734.67,Paid On Time,0
R00009109,L000750,9,2025-04-07,2025-04-06,366734.67,366734.67,Paid On Time,0
R00009110,L000750,10,2025-05-07,2025-05-05,366734.67,366734.67,Paid On Time,0
R00009111,L000750,11,2025-06-07,2025-06-07,366734.67,366734.67,Paid On Time,0
R00009112,L000750,12,2025-07-07,2025-07-06,366734.67,366734.67,Paid On Time,0
R00009113,L000750,13,2025-08-07,2025-09-12,366734.67,219625.19,Partial,36
R00009114,L000750,14,2025-09-07,,366734.67,0.0,Unpaid,120
R00009115,L000750,15,2025-10-07,2025-10-06,366734.67,366734.67,Paid On Time,0
R00009116,L000750,16,2025-11-07,2025-11-07,366734.67,366734.67,Paid On Time,0
R00009117,L000750,17,2025-12-07,2025-12-06,366734.67,366734.67,Paid On Time,0
R00009118,L000750,18,2026-01-07,2026-01-06,366734.67,366734.67,Paid On Time,0
R00009119,L000751,1,2025-12-04,2025-12-03,115629.69,115629.69,Paid On Time,0
R00009120,L000751,2,2026-01-04,2026-01-02,115629.69,115629.69,Paid On Time,0
R00009121,L000751,3,2026-02-04,2026-02-03,115629.69,115629.69,Paid On Time,0
R00009122,L000751,4,2026-03-04,2026-03-04,115629.69,115629.69,Paid On Time,0
R00009123,L000751,5,2026-04-04,2026-04-04,115629.69,115629.69,Paid On Time,0
R00009124,L000751,6,2026-05-04,2026-05-04,115629.69,115629.69,Paid On Time,0
R00009125,L000751,7,2026-06-04,,115629.69,0.0,Unpaid,60
R00009126,L000751,8,2026-07-04,2026-07-03,115629.69,115629.69,Paid On Time,0
R00009127,L000751,9,2026-08-04,2026-08-03,115629.69,115629.69,Paid On Time,0
R00009128,L000751,10,2026-09-04,2026-09-03,115629.69,115629.69,Paid On Time,0
R00009129,L000752,1,2025-06-15,2025-06-15,44460.81,44460.81,Paid On Time,0
R00009130,L000752,2,2025-07-15,,44460.81,0.0,Unpaid,120
R00009131,L000752,3,2025-08-15,,44460.81,0.0,Unpaid,30
R00009132,L000752,4,2025-09-15,2025-09-13,44460.81,44460.81,Paid On Time,0
R00009133,L000752,5,2025-10-15,2025-10-14,44460.81,44460.81,Paid On Time,0
R00009134,L000752,6,2025-11-15,2025-11-14,44460.81,44460.81,Paid On Time,0
R00009135,L000752,7,2025-12-15,2025-12-14,44460.81,44460.81,Paid On Time,0
R00009136,L000752,8,2026-01-15,2026-01-15,44460.81,44460.81,Paid On Time,0
R00009137,L000752,9,2026-02-15,2026-02-16,44460.81,44460.81,Paid Late,1
R00009138,L000752,10,2026-03-15,2026-03-13,44460.81,44460.81,Paid On Time,0
R00009139,L000752,11,2026-04-15,2026-04-13,44460.81,44460.81,Paid On Time,0
R00009140,L000752,12,2026-05-15,2026-05-14,44460.81,44460.81,Paid On Time,0
R00009141,L000752,13,2026-06-15,2026-06-13,44460.81,44460.81,Paid On Time,0
R00009142,L000752,14,2026-07-15,2026-07-15,44460.81,44460.81,Paid On Time,0
R00009143,L000752,15,2026-08-15,2026-08-14,44460.81,44460.81,Paid On Time,0
R00009144,L000752,16,2026-09-15,2026-09-15,44460.81,44460.81,Paid On Time,0
R00009145,L000753,1,2024-05-22,2024-05-20,69837.62,69837.62,Paid On Time,0
R00009146,L000753,2,2024-06-22,2024-06-21,69837.62,69837.62,Paid On Time,0
R00009147,L000753,3,2024-07-22,2024-07-31,69837.62,69837.62,Paid Late,9
R00009148,L000753,4,2024-08-22,2024-08-21,69837.62,69837.62,Paid On Time,0
R00009149,L000753,5,2024-09-22,2024-09-20,69837.62,69837.62,Paid On Time,0
R00009150,L000753,6,2024-10-22,2024-10-22,69837.62,69837.62,Paid On Time,0
R00009151,L000753,7,2024-11-22,2024-11-21,69837.62,69837.62,Paid On Time,0
R00009152,L000753,8,2024-12-22,2024-12-20,69837.62,69837.62,Paid On Time,0
R00009153,L000753,9,2025-01-22,2025-01-21,69837.62,69837.62,Paid On Time,0
R00009154,L000753,10,2025-02-22,2025-02-20,69837.62,69837.62,Paid On Time,0
R00009155,L000753,11,2025-03-22,2025-03-21,69837.62,69837.62,Paid On Time,0
R00009156,L000753,12,2025-04-22,2025-04-21,69837.62,69837.62,Paid On Time,0
R00009157,L000753,13,2025-05-22,2025-05-22,69837.62,69837.62,Paid On Time,0
R00009158,L000753,14,2025-06-22,2025-07-14,69837.62,69837.62,Paid Late,22
R00009159,L000753,15,2025-07-22,2025-07-20,69837.62,69837.62,Paid On Time,0
R00009160,L000753,16,2025-08-22,2025-08-22,69837.62,69837.62,Paid On Time,0
R00009161,L000753,17,2025-09-22,2025-10-02,69837.62,39505.83,Partial,10
R00009162,L000753,18,2025-10-22,2025-10-20,69837.62,69837.62,Paid On Time,0
R00009163,L000753,19,2025-11-22,2025-11-22,69837.62,69837.62,Paid On Time,0
R00009164,L000753,20,2025-12-22,2025-12-22,69837.62,69837.62,Paid On Time,0
R00009165,L000753,21,2026-01-22,2026-01-20,69837.62,69837.62,Paid On Time,0
R00009166,L000753,22,2026-02-22,2026-02-21,69837.62,69837.62,Paid On Time,0
R00009167,L000753,23,2026-03-22,2026-03-22,69837.62,69837.62,Paid On Time,0
R00009168,L000753,24,2026-04-22,2026-04-21,69837.62,69837.62,Paid On Time,0
R00009169,L000753,25,2026-05-22,2026-05-22,69837.62,69837.62,Paid On Time,0
R00009170,L000753,26,2026-06-22,2026-07-15,69837.62,48213.84,Partial,23
R00009171,L000753,27,2026-07-22,2026-07-20,69837.62,69837.62,Paid On Time,0
R00009172,L000753,28,2026-08-22,2026-08-20,69837.62,69837.62,Paid On Time,0
R00009173,L000753,29,2026-09-22,2026-09-22,69837.62,69837.62,Paid On Time,0
R00009174,L000754,1,2024-04-12,2024-04-11,62833.66,62833.66,Paid On Time,0
R00009175,L000754,2,2024-05-12,2024-05-10,62833.66,62833.66,Paid On Time,0
R00009176,L000754,3,2024-06-12,2024-06-12,62833.66,62833.66,Paid On Time,0
R00009177,L000754,4,2024-07-12,2024-07-10,62833.66,62833.66,Paid On Time,0
R00009178,L000754,5,2024-08-12,2024-08-10,62833.66,62833.66,Paid On Time,0
R00009179,L000754,6,2024-09-12,2024-09-10,62833.66,62833.66,Paid On Time,0
R00009180,L000754,7,2024-10-12,2024-10-11,62833.66,62833.66,Paid On Time,0
R00009181,L000754,8,2024-11-12,2024-11-11,62833.66,62833.66,Paid On Time,0
R00009182,L000754,9,2024-12-12,,62833.66,0.0,Unpaid,60
R00009183,L000754,10,2025-01-12,2025-02-25,62833.66,47068.62,Partial,44
R00009184,L000754,11,2025-02-12,2025-02-11,62833.66,62833.66,Paid On Time,0
R00009185,L000754,12,2025-03-12,2025-04-14,62833.66,43004.65,Partial,33
R00009186,L000754,13,2025-04-12,2025-04-25,62833.66,62833.66,Paid Late,13
R00009187,L000754,14,2025-05-12,2025-05-12,62833.66,62833.66,Paid On Time,0
R00009188,L000754,15,2025-06-12,2025-06-10,62833.66,62833.66,Paid On Time,0
R00009189,L000754,16,2025-07-12,2025-07-11,62833.66,62833.66,Paid On Time,0
R00009190,L000754,17,2025-08-12,2025-08-12,62833.66,62833.66,Paid On Time,0
R00009191,L000754,18,2025-09-12,2025-09-10,62833.66,62833.66,Paid On Time,0
R00009192,L000754,19,2025-10-12,2025-10-12,62833.66,62833.66,Paid On Time,0
R00009193,L000754,20,2025-11-12,2025-11-10,62833.66,62833.66,Paid On Time,0
R00009194,L000754,21,2025-12-12,,62833.66,0.0,Unpaid,60
R00009195,L000754,22,2026-01-12,2026-01-10,62833.66,62833.66,Paid On Time,0
R00009196,L000754,23,2026-02-12,2026-02-21,62833.66,62833.66,Paid Late,9
R00009197,L000754,24,2026-03-12,2026-03-22,62833.66,62833.66,Paid Late,10
R00009198,L000754,25,2026-04-12,2026-05-06,62833.66,47166.45,Partial,24
R00009199,L000754,26,2026-05-12,2026-05-25,62833.66,62833.66,Paid Late,13
R00009200,L000754,27,2026-06-12,2026-06-11,62833.66,62833.66,Paid On Time,0
R00009201,L000754,28,2026-07-12,2026-07-10,62833.66,62833.66,Paid On Time,0
R00009202,L000754,29,2026-08-12,2026-08-12,62833.66,62833.66,Paid On Time,0
R00009203,L000754,30,2026-09-12,2026-09-10,62833.66,62833.66,Paid On Time,0
R00009204,L000755,1,2025-12-04,2025-12-03,217673.63,217673.63,Paid On Time,0
R00009205,L000755,2,2026-01-04,2026-01-02,217673.63,217673.63,Paid On Time,0
R00009206,L000755,3,2026-02-04,2026-02-02,217673.63,217673.63,Paid On Time,0
R00009207,L000755,4,2026-03-04,2026-03-04,217673.63,217673.63,Paid On Time,0
R00009208,L000755,5,2026-04-04,2026-04-03,217673.63,217673.63,Paid On Time,0
R00009209,L000755,6,2026-05-04,2026-06-30,217673.63,125387.26,Partial,57
R00009210,L000755,7,2026-06-04,2026-06-03,217673.63,217673.63,Paid On Time,0
R00009211,L000755,8,2026-07-04,2026-07-03,217673.63,217673.63,Paid On Time,0
R00009212,L000755,9,2026-08-04,2026-08-18,217673.63,217673.63,Paid Late,14
R00009213,L000755,10,2026-09-04,2026-09-02,217673.63,217673.63,Paid On Time,0
R00009214,L000756,1,2024-11-01,2024-10-30,211395.77,211395.77,Paid On Time,0
R00009215,L000756,2,2024-12-01,2024-11-29,211395.77,211395.77,Paid On Time,0
R00009216,L000756,3,2025-01-01,2024-12-31,211395.77,211395.77,Paid On Time,0
R00009217,L000756,4,2025-02-01,2025-02-01,211395.77,211395.77,Paid On Time,0
R00009218,L000756,5,2025-03-01,2025-02-27,211395.77,211395.77,Paid On Time,0
R00009219,L000756,6,2025-04-01,2025-05-01,211395.77,211395.77,Paid Late,30
R00009220,L000756,7,2025-05-01,2025-04-29,211395.77,211395.77,Paid On Time,0
R00009221,L000756,8,2025-06-01,2025-05-30,211395.77,211395.77,Paid On Time,0
R00009222,L000756,9,2025-07-01,2025-06-30,211395.77,211395.77,Paid On Time,0
R00009223,L000756,10,2025-08-01,,211395.77,0.0,Unpaid,90
R00009224,L000756,11,2025-09-01,2025-09-01,211395.77,211395.77,Paid On Time,0
R00009225,L000756,12,2025-10-01,2025-10-01,211395.77,211395.77,Paid On Time,0
R00009226,L000757,1,2024-05-28,2024-05-28,30020.2,30020.2,Paid On Time,0
R00009227,L000757,2,2024-06-28,2024-07-15,30020.2,18933.05,Partial,17
R00009228,L000757,3,2024-07-28,2024-07-28,30020.2,30020.2,Paid On Time,0
R00009229,L000757,4,2024-08-28,2024-09-05,30020.2,30020.2,Paid Late,8
R00009230,L000757,5,2024-09-28,2024-09-27,30020.2,30020.2,Paid On Time,0
R00009231,L000757,6,2024-10-28,2024-10-27,30020.2,30020.2,Paid On Time,0
R00009232,L000757,7,2024-11-28,2024-11-28,30020.2,30020.2,Paid On Time,0
R00009233,L000757,8,2024-12-28,2024-12-26,30020.2,30020.2,Paid On Time,0
R00009234,L000757,9,2025-01-28,,30020.2,0.0,Unpaid,90
R00009235,L000757,10,2025-02-28,2025-02-28,30020.2,30020.2,Paid On Time,0
R00009236,L000757,11,2025-03-28,2025-04-12,30020.2,30020.2,Paid Late,15
R00009237,L000757,12,2025-04-28,2025-04-28,30020.2,30020.2,Paid On Time,0
R00009238,L000757,13,2025-05-28,2025-05-28,30020.2,30020.2,Paid On Time,0
R00009239,L000757,14,2025-06-28,2025-06-26,30020.2,30020.2,Paid On Time,0
R00009240,L000757,15,2025-07-28,2025-08-01,30020.2,30020.2,Paid Late,4
R00009241,L000757,16,2025-08-28,2025-08-28,30020.2,30020.2,Paid On Time,0
R00009242,L000757,17,2025-09-28,2025-09-26,30020.2,30020.2,Paid On Time,0
R00009243,L000757,18,2025-10-28,2025-10-26,30020.2,30020.2,Paid On Time,0
R00009244,L000757,19,2025-11-28,2025-11-26,30020.2,30020.2,Paid On Time,0
R00009245,L000757,20,2025-12-28,2025-12-26,30020.2,30020.2,Paid On Time,0
R00009246,L000757,21,2026-01-28,2026-01-27,30020.2,30020.2,Paid On Time,0
R00009247,L000757,22,2026-02-28,,30020.2,0.0,Unpaid,30
R00009248,L000757,23,2026-03-28,2026-03-27,30020.2,30020.2,Paid On Time,0
R00009249,L000757,24,2026-04-28,2026-04-28,30020.2,30020.2,Paid On Time,0
R00009250,L000758,1,2026-02-08,2026-02-28,155134.74,155134.74,Paid Late,20
R00009251,L000758,2,2026-03-08,2026-03-08,155134.74,155134.74,Paid On Time,0
R00009252,L000758,3,2026-04-08,2026-04-06,155134.74,155134.74,Paid On Time,0
R00009253,L000758,4,2026-05-08,2026-05-24,155134.74,155134.74,Paid Late,16
R00009254,L000758,5,2026-06-08,2026-07-03,155134.74,155134.74,Paid Late,25
R00009255,L000758,6,2026-07-08,2026-08-06,155134.74,110899.41,Partial,29
R00009256,L000758,7,2026-08-08,2026-09-14,155134.74,106688.47,Partial,37
R00009257,L000758,8,2026-09-08,2026-09-07,155134.74,155134.74,Paid On Time,0
R00009258,L000759,1,2026-03-19,2026-03-18,56197.9,56197.9,Paid On Time,0
R00009259,L000759,2,2026-04-19,2026-04-18,56197.9,56197.9,Paid On Time,0
R00009260,L000759,3,2026-05-19,2026-05-19,56197.9,56197.9,Paid On Time,0
R00009261,L000759,4,2026-06-19,2026-06-18,56197.9,56197.9,Paid On Time,0
R00009262,L000759,5,2026-07-19,2026-07-17,56197.9,56197.9,Paid On Time,0
R00009263,L000759,6,2026-08-19,2026-08-18,56197.9,56197.9,Paid On Time,0
R00009264,L000759,7,2026-09-19,2026-09-17,56197.9,56197.9,Paid On Time,0
R00009265,L000760,1,2026-04-17,,980105.23,0.0,Unpaid,30
R00009266,L000760,2,2026-05-17,,980105.23,0.0,Unpaid,60
R00009267,L000760,3,2026-06-17,,980105.23,0.0,Unpaid,90
R00009268,L000760,4,2026-07-17,2026-07-17,980105.23,980105.23,Paid On Time,0
R00009269,L000760,5,2026-08-17,,980105.23,0.0,Unpaid,44
R00009270,L000760,6,2026-09-17,,980105.23,0.0,Unpaid,13
R00009271,L000761,1,2026-08-26,2026-09-24,221225.11,221225.11,Paid Late,29
R00009272,L000761,2,2026-09-26,2026-09-25,221225.11,221225.11,Paid On Time,0
R00009273,L000762,1,2024-06-03,2024-06-02,141448.5,141448.5,Paid On Time,0
R00009274,L000762,2,2024-07-03,2024-07-02,141448.5,141448.5,Paid On Time,0
R00009275,L000762,3,2024-08-03,2024-08-02,141448.5,141448.5,Paid On Time,0
R00009276,L000762,4,2024-09-03,2024-09-02,141448.5,141448.5,Paid On Time,0
R00009277,L000762,5,2024-10-03,2024-10-01,141448.5,141448.5,Paid On Time,0
R00009278,L000762,6,2024-11-03,,141448.5,0.0,Unpaid,90
R00009279,L000762,7,2024-12-03,2024-12-15,141448.5,141448.5,Paid Late,12
R00009280,L000762,8,2025-01-03,2025-01-03,141448.5,141448.5,Paid On Time,0
R00009281,L000762,9,2025-02-03,2025-02-01,141448.5,141448.5,Paid On Time,0
R00009282,L000762,10,2025-03-03,2025-03-03,141448.5,141448.5,Paid On Time,0
R00009283,L000762,11,2025-04-03,2025-04-01,141448.5,141448.5,Paid On Time,0
R00009284,L000762,12,2025-05-03,2025-05-01,141448.5,141448.5,Paid On Time,0
R00009285,L000762,13,2025-06-03,2025-06-01,141448.5,141448.5,Paid On Time,0
R00009286,L000762,14,2025-07-03,2025-08-02,141448.5,141448.5,Paid Late,30
R00009287,L000762,15,2025-08-03,2025-08-02,141448.5,141448.5,Paid On Time,0
R00009288,L000762,16,2025-09-03,2025-09-03,141448.5,141448.5,Paid On Time,0
R00009289,L000762,17,2025-10-03,2025-10-01,141448.5,141448.5,Paid On Time,0
R00009290,L000762,18,2025-11-03,,141448.5,0.0,Unpaid,120
R00009291,L000762,19,2025-12-03,2026-02-01,141448.5,104777.67,Partial,60
R00009292,L000762,20,2026-01-03,2026-01-03,141448.5,141448.5,Paid On Time,0
R00009293,L000762,21,2026-02-03,2026-02-01,141448.5,141448.5,Paid On Time,0
R00009294,L000762,22,2026-03-03,2026-03-01,141448.5,141448.5,Paid On Time,0
R00009295,L000762,23,2026-04-03,2026-04-02,141448.5,141448.5,Paid On Time,0
R00009296,L000762,24,2026-05-03,2026-05-01,141448.5,141448.5,Paid On Time,0
R00009297,L000763,1,2025-11-13,2025-11-12,86017.89,86017.89,Paid On Time,0
R00009298,L000763,2,2025-12-13,2025-12-11,86017.89,86017.89,Paid On Time,0
R00009299,L000763,3,2026-01-13,2026-01-13,86017.89,86017.89,Paid On Time,0
R00009300,L000763,4,2026-02-13,2026-02-13,86017.89,86017.89,Paid On Time,0
R00009301,L000763,5,2026-03-13,2026-03-13,86017.89,86017.89,Paid On Time,0
R00009302,L000763,6,2026-04-13,2026-04-11,86017.89,86017.89,Paid On Time,0
R00009303,L000763,7,2026-05-13,,86017.89,0.0,Unpaid,90
R00009304,L000763,8,2026-06-13,,86017.89,0.0,Unpaid,90
R00009305,L000763,9,2026-07-13,2026-08-22,86017.89,60875.48,Partial,40
R00009306,L000763,10,2026-08-13,2026-08-11,86017.89,86017.89,Paid On Time,0
R00009307,L000763,11,2026-09-13,2026-09-30,86017.89,62249.3,Partial,51
R00009308,L000764,1,2024-04-08,2024-04-07,314298.85,314298.85,Paid On Time,0
R00009309,L000764,2,2024-05-08,2024-05-06,314298.85,314298.85,Paid On Time,0
R00009310,L000764,3,2024-06-08,2024-06-24,314298.85,314298.85,Paid Late,16
R00009311,L000764,4,2024-07-08,2024-07-06,314298.85,314298.85,Paid On Time,0
R00009312,L000764,5,2024-08-08,2024-08-15,314298.85,314298.85,Paid Late,7
R00009313,L000764,6,2024-09-08,2024-09-07,314298.85,314298.85,Paid On Time,0
R00009314,L000764,7,2024-10-08,2024-10-06,314298.85,314298.85,Paid On Time,0
R00009315,L000764,8,2024-11-08,2024-11-07,314298.85,314298.85,Paid On Time,0
R00009316,L000764,9,2024-12-08,2024-12-06,314298.85,314298.85,Paid On Time,0
R00009317,L000764,10,2025-01-08,2025-01-06,314298.85,314298.85,Paid On Time,0
R00009318,L000764,11,2025-02-08,2025-02-07,314298.85,314298.85,Paid On Time,0
R00009319,L000764,12,2025-03-08,2025-03-07,314298.85,314298.85,Paid On Time,0
R00009320,L000764,13,2025-04-08,2025-04-30,314298.85,314298.85,Paid Late,22
R00009321,L000764,14,2025-05-08,2025-05-06,314298.85,314298.85,Paid On Time,0
R00009322,L000764,15,2025-06-08,2025-06-08,314298.85,314298.85,Paid On Time,0
R00009323,L000764,16,2025-07-08,2025-07-08,314298.85,314298.85,Paid On Time,0
R00009324,L000764,17,2025-08-08,2025-08-06,314298.85,314298.85,Paid On Time,0
R00009325,L000764,18,2025-09-08,2025-09-06,314298.85,314298.85,Paid On Time,0
R00009326,L000764,19,2025-10-08,2025-10-08,314298.85,314298.85,Paid On Time,0
R00009327,L000764,20,2025-11-08,2025-11-06,314298.85,314298.85,Paid On Time,0
R00009328,L000764,21,2025-12-08,2025-12-06,314298.85,314298.85,Paid On Time,0
R00009329,L000764,22,2026-01-08,2026-01-08,314298.85,314298.85,Paid On Time,0
R00009330,L000764,23,2026-02-08,2026-02-07,314298.85,314298.85,Paid On Time,0
R00009331,L000764,24,2026-03-08,2026-03-08,314298.85,314298.85,Paid On Time,0
R00009332,L000765,1,2026-07-11,2026-07-09,115866.59,115866.59,Paid On Time,0
R00009333,L000765,2,2026-08-11,2026-09-25,115866.59,49551.67,Partial,45
R00009334,L000765,3,2026-09-11,2026-09-11,115866.59,115866.59,Paid On Time,0
R00009335,L000766,1,2024-02-25,2024-02-23,152871.88,152871.88,Paid On Time,0
R00009336,L000766,2,2024-03-25,2024-03-23,152871.88,152871.88,Paid On Time,0
R00009337,L000766,3,2024-04-25,2024-04-23,152871.88,152871.88,Paid On Time,0
R00009338,L000766,4,2024-05-25,2024-05-24,152871.88,152871.88,Paid On Time,0
R00009339,L000766,5,2024-06-25,2024-06-25,152871.88,152871.88,Paid On Time,0
R00009340,L000766,6,2024-07-25,2024-07-25,152871.88,152871.88,Paid On Time,0
R00009341,L000766,7,2024-08-25,2024-08-23,152871.88,152871.88,Paid On Time,0
R00009342,L000766,8,2024-09-25,,152871.88,0.0,Unpaid,30
R00009343,L000766,9,2024-10-25,2024-11-17,152871.88,152871.88,Paid Late,23
R00009344,L000766,10,2024-11-25,2024-11-25,152871.88,152871.88,Paid On Time,0
R00009345,L000766,11,2024-12-25,2024-12-23,152871.88,152871.88,Paid On Time,0
R00009346,L000766,12,2025-01-25,2025-01-24,152871.88,152871.88,Paid On Time,0
R00009347,L000766,13,2025-02-25,,152871.88,0.0,Unpaid,30
R00009348,L000766,14,2025-03-25,2025-03-24,152871.88,152871.88,Paid On Time,0
R00009349,L000766,15,2025-04-25,2025-04-25,152871.88,152871.88,Paid On Time,0
R00009350,L000766,16,2025-05-25,2025-06-03,152871.88,152871.88,Paid Late,9
R00009351,L000766,17,2025-06-25,2025-06-25,152871.88,152871.88,Paid On Time,0
R00009352,L000766,18,2025-07-25,2025-09-08,152871.88,109071.84,Partial,45
R00009353,L000767,1,2025-09-07,2025-09-07,241887.26,241887.26,Paid On Time,0
R00009354,L000767,2,2025-10-07,2025-10-07,241887.26,241887.26,Paid On Time,0
R00009355,L000767,3,2025-11-07,2025-11-28,241887.26,241887.26,Paid Late,21
R00009356,L000767,4,2025-12-07,2025-12-27,241887.26,241887.26,Paid Late,20
R00009357,L000767,5,2026-01-07,2026-01-07,241887.26,241887.26,Paid On Time,0
R00009358,L000767,6,2026-02-07,2026-02-06,241887.26,241887.26,Paid On Time,0
R00009359,L000767,7,2026-03-07,2026-03-06,241887.26,241887.26,Paid On Time,0
R00009360,L000767,8,2026-04-07,2026-04-07,241887.26,241887.26,Paid On Time,0
R00009361,L000767,9,2026-05-07,2026-05-07,241887.26,241887.26,Paid On Time,0
R00009362,L000767,10,2026-06-07,2026-06-07,241887.26,241887.26,Paid On Time,0
R00009363,L000767,11,2026-07-07,2026-07-07,241887.26,241887.26,Paid On Time,0
R00009364,L000767,12,2026-08-07,2026-08-25,241887.26,241887.26,Paid Late,18
R00009365,L000767,13,2026-09-07,2026-09-07,241887.26,241887.26,Paid On Time,0
R00009366,L000768,1,2026-02-16,2026-03-16,34185.24,34185.24,Paid Late,28
R00009367,L000768,2,2026-03-16,2026-03-15,34185.24,34185.24,Paid On Time,0
R00009368,L000768,3,2026-04-16,2026-04-15,34185.24,34185.24,Paid On Time,0
R00009369,L000768,4,2026-05-16,2026-05-14,34185.24,34185.24,Paid On Time,0
R00009370,L000768,5,2026-06-16,2026-06-29,34185.24,34185.24,Paid Late,13
R00009371,L000768,6,2026-07-16,2026-07-15,34185.24,34185.24,Paid On Time,0
R00009372,L000768,7,2026-08-16,2026-08-15,34185.24,34185.24,Paid On Time,0
R00009373,L000768,8,2026-09-16,2026-09-16,34185.24,34185.24,Paid On Time,0
R00009374,L000769,1,2025-04-28,2025-04-28,34327.06,34327.06,Paid On Time,0
R00009375,L000769,2,2025-05-28,2025-05-28,34327.06,34327.06,Paid On Time,0
R00009376,L000769,3,2025-06-28,2025-06-27,34327.06,34327.06,Paid On Time,0
R00009377,L000769,4,2025-07-28,2025-07-26,34327.06,34327.06,Paid On Time,0
R00009378,L000769,5,2025-08-28,2025-08-26,34327.06,34327.06,Paid On Time,0
R00009379,L000769,6,2025-09-28,2025-09-27,34327.06,34327.06,Paid On Time,0
R00009380,L000769,7,2025-10-28,2025-10-26,34327.06,34327.06,Paid On Time,0
R00009381,L000769,8,2025-11-28,2025-11-28,34327.06,34327.06,Paid On Time,0
R00009382,L000769,9,2025-12-28,2026-02-12,34327.06,25731.22,Partial,46
R00009383,L000769,10,2026-01-28,2026-02-08,34327.06,34327.06,Paid Late,11
R00009384,L000769,11,2026-02-28,2026-02-27,34327.06,34327.06,Paid On Time,0
R00009385,L000769,12,2026-03-28,2026-03-28,34327.06,34327.06,Paid On Time,0
R00009386,L000769,13,2026-04-28,2026-05-12,34327.06,34327.06,Paid Late,14
R00009387,L000769,14,2026-05-28,2026-05-26,34327.06,34327.06,Paid On Time,0
R00009388,L000769,15,2026-06-28,2026-06-28,34327.06,34327.06,Paid On Time,0
R00009389,L000769,16,2026-07-28,2026-07-26,34327.06,34327.06,Paid On Time,0
R00009390,L000769,17,2026-08-28,2026-08-28,34327.06,34327.06,Paid On Time,0
R00009391,L000769,18,2026-09-28,2026-09-30,34327.06,16548.78,Partial,15
R00009392,L000770,1,2024-07-21,2024-07-20,276587.42,276587.42,Paid On Time,0
R00009393,L000770,2,2024-08-21,2024-08-19,276587.42,276587.42,Paid On Time,0
R00009394,L000770,3,2024-09-21,2024-09-20,276587.42,276587.42,Paid On Time,0
R00009395,L000770,4,2024-10-21,2024-10-19,276587.42,276587.42,Paid On Time,0
R00009396,L000770,5,2024-11-21,2024-11-19,276587.42,276587.42,Paid On Time,0
R00009397,L000770,6,2024-12-21,2024-12-21,276587.42,276587.42,Paid On Time,0
R00009398,L000770,7,2025-01-21,2025-01-19,276587.42,276587.42,Paid On Time,0
R00009399,L000770,8,2025-02-21,2025-02-19,276587.42,276587.42,Paid On Time,0
R00009400,L000770,9,2025-03-21,2025-03-19,276587.42,276587.42,Paid On Time,0
R00009401,L000770,10,2025-04-21,2025-04-20,276587.42,276587.42,Paid On Time,0
R00009402,L000770,11,2025-05-21,2025-05-20,276587.42,276587.42,Paid On Time,0
R00009403,L000770,12,2025-06-21,,276587.42,0.0,Unpaid,90
R00009404,L000770,13,2025-07-21,2025-07-20,276587.42,276587.42,Paid On Time,0
R00009405,L000770,14,2025-08-21,2025-08-20,276587.42,276587.42,Paid On Time,0
R00009406,L000770,15,2025-09-21,2025-09-19,276587.42,276587.42,Paid On Time,0
R00009407,L000770,16,2025-10-21,2025-11-19,276587.42,276587.42,Paid Late,29
R00009408,L000770,17,2025-11-21,2025-11-20,276587.42,276587.42,Paid On Time,0
R00009409,L000770,18,2025-12-21,2025-12-19,276587.42,276587.42,Paid On Time,0
R00009410,L000770,19,2026-01-21,2026-01-20,276587.42,276587.42,Paid On Time,0
R00009411,L000770,20,2026-02-21,2026-02-21,276587.42,276587.42,Paid On Time,0
R00009412,L000770,21,2026-03-21,,276587.42,0.0,Unpaid,60
R00009413,L000770,22,2026-04-21,2026-04-20,276587.42,276587.42,Paid On Time,0
R00009414,L000770,23,2026-05-21,2026-06-17,276587.42,276587.42,Paid Late,27
R00009415,L000770,24,2026-06-21,2026-07-12,276587.42,276587.42,Paid Late,21
R00009416,L000771,1,2025-11-26,2025-11-25,87391.02,87391.02,Paid On Time,0
R00009417,L000771,2,2025-12-26,2025-12-24,87391.02,87391.02,Paid On Time,0
R00009418,L000771,3,2026-01-26,2026-01-25,87391.02,87391.02,Paid On Time,0
R00009419,L000771,4,2026-02-26,2026-03-15,87391.02,87391.02,Paid Late,17
R00009420,L000771,5,2026-03-26,2026-03-24,87391.02,87391.02,Paid On Time,0
R00009421,L000771,6,2026-04-26,2026-04-26,87391.02,87391.02,Paid On Time,0
R00009422,L000771,7,2026-05-26,2026-05-26,87391.02,87391.02,Paid On Time,0
R00009423,L000771,8,2026-06-26,2026-07-04,87391.02,87391.02,Paid Late,8
R00009424,L000771,9,2026-07-26,2026-07-25,87391.02,87391.02,Paid On Time,0
R00009425,L000771,10,2026-08-26,2026-08-25,87391.02,87391.02,Paid On Time,0
R00009426,L000771,11,2026-09-26,2026-09-25,87391.02,87391.02,Paid On Time,0
R00009427,L000772,1,2025-04-15,2025-04-15,239762.87,239762.87,Paid On Time,0
R00009428,L000772,2,2025-05-15,2025-05-15,239762.87,239762.87,Paid On Time,0
R00009429,L000772,3,2025-06-15,2025-06-18,239762.87,239762.87,Paid Late,3
R00009430,L000772,4,2025-07-15,2025-07-14,239762.87,239762.87,Paid On Time,0
R00009431,L000772,5,2025-08-15,2025-08-13,239762.87,239762.87,Paid On Time,0
R00009432,L000772,6,2025-09-15,,239762.87,0.0,Unpaid,30
R00009433,L000773,1,2026-01-24,2026-02-11,148567.57,148567.57,Paid Late,18
R00009434,L000773,2,2026-02-24,2026-02-22,148567.57,148567.57,Paid On Time,0
R00009435,L000773,3,2026-03-24,2026-03-22,148567.57,148567.57,Paid On Time,0
R00009436,L000773,4,2026-04-24,2026-04-23,148567.57,148567.57,Paid On Time,0
R00009437,L000773,5,2026-05-24,2026-05-24,148567.57,148567.57,Paid On Time,0
R00009438,L000773,6,2026-06-24,2026-06-23,148567.57,148567.57,Paid On Time,0
R00009439,L000773,7,2026-07-24,2026-07-22,148567.57,148567.57,Paid On Time,0
R00009440,L000773,8,2026-08-24,2026-08-23,148567.57,148567.57,Paid On Time,0
R00009441,L000773,9,2026-09-24,2026-09-23,148567.57,148567.57,Paid On Time,0
R00009442,L000774,1,2025-06-24,2025-08-22,379468.25,302087.95,Partial,59
R00009443,L000774,2,2025-07-24,2025-07-23,379468.25,379468.25,Paid On Time,0
R00009444,L000774,3,2025-08-24,2025-08-24,379468.25,379468.25,Paid On Time,0
R00009445,L000774,4,2025-09-24,2025-09-22,379468.25,379468.25,Paid On Time,0
R00009446,L000774,5,2025-10-24,2025-10-22,379468.25,379468.25,Paid On Time,0
R00009447,L000774,6,2025-11-24,2025-11-27,379468.25,379468.25,Paid Late,3
R00009448,L000774,7,2025-12-24,,379468.25,0.0,Unpaid,30
R00009449,L000774,8,2026-01-24,2026-01-23,379468.25,379468.25,Paid On Time,0
R00009450,L000774,9,2026-02-24,2026-02-22,379468.25,379468.25,Paid On Time,0
R00009451,L000774,10,2026-03-24,2026-03-24,379468.25,379468.25,Paid On Time,0
R00009452,L000774,11,2026-04-24,2026-04-22,379468.25,379468.25,Paid On Time,0
R00009453,L000774,12,2026-05-24,2026-05-24,379468.25,379468.25,Paid On Time,0
R00009454,L000774,13,2026-06-24,2026-06-23,379468.25,379468.25,Paid On Time,0
R00009455,L000774,14,2026-07-24,2026-07-23,379468.25,379468.25,Paid On Time,0
R00009456,L000774,15,2026-08-24,2026-08-30,379468.25,379468.25,Paid Late,6
R00009457,L000774,16,2026-09-24,2026-09-24,379468.25,379468.25,Paid On Time,0
R00009458,L000775,1,2025-11-18,,372076.35,0.0,Unpaid,120
R00009459,L000775,2,2025-12-18,2025-12-17,372076.35,372076.35,Paid On Time,0
R00009460,L000775,3,2026-01-18,2026-01-18,372076.35,372076.35,Paid On Time,0
R00009461,L000775,4,2026-02-18,2026-02-17,372076.35,372076.35,Paid On Time,0
R00009462,L000775,5,2026-03-18,2026-03-24,372076.35,372076.35,Paid Late,6
R00009463,L000775,6,2026-04-18,2026-04-16,372076.35,372076.35,Paid On Time,0
R00009464,L000775,7,2026-05-18,2026-05-17,372076.35,372076.35,Paid On Time,0
R00009465,L000775,8,2026-06-18,2026-07-12,372076.35,372076.35,Paid Late,24
R00009466,L000775,9,2026-07-18,2026-07-18,372076.35,372076.35,Paid On Time,0
R00009467,L000775,10,2026-08-18,2026-08-27,372076.35,372076.35,Paid Late,9
R00009468,L000775,11,2026-09-18,2026-09-17,372076.35,372076.35,Paid On Time,0
R00009469,L000776,1,2024-08-08,2024-08-08,2810781.31,2810781.31,Paid On Time,0
R00009470,L000776,2,2024-09-08,2024-09-07,2810781.31,2810781.31,Paid On Time,0
R00009471,L000776,3,2024-10-08,2024-10-07,2810781.31,2810781.31,Paid On Time,0
R00009472,L000776,4,2024-11-08,2024-11-06,2810781.31,2810781.31,Paid On Time,0
R00009473,L000776,5,2024-12-08,2024-12-27,2810781.31,2810781.31,Paid Late,19
R00009474,L000776,6,2025-01-08,2025-01-06,2810781.31,2810781.31,Paid On Time,0
R00009475,L000777,1,2026-06-08,2026-07-16,49269.7,22722.27,Partial,38
R00009476,L000777,2,2026-07-08,2026-07-08,49269.7,49269.7,Paid On Time,0
R00009477,L000777,3,2026-08-08,2026-08-19,49269.7,49269.7,Paid Late,11
R00009478,L000777,4,2026-09-08,2026-09-08,49269.7,49269.7,Paid On Time,0
R00009479,L000778,1,2026-04-02,2026-03-31,458738.83,458738.83,Paid On Time,0
R00009480,L000778,2,2026-05-02,2026-05-01,458738.83,458738.83,Paid On Time,0
R00009481,L000778,3,2026-06-02,,458738.83,0.0,Unpaid,90
R00009482,L000778,4,2026-07-02,2026-07-01,458738.83,458738.83,Paid On Time,0
R00009483,L000778,5,2026-08-02,2026-07-31,458738.83,458738.83,Paid On Time,0
R00009484,L000778,6,2026-09-02,2026-09-01,458738.83,458738.83,Paid On Time,0
R00009485,L000779,1,2024-05-08,2024-05-07,1172098.01,1172098.01,Paid On Time,0
R00009486,L000779,2,2024-06-08,2024-06-24,1172098.01,1172098.01,Paid Late,16
R00009487,L000779,3,2024-07-08,2024-07-06,1172098.01,1172098.01,Paid On Time,0
R00009488,L000779,4,2024-08-08,2024-08-06,1172098.01,1172098.01,Paid On Time,0
R00009489,L000779,5,2024-09-08,2024-10-08,1172098.01,1172098.01,Paid Late,30
R00009490,L000779,6,2024-10-08,2024-11-21,1172098.01,923329.99,Partial,44
R00009491,L000779,7,2024-11-08,2024-11-06,1172098.01,1172098.01,Paid On Time,0
R00009492,L000779,8,2024-12-08,2024-12-06,1172098.01,1172098.01,Paid On Time,0
R00009493,L000779,9,2025-01-08,2025-01-23,1172098.01,1172098.01,Paid Late,15
R00009494,L000779,10,2025-02-08,2025-02-06,1172098.01,1172098.01,Paid On Time,0
R00009495,L000779,11,2025-03-08,2025-03-06,1172098.01,1172098.01,Paid On Time,0
R00009496,L000779,12,2025-04-08,,1172098.01,0.0,Unpaid,90
R00009497,L000779,13,2025-05-08,2025-06-21,1172098.01,757440.63,Partial,44
R00009498,L000779,14,2025-06-08,2025-06-07,1172098.01,1172098.01,Paid On Time,0
R00009499,L000779,15,2025-07-08,,1172098.01,0.0,Unpaid,30
R00009500,L000779,16,2025-08-08,2025-08-07,1172098.01,1172098.01,Paid On Time,0
R00009501,L000779,17,2025-09-08,2025-09-07,1172098.01,1172098.01,Paid On Time,0
R00009502,L000779,18,2025-10-08,2025-11-13,1172098.01,723123.55,Partial,36
R00009503,L000780,1,2025-09-12,2025-09-11,570619.89,570619.89,Paid On Time,0
R00009504,L000780,2,2025-10-12,2025-10-31,570619.89,570619.89,Paid Late,19
R00009505,L000780,3,2025-11-12,2025-11-12,570619.89,570619.89,Paid On Time,0
R00009506,L000780,4,2025-12-12,2026-01-11,570619.89,570619.89,Paid Late,30
R00009507,L000780,5,2026-01-12,2026-01-12,570619.89,570619.89,Paid On Time,0
R00009508,L000780,6,2026-02-12,2026-02-10,570619.89,570619.89,Paid On Time,0
R00009509,L000780,7,2026-03-12,2026-03-11,570619.89,570619.89,Paid On Time,0
R00009510,L000780,8,2026-04-12,2026-04-19,570619.89,570619.89,Paid Late,7
R00009511,L000780,9,2026-05-12,2026-05-11,570619.89,570619.89,Paid On Time,0
R00009512,L000780,10,2026-06-12,2026-06-12,570619.89,570619.89,Paid On Time,0
R00009513,L000780,11,2026-07-12,2026-07-10,570619.89,570619.89,Paid On Time,0
R00009514,L000780,12,2026-08-12,,570619.89,0.0,Unpaid,49
R00009515,L000780,13,2026-09-12,2026-09-11,570619.89,570619.89,Paid On Time,0
R00009516,L000781,1,2025-06-14,2025-06-20,462891.9,462891.9,Paid Late,6
R00009517,L000781,2,2025-07-14,2025-07-13,462891.9,462891.9,Paid On Time,0
R00009518,L000781,3,2025-08-14,2025-08-12,462891.9,462891.9,Paid On Time,0
R00009519,L000781,4,2025-09-14,2025-11-04,462891.9,330323.29,Partial,51
R00009520,L000781,5,2025-10-14,2025-10-12,462891.9,462891.9,Paid On Time,0
R00009521,L000781,6,2025-11-14,2025-11-12,462891.9,462891.9,Paid On Time,0
R00009522,L000782,1,2024-03-01,2024-03-22,109834.16,109834.16,Paid Late,21
R00009523,L000782,2,2024-04-01,2024-03-30,109834.16,109834.16,Paid On Time,0
R00009524,L000782,3,2024-05-01,2024-06-05,109834.16,87736.94,Partial,35
R00009525,L000782,4,2024-06-01,2024-05-31,109834.16,109834.16,Paid On Time,0
R00009526,L000782,5,2024-07-01,2024-08-18,109834.16,68514.55,Partial,48
R00009527,L000782,6,2024-08-01,2024-08-06,109834.16,109834.16,Paid Late,5
R00009528,L000782,7,2024-09-01,2024-09-01,109834.16,109834.16,Paid On Time,0
R00009529,L000782,8,2024-10-01,2024-09-29,109834.16,109834.16,Paid On Time,0
R00009530,L000782,9,2024-11-01,2024-10-30,109834.16,109834.16,Paid On Time,0
R00009531,L000782,10,2024-12-01,2024-11-30,109834.16,109834.16,Paid On Time,0
R00009532,L000782,11,2025-01-01,2025-01-01,109834.16,109834.16,Paid On Time,0
R00009533,L000782,12,2025-02-01,2025-01-31,109834.16,109834.16,Paid On Time,0
R00009534,L000782,13,2025-03-01,,109834.16,0.0,Unpaid,90
R00009535,L000782,14,2025-04-01,2025-05-15,109834.16,76941.56,Partial,44
R00009536,L000782,15,2025-05-01,2025-04-30,109834.16,109834.16,Paid On Time,0
R00009537,L000782,16,2025-06-01,2025-05-31,109834.16,109834.16,Paid On Time,0
R00009538,L000782,17,2025-07-01,2025-07-01,109834.16,109834.16,Paid On Time,0
R00009539,L000782,18,2025-08-01,2025-07-31,109834.16,109834.16,Paid On Time,0
R00009540,L000782,19,2025-09-01,2025-08-30,109834.16,109834.16,Paid On Time,0
R00009541,L000782,20,2025-10-01,2025-10-01,109834.16,109834.16,Paid On Time,0
R00009542,L000782,21,2025-11-01,2025-11-01,109834.16,109834.16,Paid On Time,0
R00009543,L000782,22,2025-12-01,2025-11-29,109834.16,109834.16,Paid On Time,0
R00009544,L000782,23,2026-01-01,2025-12-30,109834.16,109834.16,Paid On Time,0
R00009545,L000782,24,2026-02-01,2026-01-31,109834.16,109834.16,Paid On Time,0
R00009546,L000782,25,2026-03-01,2026-03-17,109834.16,109834.16,Paid Late,16
R00009547,L000782,26,2026-04-01,2026-04-01,109834.16,109834.16,Paid On Time,0
R00009548,L000782,27,2026-05-01,2026-04-30,109834.16,109834.16,Paid On Time,0
R00009549,L000782,28,2026-06-01,2026-05-31,109834.16,109834.16,Paid On Time,0
R00009550,L000782,29,2026-07-01,,109834.16,0.0,Unpaid,91
R00009551,L000782,30,2026-08-01,2026-08-01,109834.16,109834.16,Paid On Time,0
R00009552,L000782,31,2026-09-01,2026-08-30,109834.16,109834.16,Paid On Time,0
R00009553,L000783,1,2025-04-28,2025-05-11,87078.33,87078.33,Paid Late,13
R00009554,L000783,2,2025-05-28,2025-05-26,87078.33,87078.33,Paid On Time,0
R00009555,L000783,3,2025-06-28,2025-06-29,87078.33,87078.33,Paid Late,1
R00009556,L000783,4,2025-07-28,2025-07-26,87078.33,87078.33,Paid On Time,0
R00009557,L000783,5,2025-08-28,2025-09-11,87078.33,87078.33,Paid Late,14
R00009558,L000783,6,2025-09-28,2025-09-28,87078.33,87078.33,Paid On Time,0
R00009559,L000783,7,2025-10-28,2025-11-21,87078.33,87078.33,Paid Late,24
R00009560,L000783,8,2025-11-28,2025-11-26,87078.33,87078.33,Paid On Time,0
R00009561,L000783,9,2025-12-28,2025-12-27,87078.33,87078.33,Paid On Time,0
R00009562,L000783,10,2026-01-28,2026-01-26,87078.33,87078.33,Paid On Time,0
R00009563,L000783,11,2026-02-28,2026-02-27,87078.33,87078.33,Paid On Time,0
R00009564,L000783,12,2026-03-28,2026-04-06,87078.33,87078.33,Paid Late,9
R00009565,L000783,13,2026-04-28,2026-04-28,87078.33,87078.33,Paid On Time,0
R00009566,L000783,14,2026-05-28,2026-05-28,87078.33,87078.33,Paid On Time,0
R00009567,L000783,15,2026-06-28,2026-06-26,87078.33,87078.33,Paid On Time,0
R00009568,L000783,16,2026-07-28,2026-09-04,87078.33,64617.69,Partial,38
R00009569,L000783,17,2026-08-28,2026-08-27,87078.33,87078.33,Paid On Time,0
R00009570,L000783,18,2026-09-28,2026-10-12,87078.33,87078.33,Paid Late,14
R00009571,L000784,1,2024-05-16,2024-05-14,104401.27,104401.27,Paid On Time,0
R00009572,L000784,2,2024-06-16,2024-06-14,104401.27,104401.27,Paid On Time,0
R00009573,L000784,3,2024-07-16,2024-07-15,104401.27,104401.27,Paid On Time,0
R00009574,L000784,4,2024-08-16,,104401.27,0.0,Unpaid,30
R00009575,L000784,5,2024-09-16,2024-09-14,104401.27,104401.27,Paid On Time,0
R00009576,L000784,6,2024-10-16,2024-10-14,104401.27,104401.27,Paid On Time,0
R00009577,L000784,7,2024-11-16,2024-11-14,104401.27,104401.27,Paid On Time,0
R00009578,L000784,8,2024-12-16,2024-12-15,104401.27,104401.27,Paid On Time,0
R00009579,L000784,9,2025-01-16,2025-01-14,104401.27,104401.27,Paid On Time,0
R00009580,L000784,10,2025-02-16,2025-02-15,104401.27,104401.27,Paid On Time,0
R00009581,L000784,11,2025-03-16,2025-03-15,104401.27,104401.27,Paid On Time,0
R00009582,L000784,12,2025-04-16,2025-05-12,104401.27,104401.27,Paid Late,26
R00009583,L000784,13,2025-05-16,2025-05-22,104401.27,104401.27,Paid Late,6
R00009584,L000784,14,2025-06-16,2025-07-05,104401.27,57265.57,Partial,19
R00009585,L000784,15,2025-07-16,2025-07-15,104401.27,104401.27,Paid On Time,0
R00009586,L000784,16,2025-08-16,2025-08-16,104401.27,104401.27,Paid On Time,0
R00009587,L000784,17,2025-09-16,2025-09-14,104401.27,104401.27,Paid On Time,0
R00009588,L000784,18,2025-10-16,2025-10-16,104401.27,104401.27,Paid On Time,0
R00009589,L000784,19,2025-11-16,2025-11-15,104401.27,104401.27,Paid On Time,0
R00009590,L000784,20,2025-12-16,2025-12-14,104401.27,104401.27,Paid On Time,0
R00009591,L000784,21,2026-01-16,2026-01-15,104401.27,104401.27,Paid On Time,0
R00009592,L000784,22,2026-02-16,2026-02-16,104401.27,104401.27,Paid On Time,0
R00009593,L000784,23,2026-03-16,,104401.27,0.0,Unpaid,120
R00009594,L000784,24,2026-04-16,2026-04-14,104401.27,104401.27,Paid On Time,0
R00009595,L000785,1,2025-11-04,2025-11-04,944594.43,944594.43,Paid On Time,0
R00009596,L000785,2,2025-12-04,2025-12-02,944594.43,944594.43,Paid On Time,0
R00009597,L000785,3,2026-01-04,2026-01-04,944594.43,944594.43,Paid On Time,0
R00009598,L000785,4,2026-02-04,2026-02-02,944594.43,944594.43,Paid On Time,0
R00009599,L000785,5,2026-03-04,2026-03-03,944594.43,944594.43,Paid On Time,0
R00009600,L000785,6,2026-04-04,2026-04-04,944594.43,944594.43,Paid On Time,0
R00009601,L000785,7,2026-05-04,2026-05-04,944594.43,944594.43,Paid On Time,0
R00009602,L000785,8,2026-06-04,2026-06-04,944594.43,944594.43,Paid On Time,0
R00009603,L000785,9,2026-07-04,2026-07-23,944594.43,746515.11,Partial,19
R00009604,L000785,10,2026-08-04,2026-08-03,944594.43,944594.43,Paid On Time,0
R00009605,L000785,11,2026-09-04,2026-09-02,944594.43,944594.43,Paid On Time,0
R00009606,L000786,1,2024-02-22,2024-02-20,66655.11,66655.11,Paid On Time,0
R00009607,L000786,2,2024-03-22,2024-03-20,66655.11,66655.11,Paid On Time,0
R00009608,L000786,3,2024-04-22,2024-04-21,66655.11,66655.11,Paid On Time,0
R00009609,L000786,4,2024-05-22,2024-05-22,66655.11,66655.11,Paid On Time,0
R00009610,L000786,5,2024-06-22,2024-08-02,66655.11,44112.31,Partial,41
R00009611,L000786,6,2024-07-22,2024-07-21,66655.11,66655.11,Paid On Time,0
R00009612,L000786,7,2024-08-22,2024-08-21,66655.11,66655.11,Paid On Time,0
R00009613,L000786,8,2024-09-22,2024-09-22,66655.11,66655.11,Paid On Time,0
R00009614,L000786,9,2024-10-22,2024-10-24,66655.11,66655.11,Paid Late,2
R00009615,L000786,10,2024-11-22,2024-11-20,66655.11,66655.11,Paid On Time,0
R00009616,L000786,11,2024-12-22,2025-02-14,66655.11,25281.42,Partial,54
R00009617,L000786,12,2025-01-22,2025-01-20,66655.11,66655.11,Paid On Time,0
R00009618,L000786,13,2025-02-22,2025-03-20,66655.11,66655.11,Paid Late,26
R00009619,L000786,14,2025-03-22,2025-03-20,66655.11,66655.11,Paid On Time,0
R00009620,L000786,15,2025-04-22,2025-04-20,66655.11,66655.11,Paid On Time,0
R00009621,L000786,16,2025-05-22,2025-05-20,66655.11,66655.11,Paid On Time,0
R00009622,L000786,17,2025-06-22,2025-06-21,66655.11,66655.11,Paid On Time,0
R00009623,L000786,18,2025-07-22,2025-07-21,66655.11,66655.11,Paid On Time,0
R00009624,L000787,1,2025-09-23,2025-09-23,637665.25,637665.25,Paid On Time,0
R00009625,L000787,2,2025-10-23,2025-10-21,637665.25,637665.25,Paid On Time,0
R00009626,L000787,3,2025-11-23,2025-11-22,637665.25,637665.25,Paid On Time,0
R00009627,L000787,4,2025-12-23,2025-12-23,637665.25,637665.25,Paid On Time,0
R00009628,L000787,5,2026-01-23,,637665.25,0.0,Unpaid,120
R00009629,L000787,6,2026-02-23,2026-02-21,637665.25,637665.25,Paid On Time,0
R00009630,L000787,7,2026-03-23,2026-03-21,637665.25,637665.25,Paid On Time,0
R00009631,L000787,8,2026-04-23,2026-04-22,637665.25,637665.25,Paid On Time,0
R00009632,L000787,9,2026-05-23,2026-05-23,637665.25,637665.25,Paid On Time,0
R00009633,L000787,10,2026-06-23,2026-07-15,637665.25,637665.25,Paid Late,22
R00009634,L000787,11,2026-07-23,2026-08-05,637665.25,637665.25,Paid Late,13
R00009635,L000787,12,2026-08-23,2026-09-30,637665.25,499783.05,Partial,43
R00009636,L000788,1,2025-02-17,2025-02-15,43811.38,43811.38,Paid On Time,0
R00009637,L000788,2,2025-03-17,2025-03-17,43811.38,43811.38,Paid On Time,0
R00009638,L000788,3,2025-04-17,2025-04-15,43811.38,43811.38,Paid On Time,0
R00009639,L000788,4,2025-05-17,2025-06-06,43811.38,43811.38,Paid Late,20
R00009640,L000788,5,2025-06-17,2025-06-17,43811.38,43811.38,Paid On Time,0
R00009641,L000788,6,2025-07-17,2025-07-17,43811.38,43811.38,Paid On Time,0
R00009642,L000788,7,2025-08-17,2025-08-15,43811.38,43811.38,Paid On Time,0
R00009643,L000788,8,2025-09-17,2025-09-17,43811.38,43811.38,Paid On Time,0
R00009644,L000788,9,2025-10-17,2025-10-15,43811.38,43811.38,Paid On Time,0
R00009645,L000788,10,2025-11-17,2025-11-15,43811.38,43811.38,Paid On Time,0
R00009646,L000788,11,2025-12-17,2026-01-09,43811.38,43811.38,Paid Late,23
R00009647,L000788,12,2026-01-17,2026-01-16,43811.38,43811.38,Paid On Time,0
R00009648,L000788,13,2026-02-17,2026-02-15,43811.38,43811.38,Paid On Time,0
R00009649,L000788,14,2026-03-17,,43811.38,0.0,Unpaid,90
R00009650,L000788,15,2026-04-17,2026-04-15,43811.38,43811.38,Paid On Time,0
R00009651,L000788,16,2026-05-17,2026-06-16,43811.38,43811.38,Paid Late,30
R00009652,L000788,17,2026-06-17,2026-06-16,43811.38,43811.38,Paid On Time,0
R00009653,L000788,18,2026-07-17,2026-07-17,43811.38,43811.38,Paid On Time,0
R00009654,L000789,1,2024-07-22,2024-07-22,152977.83,152977.83,Paid On Time,0
R00009655,L000789,2,2024-08-22,2024-08-22,152977.83,152977.83,Paid On Time,0
R00009656,L000789,3,2024-09-22,,152977.83,0.0,Unpaid,90
R00009657,L000789,4,2024-10-22,2024-10-21,152977.83,152977.83,Paid On Time,0
R00009658,L000789,5,2024-11-22,2024-11-29,152977.83,152977.83,Paid Late,7
R00009659,L000789,6,2024-12-22,2024-12-21,152977.83,152977.83,Paid On Time,0
R00009660,L000789,7,2025-01-22,2025-01-20,152977.83,152977.83,Paid On Time,0
R00009661,L000789,8,2025-02-22,2025-02-22,152977.83,152977.83,Paid On Time,0
R00009662,L000789,9,2025-03-22,,152977.83,0.0,Unpaid,90
R00009663,L000789,10,2025-04-22,2025-05-04,152977.83,152977.83,Paid Late,12
R00009664,L000789,11,2025-05-22,2025-05-22,152977.83,152977.83,Paid On Time,0
R00009665,L000789,12,2025-06-22,2025-07-03,152977.83,152977.83,Paid Late,11
R00009666,L000790,1,2025-09-01,2025-08-31,266243.16,266243.16,Paid On Time,0
R00009667,L000790,2,2025-10-01,2025-10-07,266243.16,266243.16,Paid Late,6
R00009668,L000790,3,2025-11-01,2025-11-01,266243.16,266243.16,Paid On Time,0
R00009669,L000790,4,2025-12-01,2025-12-01,266243.16,266243.16,Paid On Time,0
R00009670,L000790,5,2026-01-01,2025-12-30,266243.16,266243.16,Paid On Time,0
R00009671,L000790,6,2026-02-01,2026-01-31,266243.16,266243.16,Paid On Time,0
R00009672,L000790,7,2026-03-01,2026-03-18,266243.16,266243.16,Paid Late,17
R00009673,L000790,8,2026-04-01,2026-04-01,266243.16,266243.16,Paid On Time,0
R00009674,L000790,9,2026-05-01,2026-04-29,266243.16,266243.16,Paid On Time,0
R00009675,L000790,10,2026-06-01,2026-05-30,266243.16,266243.16,Paid On Time,0
R00009676,L000790,11,2026-07-01,2026-06-30,266243.16,266243.16,Paid On Time,0
R00009677,L000790,12,2026-08-01,2026-07-30,266243.16,266243.16,Paid On Time,0
R00009678,L000791,1,2025-10-08,2025-10-06,374066.77,374066.77,Paid On Time,0
R00009679,L000791,2,2025-11-08,2025-11-07,374066.77,374066.77,Paid On Time,0
R00009680,L000791,3,2025-12-08,2025-12-08,374066.77,374066.77,Paid On Time,0
R00009681,L000791,4,2026-01-08,2026-01-07,374066.77,374066.77,Paid On Time,0
R00009682,L000791,5,2026-02-08,2026-02-06,374066.77,374066.77,Paid On Time,0
R00009683,L000791,6,2026-03-08,2026-03-06,374066.77,374066.77,Paid On Time,0
R00009684,L000791,7,2026-04-08,2026-04-08,374066.77,374066.77,Paid On Time,0
R00009685,L000791,8,2026-05-08,,374066.77,0.0,Unpaid,90
R00009686,L000791,9,2026-06-08,2026-06-14,374066.77,374066.77,Paid Late,6
R00009687,L000791,10,2026-07-08,2026-07-13,374066.77,374066.77,Paid Late,5
R00009688,L000791,11,2026-08-08,2026-08-08,374066.77,374066.77,Paid On Time,0
R00009689,L000791,12,2026-09-08,2026-09-06,374066.77,374066.77,Paid On Time,0
R00009690,L000792,1,2025-01-25,2025-01-25,180186.32,180186.32,Paid On Time,0
R00009691,L000792,2,2025-02-25,2025-02-25,180186.32,180186.32,Paid On Time,0
R00009692,L000792,3,2025-03-25,2025-03-23,180186.32,180186.32,Paid On Time,0
R00009693,L000792,4,2025-04-25,2025-04-25,180186.32,180186.32,Paid On Time,0
R00009694,L000792,5,2025-05-25,2025-05-23,180186.32,180186.32,Paid On Time,0
R00009695,L000792,6,2025-06-25,2025-06-25,180186.32,180186.32,Paid On Time,0
R00009696,L000792,7,2025-07-25,2025-07-23,180186.32,180186.32,Paid On Time,0
R00009697,L000792,8,2025-08-25,2025-08-23,180186.32,180186.32,Paid On Time,0
R00009698,L000792,9,2025-09-25,2025-09-23,180186.32,180186.32,Paid On Time,0
R00009699,L000792,10,2025-10-25,2025-12-01,180186.32,129710.77,Partial,37
R00009700,L000792,11,2025-11-25,2025-11-25,180186.32,180186.32,Paid On Time,0
R00009701,L000792,12,2025-12-25,2026-01-21,180186.32,180186.32,Paid Late,27
R00009702,L000793,1,2026-08-24,2026-08-22,175968.88,175968.88,Paid On Time,0
R00009703,L000793,2,2026-09-24,2026-09-30,175968.88,101693.99,Partial,56
R00009704,L000794,1,2026-07-01,2026-07-01,923244.69,923244.69,Paid On Time,0
R00009705,L000794,2,2026-08-01,2026-08-31,923244.69,923244.69,Paid Late,30
R00009706,L000794,3,2026-09-01,,923244.69,0.0,Unpaid,29
R00009707,L000795,1,2024-07-05,2024-07-04,16920.78,16920.78,Paid On Time,0
R00009708,L000795,2,2024-08-05,2024-08-03,16920.78,16920.78,Paid On Time,0
R00009709,L000795,3,2024-09-05,2024-09-03,16920.78,16920.78,Paid On Time,0
R00009710,L000795,4,2024-10-05,2024-10-04,16920.78,16920.78,Paid On Time,0
R00009711,L000795,5,2024-11-05,2024-11-03,16920.78,16920.78,Paid On Time,0
R00009712,L000795,6,2024-12-05,2024-12-05,16920.78,16920.78,Paid On Time,0
R00009713,L000795,7,2025-01-05,2025-01-03,16920.78,16920.78,Paid On Time,0
R00009714,L000795,8,2025-02-05,2025-02-05,16920.78,16920.78,Paid On Time,0
R00009715,L000795,9,2025-03-05,2025-03-04,16920.78,16920.78,Paid On Time,0
R00009716,L000795,10,2025-04-05,2025-04-04,16920.78,16920.78,Paid On Time,0
R00009717,L000795,11,2025-05-05,2025-05-05,16920.78,16920.78,Paid On Time,0
R00009718,L000795,12,2025-06-05,2025-06-03,16920.78,16920.78,Paid On Time,0
R00009719,L000795,13,2025-07-05,2025-07-03,16920.78,16920.78,Paid On Time,0
R00009720,L000795,14,2025-08-05,2025-08-04,16920.78,16920.78,Paid On Time,0
R00009721,L000795,15,2025-09-05,2025-09-05,16920.78,16920.78,Paid On Time,0
R00009722,L000795,16,2025-10-05,2025-10-03,16920.78,16920.78,Paid On Time,0
R00009723,L000795,17,2025-11-05,2025-11-04,16920.78,16920.78,Paid On Time,0
R00009724,L000795,18,2025-12-05,2025-12-05,16920.78,16920.78,Paid On Time,0
R00009725,L000795,19,2026-01-05,2026-01-04,16920.78,16920.78,Paid On Time,0
R00009726,L000795,20,2026-02-05,2026-02-14,16920.78,16920.78,Paid Late,9
R00009727,L000795,21,2026-03-05,,16920.78,0.0,Unpaid,60
R00009728,L000795,22,2026-04-05,2026-05-25,16920.78,7929.53,Partial,50
R00009729,L000795,23,2026-05-05,2026-05-05,16920.78,16920.78,Paid On Time,0
R00009730,L000795,24,2026-06-05,2026-06-04,16920.78,16920.78,Paid On Time,0
R00009731,L000795,25,2026-07-05,2026-07-03,16920.78,16920.78,Paid On Time,0
R00009732,L000795,26,2026-08-05,2026-08-05,16920.78,16920.78,Paid On Time,0
R00009733,L000795,27,2026-09-05,2026-09-12,16920.78,16920.78,Paid Late,7
R00009734,L000796,1,2024-08-01,2024-07-30,86343.05,86343.05,Paid On Time,0
R00009735,L000796,2,2024-09-01,2024-08-30,86343.05,86343.05,Paid On Time,0
R00009736,L000796,3,2024-10-01,2024-09-29,86343.05,86343.05,Paid On Time,0
R00009737,L000796,4,2024-11-01,2024-11-01,86343.05,86343.05,Paid On Time,0
R00009738,L000796,5,2024-12-01,2024-12-01,86343.05,86343.05,Paid On Time,0
R00009739,L000796,6,2025-01-01,2025-01-19,86343.05,86343.05,Paid Late,18
R00009740,L000796,7,2025-02-01,2025-03-02,86343.05,86343.05,Paid Late,29
R00009741,L000796,8,2025-03-01,2025-02-28,86343.05,86343.05,Paid On Time,0
R00009742,L000796,9,2025-04-01,2025-03-31,86343.05,86343.05,Paid On Time,0
R00009743,L000796,10,2025-05-01,2025-05-01,86343.05,86343.05,Paid On Time,0
R00009744,L000796,11,2025-06-01,2025-06-01,86343.05,86343.05,Paid On Time,0
R00009745,L000796,12,2025-07-01,2025-07-08,86343.05,86343.05,Paid Late,7
R00009746,L000796,13,2025-08-01,2025-07-31,86343.05,86343.05,Paid On Time,0
R00009747,L000796,14,2025-09-01,2025-09-01,86343.05,86343.05,Paid On Time,0
R00009748,L000796,15,2025-10-01,2025-10-01,86343.05,86343.05,Paid On Time,0
R00009749,L000796,16,2025-11-01,2025-10-31,86343.05,86343.05,Paid On Time,0
R00009750,L000796,17,2025-12-01,2025-11-29,86343.05,86343.05,Paid On Time,0
R00009751,L000796,18,2026-01-01,2026-01-01,86343.05,86343.05,Paid On Time,0
R00009752,L000796,19,2026-02-01,2026-03-01,86343.05,42105.9,Partial,28
R00009753,L000796,20,2026-03-01,2026-02-28,86343.05,86343.05,Paid On Time,0
R00009754,L000796,21,2026-04-01,2026-03-31,86343.05,86343.05,Paid On Time,0
R00009755,L000796,22,2026-05-01,2026-05-14,86343.05,50603.77,Partial,13
R00009756,L000796,23,2026-06-01,2026-05-30,86343.05,86343.05,Paid On Time,0
R00009757,L000796,24,2026-07-01,2026-07-01,86343.05,86343.05,Paid On Time,0
R00009758,L000796,25,2026-08-01,2026-08-01,86343.05,86343.05,Paid On Time,0
R00009759,L000796,26,2026-09-01,2026-09-01,86343.05,86343.05,Paid On Time,0
R00009760,L000797,1,2025-07-03,2025-07-23,289560.43,187176.78,Partial,20
R00009761,L000797,2,2025-08-03,2025-08-14,289560.43,289560.43,Paid Late,11
R00009762,L000797,3,2025-09-03,2025-10-20,289560.43,155785.66,Partial,47
R00009763,L000797,4,2025-10-03,2025-10-02,289560.43,289560.43,Paid On Time,0
R00009764,L000797,5,2025-11-03,2025-11-02,289560.43,289560.43,Paid On Time,0
R00009765,L000797,6,2025-12-03,2025-12-01,289560.43,289560.43,Paid On Time,0
R00009766,L000797,7,2026-01-03,2026-01-15,289560.43,289560.43,Paid Late,12
R00009767,L000797,8,2026-02-03,2026-02-01,289560.43,289560.43,Paid On Time,0
R00009768,L000797,9,2026-03-03,2026-03-03,289560.43,289560.43,Paid On Time,0
R00009769,L000797,10,2026-04-03,2026-04-01,289560.43,289560.43,Paid On Time,0
R00009770,L000797,11,2026-05-03,2026-05-01,289560.43,289560.43,Paid On Time,0
R00009771,L000797,12,2026-06-03,2026-06-13,289560.43,289560.43,Paid Late,10
R00009772,L000797,13,2026-07-03,2026-07-01,289560.43,289560.43,Paid On Time,0
R00009773,L000797,14,2026-08-03,2026-08-02,289560.43,289560.43,Paid On Time,0
R00009774,L000797,15,2026-09-03,2026-09-03,289560.43,289560.43,Paid On Time,0
R00009775,L000798,1,2026-06-24,2026-06-23,381857.06,381857.06,Paid On Time,0
R00009776,L000798,2,2026-07-24,2026-07-23,381857.06,381857.06,Paid On Time,0
R00009777,L000798,3,2026-08-24,2026-08-24,381857.06,381857.06,Paid On Time,0
R00009778,L000798,4,2026-09-24,2026-09-24,381857.06,381857.06,Paid On Time,0
R00009779,L000799,1,2024-04-05,2024-04-26,67689.37,67689.37,Paid Late,21
R00009780,L000799,2,2024-05-05,2024-05-03,67689.37,67689.37,Paid On Time,0
R00009781,L000799,3,2024-06-05,2024-06-04,67689.37,67689.37,Paid On Time,0
R00009782,L000799,4,2024-07-05,,67689.37,0.0,Unpaid,60
R00009783,L000799,5,2024-08-05,2024-08-07,67689.37,67689.37,Paid Late,2
R00009784,L000799,6,2024-09-05,2024-09-04,67689.37,67689.37,Paid On Time,0
R00009785,L000799,7,2024-10-05,,67689.37,0.0,Unpaid,30
R00009786,L000799,8,2024-11-05,2024-11-04,67689.37,67689.37,Paid On Time,0
R00009787,L000799,9,2024-12-05,2024-12-04,67689.37,67689.37,Paid On Time,0
R00009788,L000799,10,2025-01-05,2025-01-04,67689.37,67689.37,Paid On Time,0
R00009789,L000799,11,2025-02-05,,67689.37,0.0,Unpaid,120
R00009790,L000799,12,2025-03-05,2025-03-04,67689.37,67689.37,Paid On Time,0
R00009791,L000799,13,2025-04-05,2025-04-05,67689.37,67689.37,Paid On Time,0
R00009792,L000799,14,2025-05-05,2025-05-03,67689.37,67689.37,Paid On Time,0
R00009793,L000799,15,2025-06-05,2025-06-28,67689.37,29621.52,Partial,23
R00009794,L000799,16,2025-07-05,,67689.37,0.0,Unpaid,90
R00009795,L000799,17,2025-08-05,2025-08-29,67689.37,46424.88,Partial,24
R00009796,L000799,18,2025-09-05,,67689.37,0.0,Unpaid,120
R00009797,L000799,19,2025-10-05,2025-10-27,67689.37,67689.37,Paid Late,22
R00009798,L000799,20,2025-11-05,2025-11-04,67689.37,67689.37,Paid On Time,0
R00009799,L000799,21,2025-12-05,2025-12-04,67689.37,67689.37,Paid On Time,0
R00009800,L000799,22,2026-01-05,2026-01-09,67689.37,67689.37,Paid Late,4
R00009801,L000799,23,2026-02-05,2026-02-03,67689.37,67689.37,Paid On Time,0
R00009802,L000799,24,2026-03-05,2026-03-03,67689.37,67689.37,Paid On Time,0
R00009803,L000799,25,2026-04-05,2026-04-05,67689.37,67689.37,Paid On Time,0
R00009804,L000799,26,2026-05-05,2026-05-05,67689.37,67689.37,Paid On Time,0
R00009805,L000799,27,2026-06-05,2026-06-18,67689.37,27418.03,Partial,13
R00009806,L000799,28,2026-07-05,2026-08-02,67689.37,67689.37,Paid Late,28
R00009807,L000799,29,2026-08-05,2026-08-05,67689.37,67689.37,Paid On Time,0
R00009808,L000799,30,2026-09-05,2026-09-05,67689.37,67689.37,Paid On Time,0
R00009809,L000800,1,2024-03-22,2024-03-20,107980.64,107980.64,Paid On Time,0
R00009810,L000800,2,2024-04-22,,107980.64,0.0,Unpaid,90
R00009811,L000800,3,2024-05-22,2024-05-20,107980.64,107980.64,Paid On Time,0
R00009812,L000800,4,2024-06-22,2024-06-21,107980.64,107980.64,Paid On Time,0
R00009813,L000800,5,2024-07-22,2024-07-22,107980.64,107980.64,Paid On Time,0
R00009814,L000800,6,2024-08-22,2024-08-21,107980.64,107980.64,Paid On Time,0
R00009815,L000801,1,2024-09-21,2024-09-24,738086.18,738086.18,Paid Late,3
R00009816,L000801,2,2024-10-21,2024-10-20,738086.18,738086.18,Paid On Time,0
R00009817,L000801,3,2024-11-21,2024-12-12,738086.18,414403.94,Partial,21
R00009818,L000801,4,2024-12-21,2024-12-19,738086.18,738086.18,Paid On Time,0
R00009819,L000801,5,2025-01-21,2025-01-21,738086.18,738086.18,Paid On Time,0
R00009820,L000801,6,2025-02-21,2025-03-11,738086.18,738086.18,Paid Late,18
R00009821,L000801,7,2025-03-21,2025-03-19,738086.18,738086.18,Paid On Time,0
R00009822,L000801,8,2025-04-21,2025-04-19,738086.18,738086.18,Paid On Time,0
R00009823,L000801,9,2025-05-21,2025-05-20,738086.18,738086.18,Paid On Time,0
R00009824,L000801,10,2025-06-21,2025-06-21,738086.18,738086.18,Paid On Time,0
R00009825,L000801,11,2025-07-21,2025-08-13,738086.18,738086.18,Paid Late,23
R00009826,L000801,12,2025-08-21,2025-09-29,738086.18,284760.28,Partial,39
R00009827,L000801,13,2025-09-21,2025-09-19,738086.18,738086.18,Paid On Time,0
R00009828,L000801,14,2025-10-21,2025-12-19,738086.18,322620.02,Partial,59
R00009829,L000801,15,2025-11-21,2025-11-20,738086.18,738086.18,Paid On Time,0
R00009830,L000801,16,2025-12-21,2025-12-19,738086.18,738086.18,Paid On Time,0
R00009831,L000801,17,2026-01-21,2026-01-21,738086.18,738086.18,Paid On Time,0
R00009832,L000801,18,2026-02-21,2026-02-19,738086.18,738086.18,Paid On Time,0
R00009833,L000802,1,2024-07-11,2024-07-20,164613.8,164613.8,Paid Late,9
R00009834,L000802,2,2024-08-11,2024-08-10,164613.8,164613.8,Paid On Time,0
R00009835,L000802,3,2024-09-11,2024-09-11,164613.8,164613.8,Paid On Time,0
R00009836,L000802,4,2024-10-11,2024-10-09,164613.8,164613.8,Paid On Time,0
R00009837,L000802,5,2024-11-11,2024-11-24,164613.8,164613.8,Paid Late,13
R00009838,L000802,6,2024-12-11,2024-12-11,164613.8,164613.8,Paid On Time,0
R00009839,L000802,7,2025-01-11,2025-01-10,164613.8,164613.8,Paid On Time,0
R00009840,L000802,8,2025-02-11,2025-02-11,164613.8,164613.8,Paid On Time,0
R00009841,L000802,9,2025-03-11,2025-03-21,164613.8,164613.8,Paid Late,10
R00009842,L000802,10,2025-04-11,2025-04-11,164613.8,164613.8,Paid On Time,0
R00009843,L000802,11,2025-05-11,2025-05-09,164613.8,164613.8,Paid On Time,0
R00009844,L000802,12,2025-06-11,,164613.8,0.0,Unpaid,120
R00009845,L000802,13,2025-07-11,2025-07-10,164613.8,164613.8,Paid On Time,0
R00009846,L000802,14,2025-08-11,,164613.8,0.0,Unpaid,120
R00009847,L000802,15,2025-09-11,2025-09-11,164613.8,164613.8,Paid On Time,0
R00009848,L000802,16,2025-10-11,2025-10-09,164613.8,164613.8,Paid On Time,0
R00009849,L000802,17,2025-11-11,2025-11-09,164613.8,164613.8,Paid On Time,0
R00009850,L000802,18,2025-12-11,2025-12-10,164613.8,164613.8,Paid On Time,0
R00009851,L000802,19,2026-01-11,2026-01-11,164613.8,164613.8,Paid On Time,0
R00009852,L000802,20,2026-02-11,2026-02-10,164613.8,164613.8,Paid On Time,0
R00009853,L000802,21,2026-03-11,2026-03-09,164613.8,164613.8,Paid On Time,0
R00009854,L000802,22,2026-04-11,2026-04-11,164613.8,164613.8,Paid On Time,0
R00009855,L000802,23,2026-05-11,2026-05-10,164613.8,164613.8,Paid On Time,0
R00009856,L000802,24,2026-06-11,,164613.8,0.0,Unpaid,60
R00009857,L000802,25,2026-07-11,2026-07-26,164613.8,164613.8,Paid Late,15
R00009858,L000802,26,2026-08-11,2026-08-09,164613.8,164613.8,Paid On Time,0
R00009859,L000802,27,2026-09-11,2026-09-10,164613.8,164613.8,Paid On Time,0
R00009860,L000803,1,2025-12-24,2025-12-22,1026483.16,1026483.16,Paid On Time,0
R00009861,L000803,2,2026-01-24,2026-01-22,1026483.16,1026483.16,Paid On Time,0
R00009862,L000803,3,2026-02-24,2026-02-23,1026483.16,1026483.16,Paid On Time,0
R00009863,L000803,4,2026-03-24,2026-03-23,1026483.16,1026483.16,Paid On Time,0
R00009864,L000803,5,2026-04-24,2026-04-24,1026483.16,1026483.16,Paid On Time,0
R00009865,L000803,6,2026-05-24,2026-05-22,1026483.16,1026483.16,Paid On Time,0
R00009866,L000803,7,2026-06-24,2026-07-24,1026483.16,1026483.16,Paid Late,30
R00009867,L000803,8,2026-07-24,,1026483.16,0.0,Unpaid,68
R00009868,L000803,9,2026-08-24,2026-08-22,1026483.16,1026483.16,Paid On Time,0
R00009869,L000803,10,2026-09-24,2026-09-23,1026483.16,1026483.16,Paid On Time,0
R00009870,L000804,1,2024-07-03,2024-07-01,1288281.21,1288281.21,Paid On Time,0
R00009871,L000804,2,2024-08-03,2024-08-03,1288281.21,1288281.21,Paid On Time,0
R00009872,L000804,3,2024-09-03,2024-09-03,1288281.21,1288281.21,Paid On Time,0
R00009873,L000804,4,2024-10-03,2024-10-29,1288281.21,1288281.21,Paid Late,26
R00009874,L000804,5,2024-11-03,2024-11-01,1288281.21,1288281.21,Paid On Time,0
R00009875,L000804,6,2024-12-03,2024-12-01,1288281.21,1288281.21,Paid On Time,0
R00009876,L000804,7,2025-01-03,2025-01-02,1288281.21,1288281.21,Paid On Time,0
R00009877,L000804,8,2025-02-03,2025-02-01,1288281.21,1288281.21,Paid On Time,0
R00009878,L000804,9,2025-03-03,2025-03-01,1288281.21,1288281.21,Paid On Time,0
R00009879,L000804,10,2025-04-03,2025-04-01,1288281.21,1288281.21,Paid On Time,0
R00009880,L000804,11,2025-05-03,2025-05-01,1288281.21,1288281.21,Paid On Time,0
R00009881,L000804,12,2025-06-03,,1288281.21,0.0,Unpaid,120
R00009882,L000804,13,2025-07-03,2025-07-01,1288281.21,1288281.21,Paid On Time,0
R00009883,L000804,14,2025-08-03,2025-08-03,1288281.21,1288281.21,Paid On Time,0
R00009884,L000804,15,2025-09-03,2025-09-01,1288281.21,1288281.21,Paid On Time,0
R00009885,L000804,16,2025-10-03,2025-10-03,1288281.21,1288281.21,Paid On Time,0
R00009886,L000804,17,2025-11-03,2025-11-01,1288281.21,1288281.21,Paid On Time,0
R00009887,L000804,18,2025-12-03,2025-12-01,1288281.21,1288281.21,Paid On Time,0
R00009888,L000805,1,2026-03-09,2026-03-07,734814.58,734814.58,Paid On Time,0
R00009889,L000805,2,2026-04-09,2026-04-25,734814.58,734814.58,Paid Late,16
R00009890,L000805,3,2026-05-09,2026-06-08,734814.58,734814.58,Paid Late,30
R00009891,L000805,4,2026-06-09,2026-06-07,734814.58,734814.58,Paid On Time,0
R00009892,L000805,5,2026-07-09,2026-07-09,734814.58,734814.58,Paid On Time,0
R00009893,L000805,6,2026-08-09,2026-08-07,734814.58,734814.58,Paid On Time,0
R00009894,L000805,7,2026-09-09,2026-09-09,734814.58,734814.58,Paid On Time,0
R00009895,L000806,1,2024-06-04,2024-06-08,116003.97,116003.97,Paid Late,4
R00009896,L000806,2,2024-07-04,2024-07-26,116003.97,61681.25,Partial,22
R00009897,L000806,3,2024-08-04,2024-08-04,116003.97,116003.97,Paid On Time,0
R00009898,L000806,4,2024-09-04,2024-09-04,116003.97,116003.97,Paid On Time,0
R00009899,L000806,5,2024-10-04,2024-10-03,116003.97,116003.97,Paid On Time,0
R00009900,L000806,6,2024-11-04,2024-11-09,116003.97,116003.97,Paid Late,5
R00009901,L000806,7,2024-12-04,2024-12-02,116003.97,116003.97,Paid On Time,0
R00009902,L000806,8,2025-01-04,2025-01-03,116003.97,116003.97,Paid On Time,0
R00009903,L000806,9,2025-02-04,2025-02-03,116003.97,116003.97,Paid On Time,0
R00009904,L000806,10,2025-03-04,2025-04-09,116003.97,76677.87,Partial,36
R00009905,L000806,11,2025-04-04,2025-04-02,116003.97,116003.97,Paid On Time,0
R00009906,L000806,12,2025-05-04,2025-05-09,116003.97,116003.97,Paid Late,5
R00009907,L000806,13,2025-06-04,2025-07-31,116003.97,57772.62,Partial,57
R00009908,L000806,14,2025-07-04,2025-07-02,116003.97,116003.97,Paid On Time,0
R00009909,L000806,15,2025-08-04,2025-08-02,116003.97,116003.97,Paid On Time,0
R00009910,L000806,16,2025-09-04,2025-09-02,116003.97,116003.97,Paid On Time,0
R00009911,L000806,17,2025-10-04,2025-10-14,116003.97,116003.97,Paid Late,10
R00009912,L000806,18,2025-11-04,2025-11-02,116003.97,116003.97,Paid On Time,0
R00009913,L000807,1,2025-10-05,2025-10-24,1410843.78,1410843.78,Paid Late,19
R00009914,L000807,2,2025-11-05,2025-11-04,1410843.78,1410843.78,Paid On Time,0
R00009915,L000807,3,2025-12-05,2025-12-05,1410843.78,1410843.78,Paid On Time,0
R00009916,L000807,4,2026-01-05,2026-01-03,1410843.78,1410843.78,Paid On Time,0
R00009917,L000807,5,2026-02-05,,1410843.78,0.0,Unpaid,60
R00009918,L000807,6,2026-03-05,2026-03-05,1410843.78,1410843.78,Paid On Time,0
R00009919,L000807,7,2026-04-05,2026-04-05,1410843.78,1410843.78,Paid On Time,0
R00009920,L000807,8,2026-05-05,,1410843.78,0.0,Unpaid,60
R00009921,L000807,9,2026-06-05,2026-06-15,1410843.78,1410843.78,Paid Late,10
R00009922,L000807,10,2026-07-05,2026-07-03,1410843.78,1410843.78,Paid On Time,0
R00009923,L000807,11,2026-08-05,2026-08-05,1410843.78,1410843.78,Paid On Time,0
R00009924,L000807,12,2026-09-05,2026-09-13,1410843.78,1410843.78,Paid Late,8
R00009925,L000809,1,2025-12-22,2025-12-20,87062.95,87062.95,Paid On Time,0
R00009926,L000809,2,2026-01-22,2026-01-21,87062.95,87062.95,Paid On Time,0
R00009927,L000809,3,2026-02-22,2026-04-23,87062.95,59394.7,Partial,60
R00009928,L000809,4,2026-03-22,2026-03-20,87062.95,87062.95,Paid On Time,0
R00009929,L000809,5,2026-04-22,2026-05-03,87062.95,87062.95,Paid Late,11
R00009930,L000809,6,2026-05-22,2026-05-20,87062.95,87062.95,Paid On Time,0
R00009931,L000809,7,2026-06-22,2026-07-03,87062.95,87062.95,Paid Late,11
R00009932,L000809,8,2026-07-22,2026-07-21,87062.95,87062.95,Paid On Time,0
R00009933,L000809,9,2026-08-22,2026-08-22,87062.95,87062.95,Paid On Time,0
R00009934,L000809,10,2026-09-22,2026-09-22,87062.95,87062.95,Paid On Time,0
R00009935,L000810,1,2025-07-07,2025-07-06,161252.34,161252.34,Paid On Time,0
R00009936,L000810,2,2025-08-07,2025-08-29,161252.34,161252.34,Paid Late,22
R00009937,L000810,3,2025-09-07,2025-09-07,161252.34,161252.34,Paid On Time,0
R00009938,L000810,4,2025-10-07,2025-10-07,161252.34,161252.34,Paid On Time,0
R00009939,L000810,5,2025-11-07,2025-11-07,161252.34,161252.34,Paid On Time,0
R00009940,L000810,6,2025-12-07,2025-12-06,161252.34,161252.34,Paid On Time,0
R00009941,L000810,7,2026-01-07,2026-01-07,161252.34,161252.34,Paid On Time,0
R00009942,L000810,8,2026-02-07,2026-02-05,161252.34,161252.34,Paid On Time,0
R00009943,L000810,9,2026-03-07,2026-03-05,161252.34,161252.34,Paid On Time,0
R00009944,L000810,10,2026-04-07,2026-04-22,161252.34,161252.34,Paid Late,15
R00009945,L000810,11,2026-05-07,2026-05-07,161252.34,161252.34,Paid On Time,0
R00009946,L000810,12,2026-06-07,2026-06-05,161252.34,161252.34,Paid On Time,0
R00009947,L000810,13,2026-07-07,2026-07-05,161252.34,161252.34,Paid On Time,0
R00009948,L000810,14,2026-08-07,2026-08-06,161252.34,161252.34,Paid On Time,0
R00009949,L000810,15,2026-09-07,,161252.34,0.0,Unpaid,23
R00009950,L000811,1,2025-01-01,2024-12-31,228802.38,228802.38,Paid On Time,0
R00009951,L000811,2,2025-02-01,2025-02-01,228802.38,228802.38,Paid On Time,0
R00009952,L000811,3,2025-03-01,2025-02-27,228802.38,228802.38,Paid On Time,0
R00009953,L000811,4,2025-04-01,2025-04-01,228802.38,228802.38,Paid On Time,0
R00009954,L000811,5,2025-05-01,2025-04-29,228802.38,228802.38,Paid On Time,0
R00009955,L000811,6,2025-06-01,2025-06-01,228802.38,228802.38,Paid On Time,0
R00009956,L000811,7,2025-07-01,2025-06-30,228802.38,228802.38,Paid On Time,0
R00009957,L000811,8,2025-08-01,2025-07-30,228802.38,228802.38,Paid On Time,0
R00009958,L000811,9,2025-09-01,2025-09-01,228802.38,228802.38,Paid On Time,0
R00009959,L000811,10,2025-10-01,2025-09-30,228802.38,228802.38,Paid On Time,0
R00009960,L000811,11,2025-11-01,2025-11-02,228802.38,228802.38,Paid Late,1
R00009961,L000811,12,2025-12-01,2025-11-30,228802.38,228802.38,Paid On Time,0
R00009962,L000811,13,2026-01-01,2025-12-31,228802.38,228802.38,Paid On Time,0
R00009963,L000811,14,2026-02-01,2026-02-01,228802.38,228802.38,Paid On Time,0
R00009964,L000811,15,2026-03-01,2026-02-28,228802.38,228802.38,Paid On Time,0
R00009965,L000811,16,2026-04-01,2026-03-31,228802.38,228802.38,Paid On Time,0
R00009966,L000811,17,2026-05-01,2026-05-01,228802.38,228802.38,Paid On Time,0
R00009967,L000811,18,2026-06-01,2026-06-01,228802.38,228802.38,Paid On Time,0
R00009968,L000811,19,2026-07-01,,228802.38,0.0,Unpaid,30
R00009969,L000811,20,2026-08-01,2026-08-01,228802.38,228802.38,Paid On Time,0
R00009970,L000811,21,2026-09-01,2026-09-01,228802.38,228802.38,Paid On Time,0
R00009971,L000812,1,2026-09-25,2026-10-19,111686.85,111686.85,Paid Late,24
R00009972,L000813,1,2026-06-28,2026-06-28,128305.98,128305.98,Paid On Time,0
R00009973,L000813,2,2026-07-28,2026-07-28,128305.98,128305.98,Paid On Time,0
R00009974,L000813,3,2026-08-28,2026-09-03,128305.98,128305.98,Paid Late,6
R00009975,L000813,4,2026-09-28,2026-09-28,128305.98,128305.98,Paid On Time,0
R00009976,L000814,1,2024-12-07,2024-12-07,100899.99,100899.99,Paid On Time,0
R00009977,L000814,2,2025-01-07,2025-02-20,100899.99,49603.71,Partial,44
R00009978,L000814,3,2025-02-07,2025-02-24,100899.99,100899.99,Paid Late,17
R00009979,L000814,4,2025-03-07,2025-03-17,100899.99,100899.99,Paid Late,10
R00009980,L000814,5,2025-04-07,,100899.99,0.0,Unpaid,120
R00009981,L000814,6,2025-05-07,2025-05-07,100899.99,100899.99,Paid On Time,0
R00009982,L000814,7,2025-06-07,2025-06-07,100899.99,100899.99,Paid On Time,0
R00009983,L000814,8,2025-07-07,2025-07-05,100899.99,100899.99,Paid On Time,0
R00009984,L000814,9,2025-08-07,2025-08-07,100899.99,100899.99,Paid On Time,0
R00009985,L000814,10,2025-09-07,2025-09-07,100899.99,100899.99,Paid On Time,0
R00009986,L000814,11,2025-10-07,2025-10-05,100899.99,100899.99,Paid On Time,0
R00009987,L000814,12,2025-11-07,2025-11-05,100899.99,100899.99,Paid On Time,0
R00009988,L000814,13,2025-12-07,2025-12-07,100899.99,100899.99,Paid On Time,0
R00009989,L000814,14,2026-01-07,2026-01-05,100899.99,100899.99,Paid On Time,0
R00009990,L000814,15,2026-02-07,2026-02-05,100899.99,100899.99,Paid On Time,0
R00009991,L000814,16,2026-03-07,2026-03-05,100899.99,100899.99,Paid On Time,0
R00009992,L000814,17,2026-04-07,2026-05-04,100899.99,100899.99,Paid Late,27
R00009993,L000814,18,2026-05-07,2026-06-06,100899.99,100899.99,Paid Late,30
R00009994,L000814,19,2026-06-07,2026-06-07,100899.99,100899.99,Paid On Time,0
R00009995,L000814,20,2026-07-07,2026-08-06,100899.99,100899.99,Paid Late,30
R00009996,L000814,21,2026-08-07,2026-08-07,100899.99,100899.99,Paid On Time,0
R00009997,L000814,22,2026-09-07,2026-09-07,100899.99,100899.99,Paid On Time,0
R00009998,L000815,1,2024-09-14,2024-09-14,587593.5,587593.5,Paid On Time,0
R00009999,L000815,2,2024-10-14,2024-10-12,587593.5,587593.5,Paid On Time,0
R00010000,L000815,3,2024-11-14,2024-11-12,587593.5,587593.5,Paid On Time,0
R00010001,L000815,4,2024-12-14,2025-01-11,587593.5,587593.5,Paid Late,28
R00010002,L000815,5,2025-01-14,2025-01-13,587593.5,587593.5,Paid On Time,0
R00010003,L000815,6,2025-02-14,2025-02-12,587593.5,587593.5,Paid On Time,0
R00010004,L000815,7,2025-03-14,2025-03-12,587593.5,587593.5,Paid On Time,0
R00010005,L000815,8,2025-04-14,2025-05-11,587593.5,587593.5,Paid Late,27
R00010006,L000815,9,2025-05-14,2025-05-18,587593.5,587593.5,Paid Late,4
R00010007,L000815,10,2025-06-14,2025-06-14,587593.5,587593.5,Paid On Time,0
R00010008,L000815,11,2025-07-14,2025-07-13,587593.5,587593.5,Paid On Time,0
R00010009,L000815,12,2025-08-14,2025-08-14,587593.5,587593.5,Paid On Time,0
R00010010,L000815,13,2025-09-14,2025-09-13,587593.5,587593.5,Paid On Time,0
R00010011,L000815,14,2025-10-14,2025-10-14,587593.5,587593.5,Paid On Time,0
R00010012,L000815,15,2025-11-14,2025-12-13,587593.5,383944.89,Partial,29
R00010013,L000815,16,2025-12-14,2026-01-28,587593.5,343635.32,Partial,45
R00010014,L000815,17,2026-01-14,2026-01-28,587593.5,587593.5,Paid Late,14
R00010015,L000815,18,2026-02-14,2026-02-13,587593.5,587593.5,Paid On Time,0
R00010016,L000815,19,2026-03-14,2026-03-14,587593.5,587593.5,Paid On Time,0
R00010017,L000815,20,2026-04-14,2026-04-14,587593.5,587593.5,Paid On Time,0
R00010018,L000815,21,2026-05-14,2026-05-12,587593.5,587593.5,Paid On Time,0
R00010019,L000815,22,2026-06-14,2026-06-12,587593.5,587593.5,Paid On Time,0
R00010020,L000815,23,2026-07-14,2026-07-13,587593.5,587593.5,Paid On Time,0
R00010021,L000815,24,2026-08-14,2026-08-13,587593.5,587593.5,Paid On Time,0
R00010022,L000816,1,2026-04-18,2026-04-18,30119.68,30119.68,Paid On Time,0
R00010023,L000816,2,2026-05-18,2026-05-18,30119.68,30119.68,Paid On Time,0
R00010024,L000816,3,2026-06-18,2026-06-16,30119.68,30119.68,Paid On Time,0
R00010025,L000816,4,2026-07-18,2026-07-18,30119.68,30119.68,Paid On Time,0
R00010026,L000816,5,2026-08-18,2026-08-16,30119.68,30119.68,Paid On Time,0
R00010027,L000816,6,2026-09-18,2026-09-17,30119.68,30119.68,Paid On Time,0
R00010028,L000817,1,2025-12-16,2025-12-14,156074.87,156074.87,Paid On Time,0
R00010029,L000817,2,2026-01-16,2026-01-15,156074.87,156074.87,Paid On Time,0
R00010030,L000817,3,2026-02-16,2026-02-16,156074.87,156074.87,Paid On Time,0
R00010031,L000817,4,2026-03-16,2026-04-04,156074.87,87208.8,Partial,19
R00010032,L000817,5,2026-04-16,2026-05-15,156074.87,156074.87,Paid Late,29
R00010033,L000817,6,2026-05-16,2026-05-15,156074.87,156074.87,Paid On Time,0
R00010034,L000817,7,2026-06-16,2026-06-16,156074.87,156074.87,Paid On Time,0
R00010035,L000817,8,2026-07-16,2026-07-15,156074.87,156074.87,Paid On Time,0
R00010036,L000817,9,2026-08-16,,156074.87,0.0,Unpaid,45
R00010037,L000817,10,2026-09-16,2026-09-16,156074.87,156074.87,Paid On Time,0
R00010038,L000818,1,2026-02-15,2026-02-13,414138.53,414138.53,Paid On Time,0
R00010039,L000818,2,2026-03-15,2026-03-15,414138.53,414138.53,Paid On Time,0
R00010040,L000818,3,2026-04-15,2026-04-15,414138.53,414138.53,Paid On Time,0
R00010041,L000818,4,2026-05-15,2026-05-13,414138.53,414138.53,Paid On Time,0
R00010042,L000818,5,2026-06-15,2026-06-13,414138.53,414138.53,Paid On Time,0
R00010043,L000818,6,2026-07-15,2026-07-13,414138.53,414138.53,Paid On Time,0
R00010044,L000818,7,2026-08-15,2026-09-11,414138.53,414138.53,Paid Late,27
R00010045,L000818,8,2026-09-15,2026-09-15,414138.53,414138.53,Paid On Time,0
R00010046,L000819,1,2026-07-25,2026-08-12,231539.5,166397.01,Partial,18
R00010047,L000819,2,2026-08-25,2026-08-23,231539.5,231539.5,Paid On Time,0
R00010048,L000819,3,2026-09-25,2026-09-25,231539.5,231539.5,Paid On Time,0
R00010049,L000820,1,2025-06-19,2025-06-19,603523.68,603523.68,Paid On Time,0
R00010050,L000820,2,2025-07-19,2025-07-18,603523.68,603523.68,Paid On Time,0
R00010051,L000820,3,2025-08-19,2025-09-05,603523.68,603523.68,Paid Late,17
R00010052,L000820,4,2025-09-19,2025-09-18,603523.68,603523.68,Paid On Time,0
R00010053,L000820,5,2025-10-19,2025-10-19,603523.68,603523.68,Paid On Time,0
R00010054,L000820,6,2025-11-19,2025-11-18,603523.68,603523.68,Paid On Time,0
R00010055,L000820,7,2025-12-19,2025-12-19,603523.68,603523.68,Paid On Time,0
R00010056,L000820,8,2026-01-19,2026-01-17,603523.68,603523.68,Paid On Time,0
R00010057,L000820,9,2026-02-19,2026-02-19,603523.68,603523.68,Paid On Time,0
R00010058,L000820,10,2026-03-19,2026-03-19,603523.68,603523.68,Paid On Time,0
R00010059,L000820,11,2026-04-19,2026-04-18,603523.68,603523.68,Paid On Time,0
R00010060,L000820,12,2026-05-19,2026-05-17,603523.68,603523.68,Paid On Time,0
R00010061,L000820,13,2026-06-19,2026-06-17,603523.68,603523.68,Paid On Time,0
R00010062,L000820,14,2026-07-19,2026-07-18,603523.68,603523.68,Paid On Time,0
R00010063,L000820,15,2026-08-19,2026-08-18,603523.68,603523.68,Paid On Time,0
R00010064,L000820,16,2026-09-19,2026-09-21,603523.68,603523.68,Paid Late,2
R00010065,L000821,1,2024-03-19,2024-03-17,194982.64,194982.64,Paid On Time,0
R00010066,L000821,2,2024-04-19,2024-04-17,194982.64,194982.64,Paid On Time,0
R00010067,L000821,3,2024-05-19,2024-05-18,194982.64,194982.64,Paid On Time,0
R00010068,L000821,4,2024-06-19,2024-06-19,194982.64,194982.64,Paid On Time,0
R00010069,L000821,5,2024-07-19,2024-07-17,194982.64,194982.64,Paid On Time,0
R00010070,L000821,6,2024-08-19,2024-08-18,194982.64,194982.64,Paid On Time,0
R00010071,L000821,7,2024-09-19,2024-09-27,194982.64,194982.64,Paid Late,8
R00010072,L000821,8,2024-10-19,2024-10-18,194982.64,194982.64,Paid On Time,0
R00010073,L000821,9,2024-11-19,2024-11-17,194982.64,194982.64,Paid On Time,0
R00010074,L000821,10,2024-12-19,2024-12-19,194982.64,194982.64,Paid On Time,0
R00010075,L000821,11,2025-01-19,2025-01-17,194982.64,194982.64,Paid On Time,0
R00010076,L000821,12,2025-02-19,2025-02-17,194982.64,194982.64,Paid On Time,0
R00010077,L000821,13,2025-03-19,2025-03-17,194982.64,194982.64,Paid On Time,0
R00010078,L000821,14,2025-04-19,2025-04-19,194982.64,194982.64,Paid On Time,0
R00010079,L000821,15,2025-05-19,2025-05-17,194982.64,194982.64,Paid On Time,0
R00010080,L000821,16,2025-06-19,2025-06-19,194982.64,194982.64,Paid On Time,0
R00010081,L000821,17,2025-07-19,2025-07-17,194982.64,194982.64,Paid On Time,0
R00010082,L000821,18,2025-08-19,2025-08-17,194982.64,194982.64,Paid On Time,0
R00010083,L000821,19,2025-09-19,2025-09-18,194982.64,194982.64,Paid On Time,0
R00010084,L000821,20,2025-10-19,2025-10-17,194982.64,194982.64,Paid On Time,0
R00010085,L000821,21,2025-11-19,2025-11-19,194982.64,194982.64,Paid On Time,0
R00010086,L000821,22,2025-12-19,2025-12-19,194982.64,194982.64,Paid On Time,0
R00010087,L000821,23,2026-01-19,2026-01-18,194982.64,194982.64,Paid On Time,0
R00010088,L000821,24,2026-02-19,2026-02-17,194982.64,194982.64,Paid On Time,0
R00010089,L000821,25,2026-03-19,2026-03-18,194982.64,194982.64,Paid On Time,0
R00010090,L000821,26,2026-04-19,2026-04-18,194982.64,194982.64,Paid On Time,0
R00010091,L000821,27,2026-05-19,2026-05-17,194982.64,194982.64,Paid On Time,0
R00010092,L000821,28,2026-06-19,2026-06-17,194982.64,194982.64,Paid On Time,0
R00010093,L000821,29,2026-07-19,2026-07-19,194982.64,194982.64,Paid On Time,0
R00010094,L000821,30,2026-08-19,2026-08-18,194982.64,194982.64,Paid On Time,0
R00010095,L000821,31,2026-09-19,2026-09-17,194982.64,194982.64,Paid On Time,0
R00010096,L000822,1,2024-03-20,2024-04-12,113422.84,113422.84,Paid Late,23
R00010097,L000822,2,2024-04-20,2024-04-20,113422.84,113422.84,Paid On Time,0
R00010098,L000822,3,2024-05-20,2024-05-21,113422.84,113422.84,Paid Late,1
R00010099,L000822,4,2024-06-20,2024-06-19,113422.84,113422.84,Paid On Time,0
R00010100,L000822,5,2024-07-20,2024-07-19,113422.84,113422.84,Paid On Time,0
R00010101,L000822,6,2024-08-20,,113422.84,0.0,Unpaid,30
R00010102,L000822,7,2024-09-20,2024-09-18,113422.84,113422.84,Paid On Time,0
R00010103,L000822,8,2024-10-20,2024-10-20,113422.84,113422.84,Paid On Time,0
R00010104,L000822,9,2024-11-20,2024-12-19,113422.84,113422.84,Paid Late,29
R00010105,L000822,10,2024-12-20,2025-01-17,113422.84,113422.84,Paid Late,28
R00010106,L000822,11,2025-01-20,2025-01-18,113422.84,113422.84,Paid On Time,0
R00010107,L000822,12,2025-02-20,2025-02-19,113422.84,113422.84,Paid On Time,0
R00010108,L000822,13,2025-03-20,2025-04-10,113422.84,82554.6,Partial,21
R00010109,L000822,14,2025-04-20,2025-04-18,113422.84,113422.84,Paid On Time,0
R00010110,L000822,15,2025-05-20,2025-05-19,113422.84,113422.84,Paid On Time,0
R00010111,L000822,16,2025-06-20,2025-06-19,113422.84,113422.84,Paid On Time,0
R00010112,L000822,17,2025-07-20,,113422.84,0.0,Unpaid,90
R00010113,L000822,18,2025-08-20,2025-08-18,113422.84,113422.84,Paid On Time,0
R00010114,L000823,1,2025-11-06,2025-11-05,91986.81,91986.81,Paid On Time,0
R00010115,L000823,2,2025-12-06,2025-12-05,91986.81,91986.81,Paid On Time,0
R00010116,L000823,3,2026-01-06,2026-01-17,91986.81,91986.81,Paid Late,11
R00010117,L000823,4,2026-02-06,2026-02-05,91986.81,91986.81,Paid On Time,0
R00010118,L000823,5,2026-03-06,,91986.81,0.0,Unpaid,120
R00010119,L000823,6,2026-04-06,2026-04-06,91986.81,91986.81,Paid On Time,0
R00010120,L000823,7,2026-05-06,2026-05-28,91986.81,54810.27,Partial,22
R00010121,L000823,8,2026-06-06,2026-06-23,91986.81,91986.81,Paid Late,17
R00010122,L000823,9,2026-07-06,2026-07-06,91986.81,91986.81,Paid On Time,0
R00010123,L000823,10,2026-08-06,2026-08-04,91986.81,91986.81,Paid On Time,0
R00010124,L000823,11,2026-09-06,,91986.81,0.0,Unpaid,24
R00010125,L000824,1,2024-04-27,2024-04-25,227382.06,227382.06,Paid On Time,0
R00010126,L000824,2,2024-05-27,2024-05-26,227382.06,227382.06,Paid On Time,0
R00010127,L000824,3,2024-06-27,2024-06-27,227382.06,227382.06,Paid On Time,0
R00010128,L000824,4,2024-07-27,,227382.06,0.0,Unpaid,30
R00010129,L000824,5,2024-08-27,2024-08-26,227382.06,227382.06,Paid On Time,0
R00010130,L000824,6,2024-09-27,2024-09-26,227382.06,227382.06,Paid On Time,0
R00010131,L000824,7,2024-10-27,2024-10-25,227382.06,227382.06,Paid On Time,0
R00010132,L000824,8,2024-11-27,2024-11-27,227382.06,227382.06,Paid On Time,0
R00010133,L000824,9,2024-12-27,2024-12-25,227382.06,227382.06,Paid On Time,0
R00010134,L000824,10,2025-01-27,2025-01-25,227382.06,227382.06,Paid On Time,0
R00010135,L000824,11,2025-02-27,2025-03-06,227382.06,227382.06,Paid Late,7
R00010136,L000824,12,2025-03-27,2025-03-27,227382.06,227382.06,Paid On Time,0
R00010137,L000824,13,2025-04-27,2025-04-26,227382.06,227382.06,Paid On Time,0
R00010138,L000824,14,2025-05-27,2025-05-28,227382.06,227382.06,Paid Late,1
R00010139,L000824,15,2025-06-27,2025-06-25,227382.06,227382.06,Paid On Time,0
R00010140,L000824,16,2025-07-27,2025-07-26,227382.06,227382.06,Paid On Time,0
R00010141,L000824,17,2025-08-27,2025-08-25,227382.06,227382.06,Paid On Time,0
R00010142,L000824,18,2025-09-27,2025-09-27,227382.06,227382.06,Paid On Time,0
R00010143,L000825,1,2025-08-28,,57104.01,0.0,Unpaid,120
R00010144,L000825,2,2025-09-28,,57104.01,0.0,Unpaid,90
R00010145,L000825,3,2025-10-28,2025-10-28,57104.01,57104.01,Paid On Time,0
R00010146,L000825,4,2025-11-28,2025-11-28,57104.01,57104.01,Paid On Time,0
R00010147,L000825,5,2025-12-28,2026-01-24,57104.01,57104.01,Paid Late,27
R00010148,L000825,6,2026-01-28,2026-01-28,57104.01,57104.01,Paid On Time,0
R00010149,L000825,7,2026-02-28,2026-02-27,57104.01,57104.01,Paid On Time,0
R00010150,L000825,8,2026-03-28,2026-04-23,57104.01,37976.93,Partial,26
R00010151,L000825,9,2026-04-28,2026-04-28,57104.01,57104.01,Paid On Time,0
R00010152,L000825,10,2026-05-28,2026-06-26,57104.01,57104.01,Paid Late,29
R00010153,L000825,11,2026-06-28,2026-06-27,57104.01,57104.01,Paid On Time,0
R00010154,L000825,12,2026-07-28,2026-07-27,57104.01,57104.01,Paid On Time,0
R00010155,L000825,13,2026-08-28,2026-09-26,57104.01,57104.01,Paid Late,29
R00010156,L000825,14,2026-09-28,2026-09-27,57104.01,57104.01,Paid On Time,0
R00010157,L000826,1,2026-05-26,2026-05-25,22480.93,22480.93,Paid On Time,0
R00010158,L000826,2,2026-06-26,2026-06-25,22480.93,22480.93,Paid On Time,0
R00010159,L000826,3,2026-07-26,2026-07-26,22480.93,22480.93,Paid On Time,0
R00010160,L000826,4,2026-08-26,2026-08-25,22480.93,22480.93,Paid On Time,0
R00010161,L000826,5,2026-09-26,2026-09-25,22480.93,22480.93,Paid On Time,0
R00010162,L000827,1,2026-07-11,2026-07-09,282418.6,282418.6,Paid On Time,0
R00010163,L000827,2,2026-08-11,2026-08-17,282418.6,282418.6,Paid Late,6
R00010164,L000827,3,2026-09-11,2026-09-09,282418.6,282418.6,Paid On Time,0
R00010165,L000828,1,2025-01-22,2025-01-21,283628.68,283628.68,Paid On Time,0
R00010166,L000828,2,2025-02-22,2025-02-20,283628.68,283628.68,Paid On Time,0
R00010167,L000828,3,2025-03-22,2025-05-03,283628.68,215229.79,Partial,42
R00010168,L000828,4,2025-04-22,2025-04-21,283628.68,283628.68,Paid On Time,0
R00010169,L000828,5,2025-05-22,2025-05-20,283628.68,283628.68,Paid On Time,0
R00010170,L000828,6,2025-06-22,2025-06-21,283628.68,283628.68,Paid On Time,0
R00010171,L000828,7,2025-07-22,2025-07-21,283628.68,283628.68,Paid On Time,0
R00010172,L000828,8,2025-08-22,2025-08-20,283628.68,283628.68,Paid On Time,0
R00010173,L000828,9,2025-09-22,2025-09-21,283628.68,283628.68,Paid On Time,0
R00010174,L000828,10,2025-10-22,2025-10-30,283628.68,283628.68,Paid Late,8
R00010175,L000828,11,2025-11-22,2025-12-06,283628.68,283628.68,Paid Late,14
R00010176,L000828,12,2025-12-22,2025-12-24,283628.68,283628.68,Paid Late,2
R00010177,L000828,13,2026-01-22,2026-01-21,283628.68,283628.68,Paid On Time,0
R00010178,L000828,14,2026-02-22,,283628.68,0.0,Unpaid,120
R00010179,L000828,15,2026-03-22,2026-03-20,283628.68,283628.68,Paid On Time,0
R00010180,L000828,16,2026-04-22,2026-04-22,283628.68,283628.68,Paid On Time,0
R00010181,L000828,17,2026-05-22,2026-05-21,283628.68,283628.68,Paid On Time,0
R00010182,L000828,18,2026-06-22,2026-06-21,283628.68,283628.68,Paid On Time,0
R00010183,L000828,19,2026-07-22,,283628.68,0.0,Unpaid,30
R00010184,L000828,20,2026-08-22,2026-08-20,283628.68,283628.68,Paid On Time,0
R00010185,L000828,21,2026-09-22,2026-10-14,283628.68,283628.68,Paid Late,22
R00010186,L000829,1,2024-06-20,2024-06-18,271931.83,271931.83,Paid On Time,0
R00010187,L000829,2,2024-07-20,2024-07-18,271931.83,271931.83,Paid On Time,0
R00010188,L000829,3,2024-08-20,2024-08-18,271931.83,271931.83,Paid On Time,0
R00010189,L000829,4,2024-09-20,2024-09-18,271931.83,271931.83,Paid On Time,0
R00010190,L000829,5,2024-10-20,2024-11-02,271931.83,271931.83,Paid Late,13
R00010191,L000829,6,2024-11-20,2024-11-19,271931.83,271931.83,Paid On Time,0
R00010192,L000829,7,2024-12-20,2024-12-18,271931.83,271931.83,Paid On Time,0
R00010193,L000829,8,2025-01-20,2025-01-19,271931.83,271931.83,Paid On Time,0
R00010194,L000829,9,2025-02-20,2025-03-21,271931.83,271931.83,Paid Late,29
R00010195,L000829,10,2025-03-20,2025-03-19,271931.83,271931.83,Paid On Time,0
R00010196,L000829,11,2025-04-20,2025-04-21,271931.83,271931.83,Paid Late,1
R00010197,L000829,12,2025-05-20,2025-05-19,271931.83,271931.83,Paid On Time,0
R00010198,L000829,13,2025-06-20,2025-06-27,271931.83,271931.83,Paid Late,7
R00010199,L000829,14,2025-07-20,2025-07-19,271931.83,271931.83,Paid On Time,0
R00010200,L000829,15,2025-08-20,2025-08-19,271931.83,271931.83,Paid On Time,0
R00010201,L000829,16,2025-09-20,2025-09-20,271931.83,271931.83,Paid On Time,0
R00010202,L000829,17,2025-10-20,2025-10-18,271931.83,271931.83,Paid On Time,0
R00010203,L000829,18,2025-11-20,,271931.83,0.0,Unpaid,60
R00010204,L000830,1,2026-04-26,2026-04-24,35118.7,35118.7,Paid On Time,0
R00010205,L000830,2,2026-05-26,2026-07-02,35118.7,18909.64,Partial,37
R00010206,L000830,3,2026-06-26,2026-06-24,35118.7,35118.7,Paid On Time,0
R00010207,L000830,4,2026-07-26,2026-07-24,35118.7,35118.7,Paid On Time,0
R00010208,L000830,5,2026-08-26,2026-08-26,35118.7,35118.7,Paid On Time,0
R00010209,L000830,6,2026-09-26,2026-09-30,35118.7,20159.41,Partial,20
R00010210,L000831,1,2024-04-15,2024-06-06,247059.21,108180.1,Partial,52
R00010211,L000831,2,2024-05-15,2024-05-14,247059.21,247059.21,Paid On Time,0
R00010212,L000831,3,2024-06-15,2024-06-14,247059.21,247059.21,Paid On Time,0
R00010213,L000831,4,2024-07-15,2024-07-14,247059.21,247059.21,Paid On Time,0
R00010214,L000831,5,2024-08-15,2024-08-13,247059.21,247059.21,Paid On Time,0
R00010215,L000831,6,2024-09-15,2024-10-01,247059.21,247059.21,Paid Late,16
R00010216,L000831,7,2024-10-15,2024-10-14,247059.21,247059.21,Paid On Time,0
R00010217,L000831,8,2024-11-15,2024-11-15,247059.21,247059.21,Paid On Time,0
R00010218,L000831,9,2024-12-15,2024-12-15,247059.21,247059.21,Paid On Time,0
R00010219,L000831,10,2025-01-15,,247059.21,0.0,Unpaid,60
R00010220,L000831,11,2025-02-15,2025-02-24,247059.21,247059.21,Paid Late,9
R00010221,L000831,12,2025-03-15,2025-05-01,247059.21,164909.15,Partial,47
R00010222,L000832,1,2026-07-26,2026-07-24,204598.06,204598.06,Paid On Time,0
R00010223,L000832,2,2026-08-26,2026-08-26,204598.06,204598.06,Paid On Time,0
R00010224,L000832,3,2026-09-26,2026-09-25,204598.06,204598.06,Paid On Time,0
R00010225,L000833,1,2025-07-04,2025-07-04,86380.47,86380.47,Paid On Time,0
R00010226,L000833,2,2025-08-04,2025-08-02,86380.47,86380.47,Paid On Time,0
R00010227,L000833,3,2025-09-04,2025-09-04,86380.47,86380.47,Paid On Time,0
R00010228,L000833,4,2025-10-04,2025-10-03,86380.47,86380.47,Paid On Time,0
R00010229,L000833,5,2025-11-04,2025-12-14,86380.47,50167.53,Partial,40
R00010230,L000833,6,2025-12-04,2025-12-02,86380.47,86380.47,Paid On Time,0
R00010231,L000833,7,2026-01-04,2026-01-02,86380.47,86380.47,Paid On Time,0
R00010232,L000833,8,2026-02-04,2026-02-04,86380.47,86380.47,Paid On Time,0
R00010233,L000833,9,2026-03-04,2026-03-04,86380.47,86380.47,Paid On Time,0
R00010234,L000833,10,2026-04-04,2026-04-04,86380.47,86380.47,Paid On Time,0
R00010235,L000833,11,2026-05-04,2026-05-16,86380.47,86380.47,Paid Late,12
R00010236,L000833,12,2026-06-04,2026-06-03,86380.47,86380.47,Paid On Time,0
R00010237,L000833,13,2026-07-04,,86380.47,0.0,Unpaid,30
R00010238,L000833,14,2026-08-04,2026-08-04,86380.47,86380.47,Paid On Time,0
R00010239,L000833,15,2026-09-04,2026-09-02,86380.47,86380.47,Paid On Time,0
R00010240,L000834,1,2026-06-21,2026-06-19,1274705.32,1274705.32,Paid On Time,0
R00010241,L000834,2,2026-07-21,2026-07-19,1274705.32,1274705.32,Paid On Time,0
R00010242,L000834,3,2026-08-21,2026-08-21,1274705.32,1274705.32,Paid On Time,0
R00010243,L000834,4,2026-09-21,2026-09-20,1274705.32,1274705.32,Paid On Time,0
R00010244,L000835,1,2024-09-28,2024-09-26,74170.33,74170.33,Paid On Time,0
R00010245,L000835,2,2024-10-28,2024-10-26,74170.33,74170.33,Paid On Time,0
R00010246,L000835,3,2024-11-28,2024-11-28,74170.33,74170.33,Paid On Time,0
R00010247,L000835,4,2024-12-28,2024-12-28,74170.33,74170.33,Paid On Time,0
R00010248,L000835,5,2025-01-28,2025-01-26,74170.33,74170.33,Paid On Time,0
R00010249,L000835,6,2025-02-28,2025-03-19,74170.33,74170.33,Paid Late,19
R00010250,L000835,7,2025-03-28,2025-03-27,74170.33,74170.33,Paid On Time,0
R00010251,L000835,8,2025-04-28,2025-04-28,74170.33,74170.33,Paid On Time,0
R00010252,L000835,9,2025-05-28,2025-05-26,74170.33,74170.33,Paid On Time,0
R00010253,L000835,10,2025-06-28,2025-07-28,74170.33,74170.33,Paid Late,30
R00010254,L000835,11,2025-07-28,2025-07-27,74170.33,74170.33,Paid On Time,0
R00010255,L000835,12,2025-08-28,2025-09-01,74170.33,74170.33,Paid Late,4
R00010256,L000835,13,2025-09-28,,74170.33,0.0,Unpaid,30
R00010257,L000835,14,2025-10-28,2025-10-26,74170.33,74170.33,Paid On Time,0
R00010258,L000835,15,2025-11-28,2025-11-26,74170.33,74170.33,Paid On Time,0
R00010259,L000835,16,2025-12-28,2025-12-28,74170.33,74170.33,Paid On Time,0
R00010260,L000835,17,2026-01-28,2026-01-27,74170.33,74170.33,Paid On Time,0
R00010261,L000835,18,2026-02-28,2026-02-27,74170.33,74170.33,Paid On Time,0
R00010262,L000837,1,2025-06-21,2025-07-17,1673119.16,1673119.16,Paid Late,26
R00010263,L000837,2,2025-07-21,2025-07-22,1673119.16,1673119.16,Paid Late,1
R00010264,L000837,3,2025-08-21,2025-08-19,1673119.16,1673119.16,Paid On Time,0
R00010265,L000837,4,2025-09-21,2025-10-08,1673119.16,1673119.16,Paid Late,17
R00010266,L000837,5,2025-10-21,2025-10-21,1673119.16,1673119.16,Paid On Time,0
R00010267,L000837,6,2025-11-21,2025-11-19,1673119.16,1673119.16,Paid On Time,0
R00010268,L000837,7,2025-12-21,2025-12-20,1673119.16,1673119.16,Paid On Time,0
R00010269,L000837,8,2026-01-21,,1673119.16,0.0,Unpaid,120
R00010270,L000837,9,2026-02-21,2026-02-19,1673119.16,1673119.16,Paid On Time,0
R00010271,L000837,10,2026-03-21,,1673119.16,0.0,Unpaid,30
R00010272,L000837,11,2026-04-21,2026-04-19,1673119.16,1673119.16,Paid On Time,0
R00010273,L000837,12,2026-05-21,2026-05-20,1673119.16,1673119.16,Paid On Time,0
R00010274,L000838,1,2024-06-28,2024-06-26,273447.15,273447.15,Paid On Time,0
R00010275,L000838,2,2024-07-28,2024-07-27,273447.15,273447.15,Paid On Time,0
R00010276,L000838,3,2024-08-28,2024-08-28,273447.15,273447.15,Paid On Time,0
R00010277,L000838,4,2024-09-28,2024-09-27,273447.15,273447.15,Paid On Time,0
R00010278,L000838,5,2024-10-28,2024-10-27,273447.15,273447.15,Paid On Time,0
R00010279,L000838,6,2024-11-28,2024-11-27,273447.15,273447.15,Paid On Time,0
R00010280,L000838,7,2024-12-28,2025-01-15,273447.15,273447.15,Paid Late,18
R00010281,L000838,8,2025-01-28,2025-02-26,273447.15,273447.15,Paid Late,29
R00010282,L000838,9,2025-02-28,2025-02-28,273447.15,273447.15,Paid On Time,0
R00010283,L000838,10,2025-03-28,2025-03-26,273447.15,273447.15,Paid On Time,0
R00010284,L000838,11,2025-04-28,2025-04-28,273447.15,273447.15,Paid On Time,0
R00010285,L000838,12,2025-05-28,2025-05-28,273447.15,273447.15,Paid On Time,0
R00010286,L000838,13,2025-06-28,2025-06-26,273447.15,273447.15,Paid On Time,0
R00010287,L000838,14,2025-07-28,2025-07-27,273447.15,273447.15,Paid On Time,0
R00010288,L000838,15,2025-08-28,2025-08-27,273447.15,273447.15,Paid On Time,0
R00010289,L000838,16,2025-09-28,2025-09-26,273447.15,273447.15,Paid On Time,0
R00010290,L000838,17,2025-10-28,2025-10-26,273447.15,273447.15,Paid On Time,0
R00010291,L000838,18,2025-11-28,2025-11-27,273447.15,273447.15,Paid On Time,0
R00010292,L000839,1,2025-03-01,2025-03-01,419250.85,419250.85,Paid On Time,0
R00010293,L000839,2,2025-04-01,2025-04-01,419250.85,419250.85,Paid On Time,0
R00010294,L000839,3,2025-05-01,2025-05-01,419250.85,419250.85,Paid On Time,0
R00010295,L000839,4,2025-06-01,2025-06-01,419250.85,419250.85,Paid On Time,0
R00010296,L000839,5,2025-07-01,2025-06-30,419250.85,419250.85,Paid On Time,0
R00010297,L000839,6,2025-08-01,2025-07-31,419250.85,419250.85,Paid On Time,0
R00010298,L000840,1,2025-05-04,,354502.52,0.0,Unpaid,60
R00010299,L000840,2,2025-06-04,2025-06-04,354502.52,354502.52,Paid On Time,0
R00010300,L000840,3,2025-07-04,,354502.52,0.0,Unpaid,90
R00010301,L000840,4,2025-08-04,2025-08-02,354502.52,354502.52,Paid On Time,0
R00010302,L000840,5,2025-09-04,2025-09-02,354502.52,354502.52,Paid On Time,0
R00010303,L000840,6,2025-10-04,2025-10-03,354502.52,354502.52,Paid On Time,0
R00010304,L000840,7,2025-11-04,2025-11-02,354502.52,354502.52,Paid On Time,0
R00010305,L000840,8,2025-12-04,2025-12-04,354502.52,354502.52,Paid On Time,0
R00010306,L000840,9,2026-01-04,2026-01-15,354502.52,354502.52,Paid Late,11
R00010307,L000840,10,2026-02-04,2026-02-02,354502.52,354502.52,Paid On Time,0
R00010308,L000840,11,2026-03-04,2026-03-04,354502.52,354502.52,Paid On Time,0
R00010309,L000840,12,2026-04-04,2026-04-03,354502.52,354502.52,Paid On Time,0
R00010310,L000841,1,2026-05-16,2026-05-15,948088.68,948088.68,Paid On Time,0
R00010311,L000841,2,2026-06-16,2026-06-16,948088.68,948088.68,Paid On Time,0
R00010312,L000841,3,2026-07-16,2026-07-25,948088.68,948088.68,Paid Late,9
R00010313,L000841,4,2026-08-16,2026-08-24,948088.68,948088.68,Paid Late,8
R00010314,L000841,5,2026-09-16,2026-09-15,948088.68,948088.68,Paid On Time,0
R00010315,L000842,1,2025-02-18,2025-02-17,26686.26,26686.26,Paid On Time,0
R00010316,L000842,2,2025-03-18,2025-03-16,26686.26,26686.26,Paid On Time,0
R00010317,L000842,3,2025-04-18,2025-04-18,26686.26,26686.26,Paid On Time,0
R00010318,L000842,4,2025-05-18,2025-05-16,26686.26,26686.26,Paid On Time,0
R00010319,L000842,5,2025-06-18,2025-06-17,26686.26,26686.26,Paid On Time,0
R00010320,L000842,6,2025-07-18,2025-07-16,26686.26,26686.26,Paid On Time,0
R00010321,L000842,7,2025-08-18,2025-08-18,26686.26,26686.26,Paid On Time,0
R00010322,L000842,8,2025-09-18,2025-10-10,26686.26,26686.26,Paid Late,22
R00010323,L000842,9,2025-10-18,2025-10-18,26686.26,26686.26,Paid On Time,0
R00010324,L000842,10,2025-11-18,2025-11-17,26686.26,26686.26,Paid On Time,0
R00010325,L000842,11,2025-12-18,2025-12-17,26686.26,26686.26,Paid On Time,0
R00010326,L000842,12,2026-01-18,2026-01-29,26686.26,26686.26,Paid Late,11
R00010327,L000842,13,2026-02-18,2026-02-26,26686.26,26686.26,Paid Late,8
R00010328,L000842,14,2026-03-18,2026-04-09,26686.26,26686.26,Paid Late,22
R00010329,L000842,15,2026-04-18,2026-05-04,26686.26,26686.26,Paid Late,16
R00010330,L000842,16,2026-05-18,2026-05-16,26686.26,26686.26,Paid On Time,0
R00010331,L000842,17,2026-06-18,2026-06-17,26686.26,26686.26,Paid On Time,0
R00010332,L000842,18,2026-07-18,2026-07-16,26686.26,26686.26,Paid On Time,0
R00010333,L000842,19,2026-08-18,2026-08-18,26686.26,26686.26,Paid On Time,0
R00010334,L000842,20,2026-09-18,2026-09-17,26686.26,26686.26,Paid On Time,0
R00010335,L000843,1,2024-10-21,2024-10-20,278957.84,278957.84,Paid On Time,0
R00010336,L000843,2,2024-11-21,,278957.84,0.0,Unpaid,60
R00010337,L000843,3,2024-12-21,2024-12-19,278957.84,278957.84,Paid On Time,0
R00010338,L000843,4,2025-01-21,2025-02-04,278957.84,148662.65,Partial,14
R00010339,L000843,5,2025-02-21,2025-02-20,278957.84,278957.84,Paid On Time,0
R00010340,L000843,6,2025-03-21,2025-04-11,278957.84,278957.84,Paid Late,21
R00010341,L000843,7,2025-04-21,2025-04-28,278957.84,278957.84,Paid Late,7
R00010342,L000843,8,2025-05-21,2025-05-21,278957.84,278957.84,Paid On Time,0
R00010343,L000843,9,2025-06-21,2025-06-21,278957.84,278957.84,Paid On Time,0
R00010344,L000843,10,2025-07-21,2025-07-19,278957.84,278957.84,Paid On Time,0
R00010345,L000843,11,2025-08-21,2025-08-21,278957.84,278957.84,Paid On Time,0
R00010346,L000843,12,2025-09-21,2025-09-21,278957.84,278957.84,Paid On Time,0
R00010347,L000843,13,2025-10-21,2025-10-21,278957.84,278957.84,Paid On Time,0
R00010348,L000843,14,2025-11-21,2025-11-20,278957.84,278957.84,Paid On Time,0
R00010349,L000843,15,2025-12-21,2025-12-20,278957.84,278957.84,Paid On Time,0
R00010350,L000843,16,2026-01-21,2026-01-20,278957.84,278957.84,Paid On Time,0
R00010351,L000843,17,2026-02-21,2026-02-21,278957.84,278957.84,Paid On Time,0
R00010352,L000843,18,2026-03-21,2026-03-20,278957.84,278957.84,Paid On Time,0
R00010353,L000843,19,2026-04-21,2026-04-21,278957.84,278957.84,Paid On Time,0
R00010354,L000843,20,2026-05-21,2026-05-21,278957.84,278957.84,Paid On Time,0
R00010355,L000843,21,2026-06-21,2026-06-19,278957.84,278957.84,Paid On Time,0
R00010356,L000843,22,2026-07-21,2026-07-21,278957.84,278957.84,Paid On Time,0
R00010357,L000843,23,2026-08-21,2026-08-21,278957.84,278957.84,Paid On Time,0
R00010358,L000843,24,2026-09-21,2026-09-19,278957.84,278957.84,Paid On Time,0
R00010359,L000844,1,2024-09-10,2024-09-19,924877.04,924877.04,Paid Late,9
R00010360,L000844,2,2024-10-10,2024-10-08,924877.04,924877.04,Paid On Time,0
R00010361,L000844,3,2024-11-10,2024-11-10,924877.04,924877.04,Paid On Time,0
R00010362,L000844,4,2024-12-10,2024-12-08,924877.04,924877.04,Paid On Time,0
R00010363,L000844,5,2025-01-10,2025-01-08,924877.04,924877.04,Paid On Time,0
R00010364,L000844,6,2025-02-10,2025-02-10,924877.04,924877.04,Paid On Time,0
R00010365,L000844,7,2025-03-10,2025-03-10,924877.04,924877.04,Paid On Time,0
R00010366,L000844,8,2025-04-10,2025-05-09,924877.04,924877.04,Paid Late,29
R00010367,L000844,9,2025-05-10,2025-05-10,924877.04,924877.04,Paid On Time,0
R00010368,L000844,10,2025-06-10,2025-06-09,924877.04,924877.04,Paid On Time,0
R00010369,L000844,11,2025-07-10,2025-07-08,924877.04,924877.04,Paid On Time,0
R00010370,L000844,12,2025-08-10,2025-08-10,924877.04,924877.04,Paid On Time,0
R00010371,L000845,1,2026-01-01,2026-02-10,704173.27,382239.38,Partial,40
R00010372,L000845,2,2026-02-01,2026-01-30,704173.27,704173.27,Paid On Time,0
R00010373,L000845,3,2026-03-01,2026-03-01,704173.27,704173.27,Paid On Time,0
R00010374,L000845,4,2026-04-01,2026-04-01,704173.27,704173.27,Paid On Time,0
R00010375,L000845,5,2026-05-01,2026-05-01,704173.27,704173.27,Paid On Time,0
R00010376,L000845,6,2026-06-01,2026-06-01,704173.27,704173.27,Paid On Time,0
R00010377,L000845,7,2026-07-01,2026-07-16,704173.27,704173.27,Paid Late,15
R00010378,L000845,8,2026-08-01,2026-08-11,704173.27,704173.27,Paid Late,10
R00010379,L000845,9,2026-09-01,2026-09-29,704173.27,704173.27,Paid Late,28
R00010380,L000846,1,2025-03-03,2025-03-03,273780.41,273780.41,Paid On Time,0
R00010381,L000846,2,2025-04-03,2025-04-03,273780.41,273780.41,Paid On Time,0
R00010382,L000846,3,2025-05-03,2025-05-02,273780.41,273780.41,Paid On Time,0
R00010383,L000846,4,2025-06-03,2025-06-02,273780.41,273780.41,Paid On Time,0
R00010384,L000846,5,2025-07-03,2025-07-28,273780.41,273780.41,Paid Late,25
R00010385,L000846,6,2025-08-03,2025-08-02,273780.41,273780.41,Paid On Time,0
R00010386,L000846,7,2025-09-03,2025-09-01,273780.41,273780.41,Paid On Time,0
R00010387,L000846,8,2025-10-03,2025-10-01,273780.41,273780.41,Paid On Time,0
R00010388,L000846,9,2025-11-03,2025-11-02,273780.41,273780.41,Paid On Time,0
R00010389,L000846,10,2025-12-03,2025-12-03,273780.41,273780.41,Paid On Time,0
R00010390,L000846,11,2026-01-03,2026-01-01,273780.41,273780.41,Paid On Time,0
R00010391,L000846,12,2026-02-03,2026-02-01,273780.41,273780.41,Paid On Time,0
R00010392,L000846,13,2026-03-03,2026-03-02,273780.41,273780.41,Paid On Time,0
R00010393,L000846,14,2026-04-03,2026-04-02,273780.41,273780.41,Paid On Time,0
R00010394,L000846,15,2026-05-03,2026-05-22,273780.41,273780.41,Paid Late,19
R00010395,L000846,16,2026-06-03,2026-06-02,273780.41,273780.41,Paid On Time,0
R00010396,L000846,17,2026-07-03,2026-07-01,273780.41,273780.41,Paid On Time,0
R00010397,L000846,18,2026-08-03,2026-08-03,273780.41,273780.41,Paid On Time,0
R00010398,L000846,19,2026-09-03,2026-09-20,273780.41,273780.41,Paid Late,17
R00010399,L000847,1,2026-06-18,2026-06-29,100822.63,70292.8,Partial,11
R00010400,L000847,2,2026-07-18,2026-07-16,100822.63,100822.63,Paid On Time,0
R00010401,L000847,3,2026-08-18,2026-09-30,100822.63,45692.97,Partial,46
R00010402,L000847,4,2026-09-18,2026-09-16,100822.63,100822.63,Paid On Time,0
R00010403,L000848,1,2024-07-26,2024-07-25,251760.2,251760.2,Paid On Time,0
R00010404,L000848,2,2024-08-26,2024-08-25,251760.2,251760.2,Paid On Time,0
R00010405,L000848,3,2024-09-26,2024-09-27,251760.2,251760.2,Paid Late,1
R00010406,L000848,4,2024-10-26,2024-11-18,251760.2,251760.2,Paid Late,23
R00010407,L000848,5,2024-11-26,2024-11-25,251760.2,251760.2,Paid On Time,0
R00010408,L000848,6,2024-12-26,2024-12-24,251760.2,251760.2,Paid On Time,0
R00010409,L000848,7,2025-01-26,2025-01-25,251760.2,251760.2,Paid On Time,0
R00010410,L000848,8,2025-02-26,2025-02-25,251760.2,251760.2,Paid On Time,0
R00010411,L000848,9,2025-03-26,2025-03-24,251760.2,251760.2,Paid On Time,0
R00010412,L000848,10,2025-04-26,2025-05-15,251760.2,251760.2,Paid Late,19
R00010413,L000848,11,2025-05-26,2025-06-05,251760.2,251760.2,Paid Late,10
R00010414,L000848,12,2025-06-26,2025-06-24,251760.2,251760.2,Paid On Time,0
R00010415,L000848,13,2025-07-26,2025-07-24,251760.2,251760.2,Paid On Time,0
R00010416,L000848,14,2025-08-26,2025-08-26,251760.2,251760.2,Paid On Time,0
R00010417,L000848,15,2025-09-26,2025-10-29,251760.2,112711.51,Partial,33
R00010418,L000848,16,2025-10-26,2025-11-03,251760.2,251760.2,Paid Late,8
R00010419,L000848,17,2025-11-26,2025-11-24,251760.2,251760.2,Paid On Time,0
R00010420,L000848,18,2025-12-26,2025-12-24,251760.2,251760.2,Paid On Time,0
R00010421,L000848,19,2026-01-26,2026-01-24,251760.2,251760.2,Paid On Time,0
R00010422,L000848,20,2026-02-26,2026-02-25,251760.2,251760.2,Paid On Time,0
R00010423,L000848,21,2026-03-26,2026-03-24,251760.2,251760.2,Paid On Time,0
R00010424,L000848,22,2026-04-26,2026-04-24,251760.2,251760.2,Paid On Time,0
R00010425,L000848,23,2026-05-26,2026-05-24,251760.2,251760.2,Paid On Time,0
R00010426,L000848,24,2026-06-26,2026-06-25,251760.2,251760.2,Paid On Time,0
R00010427,L000849,1,2025-09-11,2025-09-11,129032.45,129032.45,Paid On Time,0
R00010428,L000849,2,2025-10-11,2025-11-27,129032.45,51406.3,Partial,47
R00010429,L000849,3,2025-11-11,2025-11-09,129032.45,129032.45,Paid On Time,0
R00010430,L000849,4,2025-12-11,2025-12-10,129032.45,129032.45,Paid On Time,0
R00010431,L000849,5,2026-01-11,2026-01-11,129032.45,129032.45,Paid On Time,0
R00010432,L000849,6,2026-02-11,2026-02-09,129032.45,129032.45,Paid On Time,0
R00010433,L000849,7,2026-03-11,2026-03-09,129032.45,129032.45,Paid On Time,0
R00010434,L000849,8,2026-04-11,2026-04-09,129032.45,129032.45,Paid On Time,0
R00010435,L000849,9,2026-05-11,2026-05-24,129032.45,129032.45,Paid Late,13
R00010436,L000849,10,2026-06-11,2026-06-10,129032.45,129032.45,Paid On Time,0
R00010437,L000849,11,2026-07-11,2026-08-04,129032.45,129032.45,Paid Late,24
R00010438,L000849,12,2026-08-11,2026-08-10,129032.45,129032.45,Paid On Time,0
R00010439,L000849,13,2026-09-11,2026-09-10,129032.45,129032.45,Paid On Time,0
R00010440,L000850,1,2024-05-20,2024-05-20,257439.31,257439.31,Paid On Time,0
R00010441,L000850,2,2024-06-20,2024-06-18,257439.31,257439.31,Paid On Time,0
R00010442,L000850,3,2024-07-20,2024-07-18,257439.31,257439.31,Paid On Time,0
R00010443,L000850,4,2024-08-20,2024-08-19,257439.31,257439.31,Paid On Time,0
R00010444,L000850,5,2024-09-20,,257439.31,0.0,Unpaid,30
R00010445,L000850,6,2024-10-20,2024-10-19,257439.31,257439.31,Paid On Time,0
R00010446,L000850,7,2024-11-20,2024-11-20,257439.31,257439.31,Paid On Time,0
R00010447,L000850,8,2024-12-20,2024-12-20,257439.31,257439.31,Paid On Time,0
R00010448,L000850,9,2025-01-20,2025-02-03,257439.31,257439.31,Paid Late,14
R00010449,L000850,10,2025-02-20,2025-02-20,257439.31,257439.31,Paid On Time,0
R00010450,L000850,11,2025-03-20,2025-03-19,257439.31,257439.31,Paid On Time,0
R00010451,L000850,12,2025-04-20,2025-05-14,257439.31,257439.31,Paid Late,24
R00010452,L000850,13,2025-05-20,2025-05-19,257439.31,257439.31,Paid On Time,0
R00010453,L000850,14,2025-06-20,2025-06-19,257439.31,257439.31,Paid On Time,0
R00010454,L000850,15,2025-07-20,2025-07-20,257439.31,257439.31,Paid On Time,0
R00010455,L000850,16,2025-08-20,2025-08-18,257439.31,257439.31,Paid On Time,0
R00010456,L000850,17,2025-09-20,2025-09-19,257439.31,257439.31,Paid On Time,0
R00010457,L000850,18,2025-10-20,2025-10-20,257439.31,257439.31,Paid On Time,0
R00010458,L000850,19,2025-11-20,2025-11-20,257439.31,257439.31,Paid On Time,0
R00010459,L000850,20,2025-12-20,2025-12-20,257439.31,257439.31,Paid On Time,0
R00010460,L000850,21,2026-01-20,2026-01-24,257439.31,257439.31,Paid Late,4
R00010461,L000850,22,2026-02-20,2026-02-18,257439.31,257439.31,Paid On Time,0
R00010462,L000850,23,2026-03-20,2026-03-19,257439.31,257439.31,Paid On Time,0
R00010463,L000850,24,2026-04-20,2026-04-20,257439.31,257439.31,Paid On Time,0
R00010464,L000851,1,2026-02-08,2026-02-06,134173.62,134173.62,Paid On Time,0
R00010465,L000851,2,2026-03-08,2026-04-06,134173.62,101237.74,Partial,29
R00010466,L000851,3,2026-04-08,2026-04-08,134173.62,134173.62,Paid On Time,0
R00010467,L000851,4,2026-05-08,2026-05-07,134173.62,134173.62,Paid On Time,0
R00010468,L000851,5,2026-06-08,2026-06-06,134173.62,134173.62,Paid On Time,0
R00010469,L000851,6,2026-07-08,2026-07-08,134173.62,134173.62,Paid On Time,0
R00010470,L000851,7,2026-08-08,2026-08-07,134173.62,134173.62,Paid On Time,0
R00010471,L000851,8,2026-09-08,2026-09-08,134173.62,134173.62,Paid On Time,0
R00010472,L000852,1,2024-03-01,2024-03-01,145981.97,145981.97,Paid On Time,0
R00010473,L000852,2,2024-04-01,2024-05-12,145981.97,58293.63,Partial,41
R00010474,L000852,3,2024-05-01,2024-04-30,145981.97,145981.97,Paid On Time,0
R00010475,L000852,4,2024-06-01,2024-06-01,145981.97,145981.97,Paid On Time,0
R00010476,L000852,5,2024-07-01,2024-06-29,145981.97,145981.97,Paid On Time,0
R00010477,L000852,6,2024-08-01,2024-08-01,145981.97,145981.97,Paid On Time,0
R00010478,L000852,7,2024-09-01,2024-08-30,145981.97,145981.97,Paid On Time,0
R00010479,L000852,8,2024-10-01,,145981.97,0.0,Unpaid,60
R00010480,L000852,9,2024-11-01,2024-12-31,145981.97,114175.84,Partial,60
R00010481,L000852,10,2024-12-01,2024-12-01,145981.97,145981.97,Paid On Time,0
R00010482,L000852,11,2025-01-01,2024-12-31,145981.97,145981.97,Paid On Time,0
R00010483,L000852,12,2025-02-01,2025-03-17,145981.97,99931.75,Partial,44
R00010484,L000852,13,2025-03-01,2025-03-01,145981.97,145981.97,Paid On Time,0
R00010485,L000852,14,2025-04-01,2025-03-31,145981.97,145981.97,Paid On Time,0
R00010486,L000852,15,2025-05-01,2025-04-29,145981.97,145981.97,Paid On Time,0
R00010487,L000852,16,2025-06-01,2025-05-30,145981.97,145981.97,Paid On Time,0
R00010488,L000852,17,2025-07-01,2025-07-16,145981.97,145981.97,Paid Late,15
R00010489,L000852,18,2025-08-01,2025-09-12,145981.97,75289.0,Partial,42
R00010490,L000853,1,2025-07-27,2025-09-03,101807.39,55861.83,Partial,38
R00010491,L000853,2,2025-08-27,2025-09-09,101807.39,101807.39,Paid Late,13
R00010492,L000853,3,2025-09-27,2025-09-25,101807.39,101807.39,Paid On Time,0
R00010493,L000853,4,2025-10-27,2025-10-27,101807.39,101807.39,Paid On Time,0
R00010494,L000853,5,2025-11-27,2025-11-25,101807.39,101807.39,Paid On Time,0
R00010495,L000853,6,2025-12-27,2026-01-01,101807.39,101807.39,Paid Late,5
R00010496,L000853,7,2026-01-27,2026-01-26,101807.39,101807.39,Paid On Time,0
R00010497,L000853,8,2026-02-27,2026-02-26,101807.39,101807.39,Paid On Time,0
R00010498,L000853,9,2026-03-27,2026-04-13,101807.39,39912.72,Partial,17
R00010499,L000853,10,2026-04-27,2026-04-30,101807.39,101807.39,Paid Late,3
R00010500,L000853,11,2026-05-27,2026-05-25,101807.39,101807.39,Paid On Time,0
R00010501,L000853,12,2026-06-27,2026-06-25,101807.39,101807.39,Paid On Time,0
R00010502,L000853,13,2026-07-27,2026-07-25,101807.39,101807.39,Paid On Time,0
R00010503,L000853,14,2026-08-27,2026-08-27,101807.39,101807.39,Paid On Time,0
R00010504,L000853,15,2026-09-27,2026-10-11,101807.39,101807.39,Paid Late,14
R00010505,L000855,1,2026-01-25,2026-01-23,246592.61,246592.61,Paid On Time,0
R00010506,L000855,2,2026-02-25,2026-02-23,246592.61,246592.61,Paid On Time,0
R00010507,L000855,3,2026-03-25,2026-03-23,246592.61,246592.61,Paid On Time,0
R00010508,L000855,4,2026-04-25,2026-04-24,246592.61,246592.61,Paid On Time,0
R00010509,L000855,5,2026-05-25,2026-05-25,246592.61,246592.61,Paid On Time,0
R00010510,L000855,6,2026-06-25,2026-07-25,246592.61,246592.61,Paid Late,30
R00010511,L000855,7,2026-07-25,2026-08-20,246592.61,246592.61,Paid Late,26
R00010512,L000855,8,2026-08-25,2026-08-23,246592.61,246592.61,Paid On Time,0
R00010513,L000855,9,2026-09-25,2026-09-25,246592.61,246592.61,Paid On Time,0
R00010514,L000856,1,2026-06-02,2026-06-01,25825.22,25825.22,Paid On Time,0
R00010515,L000856,2,2026-07-02,2026-07-23,25825.22,14892.59,Partial,21
R00010516,L000856,3,2026-08-02,2026-08-01,25825.22,25825.22,Paid On Time,0
R00010517,L000856,4,2026-09-02,2026-09-01,25825.22,25825.22,Paid On Time,0
R00010518,L000857,1,2026-05-20,2026-05-19,1143761.54,1143761.54,Paid On Time,0
R00010519,L000857,2,2026-06-20,2026-06-18,1143761.54,1143761.54,Paid On Time,0
R00010520,L000857,3,2026-07-20,2026-07-19,1143761.54,1143761.54,Paid On Time,0
R00010521,L000857,4,2026-08-20,,1143761.54,0.0,Unpaid,41
R00010522,L000857,5,2026-09-20,2026-09-20,1143761.54,1143761.54,Paid On Time,0
R00010523,L000858,1,2025-04-01,,263419.53,0.0,Unpaid,60
R00010524,L000858,2,2025-05-01,2025-05-01,263419.53,263419.53,Paid On Time,0
R00010525,L000858,3,2025-06-01,2025-06-01,263419.53,263419.53,Paid On Time,0
R00010526,L000858,4,2025-07-01,2025-07-14,263419.53,263419.53,Paid Late,13
R00010527,L000858,5,2025-08-01,2025-08-01,263419.53,263419.53,Paid On Time,0
R00010528,L000858,6,2025-09-01,2025-08-30,263419.53,263419.53,Paid On Time,0
R00010529,L000858,7,2025-10-01,2025-09-30,263419.53,263419.53,Paid On Time,0
R00010530,L000858,8,2025-11-01,2025-10-30,263419.53,263419.53,Paid On Time,0
R00010531,L000858,9,2025-12-01,2026-01-29,263419.53,206588.55,Partial,59
R00010532,L000858,10,2026-01-01,2025-12-31,263419.53,263419.53,Paid On Time,0
R00010533,L000858,11,2026-02-01,2026-01-31,263419.53,263419.53,Paid On Time,0
R00010534,L000858,12,2026-03-01,2026-02-27,263419.53,263419.53,Paid On Time,0
R00010535,L000858,13,2026-04-01,2026-03-30,263419.53,263419.53,Paid On Time,0
R00010536,L000858,14,2026-05-01,2026-05-16,263419.53,129615.74,Partial,15
R00010537,L000858,15,2026-06-01,,263419.53,0.0,Unpaid,120
R00010538,L000858,16,2026-07-01,2026-07-10,263419.53,263419.53,Paid Late,9
R00010539,L000858,17,2026-08-01,2026-07-30,263419.53,263419.53,Paid On Time,0
R00010540,L000858,18,2026-09-01,2026-09-01,263419.53,263419.53,Paid On Time,0
R00010541,L000859,1,2025-04-12,2025-04-12,185694.82,185694.82,Paid On Time,0
R00010542,L000859,2,2025-05-12,2025-05-11,185694.82,185694.82,Paid On Time,0
R00010543,L000859,3,2025-06-12,2025-06-10,185694.82,185694.82,Paid On Time,0
R00010544,L000859,4,2025-07-12,2025-07-12,185694.82,185694.82,Paid On Time,0
R00010545,L000859,5,2025-08-12,2025-08-12,185694.82,185694.82,Paid On Time,0
R00010546,L000859,6,2025-09-12,2025-09-11,185694.82,185694.82,Paid On Time,0
R00010547,L000859,7,2025-10-12,2025-10-11,185694.82,185694.82,Paid On Time,0
R00010548,L000859,8,2025-11-12,2025-11-12,185694.82,185694.82,Paid On Time,0
R00010549,L000859,9,2025-12-12,2025-12-12,185694.82,185694.82,Paid On Time,0
R00010550,L000859,10,2026-01-12,2026-01-24,185694.82,185694.82,Paid Late,12
R00010551,L000859,11,2026-02-12,2026-02-11,185694.82,185694.82,Paid On Time,0
R00010552,L000859,12,2026-03-12,2026-03-11,185694.82,185694.82,Paid On Time,0
R00010553,L000859,13,2026-04-12,2026-04-12,185694.82,185694.82,Paid On Time,0
R00010554,L000859,14,2026-05-12,2026-05-17,185694.82,185694.82,Paid Late,5
R00010555,L000859,15,2026-06-12,2026-06-12,185694.82,185694.82,Paid On Time,0
R00010556,L000859,16,2026-07-12,2026-07-11,185694.82,185694.82,Paid On Time,0
R00010557,L000859,17,2026-08-12,2026-08-11,185694.82,185694.82,Paid On Time,0
R00010558,L000859,18,2026-09-12,2026-10-12,185694.82,185694.82,Paid Late,30
R00010559,L000860,1,2026-06-05,2026-06-05,102687.86,102687.86,Paid On Time,0
R00010560,L000860,2,2026-07-05,2026-07-05,102687.86,102687.86,Paid On Time,0
R00010561,L000860,3,2026-08-05,2026-08-05,102687.86,102687.86,Paid On Time,0
R00010562,L000860,4,2026-09-05,2026-09-24,102687.86,102687.86,Paid Late,19
R00010563,L000861,1,2025-08-10,2025-09-19,98240.22,68729.47,Partial,40
R00010564,L000861,2,2025-09-10,2025-09-08,98240.22,98240.22,Paid On Time,0
R00010565,L000861,3,2025-10-10,2025-12-05,98240.22,40092.98,Partial,56
R00010566,L000861,4,2025-11-10,2025-11-08,98240.22,98240.22,Paid On Time,0
R00010567,L000861,5,2025-12-10,2025-12-09,98240.22,98240.22,Paid On Time,0
R00010568,L000861,6,2026-01-10,2026-01-09,98240.22,98240.22,Paid On Time,0
R00010569,L000861,7,2026-02-10,2026-02-10,98240.22,98240.22,Paid On Time,0
R00010570,L000861,8,2026-03-10,2026-03-10,98240.22,98240.22,Paid On Time,0
R00010571,L000861,9,2026-04-10,2026-05-03,98240.22,98240.22,Paid Late,23
R00010572,L000861,10,2026-05-10,2026-06-24,98240.22,49876.66,Partial,45
R00010573,L000861,11,2026-06-10,2026-07-31,98240.22,52220.84,Partial,51
R00010574,L000861,12,2026-07-10,2026-07-10,98240.22,98240.22,Paid On Time,0
R00010575,L000861,13,2026-08-10,2026-08-09,98240.22,98240.22,Paid On Time,0
R00010576,L000861,14,2026-09-10,2026-09-28,98240.22,98240.22,Paid Late,18
R00010577,L000862,1,2025-09-13,2025-09-12,40661.66,40661.66,Paid On Time,0
R00010578,L000862,2,2025-10-13,2025-11-24,40661.66,28161.71,Partial,42
R00010579,L000862,3,2025-11-13,2025-11-11,40661.66,40661.66,Paid On Time,0
R00010580,L000862,4,2025-12-13,2025-12-30,40661.66,40661.66,Paid Late,17
R00010581,L000862,5,2026-01-13,2026-01-12,40661.66,40661.66,Paid On Time,0
R00010582,L000862,6,2026-02-13,2026-02-11,40661.66,40661.66,Paid On Time,0
R00010583,L000862,7,2026-03-13,2026-03-11,40661.66,40661.66,Paid On Time,0
R00010584,L000862,8,2026-04-13,2026-04-11,40661.66,40661.66,Paid On Time,0
R00010585,L000862,9,2026-05-13,2026-05-13,40661.66,40661.66,Paid On Time,0
R00010586,L000862,10,2026-06-13,2026-06-12,40661.66,40661.66,Paid On Time,0
R00010587,L000862,11,2026-07-13,2026-07-12,40661.66,40661.66,Paid On Time,0
R00010588,L000862,12,2026-08-13,,40661.66,0.0,Unpaid,48
R00010589,L000862,13,2026-09-13,2026-09-14,40661.66,40661.66,Paid Late,1
R00010590,L000863,1,2024-05-12,2024-05-11,651917.82,651917.82,Paid On Time,0
R00010591,L000863,2,2024-06-12,2024-06-12,651917.82,651917.82,Paid On Time,0
R00010592,L000863,3,2024-07-12,2024-08-06,651917.82,651917.82,Paid Late,25
R00010593,L000863,4,2024-08-12,2024-08-11,651917.82,651917.82,Paid On Time,0
R00010594,L000863,5,2024-09-12,2024-09-11,651917.82,651917.82,Paid On Time,0
R00010595,L000863,6,2024-10-12,2024-10-10,651917.82,651917.82,Paid On Time,0
R00010596,L000863,7,2024-11-12,2024-11-12,651917.82,651917.82,Paid On Time,0
R00010597,L000863,8,2024-12-12,2024-12-11,651917.82,651917.82,Paid On Time,0
R00010598,L000863,9,2025-01-12,2025-02-25,651917.82,502038.11,Partial,44
R00010599,L000863,10,2025-02-12,,651917.82,0.0,Unpaid,30
R00010600,L000863,11,2025-03-12,2025-04-10,651917.82,352269.95,Partial,29
R00010601,L000863,12,2025-04-12,2025-04-12,651917.82,651917.82,Paid On Time,0
R00010602,L000864,1,2026-01-23,2026-02-13,248298.64,248298.64,Paid Late,21
R00010603,L000864,2,2026-02-23,2026-02-23,248298.64,248298.64,Paid On Time,0
R00010604,L000864,3,2026-03-23,2026-03-21,248298.64,248298.64,Paid On Time,0
R00010605,L000864,4,2026-04-23,2026-04-21,248298.64,248298.64,Paid On Time,0
R00010606,L000864,5,2026-05-23,2026-05-23,248298.64,248298.64,Paid On Time,0
R00010607,L000864,6,2026-06-23,2026-06-22,248298.64,248298.64,Paid On Time,0
R00010608,L000864,7,2026-07-23,2026-07-23,248298.64,248298.64,Paid On Time,0
R00010609,L000864,8,2026-08-23,,248298.64,0.0,Unpaid,38
R00010610,L000864,9,2026-09-23,2026-09-21,248298.64,248298.64,Paid On Time,0
R00010611,L000865,1,2025-07-07,2025-07-30,43741.69,43741.69,Paid Late,23
R00010612,L000865,2,2025-08-07,2025-08-13,43741.69,43741.69,Paid Late,6
R00010613,L000865,3,2025-09-07,,43741.69,0.0,Unpaid,60
R00010614,L000865,4,2025-10-07,2025-10-05,43741.69,43741.69,Paid On Time,0
R00010615,L000865,5,2025-11-07,2025-11-07,43741.69,43741.69,Paid On Time,0
R00010616,L000865,6,2025-12-07,2025-12-07,43741.69,43741.69,Paid On Time,0
R00010617,L000865,7,2026-01-07,,43741.69,0.0,Unpaid,60
R00010618,L000865,8,2026-02-07,2026-02-07,43741.69,43741.69,Paid On Time,0
R00010619,L000865,9,2026-03-07,2026-03-05,43741.69,43741.69,Paid On Time,0
R00010620,L000865,10,2026-04-07,2026-04-21,43741.69,43741.69,Paid Late,14
R00010621,L000865,11,2026-05-07,2026-05-07,43741.69,43741.69,Paid On Time,0
R00010622,L000865,12,2026-06-07,2026-06-05,43741.69,43741.69,Paid On Time,0
R00010623,L000866,1,2024-04-07,,192686.78,0.0,Unpaid,30
R00010624,L000866,2,2024-05-07,2024-05-07,192686.78,192686.78,Paid On Time,0
R00010625,L000866,3,2024-06-07,2024-06-05,192686.78,192686.78,Paid On Time,0
R00010626,L000866,4,2024-07-07,2024-07-05,192686.78,192686.78,Paid On Time,0
R00010627,L000866,5,2024-08-07,2024-08-07,192686.78,192686.78,Paid On Time,0
R00010628,L000866,6,2024-09-07,2024-09-07,192686.78,192686.78,Paid On Time,0
R00010629,L000866,7,2024-10-07,2024-10-06,192686.78,192686.78,Paid On Time,0
R00010630,L000866,8,2024-11-07,2024-11-28,192686.78,125846.19,Partial,21
R00010631,L000866,9,2024-12-07,2024-12-05,192686.78,192686.78,Paid On Time,0
R00010632,L000866,10,2025-01-07,2025-01-05,192686.78,192686.78,Paid On Time,0
R00010633,L000866,11,2025-02-07,2025-04-02,192686.78,113349.76,Partial,54
R00010634,L000866,12,2025-03-07,2025-03-06,192686.78,192686.78,Paid On Time,0
R00010635,L000867,1,2025-09-26,2025-09-25,151093.9,151093.9,Paid On Time,0
R00010636,L000867,2,2025-10-26,2025-10-24,151093.9,151093.9,Paid On Time,0
R00010637,L000867,3,2025-11-26,2025-11-24,151093.9,151093.9,Paid On Time,0
R00010638,L000867,4,2025-12-26,2025-12-25,151093.9,151093.9,Paid On Time,0
R00010639,L000867,5,2026-01-26,2026-01-26,151093.9,151093.9,Paid On Time,0
R00010640,L000867,6,2026-02-26,2026-02-26,151093.9,151093.9,Paid On Time,0
R00010641,L000867,7,2026-03-26,2026-03-26,151093.9,151093.9,Paid On Time,0
R00010642,L000867,8,2026-04-26,2026-04-24,151093.9,151093.9,Paid On Time,0
R00010643,L000867,9,2026-05-26,2026-05-25,151093.9,151093.9,Paid On Time,0
R00010644,L000867,10,2026-06-26,2026-06-26,151093.9,151093.9,Paid On Time,0
R00010645,L000867,11,2026-07-26,2026-07-24,151093.9,151093.9,Paid On Time,0
R00010646,L000867,12,2026-08-26,2026-08-25,151093.9,151093.9,Paid On Time,0
R00010647,L000867,13,2026-09-26,2026-09-30,151093.9,107670.47,Partial,28
R00010648,L000868,1,2025-06-02,2025-06-01,110892.34,110892.34,Paid On Time,0
R00010649,L000868,2,2025-07-02,2025-07-01,110892.34,110892.34,Paid On Time,0
R00010650,L000868,3,2025-08-02,2025-08-01,110892.34,110892.34,Paid On Time,0
R00010651,L000868,4,2025-09-02,,110892.34,0.0,Unpaid,60
R00010652,L000868,5,2025-10-02,2025-09-30,110892.34,110892.34,Paid On Time,0
R00010653,L000868,6,2025-11-02,2025-11-01,110892.34,110892.34,Paid On Time,0
R00010654,L000868,7,2025-12-02,2025-12-02,110892.34,110892.34,Paid On Time,0
R00010655,L000868,8,2026-01-02,2026-01-01,110892.34,110892.34,Paid On Time,0
R00010656,L000868,9,2026-02-02,2026-02-02,110892.34,110892.34,Paid On Time,0
R00010657,L000868,10,2026-03-02,2026-03-02,110892.34,110892.34,Paid On Time,0
R00010658,L000868,11,2026-04-02,2026-04-01,110892.34,110892.34,Paid On Time,0
R00010659,L000868,12,2026-05-02,2026-05-18,110892.34,110892.34,Paid Late,16
R00010660,L000868,13,2026-06-02,2026-06-17,110892.34,110892.34,Paid Late,15
R00010661,L000868,14,2026-07-02,2026-07-01,110892.34,110892.34,Paid On Time,0
R00010662,L000868,15,2026-08-02,2026-08-01,110892.34,110892.34,Paid On Time,0
R00010663,L000868,16,2026-09-02,2026-08-31,110892.34,110892.34,Paid On Time,0
R00010664,L000869,1,2025-12-28,2025-12-27,119323.06,119323.06,Paid On Time,0
R00010665,L000869,2,2026-01-28,2026-01-27,119323.06,119323.06,Paid On Time,0
R00010666,L000869,3,2026-02-28,2026-02-26,119323.06,119323.06,Paid On Time,0
R00010667,L000869,4,2026-03-28,2026-03-27,119323.06,119323.06,Paid On Time,0
R00010668,L000869,5,2026-04-28,2026-05-06,119323.06,119323.06,Paid Late,8
R00010669,L000869,6,2026-05-28,2026-05-27,119323.06,119323.06,Paid On Time,0
R00010670,L000869,7,2026-06-28,2026-06-27,119323.06,119323.06,Paid On Time,0
R00010671,L000869,8,2026-07-28,2026-08-20,119323.06,119323.06,Paid Late,23
R00010672,L000869,9,2026-08-28,2026-08-27,119323.06,119323.06,Paid On Time,0
R00010673,L000869,10,2026-09-28,2026-09-28,119323.06,119323.06,Paid On Time,0
R00010674,L000870,1,2026-03-28,2026-03-27,56088.61,56088.61,Paid On Time,0
R00010675,L000870,2,2026-04-28,2026-04-28,56088.61,56088.61,Paid On Time,0
R00010676,L000870,3,2026-05-28,2026-05-28,56088.61,56088.61,Paid On Time,0
R00010677,L000870,4,2026-06-28,2026-06-26,56088.61,56088.61,Paid On Time,0
R00010678,L000870,5,2026-07-28,2026-07-28,56088.61,56088.61,Paid On Time,0
R00010679,L000870,6,2026-08-28,2026-08-26,56088.61,56088.61,Paid On Time,0
R00010680,L000870,7,2026-09-28,2026-10-12,56088.61,56088.61,Paid Late,14
R00010681,L000871,1,2026-04-24,2026-05-07,768395.2,469417.35,Partial,13
R00010682,L000871,2,2026-05-24,2026-06-05,768395.2,768395.2,Paid Late,12
R00010683,L000871,3,2026-06-24,2026-07-11,768395.2,768395.2,Paid Late,17
R00010684,L000871,4,2026-07-24,2026-07-23,768395.2,768395.2,Paid On Time,0
R00010685,L000871,5,2026-08-24,2026-08-26,768395.2,768395.2,Paid Late,2
R00010686,L000871,6,2026-09-24,2026-09-23,768395.2,768395.2,Paid On Time,0
R00010687,L000872,1,2026-08-08,2026-08-08,47081.61,47081.61,Paid On Time,0
R00010688,L000872,2,2026-09-08,2026-09-06,47081.61,47081.61,Paid On Time,0
R00010689,L000873,1,2025-03-07,2025-04-28,49690.79,23205.08,Partial,52
R00010690,L000873,2,2025-04-07,2025-04-06,49690.79,49690.79,Paid On Time,0
R00010691,L000873,3,2025-05-07,2025-05-05,49690.79,49690.79,Paid On Time,0
R00010692,L000873,4,2025-06-07,2025-06-06,49690.79,49690.79,Paid On Time,0
R00010693,L000873,5,2025-07-07,2025-07-07,49690.79,49690.79,Paid On Time,0
R00010694,L000873,6,2025-08-07,2025-08-07,49690.79,49690.79,Paid On Time,0
R00010695,L000873,7,2025-09-07,2025-09-20,49690.79,49690.79,Paid Late,13
R00010696,L000873,8,2025-10-07,2025-10-06,49690.79,49690.79,Paid On Time,0
R00010697,L000873,9,2025-11-07,2025-11-07,49690.79,49690.79,Paid On Time,0
R00010698,L000873,10,2025-12-07,2025-12-05,49690.79,49690.79,Paid On Time,0
R00010699,L000873,11,2026-01-07,2026-01-05,49690.79,49690.79,Paid On Time,0
R00010700,L000873,12,2026-02-07,2026-02-05,49690.79,49690.79,Paid On Time,0
R00010701,L000873,13,2026-03-07,2026-03-17,49690.79,49690.79,Paid Late,10
R00010702,L000873,14,2026-04-07,2026-04-06,49690.79,49690.79,Paid On Time,0
R00010703,L000873,15,2026-05-07,2026-05-07,49690.79,49690.79,Paid On Time,0
R00010704,L000873,16,2026-06-07,2026-06-05,49690.79,49690.79,Paid On Time,0
R00010705,L000873,17,2026-07-07,,49690.79,0.0,Unpaid,85
R00010706,L000873,18,2026-08-07,2026-08-18,49690.79,49690.79,Paid Late,11
R00010707,L000873,19,2026-09-07,2026-09-05,49690.79,49690.79,Paid On Time,0
R00010708,L000874,1,2025-09-26,2025-09-25,24134.47,24134.47,Paid On Time,0
R00010709,L000874,2,2025-10-26,2025-10-26,24134.47,24134.47,Paid On Time,0
R00010710,L000874,3,2025-11-26,2025-11-26,24134.47,24134.47,Paid On Time,0
R00010711,L000874,4,2025-12-26,2025-12-29,24134.47,24134.47,Paid Late,3
R00010712,L000874,5,2026-01-26,2026-01-25,24134.47,24134.47,Paid On Time,0
R00010713,L000874,6,2026-02-26,2026-02-24,24134.47,24134.47,Paid On Time,0
R00010714,L000874,7,2026-03-26,2026-03-26,24134.47,24134.47,Paid On Time,0
R00010715,L000874,8,2026-04-26,,24134.47,0.0,Unpaid,90
R00010716,L000874,9,2026-05-26,2026-05-26,24134.47,24134.47,Paid On Time,0
R00010717,L000874,10,2026-06-26,2026-06-26,24134.47,24134.47,Paid On Time,0
R00010718,L000874,11,2026-07-26,2026-07-24,24134.47,24134.47,Paid On Time,0
R00010719,L000874,12,2026-08-26,2026-08-24,24134.47,24134.47,Paid On Time,0
R00010720,L000874,13,2026-09-26,2026-09-24,24134.47,24134.47,Paid On Time,0
R00010721,L000875,1,2024-06-20,2024-06-18,408459.02,408459.02,Paid On Time,0
R00010722,L000875,2,2024-07-20,2024-07-18,408459.02,408459.02,Paid On Time,0
R00010723,L000875,3,2024-08-20,2024-08-19,408459.02,408459.02,Paid On Time,0
R00010724,L000875,4,2024-09-20,2024-09-19,408459.02,408459.02,Paid On Time,0
R00010725,L000875,5,2024-10-20,2024-10-18,408459.02,408459.02,Paid On Time,0
R00010726,L000875,6,2024-11-20,2024-11-19,408459.02,408459.02,Paid On Time,0
R00010727,L000875,7,2024-12-20,2024-12-20,408459.02,408459.02,Paid On Time,0
R00010728,L000875,8,2025-01-20,2025-01-18,408459.02,408459.02,Paid On Time,0
R00010729,L000875,9,2025-02-20,2025-02-18,408459.02,408459.02,Paid On Time,0
R00010730,L000875,10,2025-03-20,2025-03-19,408459.02,408459.02,Paid On Time,0
R00010731,L000875,11,2025-04-20,2025-05-17,408459.02,408459.02,Paid Late,27
R00010732,L000875,12,2025-05-20,2025-05-20,408459.02,408459.02,Paid On Time,0
R00010733,L000876,1,2025-09-21,2025-09-21,498771.98,498771.98,Paid On Time,0
R00010734,L000876,2,2025-10-21,2025-11-08,498771.98,498771.98,Paid Late,18
R00010735,L000876,3,2025-11-21,2025-11-19,498771.98,498771.98,Paid On Time,0
R00010736,L000876,4,2025-12-21,2026-01-15,498771.98,498771.98,Paid Late,25
R00010737,L000876,5,2026-01-21,2026-01-19,498771.98,498771.98,Paid On Time,0
R00010738,L000876,6,2026-02-21,,498771.98,0.0,Unpaid,120
R00010739,L000876,7,2026-03-21,2026-03-20,498771.98,498771.98,Paid On Time,0
R00010740,L000876,8,2026-04-21,2026-06-07,498771.98,325865.84,Partial,47
R00010741,L000876,9,2026-05-21,2026-05-20,498771.98,498771.98,Paid On Time,0
R00010742,L000876,10,2026-06-21,2026-07-12,498771.98,498771.98,Paid Late,21
R00010743,L000876,11,2026-07-21,2026-07-28,498771.98,498771.98,Paid Late,7
R00010744,L000876,12,2026-08-21,2026-08-20,498771.98,498771.98,Paid On Time,0
R00010745,L000877,1,2024-12-02,2024-12-01,240406.06,240406.06,Paid On Time,0
R00010746,L000877,2,2025-01-02,2025-01-16,240406.06,240406.06,Paid Late,14
R00010747,L000877,3,2025-02-02,2025-02-06,240406.06,240406.06,Paid Late,4
R00010748,L000877,4,2025-03-02,2025-02-28,240406.06,240406.06,Paid On Time,0
R00010749,L000877,5,2025-04-02,2025-03-31,240406.06,240406.06,Paid On Time,0
R00010750,L000877,6,2025-05-02,2025-05-29,240406.06,240406.06,Paid Late,27
R00010751,L000877,7,2025-06-02,2025-05-31,240406.06,240406.06,Paid On Time,0
R00010752,L000877,8,2025-07-02,2025-07-09,240406.06,240406.06,Paid Late,7
R00010753,L000877,9,2025-08-02,2025-08-22,240406.06,86494.69,Partial,20
R00010754,L000877,10,2025-09-02,2025-09-02,240406.06,240406.06,Paid On Time,0
R00010755,L000877,11,2025-10-02,2025-09-30,240406.06,240406.06,Paid On Time,0
R00010756,L000877,12,2025-11-02,2025-11-02,240406.06,240406.06,Paid On Time,0
R00010757,L000877,13,2025-12-02,2025-11-30,240406.06,240406.06,Paid On Time,0
R00010758,L000877,14,2026-01-02,2026-01-02,240406.06,240406.06,Paid On Time,0
R00010759,L000877,15,2026-02-02,2026-02-01,240406.06,240406.06,Paid On Time,0
R00010760,L000877,16,2026-03-02,2026-02-28,240406.06,240406.06,Paid On Time,0
R00010761,L000877,17,2026-04-02,2026-04-08,240406.06,240406.06,Paid Late,6
R00010762,L000877,18,2026-05-02,2026-05-25,240406.06,240406.06,Paid Late,23
R00010763,L000877,19,2026-06-02,2026-06-02,240406.06,240406.06,Paid On Time,0
R00010764,L000877,20,2026-07-02,2026-07-02,240406.06,240406.06,Paid On Time,0
R00010765,L000877,21,2026-08-02,2026-07-31,240406.06,240406.06,Paid On Time,0
R00010766,L000877,22,2026-09-02,2026-09-02,240406.06,240406.06,Paid On Time,0
R00010767,L000878,1,2024-12-20,2024-12-18,83631.12,83631.12,Paid On Time,0
R00010768,L000878,2,2025-01-20,2025-02-16,83631.12,83631.12,Paid Late,27
R00010769,L000878,3,2025-02-20,2025-04-06,83631.12,31323.49,Partial,45
R00010770,L000878,4,2025-03-20,2025-03-20,83631.12,83631.12,Paid On Time,0
R00010771,L000878,5,2025-04-20,2025-04-20,83631.12,83631.12,Paid On Time,0
R00010772,L000878,6,2025-05-20,2025-05-19,83631.12,83631.12,Paid On Time,0
R00010773,L000878,7,2025-06-20,2025-06-18,83631.12,83631.12,Paid On Time,0
R00010774,L000878,8,2025-07-20,2025-07-19,83631.12,83631.12,Paid On Time,0
R00010775,L000878,9,2025-08-20,2025-08-18,83631.12,83631.12,Paid On Time,0
R00010776,L000878,10,2025-09-20,,83631.12,0.0,Unpaid,60
R00010777,L000878,11,2025-10-20,2025-10-18,83631.12,83631.12,Paid On Time,0
R00010778,L000878,12,2025-11-20,2025-11-20,83631.12,83631.12,Paid On Time,0
R00010779,L000879,1,2025-10-27,2025-10-26,309222.89,309222.89,Paid On Time,0
R00010780,L000879,2,2025-11-27,2025-11-27,309222.89,309222.89,Paid On Time,0
R00010781,L000879,3,2025-12-27,2026-01-01,309222.89,309222.89,Paid Late,5
R00010782,L000879,4,2026-01-27,2026-01-27,309222.89,309222.89,Paid On Time,0
R00010783,L000879,5,2026-02-27,2026-02-27,309222.89,309222.89,Paid On Time,0
R00010784,L000879,6,2026-03-27,2026-03-27,309222.89,309222.89,Paid On Time,0
R00010785,L000879,7,2026-04-27,2026-05-27,309222.89,309222.89,Paid Late,30
R00010786,L000879,8,2026-05-27,2026-06-26,309222.89,309222.89,Paid Late,30
R00010787,L000879,9,2026-06-27,2026-06-27,309222.89,309222.89,Paid On Time,0
R00010788,L000879,10,2026-07-27,2026-07-25,309222.89,309222.89,Paid On Time,0
R00010789,L000879,11,2026-08-27,2026-08-27,309222.89,309222.89,Paid On Time,0
R00010790,L000879,12,2026-09-27,2026-09-27,309222.89,309222.89,Paid On Time,0
R00010791,L000880,1,2024-09-14,2024-09-12,222830.38,222830.38,Paid On Time,0
R00010792,L000880,2,2024-10-14,2024-10-12,222830.38,222830.38,Paid On Time,0
R00010793,L000880,3,2024-11-14,2024-11-28,222830.38,222830.38,Paid Late,14
R00010794,L000880,4,2024-12-14,2024-12-14,222830.38,222830.38,Paid On Time,0
R00010795,L000880,5,2025-01-14,2025-01-30,222830.38,84025.23,Partial,16
R00010796,L000880,6,2025-02-14,2025-02-12,222830.38,222830.38,Paid On Time,0
R00010797,L000880,7,2025-03-14,2025-03-14,222830.38,222830.38,Paid On Time,0
R00010798,L000880,8,2025-04-14,2025-04-16,222830.38,222830.38,Paid Late,2
R00010799,L000880,9,2025-05-14,2025-05-12,222830.38,222830.38,Paid On Time,0
R00010800,L000880,10,2025-06-14,2025-06-12,222830.38,222830.38,Paid On Time,0
R00010801,L000880,11,2025-07-14,2025-07-29,222830.38,84692.54,Partial,15
R00010802,L000880,12,2025-08-14,2025-08-13,222830.38,222830.38,Paid On Time,0
R00010803,L000880,13,2025-09-14,2025-09-12,222830.38,222830.38,Paid On Time,0
R00010804,L000880,14,2025-10-14,2025-10-13,222830.38,222830.38,Paid On Time,0
R00010805,L000880,15,2025-11-14,2025-11-14,222830.38,222830.38,Paid On Time,0
R00010806,L000880,16,2025-12-14,,222830.38,0.0,Unpaid,30
R00010807,L000880,17,2026-01-14,2026-02-11,222830.38,222830.38,Paid Late,28
R00010808,L000880,18,2026-02-14,2026-03-16,222830.38,80321.98,Partial,30
R00010809,L000880,19,2026-03-14,2026-03-14,222830.38,222830.38,Paid On Time,0
R00010810,L000880,20,2026-04-14,2026-04-14,222830.38,222830.38,Paid On Time,0
R00010811,L000880,21,2026-05-14,2026-05-13,222830.38,222830.38,Paid On Time,0
R00010812,L000880,22,2026-06-14,2026-06-14,222830.38,222830.38,Paid On Time,0
R00010813,L000880,23,2026-07-14,2026-07-14,222830.38,222830.38,Paid On Time,0
R00010814,L000880,24,2026-08-14,2026-08-29,222830.38,222830.38,Paid Late,15
R00010815,L000881,1,2025-05-06,2025-05-05,152706.02,152706.02,Paid On Time,0
R00010816,L000881,2,2025-06-06,2025-06-06,152706.02,152706.02,Paid On Time,0
R00010817,L000881,3,2025-07-06,2025-07-06,152706.02,152706.02,Paid On Time,0
R00010818,L000881,4,2025-08-06,2025-08-06,152706.02,152706.02,Paid On Time,0
R00010819,L000881,5,2025-09-06,2025-09-05,152706.02,152706.02,Paid On Time,0
R00010820,L000881,6,2025-10-06,2025-10-06,152706.02,152706.02,Paid On Time,0
R00010821,L000881,7,2025-11-06,2025-11-06,152706.02,152706.02,Paid On Time,0
R00010822,L000881,8,2025-12-06,2025-12-06,152706.02,152706.02,Paid On Time,0
R00010823,L000881,9,2026-01-06,2026-01-06,152706.02,152706.02,Paid On Time,0
R00010824,L000881,10,2026-02-06,2026-02-06,152706.02,152706.02,Paid On Time,0
R00010825,L000881,11,2026-03-06,2026-03-05,152706.02,152706.02,Paid On Time,0
R00010826,L000881,12,2026-04-06,2026-04-04,152706.02,152706.02,Paid On Time,0
R00010827,L000882,1,2024-11-08,2024-11-07,58135.02,58135.02,Paid On Time,0
R00010828,L000882,2,2024-12-08,2024-12-07,58135.02,58135.02,Paid On Time,0
R00010829,L000882,3,2025-01-08,2025-01-06,58135.02,58135.02,Paid On Time,0
R00010830,L000882,4,2025-02-08,2025-02-08,58135.02,58135.02,Paid On Time,0
R00010831,L000882,5,2025-03-08,2025-03-18,58135.02,58135.02,Paid Late,10
R00010832,L000882,6,2025-04-08,2025-04-08,58135.02,58135.02,Paid On Time,0
R00010833,L000882,7,2025-05-08,2025-05-06,58135.02,58135.02,Paid On Time,0
R00010834,L000882,8,2025-06-08,2025-06-08,58135.02,58135.02,Paid On Time,0
R00010835,L000882,9,2025-07-08,2025-07-08,58135.02,58135.02,Paid On Time,0
R00010836,L000882,10,2025-08-08,,58135.02,0.0,Unpaid,60
R00010837,L000882,11,2025-09-08,2025-09-07,58135.02,58135.02,Paid On Time,0
R00010838,L000882,12,2025-10-08,2025-10-06,58135.02,58135.02,Paid On Time,0
R00010839,L000882,13,2025-11-08,2025-11-20,58135.02,58135.02,Paid Late,12
R00010840,L000882,14,2025-12-08,2025-12-08,58135.02,58135.02,Paid On Time,0
R00010841,L000882,15,2026-01-08,2026-01-06,58135.02,58135.02,Paid On Time,0
R00010842,L000882,16,2026-02-08,2026-02-07,58135.02,58135.02,Paid On Time,0
R00010843,L000882,17,2026-03-08,2026-03-08,58135.02,58135.02,Paid On Time,0
R00010844,L000882,18,2026-04-08,2026-05-03,58135.02,58135.02,Paid Late,25
R00010845,L000882,19,2026-05-08,2026-06-05,58135.02,58135.02,Paid Late,28
R00010846,L000882,20,2026-06-08,2026-06-07,58135.02,58135.02,Paid On Time,0
R00010847,L000882,21,2026-07-08,2026-07-07,58135.02,58135.02,Paid On Time,0
R00010848,L000882,22,2026-08-08,2026-08-15,58135.02,58135.02,Paid Late,7
R00010849,L000882,23,2026-09-08,2026-09-30,58135.02,44678.11,Partial,34
R00010850,L000883,1,2026-02-20,,461036.4,0.0,Unpaid,90
R00010851,L000883,2,2026-03-20,2026-03-19,461036.4,461036.4,Paid On Time,0
R00010852,L000883,3,2026-04-20,2026-04-20,461036.4,461036.4,Paid On Time,0
R00010853,L000883,4,2026-05-20,2026-05-19,461036.4,461036.4,Paid On Time,0
R00010854,L000883,5,2026-06-20,2026-06-19,461036.4,461036.4,Paid On Time,0
R00010855,L000883,6,2026-07-20,2026-07-20,461036.4,461036.4,Paid On Time,0
R00010856,L000883,7,2026-08-20,2026-08-19,461036.4,461036.4,Paid On Time,0
R00010857,L000883,8,2026-09-20,2026-09-19,461036.4,461036.4,Paid On Time,0
R00010858,L000884,1,2024-09-13,,82155.64,0.0,Unpaid,120
R00010859,L000884,2,2024-10-13,2024-10-11,82155.64,82155.64,Paid On Time,0
R00010860,L000884,3,2024-11-13,2024-11-13,82155.64,82155.64,Paid On Time,0
R00010861,L000884,4,2024-12-13,2024-12-13,82155.64,82155.64,Paid On Time,0
R00010862,L000884,5,2025-01-13,2025-01-12,82155.64,82155.64,Paid On Time,0
R00010863,L000884,6,2025-02-13,2025-02-11,82155.64,82155.64,Paid On Time,0
R00010864,L000884,7,2025-03-13,2025-03-13,82155.64,82155.64,Paid On Time,0
R00010865,L000884,8,2025-04-13,2025-04-11,82155.64,82155.64,Paid On Time,0
R00010866,L000884,9,2025-05-13,2025-05-11,82155.64,82155.64,Paid On Time,0
R00010867,L000884,10,2025-06-13,2025-06-11,82155.64,82155.64,Paid On Time,0
R00010868,L000884,11,2025-07-13,2025-07-28,82155.64,82155.64,Paid Late,15
R00010869,L000884,12,2025-08-13,2025-08-13,82155.64,82155.64,Paid On Time,0
R00010870,L000884,13,2025-09-13,2025-09-11,82155.64,82155.64,Paid On Time,0
R00010871,L000884,14,2025-10-13,2025-10-26,82155.64,82155.64,Paid Late,13
R00010872,L000884,15,2025-11-13,2025-12-13,82155.64,82155.64,Paid Late,30
R00010873,L000884,16,2025-12-13,2026-01-02,82155.64,82155.64,Paid Late,20
R00010874,L000884,17,2026-01-13,2026-01-11,82155.64,82155.64,Paid On Time,0
R00010875,L000884,18,2026-02-13,2026-02-12,82155.64,82155.64,Paid On Time,0
R00010876,L000884,19,2026-03-13,2026-03-12,82155.64,82155.64,Paid On Time,0
R00010877,L000884,20,2026-04-13,2026-04-11,82155.64,82155.64,Paid On Time,0
R00010878,L000884,21,2026-05-13,2026-05-11,82155.64,82155.64,Paid On Time,0
R00010879,L000884,22,2026-06-13,2026-06-12,82155.64,82155.64,Paid On Time,0
R00010880,L000884,23,2026-07-13,2026-08-07,82155.64,56952.03,Partial,25
R00010881,L000884,24,2026-08-13,2026-08-12,82155.64,82155.64,Paid On Time,0
R00010882,L000884,25,2026-09-13,2026-09-13,82155.64,82155.64,Paid On Time,0
R00010883,L000885,1,2025-02-23,2025-02-23,298546.04,298546.04,Paid On Time,0
R00010884,L000885,2,2025-03-23,2025-03-22,298546.04,298546.04,Paid On Time,0
R00010885,L000885,3,2025-04-23,2025-04-21,298546.04,298546.04,Paid On Time,0
R00010886,L000885,4,2025-05-23,2025-05-21,298546.04,298546.04,Paid On Time,0
R00010887,L000885,5,2025-06-23,2025-07-11,298546.04,298546.04,Paid Late,18
R00010888,L000885,6,2025-07-23,2025-07-31,298546.04,298546.04,Paid Late,8
R00010889,L000885,7,2025-08-23,2025-08-21,298546.04,298546.04,Paid On Time,0
R00010890,L000885,8,2025-09-23,2025-10-14,298546.04,298546.04,Paid Late,21
R00010891,L000885,9,2025-10-23,2025-10-23,298546.04,298546.04,Paid On Time,0
R00010892,L000885,10,2025-11-23,2025-11-22,298546.04,298546.04,Paid On Time,0
R00010893,L000885,11,2025-12-23,2026-01-11,298546.04,298546.04,Paid Late,19
R00010894,L000885,12,2026-01-23,2026-01-21,298546.04,298546.04,Paid On Time,0
R00010895,L000886,1,2026-05-08,2026-05-06,149816.98,149816.98,Paid On Time,0
R00010896,L000886,2,2026-06-08,2026-06-08,149816.98,149816.98,Paid On Time,0
R00010897,L000886,3,2026-07-08,2026-07-06,149816.98,149816.98,Paid On Time,0
R00010898,L000886,4,2026-08-08,2026-08-06,149816.98,149816.98,Paid On Time,0
R00010899,L000886,5,2026-09-08,2026-09-07,149816.98,149816.98,Paid On Time,0
R00010900,L000887,1,2025-12-27,2025-12-27,72225.22,72225.22,Paid On Time,0
R00010901,L000887,2,2026-01-27,2026-01-25,72225.22,72225.22,Paid On Time,0
R00010902,L000887,3,2026-02-27,2026-02-25,72225.22,72225.22,Paid On Time,0
R00010903,L000887,4,2026-03-27,2026-03-25,72225.22,72225.22,Paid On Time,0
R00010904,L000887,5,2026-04-27,2026-04-25,72225.22,72225.22,Paid On Time,0
R00010905,L000887,6,2026-05-27,2026-06-18,72225.22,72225.22,Paid Late,22
R00010906,L000887,7,2026-06-27,2026-06-25,72225.22,72225.22,Paid On Time,0
R00010907,L000887,8,2026-07-27,2026-08-02,72225.22,72225.22,Paid Late,6
R00010908,L000887,9,2026-08-27,2026-08-27,72225.22,72225.22,Paid On Time,0
R00010909,L000887,10,2026-09-27,2026-09-27,72225.22,72225.22,Paid On Time,0
R00010910,L000888,1,2026-03-27,2026-03-26,43260.48,43260.48,Paid On Time,0
R00010911,L000888,2,2026-04-27,2026-04-27,43260.48,43260.48,Paid On Time,0
R00010912,L000888,3,2026-05-27,2026-05-29,43260.48,43260.48,Paid Late,2
R00010913,L000888,4,2026-06-27,2026-06-27,43260.48,43260.48,Paid On Time,0
R00010914,L000888,5,2026-07-27,2026-08-02,43260.48,43260.48,Paid Late,6
R00010915,L000888,6,2026-08-27,2026-08-27,43260.48,43260.48,Paid On Time,0
R00010916,L000888,7,2026-09-27,2026-09-26,43260.48,43260.48,Paid On Time,0
R00010917,L000889,1,2024-09-17,2024-09-18,75060.1,75060.1,Paid Late,1
R00010918,L000889,2,2024-10-17,2024-10-17,75060.1,75060.1,Paid On Time,0
R00010919,L000889,3,2024-11-17,2024-11-15,75060.1,75060.1,Paid On Time,0
R00010920,L000889,4,2024-12-17,2024-12-17,75060.1,75060.1,Paid On Time,0
R00010921,L000889,5,2025-01-17,2025-03-15,75060.1,38756.11,Partial,57
R00010922,L000889,6,2025-02-17,2025-02-15,75060.1,75060.1,Paid On Time,0
R00010923,L000889,7,2025-03-17,2025-03-15,75060.1,75060.1,Paid On Time,0
R00010924,L000889,8,2025-04-17,2025-04-16,75060.1,75060.1,Paid On Time,0
R00010925,L000889,9,2025-05-17,2025-05-16,75060.1,75060.1,Paid On Time,0
R00010926,L000889,10,2025-06-17,2025-06-15,75060.1,75060.1,Paid On Time,0
R00010927,L000889,11,2025-07-17,2025-07-17,75060.1,75060.1,Paid On Time,0
R00010928,L000889,12,2025-08-17,2025-08-17,75060.1,75060.1,Paid On Time,0
R00010929,L000889,13,2025-09-17,,75060.1,0.0,Unpaid,30
R00010930,L000889,14,2025-10-17,2025-10-15,75060.1,75060.1,Paid On Time,0
R00010931,L000889,15,2025-11-17,2025-11-21,75060.1,75060.1,Paid Late,4
R00010932,L000889,16,2025-12-17,2025-12-17,75060.1,75060.1,Paid On Time,0
R00010933,L000889,17,2026-01-17,2026-01-16,75060.1,75060.1,Paid On Time,0
R00010934,L000889,18,2026-02-17,2026-02-16,75060.1,75060.1,Paid On Time,0
R00010935,L000889,19,2026-03-17,2026-03-19,75060.1,75060.1,Paid Late,2
R00010936,L000889,20,2026-04-17,2026-04-17,75060.1,75060.1,Paid On Time,0
R00010937,L000889,21,2026-05-17,2026-05-17,75060.1,75060.1,Paid On Time,0
R00010938,L000889,22,2026-06-17,2026-07-09,75060.1,51946.19,Partial,22
R00010939,L000889,23,2026-07-17,2026-07-15,75060.1,75060.1,Paid On Time,0
R00010940,L000889,24,2026-08-17,2026-08-17,75060.1,75060.1,Paid On Time,0
R00010941,L000889,25,2026-09-17,2026-09-30,75060.1,59462.79,Partial,43
R00010942,L000890,1,2025-08-03,2025-08-02,103956.08,103956.08,Paid On Time,0
R00010943,L000890,2,2025-09-03,2025-09-14,103956.08,103956.08,Paid Late,11
R00010944,L000890,3,2025-10-03,2025-10-03,103956.08,103956.08,Paid On Time,0
R00010945,L000890,4,2025-11-03,2025-11-02,103956.08,103956.08,Paid On Time,0
R00010946,L000890,5,2025-12-03,,103956.08,0.0,Unpaid,90
R00010947,L000890,6,2026-01-03,2026-01-30,103956.08,103956.08,Paid Late,27
R00010948,L000890,7,2026-02-03,2026-02-02,103956.08,103956.08,Paid On Time,0
R00010949,L000890,8,2026-03-03,2026-04-04,103956.08,38806.8,Partial,32
R00010950,L000890,9,2026-04-03,2026-04-07,103956.08,103956.08,Paid Late,4
R00010951,L000890,10,2026-05-03,2026-05-01,103956.08,103956.08,Paid On Time,0
R00010952,L000890,11,2026-06-03,2026-06-04,103956.08,103956.08,Paid Late,1
R00010953,L000890,12,2026-07-03,2026-07-02,103956.08,103956.08,Paid On Time,0
R00010954,L000890,13,2026-08-03,2026-08-03,103956.08,103956.08,Paid On Time,0
R00010955,L000890,14,2026-09-03,2026-09-22,103956.08,56789.71,Partial,19
R00010956,L000891,1,2026-09-03,2026-09-03,1581893.95,1581893.95,Paid On Time,0
R00010957,L000892,1,2024-10-08,2024-10-12,33287.68,33287.68,Paid Late,4
R00010958,L000892,2,2024-11-08,2024-11-27,33287.68,17710.29,Partial,19
R00010959,L000892,3,2024-12-08,2024-12-10,33287.68,33287.68,Paid Late,2
R00010960,L000892,4,2025-01-08,2025-01-06,33287.68,33287.68,Paid On Time,0
R00010961,L000892,5,2025-02-08,2025-03-02,33287.68,33287.68,Paid Late,22
R00010962,L000892,6,2025-03-08,2025-03-07,33287.68,33287.68,Paid On Time,0
R00010963,L000892,7,2025-04-08,2025-04-07,33287.68,33287.68,Paid On Time,0
R00010964,L000892,8,2025-05-08,2025-05-07,33287.68,33287.68,Paid On Time,0
R00010965,L000892,9,2025-06-08,2025-06-06,33287.68,33287.68,Paid On Time,0
R00010966,L000892,10,2025-07-08,2025-07-06,33287.68,33287.68,Paid On Time,0
R00010967,L000892,11,2025-08-08,2025-08-23,33287.68,33287.68,Paid Late,15
R00010968,L000892,12,2025-09-08,2025-09-08,33287.68,33287.68,Paid On Time,0
R00010969,L000892,13,2025-10-08,2025-10-22,33287.68,33287.68,Paid Late,14
R00010970,L000892,14,2025-11-08,2025-11-23,33287.68,33287.68,Paid Late,15
R00010971,L000892,15,2025-12-08,2025-12-07,33287.68,33287.68,Paid On Time,0
R00010972,L000892,16,2026-01-08,2026-02-19,33287.68,18365.85,Partial,42
R00010973,L000892,17,2026-02-08,2026-02-06,33287.68,33287.68,Paid On Time,0
R00010974,L000892,18,2026-03-08,2026-03-06,33287.68,33287.68,Paid On Time,0
R00010975,L000892,19,2026-04-08,2026-04-06,33287.68,33287.68,Paid On Time,0
R00010976,L000892,20,2026-05-08,2026-05-06,33287.68,33287.68,Paid On Time,0
R00010977,L000892,21,2026-06-08,2026-06-08,33287.68,33287.68,Paid On Time,0
R00010978,L000892,22,2026-07-08,2026-07-06,33287.68,33287.68,Paid On Time,0
R00010979,L000892,23,2026-08-08,2026-08-07,33287.68,33287.68,Paid On Time,0
R00010980,L000892,24,2026-09-08,2026-09-08,33287.68,33287.68,Paid On Time,0
R00010981,L000893,1,2024-03-18,2024-03-16,111834.88,111834.88,Paid On Time,0
R00010982,L000893,2,2024-04-18,2024-04-16,111834.88,111834.88,Paid On Time,0
R00010983,L000893,3,2024-05-18,2024-05-17,111834.88,111834.88,Paid On Time,0
R00010984,L000893,4,2024-06-18,2024-06-18,111834.88,111834.88,Paid On Time,0
R00010985,L000893,5,2024-07-18,2024-07-17,111834.88,111834.88,Paid On Time,0
R00010986,L000893,6,2024-08-18,2024-08-16,111834.88,111834.88,Paid On Time,0
R00010987,L000894,1,2026-04-28,2026-04-28,895081.39,895081.39,Paid On Time,0
R00010988,L000894,2,2026-05-28,2026-06-24,895081.39,895081.39,Paid Late,27
R00010989,L000894,3,2026-06-28,2026-06-28,895081.39,895081.39,Paid On Time,0
R00010990,L000894,4,2026-07-28,2026-07-26,895081.39,895081.39,Paid On Time,0
R00010991,L000894,5,2026-08-28,2026-08-28,895081.39,895081.39,Paid On Time,0
R00010992,L000894,6,2026-09-28,2026-09-27,895081.39,895081.39,Paid On Time,0
R00010993,L000895,1,2024-03-20,2024-04-21,253285.12,150293.74,Partial,32
R00010994,L000895,2,2024-04-20,2024-04-18,253285.12,253285.12,Paid On Time,0
R00010995,L000895,3,2024-05-20,2024-05-18,253285.12,253285.12,Paid On Time,0
R00010996,L000895,4,2024-06-20,2024-06-18,253285.12,253285.12,Paid On Time,0
R00010997,L000895,5,2024-07-20,2024-07-19,253285.12,253285.12,Paid On Time,0
R00010998,L000895,6,2024-08-20,2024-08-20,253285.12,253285.12,Paid On Time,0
R00010999,L000895,7,2024-09-20,2024-09-27,253285.12,253285.12,Paid Late,7
R00011000,L000895,8,2024-10-20,2024-10-18,253285.12,253285.12,Paid On Time,0
R00011001,L000895,9,2024-11-20,2024-11-20,253285.12,253285.12,Paid On Time,0
R00011002,L000895,10,2024-12-20,2024-12-20,253285.12,253285.12,Paid On Time,0
R00011003,L000895,11,2025-01-20,2025-03-04,253285.12,126819.61,Partial,43
R00011004,L000895,12,2025-02-20,,253285.12,0.0,Unpaid,90
R00011005,L000895,13,2025-03-20,2025-03-20,253285.12,253285.12,Paid On Time,0
R00011006,L000895,14,2025-04-20,2025-04-19,253285.12,253285.12,Paid On Time,0
R00011007,L000895,15,2025-05-20,2025-05-19,253285.12,253285.12,Paid On Time,0
R00011008,L000895,16,2025-06-20,2025-06-19,253285.12,253285.12,Paid On Time,0
R00011009,L000895,17,2025-07-20,2025-07-18,253285.12,253285.12,Paid On Time,0
R00011010,L000895,18,2025-08-20,2025-08-19,253285.12,253285.12,Paid On Time,0
R00011011,L000896,1,2026-02-26,2026-02-24,137518.4,137518.4,Paid On Time,0
R00011012,L000896,2,2026-03-26,2026-03-24,137518.4,137518.4,Paid On Time,0
R00011013,L000896,3,2026-04-26,2026-04-24,137518.4,137518.4,Paid On Time,0
R00011014,L000896,4,2026-05-26,2026-05-26,137518.4,137518.4,Paid On Time,0
R00011015,L000896,5,2026-06-26,2026-06-24,137518.4,137518.4,Paid On Time,0
R00011016,L000896,6,2026-07-26,2026-07-24,137518.4,137518.4,Paid On Time,0
R00011017,L000896,7,2026-08-26,2026-08-25,137518.4,137518.4,Paid On Time,0
R00011018,L000896,8,2026-09-26,2026-09-30,137518.4,75664.52,Partial,24
R00011019,L000897,1,2026-06-06,,191810.52,0.0,Unpaid,60
R00011020,L000897,2,2026-07-06,2026-07-05,191810.52,191810.52,Paid On Time,0
R00011021,L000897,3,2026-08-06,2026-08-06,191810.52,191810.52,Paid On Time,0
R00011022,L000897,4,2026-09-06,2026-09-05,191810.52,191810.52,Paid On Time,0
R00011023,L000898,1,2025-11-12,2025-11-10,181857.86,181857.86,Paid On Time,0
R00011024,L000898,2,2025-12-12,2025-12-10,181857.86,181857.86,Paid On Time,0
R00011025,L000898,3,2026-01-12,2026-01-10,181857.86,181857.86,Paid On Time,0
R00011026,L000898,4,2026-02-12,2026-02-12,181857.86,181857.86,Paid On Time,0
R00011027,L000898,5,2026-03-12,2026-03-12,181857.86,181857.86,Paid On Time,0
R00011028,L000898,6,2026-04-12,2026-04-10,181857.86,181857.86,Paid On Time,0
R00011029,L000898,7,2026-05-12,2026-05-11,181857.86,181857.86,Paid On Time,0
R00011030,L000898,8,2026-06-12,2026-06-11,181857.86,181857.86,Paid On Time,0
R00011031,L000898,9,2026-07-12,2026-07-12,181857.86,181857.86,Paid On Time,0
R00011032,L000898,10,2026-08-12,2026-09-30,181857.86,103949.88,Partial,58
R00011033,L000898,11,2026-09-12,2026-09-12,181857.86,181857.86,Paid On Time,0
R00011034,L000899,1,2025-01-19,2025-01-18,83748.04,83748.04,Paid On Time,0
R00011035,L000899,2,2025-02-19,2025-02-19,83748.04,83748.04,Paid On Time,0
R00011036,L000899,3,2025-03-19,2025-03-18,83748.04,83748.04,Paid On Time,0
R00011037,L000899,4,2025-04-19,2025-04-18,83748.04,83748.04,Paid On Time,0
R00011038,L000899,5,2025-05-19,2025-05-18,83748.04,83748.04,Paid On Time,0
R00011039,L000899,6,2025-06-19,2025-06-18,83748.04,83748.04,Paid On Time,0
R00011040,L000899,7,2025-07-19,2025-07-19,83748.04,83748.04,Paid On Time,0
R00011041,L000899,8,2025-08-19,2025-08-17,83748.04,83748.04,Paid On Time,0
R00011042,L000899,9,2025-09-19,2025-09-19,83748.04,83748.04,Paid On Time,0
R00011043,L000899,10,2025-10-19,2025-10-18,83748.04,83748.04,Paid On Time,0
R00011044,L000899,11,2025-11-19,2025-11-18,83748.04,83748.04,Paid On Time,0
R00011045,L000899,12,2025-12-19,2025-12-18,83748.04,83748.04,Paid On Time,0
R00011046,L000900,1,2025-11-16,,311363.09,0.0,Unpaid,60
R00011047,L000900,2,2025-12-16,2026-02-08,311363.09,131647.55,Partial,54
R00011048,L000900,3,2026-01-16,2026-01-14,311363.09,311363.09,Paid On Time,0
R00011049,L000900,4,2026-02-16,2026-03-25,311363.09,198640.35,Partial,37
R00011050,L000900,5,2026-03-16,2026-03-15,311363.09,311363.09,Paid On Time,0
R00011051,L000900,6,2026-04-16,2026-04-14,311363.09,311363.09,Paid On Time,0
R00011052,L000900,7,2026-05-16,2026-06-03,311363.09,125959.86,Partial,18
R00011053,L000900,8,2026-06-16,2026-06-16,311363.09,311363.09,Paid On Time,0
R00011054,L000900,9,2026-07-16,2026-08-05,311363.09,311363.09,Paid Late,20
R00011055,L000900,10,2026-08-16,2026-08-14,311363.09,311363.09,Paid On Time,0
R00011056,L000900,11,2026-09-16,,311363.09,0.0,Unpaid,14
R00011057,L000901,1,2025-11-07,2025-11-27,386232.33,272052.07,Partial,20
R00011058,L000901,2,2025-12-07,2025-12-05,386232.33,386232.33,Paid On Time,0
R00011059,L000901,3,2026-01-07,2026-01-06,386232.33,386232.33,Paid On Time,0
R00011060,L000901,4,2026-02-07,2026-02-07,386232.33,386232.33,Paid On Time,0
R00011061,L000901,5,2026-03-07,2026-03-23,386232.33,386232.33,Paid Late,16
R00011062,L000901,6,2026-04-07,2026-04-10,386232.33,386232.33,Paid Late,3
R00011063,L000901,7,2026-05-07,2026-05-28,386232.33,386232.33,Paid Late,21
R00011064,L000901,8,2026-06-07,2026-06-06,386232.33,386232.33,Paid On Time,0
R00011065,L000901,9,2026-07-07,2026-07-05,386232.33,386232.33,Paid On Time,0
R00011066,L000901,10,2026-08-07,2026-08-07,386232.33,386232.33,Paid On Time,0
R00011067,L000901,11,2026-09-07,2026-09-05,386232.33,386232.33,Paid On Time,0
R00011068,L000902,1,2024-03-24,2024-03-22,553361.55,553361.55,Paid On Time,0
R00011069,L000902,2,2024-04-24,2024-04-22,553361.55,553361.55,Paid On Time,0
R00011070,L000902,3,2024-05-24,2024-05-23,553361.55,553361.55,Paid On Time,0
R00011071,L000902,4,2024-06-24,2024-06-23,553361.55,553361.55,Paid On Time,0
R00011072,L000902,5,2024-07-24,2024-07-24,553361.55,553361.55,Paid On Time,0
R00011073,L000902,6,2024-08-24,2024-09-24,553361.55,306118.05,Partial,31
R00011074,L000902,7,2024-09-24,2024-11-09,553361.55,419744.63,Partial,46
R00011075,L000902,8,2024-10-24,2024-11-26,553361.55,261231.7,Partial,33
R00011076,L000902,9,2024-11-24,2024-11-23,553361.55,553361.55,Paid On Time,0
R00011077,L000902,10,2024-12-24,2024-12-23,553361.55,553361.55,Paid On Time,0
R00011078,L000902,11,2025-01-24,2025-01-23,553361.55,553361.55,Paid On Time,0
R00011079,L000902,12,2025-02-24,2025-02-24,553361.55,553361.55,Paid On Time,0
R00011080,L000903,1,2024-04-11,2024-04-09,138730.25,138730.25,Paid On Time,0
R00011081,L000903,2,2024-05-11,2024-05-10,138730.25,138730.25,Paid On Time,0
R00011082,L000903,3,2024-06-11,2024-06-11,138730.25,138730.25,Paid On Time,0
R00011083,L000903,4,2024-07-11,2024-07-09,138730.25,138730.25,Paid On Time,0
R00011084,L000903,5,2024-08-11,2024-08-10,138730.25,138730.25,Paid On Time,0
R00011085,L000903,6,2024-09-11,2024-09-11,138730.25,138730.25,Paid On Time,0
R00011086,L000903,7,2024-10-11,2024-10-09,138730.25,138730.25,Paid On Time,0
R00011087,L000903,8,2024-11-11,2024-11-10,138730.25,138730.25,Paid On Time,0
R00011088,L000903,9,2024-12-11,2024-12-11,138730.25,138730.25,Paid On Time,0
R00011089,L000903,10,2025-01-11,2025-01-11,138730.25,138730.25,Paid On Time,0
R00011090,L000903,11,2025-02-11,2025-03-12,138730.25,59015.08,Partial,29
R00011091,L000903,12,2025-03-11,2025-03-10,138730.25,138730.25,Paid On Time,0
R00011092,L000903,13,2025-04-11,,138730.25,0.0,Unpaid,90
R00011093,L000903,14,2025-05-11,,138730.25,0.0,Unpaid,120
R00011094,L000903,15,2025-06-11,,138730.25,0.0,Unpaid,60
R00011095,L000903,16,2025-07-11,2025-07-10,138730.25,138730.25,Paid On Time,0
R00011096,L000903,17,2025-08-11,2025-08-11,138730.25,138730.25,Paid On Time,0
R00011097,L000903,18,2025-09-11,2025-09-11,138730.25,138730.25,Paid On Time,0
R00011098,L000903,19,2025-10-11,2025-10-10,138730.25,138730.25,Paid On Time,0
R00011099,L000903,20,2025-11-11,2025-11-17,138730.25,138730.25,Paid Late,6
R00011100,L000903,21,2025-12-11,2025-12-11,138730.25,138730.25,Paid On Time,0
R00011101,L000903,22,2026-01-11,2026-01-09,138730.25,138730.25,Paid On Time,0
R00011102,L000903,23,2026-02-11,2026-02-10,138730.25,138730.25,Paid On Time,0
R00011103,L000903,24,2026-03-11,2026-03-10,138730.25,138730.25,Paid On Time,0
R00011104,L000904,1,2026-06-15,,228082.68,0.0,Unpaid,60
R00011105,L000904,2,2026-07-15,2026-07-13,228082.68,228082.68,Paid On Time,0
R00011106,L000904,3,2026-08-15,2026-08-14,228082.68,228082.68,Paid On Time,0
R00011107,L000904,4,2026-09-15,2026-09-15,228082.68,228082.68,Paid On Time,0
R00011108,L000905,1,2024-11-15,2024-11-15,240660.93,240660.93,Paid On Time,0
R00011109,L000905,2,2024-12-15,2024-12-13,240660.93,240660.93,Paid On Time,0
R00011110,L000905,3,2025-01-15,2025-01-14,240660.93,240660.93,Paid On Time,0
R00011111,L000905,4,2025-02-15,2025-02-14,240660.93,240660.93,Paid On Time,0
R00011112,L000905,5,2025-03-15,2025-03-14,240660.93,240660.93,Paid On Time,0
R00011113,L000905,6,2025-04-15,2025-04-15,240660.93,240660.93,Paid On Time,0
R00011114,L000905,7,2025-05-15,2025-05-13,240660.93,240660.93,Paid On Time,0
R00011115,L000905,8,2025-06-15,2025-06-15,240660.93,240660.93,Paid On Time,0
R00011116,L000905,9,2025-07-15,2025-07-14,240660.93,240660.93,Paid On Time,0
R00011117,L000905,10,2025-08-15,2025-08-13,240660.93,240660.93,Paid On Time,0
R00011118,L000905,11,2025-09-15,2025-09-15,240660.93,240660.93,Paid On Time,0
R00011119,L000905,12,2025-10-15,2025-10-13,240660.93,240660.93,Paid On Time,0
R00011120,L000906,1,2025-07-20,2025-07-20,637517.51,637517.51,Paid On Time,0
R00011121,L000906,2,2025-08-20,2025-08-20,637517.51,637517.51,Paid On Time,0
R00011122,L000906,3,2025-09-20,2025-10-03,637517.51,637517.51,Paid Late,13
R00011123,L000906,4,2025-10-20,2025-10-20,637517.51,637517.51,Paid On Time,0
R00011124,L000906,5,2025-11-20,2025-12-28,637517.51,271345.71,Partial,38
R00011125,L000906,6,2025-12-20,2025-12-20,637517.51,637517.51,Paid On Time,0
R00011126,L000906,7,2026-01-20,2026-01-20,637517.51,637517.51,Paid On Time,0
R00011127,L000906,8,2026-02-20,2026-02-19,637517.51,637517.51,Paid On Time,0
R00011128,L000906,9,2026-03-20,2026-03-20,637517.51,637517.51,Paid On Time,0
R00011129,L000906,10,2026-04-20,2026-04-19,637517.51,637517.51,Paid On Time,0
R00011130,L000906,11,2026-05-20,2026-05-18,637517.51,637517.51,Paid On Time,0
R00011131,L000906,12,2026-06-20,,637517.51,0.0,Unpaid,30
R00011132,L000907,1,2026-05-17,,39653.01,0.0,Unpaid,90
R00011133,L000907,2,2026-06-17,2026-06-17,39653.01,39653.01,Paid On Time,0
R00011134,L000907,3,2026-07-17,2026-07-16,39653.01,39653.01,Paid On Time,0
R00011135,L000907,4,2026-08-17,2026-08-16,39653.01,39653.01,Paid On Time,0
R00011136,L000907,5,2026-09-17,2026-09-17,39653.01,39653.01,Paid On Time,0
R00011137,L000908,1,2025-05-24,2025-05-24,1035052.46,1035052.46,Paid On Time,0
R00011138,L000908,2,2025-06-24,2025-06-23,1035052.46,1035052.46,Paid On Time,0
R00011139,L000908,3,2025-07-24,2025-08-04,1035052.46,397528.22,Partial,11
R00011140,L000908,4,2025-08-24,2025-09-05,1035052.46,1035052.46,Paid Late,12
R00011141,L000908,5,2025-09-24,2025-09-22,1035052.46,1035052.46,Paid On Time,0
R00011142,L000908,6,2025-10-24,2025-10-24,1035052.46,1035052.46,Paid On Time,0
R00011143,L000908,7,2025-11-24,2025-11-24,1035052.46,1035052.46,Paid On Time,0
R00011144,L000908,8,2025-12-24,2025-12-30,1035052.46,1035052.46,Paid Late,6
R00011145,L000908,9,2026-01-24,2026-01-24,1035052.46,1035052.46,Paid On Time,0
R00011146,L000908,10,2026-02-24,2026-03-13,1035052.46,1035052.46,Paid Late,17
R00011147,L000908,11,2026-03-24,2026-03-22,1035052.46,1035052.46,Paid On Time,0
R00011148,L000908,12,2026-04-24,2026-06-14,1035052.46,619999.37,Partial,51
R00011149,L000909,1,2025-06-15,2025-06-15,80243.99,80243.99,Paid On Time,0
R00011150,L000909,2,2025-07-15,2025-07-14,80243.99,80243.99,Paid On Time,0
R00011151,L000909,3,2025-08-15,2025-08-15,80243.99,80243.99,Paid On Time,0
R00011152,L000909,4,2025-09-15,2025-09-13,80243.99,80243.99,Paid On Time,0
R00011153,L000909,5,2025-10-15,2025-11-05,80243.99,80243.99,Paid Late,21
R00011154,L000909,6,2025-11-15,2025-11-15,80243.99,80243.99,Paid On Time,0
R00011155,L000910,1,2026-07-01,2026-06-29,370613.82,370613.82,Paid On Time,0
R00011156,L000910,2,2026-08-01,2026-08-01,370613.82,370613.82,Paid On Time,0
R00011157,L000910,3,2026-09-01,2026-08-31,370613.82,370613.82,Paid On Time,0
R00011158,L000911,1,2026-04-24,2026-04-24,48406.14,48406.14,Paid On Time,0
R00011159,L000911,2,2026-05-24,2026-05-23,48406.14,48406.14,Paid On Time,0
R00011160,L000911,3,2026-06-24,2026-06-24,48406.14,48406.14,Paid On Time,0
R00011161,L000911,4,2026-07-24,2026-07-23,48406.14,48406.14,Paid On Time,0
R00011162,L000911,5,2026-08-24,2026-08-23,48406.14,48406.14,Paid On Time,0
R00011163,L000911,6,2026-09-24,2026-09-24,48406.14,48406.14,Paid On Time,0
R00011164,L000912,1,2024-04-28,2024-05-04,117863.79,117863.79,Paid Late,6
R00011165,L000912,2,2024-05-28,2024-05-28,117863.79,117863.79,Paid On Time,0
R00011166,L000912,3,2024-06-28,2024-07-28,117863.79,117863.79,Paid Late,30
R00011167,L000912,4,2024-07-28,2024-07-28,117863.79,117863.79,Paid On Time,0
R00011168,L000912,5,2024-08-28,2024-08-28,117863.79,117863.79,Paid On Time,0
R00011169,L000912,6,2024-09-28,2024-09-27,117863.79,117863.79,Paid On Time,0
R00011170,L000912,7,2024-10-28,2024-10-27,117863.79,117863.79,Paid On Time,0
R00011171,L000912,8,2024-11-28,2024-11-27,117863.79,117863.79,Paid On Time,0
R00011172,L000912,9,2024-12-28,2024-12-27,117863.79,117863.79,Paid On Time,0
R00011173,L000912,10,2025-01-28,2025-01-26,117863.79,117863.79,Paid On Time,0
R00011174,L000912,11,2025-02-28,2025-04-08,117863.79,52866.01,Partial,39
R00011175,L000912,12,2025-03-28,2025-03-26,117863.79,117863.79,Paid On Time,0
R00011176,L000912,13,2025-04-28,2025-05-21,117863.79,117863.79,Paid Late,23
R00011177,L000912,14,2025-05-28,2025-05-26,117863.79,117863.79,Paid On Time,0
R00011178,L000912,15,2025-06-28,2025-07-21,117863.79,117863.79,Paid Late,23
R00011179,L000912,16,2025-07-28,2025-08-20,117863.79,117863.79,Paid Late,23
R00011180,L000912,17,2025-08-28,,117863.79,0.0,Unpaid,60
R00011181,L000912,18,2025-09-28,2025-09-26,117863.79,117863.79,Paid On Time,0
R00011182,L000912,19,2025-10-28,2025-10-28,117863.79,117863.79,Paid On Time,0
R00011183,L000912,20,2025-11-28,2025-12-04,117863.79,117863.79,Paid Late,6
R00011184,L000912,21,2025-12-28,2025-12-28,117863.79,117863.79,Paid On Time,0
R00011185,L000912,22,2026-01-28,2026-01-26,117863.79,117863.79,Paid On Time,0
R00011186,L000912,23,2026-02-28,2026-02-28,117863.79,117863.79,Paid On Time,0
R00011187,L000912,24,2026-03-28,2026-03-26,117863.79,117863.79,Paid On Time,0
R00011188,L000912,25,2026-04-28,2026-04-28,117863.79,117863.79,Paid On Time,0
R00011189,L000912,26,2026-05-28,2026-05-26,117863.79,117863.79,Paid On Time,0
R00011190,L000912,27,2026-06-28,2026-06-27,117863.79,117863.79,Paid On Time,0
R00011191,L000912,28,2026-07-28,2026-08-17,117863.79,117863.79,Paid Late,20
R00011192,L000912,29,2026-08-28,2026-08-28,117863.79,117863.79,Paid On Time,0
R00011193,L000912,30,2026-09-28,2026-10-18,117863.79,117863.79,Paid Late,20
R00011194,L000913,1,2026-07-16,2026-07-15,660834.28,660834.28,Paid On Time,0
R00011195,L000913,2,2026-08-16,2026-08-16,660834.28,660834.28,Paid On Time,0
R00011196,L000913,3,2026-09-16,2026-09-15,660834.28,660834.28,Paid On Time,0
R00011197,L000914,1,2024-05-11,2024-05-10,389342.07,389342.07,Paid On Time,0
R00011198,L000914,2,2024-06-11,2024-06-09,389342.07,389342.07,Paid On Time,0
R00011199,L000914,3,2024-07-11,2024-07-09,389342.07,389342.07,Paid On Time,0
R00011200,L000914,4,2024-08-11,2024-08-26,389342.07,389342.07,Paid Late,15
R00011201,L000914,5,2024-09-11,2024-10-22,389342.07,161994.47,Partial,41
R00011202,L000914,6,2024-10-11,2024-10-11,389342.07,389342.07,Paid On Time,0
R00011203,L000914,7,2024-11-11,2024-11-18,389342.07,389342.07,Paid Late,7
R00011204,L000914,8,2024-12-11,,389342.07,0.0,Unpaid,90
R00011205,L000914,9,2025-01-11,2025-01-11,389342.07,389342.07,Paid On Time,0
R00011206,L000914,10,2025-02-11,2025-02-10,389342.07,389342.07,Paid On Time,0
R00011207,L000914,11,2025-03-11,2025-03-09,389342.07,389342.07,Paid On Time,0
R00011208,L000914,12,2025-04-11,2025-04-09,389342.07,389342.07,Paid On Time,0
R00011209,L000915,1,2025-11-13,2025-11-13,88910.81,88910.81,Paid On Time,0
R00011210,L000915,2,2025-12-13,,88910.81,0.0,Unpaid,60
R00011211,L000915,3,2026-01-13,,88910.81,0.0,Unpaid,30
R00011212,L000915,4,2026-02-13,2026-02-12,88910.81,88910.81,Paid On Time,0
R00011213,L000915,5,2026-03-13,2026-03-13,88910.81,88910.81,Paid On Time,0
R00011214,L000915,6,2026-04-13,2026-04-12,88910.81,88910.81,Paid On Time,0
R00011215,L000916,1,2025-03-09,2025-03-07,184913.57,184913.57,Paid On Time,0
R00011216,L000916,2,2025-04-09,2025-04-08,184913.57,184913.57,Paid On Time,0
R00011217,L000916,3,2025-05-09,2025-06-16,184913.57,67625.65,Partial,38
R00011218,L000916,4,2025-06-09,2025-06-08,184913.57,184913.57,Paid On Time,0
R00011219,L000916,5,2025-07-09,2025-07-07,184913.57,184913.57,Paid On Time,0
R00011220,L000916,6,2025-08-09,2025-08-07,184913.57,184913.57,Paid On Time,0
R00011221,L000916,7,2025-09-09,2025-09-09,184913.57,184913.57,Paid On Time,0
R00011222,L000916,8,2025-10-09,2025-10-17,184913.57,184913.57,Paid Late,8
R00011223,L000916,9,2025-11-09,2025-11-08,184913.57,184913.57,Paid On Time,0
R00011224,L000916,10,2025-12-09,2025-12-07,184913.57,184913.57,Paid On Time,0
R00011225,L000916,11,2026-01-09,2026-01-08,184913.57,184913.57,Paid On Time,0
R00011226,L000916,12,2026-02-09,2026-02-09,184913.57,184913.57,Paid On Time,0
R00011227,L000916,13,2026-03-09,2026-03-07,184913.57,184913.57,Paid On Time,0
R00011228,L000916,14,2026-04-09,2026-04-09,184913.57,184913.57,Paid On Time,0
R00011229,L000916,15,2026-05-09,2026-05-09,184913.57,184913.57,Paid On Time,0
R00011230,L000916,16,2026-06-09,2026-06-09,184913.57,184913.57,Paid On Time,0
R00011231,L000916,17,2026-07-09,2026-07-09,184913.57,184913.57,Paid On Time,0
R00011232,L000916,18,2026-08-09,2026-08-07,184913.57,184913.57,Paid On Time,0
R00011233,L000916,19,2026-09-09,2026-09-07,184913.57,184913.57,Paid On Time,0
R00011234,L000918,1,2026-02-02,2026-01-31,32536.19,32536.19,Paid On Time,0
R00011235,L000918,2,2026-03-02,,32536.19,0.0,Unpaid,60
R00011236,L000918,3,2026-04-02,2026-04-02,32536.19,32536.19,Paid On Time,0
R00011237,L000918,4,2026-05-02,2026-06-06,32536.19,19278.53,Partial,35
R00011238,L000918,5,2026-06-02,2026-05-31,32536.19,32536.19,Paid On Time,0
R00011239,L000918,6,2026-07-02,2026-06-30,32536.19,32536.19,Paid On Time,0
R00011240,L000918,7,2026-08-02,2026-08-02,32536.19,32536.19,Paid On Time,0
R00011241,L000918,8,2026-09-02,2026-09-01,32536.19,32536.19,Paid On Time,0
R00011242,L000919,1,2026-04-09,,255474.39,0.0,Unpaid,90
R00011243,L000919,2,2026-05-09,2026-05-07,255474.39,255474.39,Paid On Time,0
R00011244,L000919,3,2026-06-09,2026-06-09,255474.39,255474.39,Paid On Time,0
R00011245,L000919,4,2026-07-09,2026-09-04,255474.39,159609.93,Partial,57
R00011246,L000919,5,2026-08-09,2026-08-20,255474.39,255474.39,Paid Late,11
R00011247,L000919,6,2026-09-09,2026-09-30,255474.39,198265.14,Partial,45
R00011248,L000920,1,2025-08-13,2025-08-12,18319.87,18319.87,Paid On Time,0
R00011249,L000920,2,2025-09-13,2025-09-13,18319.87,18319.87,Paid On Time,0
R00011250,L000920,3,2025-10-13,2025-10-13,18319.87,18319.87,Paid On Time,0
R00011251,L000920,4,2025-11-13,2025-11-11,18319.87,18319.87,Paid On Time,0
R00011252,L000920,5,2025-12-13,2025-12-11,18319.87,18319.87,Paid On Time,0
R00011253,L000920,6,2026-01-13,2026-01-13,18319.87,18319.87,Paid On Time,0
R00011254,L000920,7,2026-02-13,2026-02-11,18319.87,18319.87,Paid On Time,0
R00011255,L000920,8,2026-03-13,2026-03-12,18319.87,18319.87,Paid On Time,0
R00011256,L000920,9,2026-04-13,2026-04-13,18319.87,18319.87,Paid On Time,0
R00011257,L000920,10,2026-05-13,2026-05-12,18319.87,18319.87,Paid On Time,0
R00011258,L000920,11,2026-06-13,2026-06-11,18319.87,18319.87,Paid On Time,0
R00011259,L000920,12,2026-07-13,2026-07-20,18319.87,18319.87,Paid Late,7
R00011260,L000920,13,2026-08-13,2026-09-30,18319.87,7446.77,Partial,52
R00011261,L000920,14,2026-09-13,2026-09-13,18319.87,18319.87,Paid On Time,0
R00011262,L000921,1,2026-01-06,2026-01-05,44315.82,44315.82,Paid On Time,0
R00011263,L000921,2,2026-02-06,2026-03-03,44315.82,44315.82,Paid Late,25
R00011264,L000921,3,2026-03-06,2026-03-06,44315.82,44315.82,Paid On Time,0
R00011265,L000921,4,2026-04-06,2026-04-04,44315.82,44315.82,Paid On Time,0
R00011266,L000921,5,2026-05-06,2026-06-23,44315.82,16922.05,Partial,48
R00011267,L000921,6,2026-06-06,2026-06-04,44315.82,44315.82,Paid On Time,0
R00011268,L000921,7,2026-07-06,2026-07-05,44315.82,44315.82,Paid On Time,0
R00011269,L000921,8,2026-08-06,2026-08-31,44315.82,44315.82,Paid Late,25
R00011270,L000921,9,2026-09-06,2026-09-06,44315.82,44315.82,Paid On Time,0
R00011271,L000922,1,2025-04-19,2025-04-18,14766.49,14766.49,Paid On Time,0
R00011272,L000922,2,2025-05-19,2025-06-13,14766.49,14766.49,Paid Late,25
R00011273,L000922,3,2025-06-19,2025-06-18,14766.49,14766.49,Paid On Time,0
R00011274,L000922,4,2025-07-19,2025-08-19,14766.49,9188.87,Partial,31
R00011275,L000922,5,2025-08-19,2025-08-17,14766.49,14766.49,Paid On Time,0
R00011276,L000922,6,2025-09-19,2025-09-18,14766.49,14766.49,Paid On Time,0
R00011277,L000922,7,2025-10-19,2025-12-06,14766.49,8307.34,Partial,48
R00011278,L000922,8,2025-11-19,2025-11-17,14766.49,14766.49,Paid On Time,0
R00011279,L000922,9,2025-12-19,2025-12-17,14766.49,14766.49,Paid On Time,0
R00011280,L000922,10,2026-01-19,2026-01-18,14766.49,14766.49,Paid On Time,0
R00011281,L000922,11,2026-02-19,2026-02-19,14766.49,14766.49,Paid On Time,0
R00011282,L000922,12,2026-03-19,2026-03-18,14766.49,14766.49,Paid On Time,0
R00011283,L000922,13,2026-04-19,2026-04-19,14766.49,14766.49,Paid On Time,0
R00011284,L000922,14,2026-05-19,2026-06-05,14766.49,14766.49,Paid Late,17
R00011285,L000922,15,2026-06-19,2026-06-17,14766.49,14766.49,Paid On Time,0
R00011286,L000922,16,2026-07-19,2026-07-17,14766.49,14766.49,Paid On Time,0
R00011287,L000922,17,2026-08-19,2026-08-17,14766.49,14766.49,Paid On Time,0
R00011288,L000922,18,2026-09-19,2026-09-17,14766.49,14766.49,Paid On Time,0
R00011289,L000923,1,2025-05-23,2025-05-23,51199.19,51199.19,Paid On Time,0
R00011290,L000923,2,2025-06-23,,51199.19,0.0,Unpaid,60
R00011291,L000923,3,2025-07-23,2025-07-21,51199.19,51199.19,Paid On Time,0
R00011292,L000923,4,2025-08-23,2025-09-12,51199.19,51199.19,Paid Late,20
R00011293,L000923,5,2025-09-23,2025-09-23,51199.19,51199.19,Paid On Time,0
R00011294,L000923,6,2025-10-23,2025-10-23,51199.19,51199.19,Paid On Time,0
R00011295,L000923,7,2025-11-23,2025-11-21,51199.19,51199.19,Paid On Time,0
R00011296,L000923,8,2025-12-23,2025-12-21,51199.19,51199.19,Paid On Time,0
R00011297,L000923,9,2026-01-23,2026-02-11,51199.19,23407.51,Partial,19
R00011298,L000923,10,2026-02-23,2026-02-22,51199.19,51199.19,Paid On Time,0
R00011299,L000923,11,2026-03-23,2026-03-23,51199.19,51199.19,Paid On Time,0
R00011300,L000923,12,2026-04-23,2026-04-21,51199.19,51199.19,Paid On Time,0
R00011301,L000923,13,2026-05-23,,51199.19,0.0,Unpaid,60
R00011302,L000923,14,2026-06-23,2026-07-20,51199.19,51199.19,Paid Late,27
R00011303,L000923,15,2026-07-23,2026-07-21,51199.19,51199.19,Paid On Time,0
R00011304,L000923,16,2026-08-23,,51199.19,0.0,Unpaid,38
R00011305,L000923,17,2026-09-23,2026-09-21,51199.19,51199.19,Paid On Time,0
R00011306,L000924,1,2025-02-14,,78381.12,0.0,Unpaid,30
R00011307,L000924,2,2025-03-14,2025-03-13,78381.12,78381.12,Paid On Time,0
R00011308,L000924,3,2025-04-14,,78381.12,0.0,Unpaid,120
R00011309,L000924,4,2025-05-14,2025-05-24,78381.12,78381.12,Paid Late,10
R00011310,L000924,5,2025-06-14,2025-06-12,78381.12,78381.12,Paid On Time,0
R00011311,L000924,6,2025-07-14,2025-07-12,78381.12,78381.12,Paid On Time,0
R00011312,L000924,7,2025-08-14,2025-08-12,78381.12,78381.12,Paid On Time,0
R00011313,L000924,8,2025-09-14,2025-09-13,78381.12,78381.12,Paid On Time,0
R00011314,L000924,9,2025-10-14,2025-10-13,78381.12,78381.12,Paid On Time,0
R00011315,L000924,10,2025-11-14,2025-11-27,78381.12,78381.12,Paid Late,13
R00011316,L000924,11,2025-12-14,2025-12-28,78381.12,78381.12,Paid Late,14
R00011317,L000924,12,2026-01-14,2026-01-14,78381.12,78381.12,Paid On Time,0
R00011318,L000925,1,2024-05-07,2024-05-06,41881.78,41881.78,Paid On Time,0
R00011319,L000925,2,2024-06-07,2024-06-07,41881.78,41881.78,Paid On Time,0
R00011320,L000925,3,2024-07-07,2024-07-05,41881.78,41881.78,Paid On Time,0
R00011321,L000925,4,2024-08-07,2024-08-07,41881.78,41881.78,Paid On Time,0
R00011322,L000925,5,2024-09-07,2024-09-07,41881.78,41881.78,Paid On Time,0
R00011323,L000925,6,2024-10-07,2024-10-05,41881.78,41881.78,Paid On Time,0
R00011324,L000925,7,2024-11-07,2024-11-13,41881.78,41881.78,Paid Late,6
R00011325,L000925,8,2024-12-07,2024-12-06,41881.78,41881.78,Paid On Time,0
R00011326,L000925,9,2025-01-07,2025-01-23,41881.78,41881.78,Paid Late,16
R00011327,L000925,10,2025-02-07,2025-02-07,41881.78,41881.78,Paid On Time,0
R00011328,L000925,11,2025-03-07,2025-03-06,41881.78,41881.78,Paid On Time,0
R00011329,L000925,12,2025-04-07,2025-04-06,41881.78,41881.78,Paid On Time,0
R00011330,L000925,13,2025-05-07,2025-05-14,41881.78,41881.78,Paid Late,7
R00011331,L000925,14,2025-06-07,2025-06-07,41881.78,41881.78,Paid On Time,0
R00011332,L000925,15,2025-07-07,,41881.78,0.0,Unpaid,120
R00011333,L000925,16,2025-08-07,2025-09-09,41881.78,15403.63,Partial,33
R00011334,L000925,17,2025-09-07,2025-09-06,41881.78,41881.78,Paid On Time,0
R00011335,L000925,18,2025-10-07,2025-11-06,41881.78,41881.78,Paid Late,30
R00011336,L000925,19,2025-11-07,2025-11-07,41881.78,41881.78,Paid On Time,0
R00011337,L000925,20,2025-12-07,2025-12-05,41881.78,41881.78,Paid On Time,0
R00011338,L000925,21,2026-01-07,,41881.78,0.0,Unpaid,60
R00011339,L000925,22,2026-02-07,,41881.78,0.0,Unpaid,30
R00011340,L000925,23,2026-03-07,2026-03-10,41881.78,41881.78,Paid Late,3
R00011341,L000925,24,2026-04-07,2026-04-06,41881.78,41881.78,Paid On Time,0
R00011342,L000925,25,2026-05-07,2026-05-06,41881.78,41881.78,Paid On Time,0
R00011343,L000925,26,2026-06-07,2026-08-06,41881.78,30210.06,Partial,60
R00011344,L000925,27,2026-07-07,2026-07-05,41881.78,41881.78,Paid On Time,0
R00011345,L000925,28,2026-08-07,2026-08-06,41881.78,41881.78,Paid On Time,0
R00011346,L000925,29,2026-09-07,2026-09-07,41881.78,41881.78,Paid On Time,0
R00011347,L000926,1,2025-11-21,2025-11-20,37160.27,37160.27,Paid On Time,0
R00011348,L000926,2,2025-12-21,2025-12-20,37160.27,37160.27,Paid On Time,0
R00011349,L000926,3,2026-01-21,2026-01-20,37160.27,37160.27,Paid On Time,0
R00011350,L000926,4,2026-02-21,2026-02-21,37160.27,37160.27,Paid On Time,0
R00011351,L000926,5,2026-03-21,2026-03-21,37160.27,37160.27,Paid On Time,0
R00011352,L000926,6,2026-04-21,2026-04-21,37160.27,37160.27,Paid On Time,0
R00011353,L000926,7,2026-05-21,2026-06-10,37160.27,37160.27,Paid Late,20
R00011354,L000926,8,2026-06-21,2026-06-21,37160.27,37160.27,Paid On Time,0
R00011355,L000926,9,2026-07-21,2026-07-19,37160.27,37160.27,Paid On Time,0
R00011356,L000926,10,2026-08-21,2026-08-20,37160.27,37160.27,Paid On Time,0
R00011357,L000926,11,2026-09-21,2026-09-21,37160.27,37160.27,Paid On Time,0
R00011358,L000927,1,2024-06-28,2024-06-28,419599.09,419599.09,Paid On Time,0
R00011359,L000927,2,2024-07-28,2024-07-27,419599.09,419599.09,Paid On Time,0
R00011360,L000927,3,2024-08-28,2024-08-28,419599.09,419599.09,Paid On Time,0
R00011361,L000927,4,2024-09-28,2024-09-28,419599.09,419599.09,Paid On Time,0
R00011362,L000927,5,2024-10-28,2024-10-28,419599.09,419599.09,Paid On Time,0
R00011363,L000927,6,2024-11-28,2024-12-28,419599.09,419599.09,Paid Late,30
R00011364,L000928,1,2025-08-18,2025-08-18,122563.15,122563.15,Paid On Time,0
R00011365,L000928,2,2025-09-18,2025-09-16,122563.15,122563.15,Paid On Time,0
R00011366,L000928,3,2025-10-18,2025-10-18,122563.15,122563.15,Paid On Time,0
R00011367,L000928,4,2025-11-18,2025-11-18,122563.15,122563.15,Paid On Time,0
R00011368,L000928,5,2025-12-18,2025-12-17,122563.15,122563.15,Paid On Time,0
R00011369,L000928,6,2026-01-18,2026-02-12,122563.15,122563.15,Paid Late,25
R00011370,L000928,7,2026-02-18,2026-02-17,122563.15,122563.15,Paid On Time,0
R00011371,L000928,8,2026-03-18,2026-03-17,122563.15,122563.15,Paid On Time,0
R00011372,L000928,9,2026-04-18,2026-04-16,122563.15,122563.15,Paid On Time,0
R00011373,L000928,10,2026-05-18,2026-05-18,122563.15,122563.15,Paid On Time,0
R00011374,L000928,11,2026-06-18,2026-06-18,122563.15,122563.15,Paid On Time,0
R00011375,L000928,12,2026-07-18,2026-07-18,122563.15,122563.15,Paid On Time,0
R00011376,L000928,13,2026-08-18,2026-08-17,122563.15,122563.15,Paid On Time,0
R00011377,L000928,14,2026-09-18,2026-09-16,122563.15,122563.15,Paid On Time,0
R00011378,L000929,1,2025-02-14,2025-03-08,115417.46,76652.78,Partial,22
R00011379,L000929,2,2025-03-14,2025-03-14,115417.46,115417.46,Paid On Time,0
R00011380,L000929,3,2025-04-14,2025-04-13,115417.46,115417.46,Paid On Time,0
R00011381,L000929,4,2025-05-14,2025-05-13,115417.46,115417.46,Paid On Time,0
R00011382,L000929,5,2025-06-14,2025-06-12,115417.46,115417.46,Paid On Time,0
R00011383,L000929,6,2025-07-14,2025-07-14,115417.46,115417.46,Paid On Time,0
R00011384,L000929,7,2025-08-14,2025-08-27,115417.46,115417.46,Paid Late,13
R00011385,L000929,8,2025-09-14,2025-09-12,115417.46,115417.46,Paid On Time,0
R00011386,L000929,9,2025-10-14,2025-10-13,115417.46,115417.46,Paid On Time,0
R00011387,L000929,10,2025-11-14,2025-11-13,115417.46,115417.46,Paid On Time,0
R00011388,L000929,11,2025-12-14,2025-12-12,115417.46,115417.46,Paid On Time,0
R00011389,L000929,12,2026-01-14,2026-01-13,115417.46,115417.46,Paid On Time,0
R00011390,L000929,13,2026-02-14,2026-02-12,115417.46,115417.46,Paid On Time,0
R00011391,L000929,14,2026-03-14,2026-03-14,115417.46,115417.46,Paid On Time,0
R00011392,L000929,15,2026-04-14,2026-04-13,115417.46,115417.46,Paid On Time,0
R00011393,L000929,16,2026-05-14,2026-07-06,115417.46,59907.31,Partial,53
R00011394,L000929,17,2026-06-14,2026-06-12,115417.46,115417.46,Paid On Time,0
R00011395,L000929,18,2026-07-14,2026-07-12,115417.46,115417.46,Paid On Time,0
R00011396,L000929,19,2026-08-14,2026-08-13,115417.46,115417.46,Paid On Time,0
R00011397,L000929,20,2026-09-14,2026-09-13,115417.46,115417.46,Paid On Time,0
R00011398,L000930,1,2026-03-18,2026-03-16,234583.28,234583.28,Paid On Time,0
R00011399,L000930,2,2026-04-18,2026-04-16,234583.28,234583.28,Paid On Time,0
R00011400,L000930,3,2026-05-18,,234583.28,0.0,Unpaid,60
R00011401,L000930,4,2026-06-18,2026-06-18,234583.28,234583.28,Paid On Time,0
R00011402,L000930,5,2026-07-18,2026-07-17,234583.28,234583.28,Paid On Time,0
R00011403,L000930,6,2026-08-18,2026-08-17,234583.28,234583.28,Paid On Time,0
R00011404,L000931,1,2024-06-13,2024-06-11,409742.1,409742.1,Paid On Time,0
R00011405,L000931,2,2024-07-13,2024-07-12,409742.1,409742.1,Paid On Time,0
R00011406,L000931,3,2024-08-13,2024-08-12,409742.1,409742.1,Paid On Time,0
R00011407,L000931,4,2024-09-13,2024-09-13,409742.1,409742.1,Paid On Time,0
R00011408,L000931,5,2024-10-13,2024-10-12,409742.1,409742.1,Paid On Time,0
R00011409,L000931,6,2024-11-13,2024-11-13,409742.1,409742.1,Paid On Time,0
R00011410,L000931,7,2024-12-13,2024-12-13,409742.1,409742.1,Paid On Time,0
R00011411,L000931,8,2025-01-13,2025-01-11,409742.1,409742.1,Paid On Time,0
R00011412,L000931,9,2025-02-13,2025-02-13,409742.1,409742.1,Paid On Time,0
R00011413,L000931,10,2025-03-13,2025-03-13,409742.1,409742.1,Paid On Time,0
R00011414,L000931,11,2025-04-13,,409742.1,0.0,Unpaid,30
R00011415,L000931,12,2025-05-13,2025-05-13,409742.1,409742.1,Paid On Time,0
R00011416,L000931,13,2025-06-13,2025-06-13,409742.1,409742.1,Paid On Time,0
R00011417,L000931,14,2025-07-13,2025-07-15,409742.1,409742.1,Paid Late,2
R00011418,L000931,15,2025-08-13,2025-09-18,409742.1,281284.65,Partial,36
R00011419,L000931,16,2025-09-13,2025-09-12,409742.1,409742.1,Paid On Time,0
R00011420,L000931,17,2025-10-13,2025-10-11,409742.1,409742.1,Paid On Time,0
R00011421,L000931,18,2025-11-13,2025-11-13,409742.1,409742.1,Paid On Time,0
R00011422,L000931,19,2025-12-13,,409742.1,0.0,Unpaid,120
R00011423,L000931,20,2026-01-13,2026-01-12,409742.1,409742.1,Paid On Time,0
R00011424,L000931,21,2026-02-13,2026-02-11,409742.1,409742.1,Paid On Time,0
R00011425,L000931,22,2026-03-13,2026-03-13,409742.1,409742.1,Paid On Time,0
R00011426,L000931,23,2026-04-13,2026-04-15,409742.1,409742.1,Paid Late,2
R00011427,L000931,24,2026-05-13,2026-05-11,409742.1,409742.1,Paid On Time,0
R00011428,L000931,25,2026-06-13,2026-06-13,409742.1,409742.1,Paid On Time,0
R00011429,L000931,26,2026-07-13,2026-07-13,409742.1,409742.1,Paid On Time,0
R00011430,L000931,27,2026-08-13,2026-08-12,409742.1,409742.1,Paid On Time,0
R00011431,L000931,28,2026-09-13,2026-09-13,409742.1,409742.1,Paid On Time,0
R00011432,L000932,1,2024-04-03,2024-04-03,962472.06,962472.06,Paid On Time,0
R00011433,L000932,2,2024-05-03,2024-06-01,962472.06,962472.06,Paid Late,29
R00011434,L000932,3,2024-06-03,2024-06-03,962472.06,962472.06,Paid On Time,0
R00011435,L000932,4,2024-07-03,2024-07-02,962472.06,962472.06,Paid On Time,0
R00011436,L000932,5,2024-08-03,2024-08-01,962472.06,962472.06,Paid On Time,0
R00011437,L000932,6,2024-09-03,2024-09-02,962472.06,962472.06,Paid On Time,0
R00011438,L000932,7,2024-10-03,2024-10-02,962472.06,962472.06,Paid On Time,0
R00011439,L000932,8,2024-11-03,2024-11-19,962472.06,962472.06,Paid Late,16
R00011440,L000932,9,2024-12-03,2024-12-03,962472.06,962472.06,Paid On Time,0
R00011441,L000932,10,2025-01-03,2025-01-03,962472.06,962472.06,Paid On Time,0
R00011442,L000932,11,2025-02-03,2025-02-01,962472.06,962472.06,Paid On Time,0
R00011443,L000932,12,2025-03-03,2025-03-02,962472.06,962472.06,Paid On Time,0
R00011444,L000933,1,2024-04-01,2024-03-30,96470.72,96470.72,Paid On Time,0
R00011445,L000933,2,2024-05-01,2024-04-29,96470.72,96470.72,Paid On Time,0
R00011446,L000933,3,2024-06-01,,96470.72,0.0,Unpaid,60
R00011447,L000933,4,2024-07-01,2024-06-29,96470.72,96470.72,Paid On Time,0
R00011448,L000933,5,2024-08-01,,96470.72,0.0,Unpaid,120
R00011449,L000933,6,2024-09-01,2024-08-31,96470.72,96470.72,Paid On Time,0
R00011450,L000933,7,2024-10-01,2024-10-01,96470.72,96470.72,Paid On Time,0
R00011451,L000933,8,2024-11-01,,96470.72,0.0,Unpaid,90
R00011452,L000933,9,2024-12-01,2024-12-10,96470.72,96470.72,Paid Late,9
R00011453,L000933,10,2025-01-01,2025-01-23,96470.72,54709.97,Partial,22
R00011454,L000933,11,2025-02-01,2025-01-30,96470.72,96470.72,Paid On Time,0
R00011455,L000933,12,2025-03-01,2025-02-28,96470.72,96470.72,Paid On Time,0
R00011456,L000933,13,2025-04-01,2025-04-01,96470.72,96470.72,Paid On Time,0
R00011457,L000933,14,2025-05-01,2025-04-30,96470.72,96470.72,Paid On Time,0
R00011458,L000933,15,2025-06-01,2025-05-30,96470.72,96470.72,Paid On Time,0
R00011459,L000933,16,2025-07-01,2025-07-01,96470.72,96470.72,Paid On Time,0
R00011460,L000933,17,2025-08-01,2025-08-01,96470.72,96470.72,Paid On Time,0
R00011461,L000933,18,2025-09-01,2025-08-31,96470.72,96470.72,Paid On Time,0
R00011462,L000934,1,2025-02-25,2025-02-23,66066.86,66066.86,Paid On Time,0
R00011463,L000934,2,2025-03-25,2025-03-24,66066.86,66066.86,Paid On Time,0
R00011464,L000934,3,2025-04-25,2025-04-24,66066.86,66066.86,Paid On Time,0
R00011465,L000934,4,2025-05-25,2025-05-25,66066.86,66066.86,Paid On Time,0
R00011466,L000934,5,2025-06-25,2025-06-23,66066.86,66066.86,Paid On Time,0
R00011467,L000934,6,2025-07-25,2025-07-25,66066.86,66066.86,Paid On Time,0
R00011468,L000934,7,2025-08-25,2025-09-23,66066.86,51243.98,Partial,29
R00011469,L000934,8,2025-09-25,,66066.86,0.0,Unpaid,60
R00011470,L000934,9,2025-10-25,2025-10-24,66066.86,66066.86,Paid On Time,0
R00011471,L000934,10,2025-11-25,2025-11-25,66066.86,66066.86,Paid On Time,0
R00011472,L000934,11,2025-12-25,2025-12-24,66066.86,66066.86,Paid On Time,0
R00011473,L000934,12,2026-01-25,2026-01-23,66066.86,66066.86,Paid On Time,0
R00011474,L000934,13,2026-02-25,2026-03-18,66066.86,66066.86,Paid Late,21
R00011475,L000934,14,2026-03-25,2026-03-24,66066.86,66066.86,Paid On Time,0
R00011476,L000934,15,2026-04-25,2026-04-25,66066.86,66066.86,Paid On Time,0
R00011477,L000934,16,2026-05-25,2026-06-30,66066.86,47719.02,Partial,36
R00011478,L000934,17,2026-06-25,2026-06-25,66066.86,66066.86,Paid On Time,0
R00011479,L000934,18,2026-07-25,2026-07-23,66066.86,66066.86,Paid On Time,0
R00011480,L000934,19,2026-08-25,2026-08-24,66066.86,66066.86,Paid On Time,0
R00011481,L000934,20,2026-09-25,2026-09-23,66066.86,66066.86,Paid On Time,0
R00011482,L000935,1,2025-04-28,,67455.36,0.0,Unpaid,120
R00011483,L000935,2,2025-05-28,2025-05-27,67455.36,67455.36,Paid On Time,0
R00011484,L000935,3,2025-06-28,2025-06-28,67455.36,67455.36,Paid On Time,0
R00011485,L000935,4,2025-07-28,2025-09-13,67455.36,41194.07,Partial,47
R00011486,L000935,5,2025-08-28,2025-09-04,67455.36,67455.36,Paid Late,7
R00011487,L000935,6,2025-09-28,,67455.36,0.0,Unpaid,90
R00011488,L000935,7,2025-10-28,2025-11-17,67455.36,67455.36,Paid Late,20
R00011489,L000935,8,2025-11-28,2025-11-26,67455.36,67455.36,Paid On Time,0
R00011490,L000935,9,2025-12-28,2025-12-27,67455.36,67455.36,Paid On Time,0
R00011491,L000935,10,2026-01-28,2026-02-03,67455.36,67455.36,Paid Late,6
R00011492,L000935,11,2026-02-28,2026-04-07,67455.36,42110.9,Partial,38
R00011493,L000935,12,2026-03-28,2026-04-02,67455.36,67455.36,Paid Late,5
R00011494,L000935,13,2026-04-28,2026-04-28,67455.36,67455.36,Paid On Time,0
R00011495,L000935,14,2026-05-28,2026-05-27,67455.36,67455.36,Paid On Time,0
R00011496,L000935,15,2026-06-28,2026-06-27,67455.36,67455.36,Paid On Time,0
R00011497,L000935,16,2026-07-28,2026-07-27,67455.36,67455.36,Paid On Time,0
R00011498,L000935,17,2026-08-28,,67455.36,0.0,Unpaid,30
R00011499,L000935,18,2026-09-28,2026-10-07,67455.36,67455.36,Paid Late,9
R00011500,L000936,1,2024-03-26,,58797.02,0.0,Unpaid,30
R00011501,L000936,2,2024-04-26,2024-04-24,58797.02,58797.02,Paid On Time,0
R00011502,L000936,3,2024-05-26,2024-05-25,58797.02,58797.02,Paid On Time,0
R00011503,L000936,4,2024-06-26,2024-06-25,58797.02,58797.02,Paid On Time,0
R00011504,L000936,5,2024-07-26,2024-07-26,58797.02,58797.02,Paid On Time,0
R00011505,L000936,6,2024-08-26,2024-08-26,58797.02,58797.02,Paid On Time,0
R00011506,L000936,7,2024-09-26,2024-09-25,58797.02,58797.02,Paid On Time,0
R00011507,L000936,8,2024-10-26,2024-11-10,58797.02,44676.26,Partial,15
R00011508,L000936,9,2024-11-26,2024-11-26,58797.02,58797.02,Paid On Time,0
R00011509,L000936,10,2024-12-26,2024-12-26,58797.02,58797.02,Paid On Time,0
R00011510,L000936,11,2025-01-26,2025-01-26,58797.02,58797.02,Paid On Time,0
R00011511,L000936,12,2025-02-26,2025-02-26,58797.02,58797.02,Paid On Time,0
R00011512,L000936,13,2025-03-26,2025-03-25,58797.02,58797.02,Paid On Time,0
R00011513,L000936,14,2025-04-26,2025-04-26,58797.02,58797.02,Paid On Time,0
R00011514,L000936,15,2025-05-26,2025-05-25,58797.02,58797.02,Paid On Time,0
R00011515,L000936,16,2025-06-26,2025-06-25,58797.02,58797.02,Paid On Time,0
R00011516,L000936,17,2025-07-26,2025-08-21,58797.02,58797.02,Paid Late,26
R00011517,L000936,18,2025-08-26,2025-08-25,58797.02,58797.02,Paid On Time,0
R00011518,L000936,19,2025-09-26,2025-09-25,58797.02,58797.02,Paid On Time,0
R00011519,L000936,20,2025-10-26,2025-10-26,58797.02,58797.02,Paid On Time,0
R00011520,L000936,21,2025-11-26,2025-12-25,58797.02,58797.02,Paid Late,29
R00011521,L000936,22,2025-12-26,2025-12-24,58797.02,58797.02,Paid On Time,0
R00011522,L000936,23,2026-01-26,2026-01-26,58797.02,58797.02,Paid On Time,0
R00011523,L000936,24,2026-02-26,2026-02-24,58797.02,58797.02,Paid On Time,0
R00011524,L000937,1,2024-09-01,2024-08-30,1099293.56,1099293.56,Paid On Time,0
R00011525,L000937,2,2024-10-01,2024-10-22,1099293.56,1099293.56,Paid Late,21
R00011526,L000937,3,2024-11-01,2024-10-30,1099293.56,1099293.56,Paid On Time,0
R00011527,L000937,4,2024-12-01,2024-12-01,1099293.56,1099293.56,Paid On Time,0
R00011528,L000937,5,2025-01-01,2024-12-30,1099293.56,1099293.56,Paid On Time,0
R00011529,L000937,6,2025-02-01,2025-03-27,1099293.56,399191.01,Partial,54
R00011530,L000938,1,2025-06-04,,787425.44,0.0,Unpaid,30
R00011531,L000938,2,2025-07-04,2025-07-03,787425.44,787425.44,Paid On Time,0
R00011532,L000938,3,2025-08-04,2025-08-17,787425.44,787425.44,Paid Late,13
R00011533,L000938,4,2025-09-04,2025-09-02,787425.44,787425.44,Paid On Time,0
R00011534,L000938,5,2025-10-04,2025-10-02,787425.44,787425.44,Paid On Time,0
R00011535,L000938,6,2025-11-04,2025-11-04,787425.44,787425.44,Paid On Time,0
R00011536,L000938,7,2025-12-04,2025-12-02,787425.44,787425.44,Paid On Time,0
R00011537,L000938,8,2026-01-04,2026-01-02,787425.44,787425.44,Paid On Time,0
R00011538,L000938,9,2026-02-04,2026-02-03,787425.44,787425.44,Paid On Time,0
R00011539,L000938,10,2026-03-04,2026-03-03,787425.44,787425.44,Paid On Time,0
R00011540,L000938,11,2026-04-04,2026-04-02,787425.44,787425.44,Paid On Time,0
R00011541,L000938,12,2026-05-04,2026-05-03,787425.44,787425.44,Paid On Time,0
R00011542,L000939,1,2025-12-14,2026-01-08,216025.21,216025.21,Paid Late,25
R00011543,L000939,2,2026-01-14,2026-01-14,216025.21,216025.21,Paid On Time,0
R00011544,L000939,3,2026-02-14,2026-02-14,216025.21,216025.21,Paid On Time,0
R00011545,L000939,4,2026-03-14,2026-03-12,216025.21,216025.21,Paid On Time,0
R00011546,L000939,5,2026-04-14,2026-04-13,216025.21,216025.21,Paid On Time,0
R00011547,L000939,6,2026-05-14,2026-07-11,216025.21,143080.64,Partial,58
R00011548,L000939,7,2026-06-14,2026-06-12,216025.21,216025.21,Paid On Time,0
R00011549,L000939,8,2026-07-14,2026-07-12,216025.21,216025.21,Paid On Time,0
R00011550,L000939,9,2026-08-14,2026-08-12,216025.21,216025.21,Paid On Time,0
R00011551,L000939,10,2026-09-14,2026-09-14,216025.21,216025.21,Paid On Time,0
R00011552,L000940,1,2025-08-07,2025-08-07,172598.96,172598.96,Paid On Time,0
R00011553,L000940,2,2025-09-07,2025-09-06,172598.96,172598.96,Paid On Time,0
R00011554,L000940,3,2025-10-07,2025-10-06,172598.96,172598.96,Paid On Time,0
R00011555,L000940,4,2025-11-07,,172598.96,0.0,Unpaid,90
R00011556,L000940,5,2025-12-07,2025-12-06,172598.96,172598.96,Paid On Time,0
R00011557,L000940,6,2026-01-07,2026-01-07,172598.96,172598.96,Paid On Time,0
R00011558,L000940,7,2026-02-07,2026-02-05,172598.96,172598.96,Paid On Time,0
R00011559,L000940,8,2026-03-07,2026-03-06,172598.96,172598.96,Paid On Time,0
R00011560,L000940,9,2026-04-07,2026-06-06,172598.96,122886.16,Partial,60
R00011561,L000940,10,2026-05-07,2026-05-28,172598.96,131729.88,Partial,21
R00011562,L000940,11,2026-06-07,2026-07-07,172598.96,172598.96,Paid Late,30
R00011563,L000940,12,2026-07-07,,172598.96,0.0,Unpaid,85
R00011564,L000940,13,2026-08-07,2026-08-06,172598.96,172598.96,Paid On Time,0
R00011565,L000940,14,2026-09-07,2026-09-05,172598.96,172598.96,Paid On Time,0
R00011566,L000941,1,2025-07-18,2025-07-16,1252795.71,1252795.71,Paid On Time,0
R00011567,L000941,2,2025-08-18,2025-08-17,1252795.71,1252795.71,Paid On Time,0
R00011568,L000941,3,2025-09-18,2025-11-01,1252795.71,450810.61,Partial,44
R00011569,L000941,4,2025-10-18,2025-10-16,1252795.71,1252795.71,Paid On Time,0
R00011570,L000941,5,2025-11-18,2025-11-17,1252795.71,1252795.71,Paid On Time,0
R00011571,L000941,6,2025-12-18,2025-12-18,1252795.71,1252795.71,Paid On Time,0
R00011572,L000941,7,2026-01-18,2026-02-11,1252795.71,1252795.71,Paid Late,24
R00011573,L000941,8,2026-02-18,2026-02-18,1252795.71,1252795.71,Paid On Time,0
R00011574,L000941,9,2026-03-18,2026-04-25,1252795.71,976642.67,Partial,38
R00011575,L000941,10,2026-04-18,2026-04-18,1252795.71,1252795.71,Paid On Time,0
R00011576,L000941,11,2026-05-18,2026-05-17,1252795.71,1252795.71,Paid On Time,0
R00011577,L000941,12,2026-06-18,2026-06-18,1252795.71,1252795.71,Paid On Time,0
R00011578,L000942,1,2026-03-03,2026-03-02,133650.37,133650.37,Paid On Time,0
R00011579,L000942,2,2026-04-03,2026-04-01,133650.37,133650.37,Paid On Time,0
R00011580,L000942,3,2026-05-03,2026-05-03,133650.37,133650.37,Paid On Time,0
R00011581,L000942,4,2026-06-03,2026-06-03,133650.37,133650.37,Paid On Time,0
R00011582,L000942,5,2026-07-03,,133650.37,0.0,Unpaid,60
R00011583,L000942,6,2026-08-03,2026-08-01,133650.37,133650.37,Paid On Time,0
R00011584,L000942,7,2026-09-03,2026-09-03,133650.37,133650.37,Paid On Time,0
R00011585,L000943,1,2026-02-24,2026-02-23,2207908.8,2207908.8,Paid On Time,0
R00011586,L000943,2,2026-03-24,2026-03-22,2207908.8,2207908.8,Paid On Time,0
R00011587,L000943,3,2026-04-24,2026-04-22,2207908.8,2207908.8,Paid On Time,0
R00011588,L000943,4,2026-05-24,2026-05-24,2207908.8,2207908.8,Paid On Time,0
R00011589,L000943,5,2026-06-24,2026-06-22,2207908.8,2207908.8,Paid On Time,0
R00011590,L000943,6,2026-07-24,2026-07-22,2207908.8,2207908.8,Paid On Time,0
R00011591,L000943,7,2026-08-24,2026-09-13,2207908.8,905835.27,Partial,20
R00011592,L000943,8,2026-09-24,2026-09-30,2207908.8,893613.62,Partial,23
R00011593,L000944,1,2025-03-01,2025-03-01,134150.73,134150.73,Paid On Time,0
R00011594,L000944,2,2025-04-01,2025-03-31,134150.73,134150.73,Paid On Time,0
R00011595,L000944,3,2025-05-01,2025-05-11,134150.73,134150.73,Paid Late,10
R00011596,L000944,4,2025-06-01,2025-05-30,134150.73,134150.73,Paid On Time,0
R00011597,L000944,5,2025-07-01,2025-06-29,134150.73,134150.73,Paid On Time,0
R00011598,L000944,6,2025-08-01,2025-08-01,134150.73,134150.73,Paid On Time,0
R00011599,L000944,7,2025-09-01,2025-08-30,134150.73,134150.73,Paid On Time,0
R00011600,L000944,8,2025-10-01,2025-10-23,134150.73,134150.73,Paid Late,22
R00011601,L000944,9,2025-11-01,2025-10-30,134150.73,134150.73,Paid On Time,0
R00011602,L000944,10,2025-12-01,2025-11-29,134150.73,134150.73,Paid On Time,0
R00011603,L000944,11,2026-01-01,,134150.73,0.0,Unpaid,30
R00011604,L000944,12,2026-02-01,2026-02-24,134150.73,134150.73,Paid Late,23
R00011605,L000944,13,2026-03-01,2026-03-12,134150.73,69817.76,Partial,11
R00011606,L000944,14,2026-04-01,2026-04-01,134150.73,134150.73,Paid On Time,0
R00011607,L000944,15,2026-05-01,2026-04-30,134150.73,134150.73,Paid On Time,0
R00011608,L000944,16,2026-06-01,2026-05-30,134150.73,134150.73,Paid On Time,0
R00011609,L000944,17,2026-07-01,2026-06-29,134150.73,134150.73,Paid On Time,0
R00011610,L000944,18,2026-08-01,2026-07-30,134150.73,134150.73,Paid On Time,0
R00011611,L000944,19,2026-09-01,2026-09-01,134150.73,134150.73,Paid On Time,0
R00011612,L000946,1,2024-10-16,2024-10-14,696329.0,696329.0,Paid On Time,0
R00011613,L000946,2,2024-11-16,2024-12-13,696329.0,306970.2,Partial,27
R00011614,L000946,3,2024-12-16,2024-12-15,696329.0,696329.0,Paid On Time,0
R00011615,L000946,4,2025-01-16,2025-01-16,696329.0,696329.0,Paid On Time,0
R00011616,L000946,5,2025-02-16,2025-02-14,696329.0,696329.0,Paid On Time,0
R00011617,L000946,6,2025-03-16,2025-03-15,696329.0,696329.0,Paid On Time,0
R00011618,L000946,7,2025-04-16,2025-04-16,696329.0,696329.0,Paid On Time,0
R00011619,L000946,8,2025-05-16,2025-05-16,696329.0,696329.0,Paid On Time,0
R00011620,L000946,9,2025-06-16,2025-06-16,696329.0,696329.0,Paid On Time,0
R00011621,L000946,10,2025-07-16,2025-07-20,696329.0,696329.0,Paid Late,4
R00011622,L000946,11,2025-08-16,2025-08-15,696329.0,696329.0,Paid On Time,0
R00011623,L000946,12,2025-09-16,2025-09-15,696329.0,696329.0,Paid On Time,0
R00011624,L000946,13,2025-10-16,2025-10-14,696329.0,696329.0,Paid On Time,0
R00011625,L000946,14,2025-11-16,2025-11-14,696329.0,696329.0,Paid On Time,0
R00011626,L000946,15,2025-12-16,2025-12-14,696329.0,696329.0,Paid On Time,0
R00011627,L000946,16,2026-01-16,2026-01-15,696329.0,696329.0,Paid On Time,0
R00011628,L000946,17,2026-02-16,2026-02-16,696329.0,696329.0,Paid On Time,0
R00011629,L000946,18,2026-03-16,2026-03-14,696329.0,696329.0,Paid On Time,0
R00011630,L000947,1,2026-07-08,2026-07-08,101648.64,101648.64,Paid On Time,0
R00011631,L000947,2,2026-08-08,2026-09-16,101648.64,46642.25,Partial,39
R00011632,L000947,3,2026-09-08,2026-09-06,101648.64,101648.64,Paid On Time,0
R00011633,L000948,1,2026-09-28,2026-09-27,108870.72,108870.72,Paid On Time,0
R00011634,L000949,1,2026-04-26,2026-04-24,83307.7,83307.7,Paid On Time,0
R00011635,L000949,2,2026-05-26,2026-07-10,83307.7,52435.07,Partial,45
R00011636,L000949,3,2026-06-26,2026-06-25,83307.7,83307.7,Paid On Time,0
R00011637,L000949,4,2026-07-26,2026-08-07,83307.7,83307.7,Paid Late,12
R00011638,L000949,5,2026-08-26,2026-08-24,83307.7,83307.7,Paid On Time,0
R00011639,L000949,6,2026-09-26,2026-09-25,83307.7,83307.7,Paid On Time,0
R00011640,L000950,1,2025-07-06,,2013954.66,0.0,Unpaid,30
R00011641,L000950,2,2025-08-06,2025-08-06,2013954.66,2013954.66,Paid On Time,0
R00011642,L000950,3,2025-09-06,2025-09-05,2013954.66,2013954.66,Paid On Time,0
R00011643,L000950,4,2025-10-06,2025-10-06,2013954.66,2013954.66,Paid On Time,0
R00011644,L000950,5,2025-11-06,2025-11-05,2013954.66,2013954.66,Paid On Time,0
R00011645,L000950,6,2025-12-06,2025-12-06,2013954.66,2013954.66,Paid On Time,0
R00011646,L000950,7,2026-01-06,2026-01-04,2013954.66,2013954.66,Paid On Time,0
R00011647,L000950,8,2026-02-06,2026-03-04,2013954.66,1500259.54,Partial,26
R00011648,L000950,9,2026-03-06,2026-03-04,2013954.66,2013954.66,Paid On Time,0
R00011649,L000950,10,2026-04-06,2026-04-04,2013954.66,2013954.66,Paid On Time,0
R00011650,L000950,11,2026-05-06,2026-05-06,2013954.66,2013954.66,Paid On Time,0
R00011651,L000950,12,2026-06-06,2026-06-04,2013954.66,2013954.66,Paid On Time,0
R00011652,L000951,1,2024-08-28,2024-08-26,419854.81,419854.81,Paid On Time,0
R00011653,L000951,2,2024-09-28,2024-10-19,419854.81,419854.81,Paid Late,21
R00011654,L000951,3,2024-10-28,2024-11-14,419854.81,419854.81,Paid Late,17
R00011655,L000951,4,2024-11-28,2024-11-28,419854.81,419854.81,Paid On Time,0
R00011656,L000951,5,2024-12-28,2024-12-28,419854.81,419854.81,Paid On Time,0
R00011657,L000951,6,2025-01-28,2025-01-28,419854.81,419854.81,Paid On Time,0
R00011658,L000951,7,2025-02-28,2025-03-22,419854.81,419854.81,Paid Late,22
R00011659,L000951,8,2025-03-28,2025-05-15,419854.81,174304.67,Partial,48
R00011660,L000951,9,2025-04-28,2025-05-07,419854.81,419854.81,Paid Late,9
R00011661,L000951,10,2025-05-28,2025-05-26,419854.81,419854.81,Paid On Time,0
R00011662,L000951,11,2025-06-28,2025-06-27,419854.81,419854.81,Paid On Time,0
R00011663,L000951,12,2025-07-28,2025-07-27,419854.81,419854.81,Paid On Time,0
R00011664,L000952,1,2025-01-26,2025-01-25,138438.11,138438.11,Paid On Time,0
R00011665,L000952,2,2025-02-26,2025-02-24,138438.11,138438.11,Paid On Time,0
R00011666,L000952,3,2025-03-26,2025-03-26,138438.11,138438.11,Paid On Time,0
R00011667,L000952,4,2025-04-26,2025-05-02,138438.11,138438.11,Paid Late,6
R00011668,L000952,5,2025-05-26,2025-05-25,138438.11,138438.11,Paid On Time,0
R00011669,L000952,6,2025-06-26,2025-06-24,138438.11,138438.11,Paid On Time,0
R00011670,L000952,7,2025-07-26,2025-09-01,138438.11,73475.07,Partial,37
R00011671,L000952,8,2025-08-26,2025-08-25,138438.11,138438.11,Paid On Time,0
R00011672,L000952,9,2025-09-26,2025-10-16,138438.11,138438.11,Paid Late,20
R00011673,L000952,10,2025-10-26,2025-10-25,138438.11,138438.11,Paid On Time,0
R00011674,L000952,11,2025-11-26,2025-11-24,138438.11,138438.11,Paid On Time,0
R00011675,L000952,12,2025-12-26,2025-12-25,138438.11,138438.11,Paid On Time,0
R00011676,L000952,13,2026-01-26,2026-01-26,138438.11,138438.11,Paid On Time,0
R00011677,L000952,14,2026-02-26,2026-02-25,138438.11,138438.11,Paid On Time,0
R00011678,L000952,15,2026-03-26,2026-03-25,138438.11,138438.11,Paid On Time,0
R00011679,L000952,16,2026-04-26,,138438.11,0.0,Unpaid,60
R00011680,L000952,17,2026-05-26,2026-05-26,138438.11,138438.11,Paid On Time,0
R00011681,L000952,18,2026-06-26,2026-07-02,138438.11,138438.11,Paid Late,6
R00011682,L000952,19,2026-07-26,2026-07-24,138438.11,138438.11,Paid On Time,0
R00011683,L000952,20,2026-08-26,2026-08-27,138438.11,138438.11,Paid Late,1
R00011684,L000952,21,2026-09-26,2026-09-26,138438.11,138438.11,Paid On Time,0
R00011685,L000953,1,2025-09-26,2025-09-26,433985.22,433985.22,Paid On Time,0
R00011686,L000953,2,2025-10-26,2025-10-24,433985.22,433985.22,Paid On Time,0
R00011687,L000953,3,2025-11-26,2025-11-24,433985.22,433985.22,Paid On Time,0
R00011688,L000953,4,2025-12-26,2026-01-06,433985.22,270189.66,Partial,11
R00011689,L000953,5,2026-01-26,,433985.22,0.0,Unpaid,30
R00011690,L000953,6,2026-02-26,2026-02-24,433985.22,433985.22,Paid On Time,0
R00011691,L000953,7,2026-03-26,2026-03-24,433985.22,433985.22,Paid On Time,0
R00011692,L000953,8,2026-04-26,2026-05-13,433985.22,433985.22,Paid Late,17
R00011693,L000953,9,2026-05-26,2026-07-02,433985.22,170245.85,Partial,37
R00011694,L000953,10,2026-06-26,2026-06-26,433985.22,433985.22,Paid On Time,0
R00011695,L000953,11,2026-07-26,2026-07-25,433985.22,433985.22,Paid On Time,0
R00011696,L000953,12,2026-08-26,2026-08-27,433985.22,433985.22,Paid Late,1
R00011697,L000953,13,2026-09-26,2026-09-24,433985.22,433985.22,Paid On Time,0
R00011698,L000954,1,2024-11-06,2024-11-06,75111.26,75111.26,Paid On Time,0
R00011699,L000954,2,2024-12-06,2024-12-04,75111.26,75111.26,Paid On Time,0
R00011700,L000954,3,2025-01-06,2025-01-05,75111.26,75111.26,Paid On Time,0
R00011701,L000954,4,2025-02-06,2025-02-25,75111.26,75111.26,Paid Late,19
R00011702,L000954,5,2025-03-06,2025-03-05,75111.26,75111.26,Paid On Time,0
R00011703,L000954,6,2025-04-06,2025-04-04,75111.26,75111.26,Paid On Time,0
R00011704,L000954,7,2025-05-06,2025-06-09,75111.26,33920.12,Partial,34
R00011705,L000954,8,2025-06-06,2025-06-05,75111.26,75111.26,Paid On Time,0
R00011706,L000954,9,2025-07-06,2025-07-04,75111.26,75111.26,Paid On Time,0
R00011707,L000954,10,2025-08-06,2025-08-05,75111.26,75111.26,Paid On Time,0
R00011708,L000954,11,2025-09-06,2025-09-06,75111.26,75111.26,Paid On Time,0
R00011709,L000954,12,2025-10-06,2025-10-05,75111.26,75111.26,Paid On Time,0
R00011710,L000954,13,2025-11-06,2025-11-06,75111.26,75111.26,Paid On Time,0
R00011711,L000954,14,2025-12-06,2025-12-30,75111.26,75111.26,Paid Late,24
R00011712,L000954,15,2026-01-06,2026-01-06,75111.26,75111.26,Paid On Time,0
R00011713,L000954,16,2026-02-06,2026-02-05,75111.26,75111.26,Paid On Time,0
R00011714,L000954,17,2026-03-06,2026-03-06,75111.26,75111.26,Paid On Time,0
R00011715,L000954,18,2026-04-06,2026-04-04,75111.26,75111.26,Paid On Time,0
R00011716,L000954,19,2026-05-06,,75111.26,0.0,Unpaid,90
R00011717,L000954,20,2026-06-06,2026-06-06,75111.26,75111.26,Paid On Time,0
R00011718,L000954,21,2026-07-06,2026-07-05,75111.26,75111.26,Paid On Time,0
R00011719,L000954,22,2026-08-06,2026-08-04,75111.26,75111.26,Paid On Time,0
R00011720,L000954,23,2026-09-06,2026-09-29,75111.26,75111.26,Paid Late,23
R00011721,L000955,1,2024-07-05,2024-07-21,142829.28,142829.28,Paid Late,16
R00011722,L000955,2,2024-08-05,2024-08-23,142829.28,142829.28,Paid Late,18
R00011723,L000955,3,2024-09-05,2024-09-04,142829.28,142829.28,Paid On Time,0
R00011724,L000955,4,2024-10-05,2024-10-04,142829.28,142829.28,Paid On Time,0
R00011725,L000955,5,2024-11-05,2024-11-03,142829.28,142829.28,Paid On Time,0
R00011726,L000955,6,2024-12-05,2024-12-15,142829.28,142829.28,Paid Late,10
R00011727,L000955,7,2025-01-05,2025-01-04,142829.28,142829.28,Paid On Time,0
R00011728,L000955,8,2025-02-05,,142829.28,0.0,Unpaid,120
R00011729,L000955,9,2025-03-05,2025-03-05,142829.28,142829.28,Paid On Time,0
R00011730,L000955,10,2025-04-05,2025-04-05,142829.28,142829.28,Paid On Time,0
R00011731,L000955,11,2025-05-05,2025-06-10,142829.28,105660.6,Partial,36
R00011732,L000955,12,2025-06-05,2025-07-23,142829.28,95290.9,Partial,48
R00011733,L000955,13,2025-07-05,2025-07-05,142829.28,142829.28,Paid On Time,0
R00011734,L000955,14,2025-08-05,2025-08-04,142829.28,142829.28,Paid On Time,0
R00011735,L000955,15,2025-09-05,2025-10-02,142829.28,83629.83,Partial,27
R00011736,L000955,16,2025-10-05,,142829.28,0.0,Unpaid,60
R00011737,L000955,17,2025-11-05,,142829.28,0.0,Unpaid,90
R00011738,L000955,18,2025-12-05,2025-12-05,142829.28,142829.28,Paid On Time,0
R00011739,L000955,19,2026-01-05,2026-01-04,142829.28,142829.28,Paid On Time,0
R00011740,L000955,20,2026-02-05,2026-02-03,142829.28,142829.28,Paid On Time,0
R00011741,L000955,21,2026-03-05,2026-03-24,142829.28,142829.28,Paid Late,19
R00011742,L000955,22,2026-04-05,2026-04-04,142829.28,142829.28,Paid On Time,0
R00011743,L000955,23,2026-05-05,2026-05-05,142829.28,142829.28,Paid On Time,0
R00011744,L000955,24,2026-06-05,2026-06-03,142829.28,142829.28,Paid On Time,0
R00011745,L000956,1,2025-10-20,2025-10-19,205946.51,205946.51,Paid On Time,0
R00011746,L000956,2,2025-11-20,2025-11-19,205946.51,205946.51,Paid On Time,0
R00011747,L000956,3,2025-12-20,2026-01-09,205946.51,113286.55,Partial,20
R00011748,L000956,4,2026-01-20,2026-01-19,205946.51,205946.51,Paid On Time,0
R00011749,L000956,5,2026-02-20,2026-02-20,205946.51,205946.51,Paid On Time,0
R00011750,L000956,6,2026-03-20,2026-03-27,205946.51,205946.51,Paid Late,7
R00011751,L000956,7,2026-04-20,2026-05-14,205946.51,205946.51,Paid Late,24
R00011752,L000956,8,2026-05-20,2026-05-25,205946.51,205946.51,Paid Late,5
R00011753,L000956,9,2026-06-20,2026-06-20,205946.51,205946.51,Paid On Time,0
R00011754,L000956,10,2026-07-20,2026-07-18,205946.51,205946.51,Paid On Time,0
R00011755,L000956,11,2026-08-20,2026-08-18,205946.51,205946.51,Paid On Time,0
R00011756,L000956,12,2026-09-20,2026-09-20,205946.51,205946.51,Paid On Time,0
R00011757,L000957,1,2024-08-19,2024-08-19,52328.06,52328.06,Paid On Time,0
R00011758,L000957,2,2024-09-19,,52328.06,0.0,Unpaid,90
R00011759,L000957,3,2024-10-19,,52328.06,0.0,Unpaid,30
R00011760,L000957,4,2024-11-19,2024-11-17,52328.06,52328.06,Paid On Time,0
R00011761,L000957,5,2024-12-19,2024-12-18,52328.06,52328.06,Paid On Time,0
R00011762,L000957,6,2025-01-19,2025-01-17,52328.06,52328.06,Paid On Time,0
R00011763,L000957,7,2025-02-19,2025-02-17,52328.06,52328.06,Paid On Time,0
R00011764,L000957,8,2025-03-19,2025-03-19,52328.06,52328.06,Paid On Time,0
R00011765,L000957,9,2025-04-19,2025-04-29,52328.06,52328.06,Paid Late,10
R00011766,L000957,10,2025-05-19,2025-05-18,52328.06,52328.06,Paid On Time,0
R00011767,L000957,11,2025-06-19,2025-07-16,52328.06,52328.06,Paid Late,27
R00011768,L000957,12,2025-07-19,2025-07-17,52328.06,52328.06,Paid On Time,0
R00011769,L000958,1,2024-12-04,2024-12-26,94457.64,39031.71,Partial,22
R00011770,L000958,2,2025-01-04,2025-01-04,94457.64,94457.64,Paid On Time,0
R00011771,L000958,3,2025-02-04,2025-02-02,94457.64,94457.64,Paid On Time,0
R00011772,L000958,4,2025-03-04,2025-03-02,94457.64,94457.64,Paid On Time,0
R00011773,L000958,5,2025-04-04,2025-04-19,94457.64,94457.64,Paid Late,15
R00011774,L000958,6,2025-05-04,2025-05-04,94457.64,94457.64,Paid On Time,0
R00011775,L000958,7,2025-06-04,2025-06-24,94457.64,94457.64,Paid Late,20
R00011776,L000958,8,2025-07-04,2025-07-03,94457.64,94457.64,Paid On Time,0
R00011777,L000958,9,2025-08-04,2025-08-02,94457.64,94457.64,Paid On Time,0
R00011778,L000958,10,2025-09-04,2025-09-03,94457.64,94457.64,Paid On Time,0
R00011779,L000958,11,2025-10-04,2025-10-02,94457.64,94457.64,Paid On Time,0
R00011780,L000958,12,2025-11-04,2025-11-03,94457.64,94457.64,Paid On Time,0
R00011781,L000958,13,2025-12-04,2025-12-04,94457.64,94457.64,Paid On Time,0
R00011782,L000958,14,2026-01-04,2026-01-03,94457.64,94457.64,Paid On Time,0
R00011783,L000958,15,2026-02-04,2026-02-03,94457.64,94457.64,Paid On Time,0
R00011784,L000958,16,2026-03-04,2026-03-04,94457.64,94457.64,Paid On Time,0
R00011785,L000958,17,2026-04-04,2026-05-28,94457.64,70925.64,Partial,54
R00011786,L000958,18,2026-05-04,2026-05-02,94457.64,94457.64,Paid On Time,0
R00011787,L000958,19,2026-06-04,2026-07-01,94457.64,94457.64,Paid Late,27
R00011788,L000958,20,2026-07-04,2026-07-04,94457.64,94457.64,Paid On Time,0
R00011789,L000958,21,2026-08-04,2026-08-02,94457.64,94457.64,Paid On Time,0
R00011790,L000958,22,2026-09-04,2026-09-04,94457.64,94457.64,Paid On Time,0
R00011791,L000959,1,2024-06-27,2024-06-27,726677.27,726677.27,Paid On Time,0
R00011792,L000959,2,2024-07-27,2024-07-25,726677.27,726677.27,Paid On Time,0
R00011793,L000959,3,2024-08-27,2024-08-26,726677.27,726677.27,Paid On Time,0
R00011794,L000959,4,2024-09-27,2024-09-25,726677.27,726677.27,Paid On Time,0
R00011795,L000959,5,2024-10-27,2024-10-27,726677.27,726677.27,Paid On Time,0
R00011796,L000959,6,2024-11-27,2024-11-25,726677.27,726677.27,Paid On Time,0
R00011797,L000960,1,2026-08-10,2026-08-09,169749.38,169749.38,Paid On Time,0
R00011798,L000960,2,2026-09-10,2026-09-08,169749.38,169749.38,Paid On Time,0
R00011799,L000961,1,2026-02-28,2026-02-28,569367.95,569367.95,Paid On Time,0
R00011800,L000961,2,2026-03-28,2026-03-26,569367.95,569367.95,Paid On Time,0
R00011801,L000961,3,2026-04-28,2026-04-27,569367.95,569367.95,Paid On Time,0
R00011802,L000961,4,2026-05-28,2026-05-27,569367.95,569367.95,Paid On Time,0
R00011803,L000961,5,2026-06-28,2026-06-27,569367.95,569367.95,Paid On Time,0
R00011804,L000961,6,2026-07-28,2026-08-27,569367.95,569367.95,Paid Late,30
R00011805,L000961,7,2026-08-28,2026-08-28,569367.95,569367.95,Paid On Time,0
R00011806,L000961,8,2026-09-28,2026-09-28,569367.95,569367.95,Paid On Time,0
R00011807,L000962,1,2025-08-22,2025-09-21,74713.78,74713.78,Paid Late,30
R00011808,L000962,2,2025-09-22,2025-09-22,74713.78,74713.78,Paid On Time,0
R00011809,L000962,3,2025-10-22,2025-10-22,74713.78,74713.78,Paid On Time,0
R00011810,L000962,4,2025-11-22,2025-11-22,74713.78,74713.78,Paid On Time,0
R00011811,L000962,5,2025-12-22,,74713.78,0.0,Unpaid,60
R00011812,L000962,6,2026-01-22,2026-01-22,74713.78,74713.78,Paid On Time,0
R00011813,L000962,7,2026-02-22,2026-02-21,74713.78,74713.78,Paid On Time,0
R00011814,L000962,8,2026-03-22,2026-03-20,74713.78,74713.78,Paid On Time,0
R00011815,L000962,9,2026-04-22,,74713.78,0.0,Unpaid,120
R00011816,L000962,10,2026-05-22,2026-05-20,74713.78,74713.78,Paid On Time,0
R00011817,L000962,11,2026-06-22,2026-06-21,74713.78,74713.78,Paid On Time,0
R00011818,L000962,12,2026-07-22,2026-07-22,74713.78,74713.78,Paid On Time,0
R00011819,L000962,13,2026-08-22,2026-08-20,74713.78,74713.78,Paid On Time,0
R00011820,L000962,14,2026-09-22,2026-09-30,74713.78,51635.83,Partial,12
R00011821,L000963,1,2024-07-14,2024-07-12,365468.45,365468.45,Paid On Time,0
R00011822,L000963,2,2024-08-14,2024-08-13,365468.45,365468.45,Paid On Time,0
R00011823,L000963,3,2024-09-14,2024-09-25,365468.45,216840.2,Partial,11
R00011824,L000963,4,2024-10-14,2024-10-14,365468.45,365468.45,Paid On Time,0
R00011825,L000963,5,2024-11-14,2024-11-12,365468.45,365468.45,Paid On Time,0
R00011826,L000963,6,2024-12-14,,365468.45,0.0,Unpaid,120
R00011827,L000963,7,2025-01-14,2025-01-14,365468.45,365468.45,Paid On Time,0
R00011828,L000963,8,2025-02-14,2025-02-12,365468.45,365468.45,Paid On Time,0
R00011829,L000963,9,2025-03-14,2025-03-30,365468.45,365468.45,Paid Late,16
R00011830,L000963,10,2025-04-14,2025-04-14,365468.45,365468.45,Paid On Time,0
R00011831,L000963,11,2025-05-14,2025-05-12,365468.45,365468.45,Paid On Time,0
R00011832,L000963,12,2025-06-14,2025-08-11,365468.45,197917.82,Partial,58
R00011833,L000963,13,2025-07-14,2025-08-10,365468.45,365468.45,Paid Late,27
R00011834,L000963,14,2025-08-14,2025-08-14,365468.45,365468.45,Paid On Time,0
R00011835,L000963,15,2025-09-14,2025-09-13,365468.45,365468.45,Paid On Time,0
R00011836,L000963,16,2025-10-14,2025-11-08,365468.45,365468.45,Paid Late,25
R00011837,L000963,17,2025-11-14,2025-11-14,365468.45,365468.45,Paid On Time,0
R00011838,L000963,18,2025-12-14,2025-12-14,365468.45,365468.45,Paid On Time,0
R00011839,L000963,19,2026-01-14,2026-01-14,365468.45,365468.45,Paid On Time,0
R00011840,L000963,20,2026-02-14,2026-02-12,365468.45,365468.45,Paid On Time,0
R00011841,L000963,21,2026-03-14,2026-03-12,365468.45,365468.45,Paid On Time,0
R00011842,L000963,22,2026-04-14,2026-04-29,365468.45,365468.45,Paid Late,15
R00011843,L000963,23,2026-05-14,2026-05-14,365468.45,365468.45,Paid On Time,0
R00011844,L000963,24,2026-06-14,2026-07-10,365468.45,365468.45,Paid Late,26
R00011845,L000963,25,2026-07-14,2026-07-14,365468.45,365468.45,Paid On Time,0
R00011846,L000963,26,2026-08-14,2026-08-13,365468.45,365468.45,Paid On Time,0
R00011847,L000963,27,2026-09-14,2026-09-12,365468.45,365468.45,Paid On Time,0
R00011848,L000964,1,2025-07-02,2025-07-01,98756.7,98756.7,Paid On Time,0
R00011849,L000964,2,2025-08-02,2025-08-01,98756.7,98756.7,Paid On Time,0
R00011850,L000964,3,2025-09-02,2025-09-22,98756.7,98756.7,Paid Late,20
R00011851,L000964,4,2025-10-02,2025-10-02,98756.7,98756.7,Paid On Time,0
R00011852,L000964,5,2025-11-02,2025-11-01,98756.7,98756.7,Paid On Time,0
R00011853,L000964,6,2025-12-02,2025-12-02,98756.7,98756.7,Paid On Time,0
R00011854,L000964,7,2026-01-02,2026-01-02,98756.7,98756.7,Paid On Time,0
R00011855,L000964,8,2026-02-02,2026-01-31,98756.7,98756.7,Paid On Time,0
R00011856,L000964,9,2026-03-02,2026-02-28,98756.7,98756.7,Paid On Time,0
R00011857,L000964,10,2026-04-02,2026-03-31,98756.7,98756.7,Paid On Time,0
R00011858,L000964,11,2026-05-02,2026-05-02,98756.7,98756.7,Paid On Time,0
R00011859,L000964,12,2026-06-02,2026-06-02,98756.7,98756.7,Paid On Time,0
R00011860,L000964,13,2026-07-02,,98756.7,0.0,Unpaid,30
R00011861,L000964,14,2026-08-02,,98756.7,0.0,Unpaid,59
R00011862,L000964,15,2026-09-02,2026-08-31,98756.7,98756.7,Paid On Time,0
R00011863,L000965,1,2024-12-28,2024-12-26,258621.53,258621.53,Paid On Time,0
R00011864,L000965,2,2025-01-28,2025-02-26,258621.53,258621.53,Paid Late,29
R00011865,L000965,3,2025-02-28,2025-02-28,258621.53,258621.53,Paid On Time,0
R00011866,L000965,4,2025-03-28,2025-03-27,258621.53,258621.53,Paid On Time,0
R00011867,L000965,5,2025-04-28,2025-05-13,258621.53,258621.53,Paid Late,15
R00011868,L000965,6,2025-05-28,2025-05-27,258621.53,258621.53,Paid On Time,0
R00011869,L000965,7,2025-06-28,2025-06-27,258621.53,258621.53,Paid On Time,0
R00011870,L000965,8,2025-07-28,,258621.53,0.0,Unpaid,60
R00011871,L000965,9,2025-08-28,2025-08-27,258621.53,258621.53,Paid On Time,0
R00011872,L000965,10,2025-09-28,2025-09-27,258621.53,258621.53,Paid On Time,0
R00011873,L000965,11,2025-10-28,2025-10-26,258621.53,258621.53,Paid On Time,0
R00011874,L000965,12,2025-11-28,2025-11-27,258621.53,258621.53,Paid On Time,0
R00011875,L000966,1,2025-11-09,2025-11-08,194656.84,194656.84,Paid On Time,0
R00011876,L000966,2,2025-12-09,2025-12-07,194656.84,194656.84,Paid On Time,0
R00011877,L000966,3,2026-01-09,2026-01-09,194656.84,194656.84,Paid On Time,0
R00011878,L000966,4,2026-02-09,2026-02-09,194656.84,194656.84,Paid On Time,0
R00011879,L000966,5,2026-03-09,2026-03-07,194656.84,194656.84,Paid On Time,0
R00011880,L000966,6,2026-04-09,2026-05-08,194656.84,194656.84,Paid Late,29
R00011881,L000966,7,2026-05-09,2026-05-09,194656.84,194656.84,Paid On Time,0
R00011882,L000966,8,2026-06-09,2026-06-08,194656.84,194656.84,Paid On Time,0
R00011883,L000966,9,2026-07-09,2026-07-07,194656.84,194656.84,Paid On Time,0
R00011884,L000966,10,2026-08-09,2026-08-09,194656.84,194656.84,Paid On Time,0
R00011885,L000966,11,2026-09-09,2026-09-30,194656.84,100278.43,Partial,54
R00011886,L000967,1,2025-02-26,2025-02-25,158539.14,158539.14,Paid On Time,0
R00011887,L000967,2,2025-03-26,2025-03-26,158539.14,158539.14,Paid On Time,0
R00011888,L000967,3,2025-04-26,,158539.14,0.0,Unpaid,60
R00011889,L000967,4,2025-05-26,2025-05-24,158539.14,158539.14,Paid On Time,0
R00011890,L000967,5,2025-06-26,2025-06-26,158539.14,158539.14,Paid On Time,0
R00011891,L000967,6,2025-07-26,2025-07-24,158539.14,158539.14,Paid On Time,0
R00011892,L000967,7,2025-08-26,2025-08-26,158539.14,158539.14,Paid On Time,0
R00011893,L000967,8,2025-09-26,2025-09-24,158539.14,158539.14,Paid On Time,0
R00011894,L000967,9,2025-10-26,2025-10-26,158539.14,158539.14,Paid On Time,0
R00011895,L000967,10,2025-11-26,2025-11-25,158539.14,158539.14,Paid On Time,0
R00011896,L000967,11,2025-12-26,2026-01-04,158539.14,158539.14,Paid Late,9
R00011897,L000967,12,2026-01-26,2026-01-25,158539.14,158539.14,Paid On Time,0
R00011898,L000968,1,2025-11-08,2025-12-01,23229.51,23229.51,Paid Late,23
R00011899,L000968,2,2025-12-08,2025-12-22,23229.51,18526.73,Partial,14
R00011900,L000968,3,2026-01-08,2026-01-11,23229.51,23229.51,Paid Late,3
R00011901,L000968,4,2026-02-08,2026-02-25,23229.51,23229.51,Paid Late,17
R00011902,L000968,5,2026-03-08,2026-03-24,23229.51,23229.51,Paid Late,16
R00011903,L000968,6,2026-04-08,2026-04-07,23229.51,23229.51,Paid On Time,0
R00011904,L000968,7,2026-05-08,2026-05-20,23229.51,23229.51,Paid Late,12
R00011905,L000968,8,2026-06-08,2026-06-06,23229.51,23229.51,Paid On Time,0
R00011906,L000968,9,2026-07-08,2026-08-31,23229.51,10355.18,Partial,54
R00011907,L000968,10,2026-08-08,2026-08-06,23229.51,23229.51,Paid On Time,0
R00011908,L000968,11,2026-09-08,2026-09-23,23229.51,23229.51,Paid Late,15
R00011909,L000969,1,2024-10-09,2024-10-08,694546.93,694546.93,Paid On Time,0
R00011910,L000969,2,2024-11-09,,694546.93,0.0,Unpaid,60
R00011911,L000969,3,2024-12-09,2024-12-08,694546.93,694546.93,Paid On Time,0
R00011912,L000969,4,2025-01-09,2025-01-08,694546.93,694546.93,Paid On Time,0
R00011913,L000969,5,2025-02-09,2025-02-09,694546.93,694546.93,Paid On Time,0
R00011914,L000969,6,2025-03-09,2025-03-09,694546.93,694546.93,Paid On Time,0
R00011915,L000969,7,2025-04-09,2025-04-20,694546.93,694546.93,Paid Late,11
R00011916,L000969,8,2025-05-09,2025-05-08,694546.93,694546.93,Paid On Time,0
R00011917,L000969,9,2025-06-09,2025-06-07,694546.93,694546.93,Paid On Time,0
R00011918,L000969,10,2025-07-09,2025-07-08,694546.93,694546.93,Paid On Time,0
R00011919,L000969,11,2025-08-09,2025-08-08,694546.93,694546.93,Paid On Time,0
R00011920,L000969,12,2025-09-09,2025-09-07,694546.93,694546.93,Paid On Time,0
R00011921,L000969,13,2025-10-09,2025-10-22,694546.93,694546.93,Paid Late,13
R00011922,L000969,14,2025-11-09,2025-11-07,694546.93,694546.93,Paid On Time,0
R00011923,L000969,15,2025-12-09,2025-12-08,694546.93,694546.93,Paid On Time,0
R00011924,L000969,16,2026-01-09,2026-01-07,694546.93,694546.93,Paid On Time,0
R00011925,L000969,17,2026-02-09,2026-02-07,694546.93,694546.93,Paid On Time,0
R00011926,L000969,18,2026-03-09,2026-03-08,694546.93,694546.93,Paid On Time,0
R00011927,L000970,1,2024-11-14,2024-11-14,232146.57,232146.57,Paid On Time,0
R00011928,L000970,2,2024-12-14,2024-12-12,232146.57,232146.57,Paid On Time,0
R00011929,L000970,3,2025-01-14,2025-01-13,232146.57,232146.57,Paid On Time,0
R00011930,L000970,4,2025-02-14,2025-02-14,232146.57,232146.57,Paid On Time,0
R00011931,L000970,5,2025-03-14,2025-03-12,232146.57,232146.57,Paid On Time,0
R00011932,L000970,6,2025-04-14,2025-04-13,232146.57,232146.57,Paid On Time,0
R00011933,L000970,7,2025-05-14,2025-05-13,232146.57,232146.57,Paid On Time,0
R00011934,L000970,8,2025-06-14,2025-06-14,232146.57,232146.57,Paid On Time,0
R00011935,L000970,9,2025-07-14,,232146.57,0.0,Unpaid,90
R00011936,L000970,10,2025-08-14,2025-08-15,232146.57,232146.57,Paid Late,1
R00011937,L000970,11,2025-09-14,2025-09-14,232146.57,232146.57,Paid On Time,0
R00011938,L000970,12,2025-10-14,2025-10-13,232146.57,232146.57,Paid On Time,0
R00011939,L000970,13,2025-11-14,2025-11-15,232146.57,232146.57,Paid Late,1
R00011940,L000970,14,2025-12-14,2025-12-14,232146.57,232146.57,Paid On Time,0
R00011941,L000970,15,2026-01-14,2026-01-13,232146.57,232146.57,Paid On Time,0
R00011942,L000970,16,2026-02-14,2026-02-12,232146.57,232146.57,Paid On Time,0
R00011943,L000970,17,2026-03-14,2026-03-26,232146.57,232146.57,Paid Late,12
R00011944,L000970,18,2026-04-14,2026-04-14,232146.57,232146.57,Paid On Time,0
R00011945,L000971,1,2025-08-28,2025-08-28,86019.34,86019.34,Paid On Time,0
R00011946,L000971,2,2025-09-28,2025-09-28,86019.34,86019.34,Paid On Time,0
R00011947,L000971,3,2025-10-28,2025-10-28,86019.34,86019.34,Paid On Time,0
R00011948,L000971,4,2025-11-28,2025-11-26,86019.34,86019.34,Paid On Time,0
R00011949,L000971,5,2025-12-28,2026-01-07,86019.34,86019.34,Paid Late,10
R00011950,L000971,6,2026-01-28,2026-01-28,86019.34,86019.34,Paid On Time,0
R00011951,L000971,7,2026-02-28,2026-02-28,86019.34,86019.34,Paid On Time,0
R00011952,L000971,8,2026-03-28,,86019.34,0.0,Unpaid,120
R00011953,L000971,9,2026-04-28,2026-04-27,86019.34,86019.34,Paid On Time,0
R00011954,L000971,10,2026-05-28,,86019.34,0.0,Unpaid,60
R00011955,L000971,11,2026-06-28,2026-06-28,86019.34,86019.34,Paid On Time,0
R00011956,L000971,12,2026-07-28,2026-07-26,86019.34,86019.34,Paid On Time,0
R00011957,L000971,13,2026-08-28,2026-08-27,86019.34,86019.34,Paid On Time,0
R00011958,L000971,14,2026-09-28,2026-10-18,86019.34,86019.34,Paid Late,20
R00011959,L000972,1,2026-07-08,2026-07-06,69449.94,69449.94,Paid On Time,0
R00011960,L000972,2,2026-08-08,2026-08-08,69449.94,69449.94,Paid On Time,0
R00011961,L000972,3,2026-09-08,2026-09-08,69449.94,69449.94,Paid On Time,0
R00011962,L000973,1,2024-12-28,2024-12-26,66417.18,66417.18,Paid On Time,0
R00011963,L000973,2,2025-01-28,2025-01-27,66417.18,66417.18,Paid On Time,0
R00011964,L000973,3,2025-02-28,2025-02-28,66417.18,66417.18,Paid On Time,0
R00011965,L000973,4,2025-03-28,2025-03-27,66417.18,66417.18,Paid On Time,0
R00011966,L000973,5,2025-04-28,2025-04-26,66417.18,66417.18,Paid On Time,0
R00011967,L000973,6,2025-05-28,2025-05-26,66417.18,66417.18,Paid On Time,0
R00011968,L000973,7,2025-06-28,2025-06-28,66417.18,66417.18,Paid On Time,0
R00011969,L000973,8,2025-07-28,2025-07-28,66417.18,66417.18,Paid On Time,0
R00011970,L000973,9,2025-08-28,2025-08-27,66417.18,66417.18,Paid On Time,0
R00011971,L000973,10,2025-09-28,2025-09-28,66417.18,66417.18,Paid On Time,0
R00011972,L000973,11,2025-10-28,2025-10-26,66417.18,66417.18,Paid On Time,0
R00011973,L000973,12,2025-11-28,,66417.18,0.0,Unpaid,90
R00011974,L000973,13,2025-12-28,,66417.18,0.0,Unpaid,30
R00011975,L000973,14,2026-01-28,2026-01-27,66417.18,66417.18,Paid On Time,0
R00011976,L000973,15,2026-02-28,,66417.18,0.0,Unpaid,90
R00011977,L000973,16,2026-03-28,2026-03-27,66417.18,66417.18,Paid On Time,0
R00011978,L000973,17,2026-04-28,2026-04-26,66417.18,66417.18,Paid On Time,0
R00011979,L000973,18,2026-05-28,2026-05-27,66417.18,66417.18,Paid On Time,0
R00011980,L000974,1,2024-04-25,2024-04-24,46009.42,46009.42,Paid On Time,0
R00011981,L000974,2,2024-05-25,2024-05-24,46009.42,46009.42,Paid On Time,0
R00011982,L000974,3,2024-06-25,2024-06-27,46009.42,46009.42,Paid Late,2
R00011983,L000974,4,2024-07-25,2024-09-22,46009.42,20151.95,Partial,59
R00011984,L000974,5,2024-08-25,2024-08-23,46009.42,46009.42,Paid On Time,0
R00011985,L000974,6,2024-09-25,2024-09-23,46009.42,46009.42,Paid On Time,0
R00011986,L000974,7,2024-10-25,,46009.42,0.0,Unpaid,120
R00011987,L000974,8,2024-11-25,2024-11-23,46009.42,46009.42,Paid On Time,0
R00011988,L000974,9,2024-12-25,2024-12-25,46009.42,46009.42,Paid On Time,0
R00011989,L000974,10,2025-01-25,2025-01-23,46009.42,46009.42,Paid On Time,0
R00011990,L000974,11,2025-02-25,,46009.42,0.0,Unpaid,90
R00011991,L000974,12,2025-03-25,2025-05-01,46009.42,26309.93,Partial,37
R00011992,L000974,13,2025-04-25,2025-04-25,46009.42,46009.42,Paid On Time,0
R00011993,L000974,14,2025-05-25,2025-05-25,46009.42,46009.42,Paid On Time,0
R00011994,L000974,15,2025-06-25,2025-06-24,46009.42,46009.42,Paid On Time,0
R00011995,L000974,16,2025-07-25,2025-09-19,46009.42,31554.77,Partial,56
R00011996,L000974,17,2025-08-25,2025-10-24,46009.42,27348.89,Partial,60
R00011997,L000974,18,2025-09-25,2025-09-24,46009.42,46009.42,Paid On Time,0
R00011998,L000975,1,2025-02-28,2025-02-26,295257.87,295257.87,Paid On Time,0
R00011999,L000975,2,2025-03-28,2025-03-27,295257.87,295257.87,Paid On Time,0
R00012000,L000975,3,2025-04-28,2025-04-26,295257.87,295257.87,Paid On Time,0
R00012001,L000975,4,2025-05-28,2025-05-26,295257.87,295257.87,Paid On Time,0
R00012002,L000975,5,2025-06-28,2025-06-27,295257.87,295257.87,Paid On Time,0
R00012003,L000975,6,2025-07-28,2025-07-28,295257.87,295257.87,Paid On Time,0
R00012004,L000975,7,2025-08-28,2025-08-28,295257.87,295257.87,Paid On Time,0
R00012005,L000975,8,2025-09-28,2025-09-26,295257.87,295257.87,Paid On Time,0
R00012006,L000975,9,2025-10-28,2025-10-26,295257.87,295257.87,Paid On Time,0
R00012007,L000975,10,2025-11-28,2025-11-27,295257.87,295257.87,Paid On Time,0
R00012008,L000975,11,2025-12-28,2025-12-27,295257.87,295257.87,Paid On Time,0
R00012009,L000975,12,2026-01-28,2026-01-28,295257.87,295257.87,Paid On Time,0
R00012010,L000975,13,2026-02-28,2026-02-28,295257.87,295257.87,Paid On Time,0
R00012011,L000975,14,2026-03-28,2026-03-27,295257.87,295257.87,Paid On Time,0
R00012012,L000975,15,2026-04-28,2026-04-28,295257.87,295257.87,Paid On Time,0
R00012013,L000975,16,2026-05-28,2026-05-27,295257.87,295257.87,Paid On Time,0
R00012014,L000975,17,2026-06-28,2026-06-27,295257.87,295257.87,Paid On Time,0
R00012015,L000975,18,2026-07-28,2026-08-15,295257.87,295257.87,Paid Late,18
R00012016,L000976,1,2024-05-16,2024-05-16,796122.95,796122.95,Paid On Time,0
R00012017,L000976,2,2024-06-16,2024-06-29,796122.95,369622.27,Partial,13
R00012018,L000976,3,2024-07-16,2024-07-14,796122.95,796122.95,Paid On Time,0
R00012019,L000976,4,2024-08-16,2024-09-03,796122.95,534099.81,Partial,18
R00012020,L000976,5,2024-09-16,2024-09-14,796122.95,796122.95,Paid On Time,0
R00012021,L000976,6,2024-10-16,2024-10-14,796122.95,796122.95,Paid On Time,0
R00012022,L000977,1,2026-05-19,2026-05-19,60527.61,60527.61,Paid On Time,0
R00012023,L000977,2,2026-06-19,2026-06-17,60527.61,60527.61,Paid On Time,0
R00012024,L000977,3,2026-07-19,2026-07-19,60527.61,60527.61,Paid On Time,0
R00012025,L000977,4,2026-08-19,2026-08-17,60527.61,60527.61,Paid On Time,0
R00012026,L000977,5,2026-09-19,2026-09-17,60527.61,60527.61,Paid On Time,0
R00012027,L000978,1,2024-10-03,2024-10-22,34068.88,34068.88,Paid Late,19
R00012028,L000978,2,2024-11-03,2024-11-11,34068.88,34068.88,Paid Late,8
R00012029,L000978,3,2024-12-03,2024-12-26,34068.88,21564.8,Partial,23
R00012030,L000978,4,2025-01-03,2025-01-02,34068.88,34068.88,Paid On Time,0
R00012031,L000978,5,2025-02-03,2025-02-02,34068.88,34068.88,Paid On Time,0
R00012032,L000978,6,2025-03-03,2025-03-01,34068.88,34068.88,Paid On Time,0
R00012033,L000978,7,2025-04-03,2025-04-01,34068.88,34068.88,Paid On Time,0
R00012034,L000978,8,2025-05-03,2025-05-01,34068.88,34068.88,Paid On Time,0
R00012035,L000978,9,2025-06-03,2025-06-16,34068.88,34068.88,Paid Late,13
R00012036,L000978,10,2025-07-03,2025-07-03,34068.88,34068.88,Paid On Time,0
R00012037,L000978,11,2025-08-03,2025-08-28,34068.88,34068.88,Paid Late,25
R00012038,L000978,12,2025-09-03,2025-09-01,34068.88,34068.88,Paid On Time,0
R00012039,L000978,13,2025-10-03,2025-10-01,34068.88,34068.88,Paid On Time,0
R00012040,L000978,14,2025-11-03,2025-11-02,34068.88,34068.88,Paid On Time,0
R00012041,L000978,15,2025-12-03,2025-12-03,34068.88,34068.88,Paid On Time,0
R00012042,L000978,16,2026-01-03,2026-01-01,34068.88,34068.88,Paid On Time,0
R00012043,L000978,17,2026-02-03,2026-02-03,34068.88,34068.88,Paid On Time,0
R00012044,L000978,18,2026-03-03,2026-03-03,34068.88,34068.88,Paid On Time,0
R00012045,L000978,19,2026-04-03,2026-05-02,34068.88,34068.88,Paid Late,29
R00012046,L000978,20,2026-05-03,2026-05-02,34068.88,34068.88,Paid On Time,0
R00012047,L000978,21,2026-06-03,2026-06-02,34068.88,34068.88,Paid On Time,0
R00012048,L000978,22,2026-07-03,2026-07-02,34068.88,34068.88,Paid On Time,0
R00012049,L000978,23,2026-08-03,,34068.88,0.0,Unpaid,58
R00012050,L000978,24,2026-09-03,2026-09-03,34068.88,34068.88,Paid On Time,0
R00012051,L000979,1,2025-07-02,2025-07-01,707842.02,707842.02,Paid On Time,0
R00012052,L000979,2,2025-08-02,2025-07-31,707842.02,707842.02,Paid On Time,0
R00012053,L000979,3,2025-09-02,2025-09-01,707842.02,707842.02,Paid On Time,0
R00012054,L000979,4,2025-10-02,2025-10-01,707842.02,707842.02,Paid On Time,0
R00012055,L000979,5,2025-11-02,2025-10-31,707842.02,707842.02,Paid On Time,0
R00012056,L000979,6,2025-12-02,2025-11-30,707842.02,707842.02,Paid On Time,0
R00012057,L000979,7,2026-01-02,2025-12-31,707842.02,707842.02,Paid On Time,0
R00012058,L000979,8,2026-02-02,2026-01-31,707842.02,707842.02,Paid On Time,0
R00012059,L000979,9,2026-03-02,2026-03-02,707842.02,707842.02,Paid On Time,0
R00012060,L000979,10,2026-04-02,2026-04-01,707842.02,707842.02,Paid On Time,0
R00012061,L000979,11,2026-05-02,2026-05-02,707842.02,707842.02,Paid On Time,0
R00012062,L000979,12,2026-06-02,,707842.02,0.0,Unpaid,90
R00012063,L000979,13,2026-07-02,2026-07-26,707842.02,707842.02,Paid Late,24
R00012064,L000979,14,2026-08-02,2026-08-11,707842.02,707842.02,Paid Late,9
R00012065,L000979,15,2026-09-02,,707842.02,0.0,Unpaid,28
R00012066,L000980,1,2025-10-27,2025-10-27,77032.05,77032.05,Paid On Time,0
R00012067,L000980,2,2025-11-27,2025-11-27,77032.05,77032.05,Paid On Time,0
R00012068,L000980,3,2025-12-27,2025-12-26,77032.05,77032.05,Paid On Time,0
R00012069,L000980,4,2026-01-27,2026-01-25,77032.05,77032.05,Paid On Time,0
R00012070,L000980,5,2026-02-27,2026-02-27,77032.05,77032.05,Paid On Time,0
R00012071,L000980,6,2026-03-27,2026-03-25,77032.05,77032.05,Paid On Time,0
R00012072,L000980,7,2026-04-27,2026-04-25,77032.05,77032.05,Paid On Time,0
R00012073,L000980,8,2026-05-27,2026-05-26,77032.05,77032.05,Paid On Time,0
R00012074,L000980,9,2026-06-27,2026-07-28,77032.05,53145.6,Partial,31
R00012075,L000980,10,2026-07-27,,77032.05,0.0,Unpaid,65
R00012076,L000980,11,2026-08-27,2026-08-27,77032.05,77032.05,Paid On Time,0
R00012077,L000980,12,2026-09-27,2026-10-09,77032.05,77032.05,Paid Late,12
R00012078,L000981,1,2026-03-18,2026-03-17,64004.85,64004.85,Paid On Time,0
R00012079,L000981,2,2026-04-18,2026-04-16,64004.85,64004.85,Paid On Time,0
R00012080,L000981,3,2026-05-18,2026-05-18,64004.85,64004.85,Paid On Time,0
R00012081,L000981,4,2026-06-18,2026-07-14,64004.85,64004.85,Paid Late,26
R00012082,L000981,5,2026-07-18,2026-07-16,64004.85,64004.85,Paid On Time,0
R00012083,L000981,6,2026-08-18,2026-08-16,64004.85,64004.85,Paid On Time,0
R00012084,L000981,7,2026-09-18,2026-09-18,64004.85,64004.85,Paid On Time,0
R00012085,L000982,1,2024-11-16,2024-11-30,871649.15,871649.15,Paid Late,14
R00012086,L000982,2,2024-12-16,2024-12-14,871649.15,871649.15,Paid On Time,0
R00012087,L000982,3,2025-01-16,2025-01-14,871649.15,871649.15,Paid On Time,0
R00012088,L000982,4,2025-02-16,2025-02-14,871649.15,871649.15,Paid On Time,0
R00012089,L000982,5,2025-03-16,2025-03-16,871649.15,871649.15,Paid On Time,0
R00012090,L000982,6,2025-04-16,2025-04-16,871649.15,871649.15,Paid On Time,0
R00012091,L000983,1,2026-08-28,2026-08-28,111434.34,111434.34,Paid On Time,0
R00012092,L000983,2,2026-09-28,2026-09-27,111434.34,111434.34,Paid On Time,0
R00012093,L000984,1,2025-01-05,2025-01-05,53182.53,53182.53,Paid On Time,0
R00012094,L000984,2,2025-02-05,,53182.53,0.0,Unpaid,120
R00012095,L000984,3,2025-03-05,2025-04-16,53182.53,37247.11,Partial,42
R00012096,L000984,4,2025-04-05,2025-04-03,53182.53,53182.53,Paid On Time,0
R00012097,L000984,5,2025-05-05,2025-05-04,53182.53,53182.53,Paid On Time,0
R00012098,L000984,6,2025-06-05,2025-06-16,53182.53,53182.53,Paid Late,11
R00012099,L000984,7,2025-07-05,2025-07-05,53182.53,53182.53,Paid On Time,0
R00012100,L000984,8,2025-08-05,2025-08-04,53182.53,53182.53,Paid On Time,0
R00012101,L000984,9,2025-09-05,2025-09-03,53182.53,53182.53,Paid On Time,0
R00012102,L000984,10,2025-10-05,2025-10-03,53182.53,53182.53,Paid On Time,0
R00012103,L000984,11,2025-11-05,2025-11-04,53182.53,53182.53,Paid On Time,0
R00012104,L000984,12,2025-12-05,2025-12-04,53182.53,53182.53,Paid On Time,0
R00012105,L000985,1,2025-04-18,2025-04-17,291816.11,291816.11,Paid On Time,0
R00012106,L000985,2,2025-05-18,2025-05-17,291816.11,291816.11,Paid On Time,0
R00012107,L000985,3,2025-06-18,2025-06-16,291816.11,291816.11,Paid On Time,0
R00012108,L000985,4,2025-07-18,2025-08-09,291816.11,291816.11,Paid Late,22
R00012109,L000985,5,2025-08-18,2025-08-16,291816.11,291816.11,Paid On Time,0
R00012110,L000985,6,2025-09-18,2025-09-16,291816.11,291816.11,Paid On Time,0
R00012111,L000986,1,2026-04-04,2026-04-03,226571.09,226571.09,Paid On Time,0
R00012112,L000986,2,2026-05-04,2026-05-04,226571.09,226571.09,Paid On Time,0
R00012113,L000986,3,2026-06-04,2026-06-04,226571.09,226571.09,Paid On Time,0
R00012114,L000986,4,2026-07-04,2026-07-31,226571.09,226571.09,Paid Late,27
R00012115,L000986,5,2026-08-04,2026-08-03,226571.09,226571.09,Paid On Time,0
R00012116,L000986,6,2026-09-04,2026-09-04,226571.09,226571.09,Paid On Time,0
R00012117,L000987,1,2024-04-19,2024-04-19,118086.2,118086.2,Paid On Time,0
R00012118,L000987,2,2024-05-19,2024-05-19,118086.2,118086.2,Paid On Time,0
R00012119,L000987,3,2024-06-19,2024-06-18,118086.2,118086.2,Paid On Time,0
R00012120,L000987,4,2024-07-19,2024-07-27,118086.2,118086.2,Paid Late,8
R00012121,L000987,5,2024-08-19,2024-08-19,118086.2,118086.2,Paid On Time,0
R00012122,L000987,6,2024-09-19,2024-09-18,118086.2,118086.2,Paid On Time,0
R00012123,L000987,7,2024-10-19,2024-11-24,118086.2,76641.78,Partial,36
R00012124,L000987,8,2024-11-19,2024-12-07,118086.2,118086.2,Paid Late,18
R00012125,L000987,9,2024-12-19,2024-12-18,118086.2,118086.2,Paid On Time,0
R00012126,L000987,10,2025-01-19,2025-01-18,118086.2,118086.2,Paid On Time,0
R00012127,L000987,11,2025-02-19,2025-03-06,118086.2,44339.46,Partial,15
R00012128,L000987,12,2025-03-19,2025-03-17,118086.2,118086.2,Paid On Time,0
R00012129,L000987,13,2025-04-19,2025-04-19,118086.2,118086.2,Paid On Time,0
R00012130,L000987,14,2025-05-19,2025-05-17,118086.2,118086.2,Paid On Time,0
R00012131,L000987,15,2025-06-19,2025-06-17,118086.2,118086.2,Paid On Time,0
R00012132,L000987,16,2025-07-19,2025-07-18,118086.2,118086.2,Paid On Time,0
R00012133,L000987,17,2025-08-19,2025-08-19,118086.2,118086.2,Paid On Time,0
R00012134,L000987,18,2025-09-19,2025-09-17,118086.2,118086.2,Paid On Time,0
R00012135,L000988,1,2024-03-09,2024-03-07,641066.88,641066.88,Paid On Time,0
R00012136,L000988,2,2024-04-09,2024-04-09,641066.88,641066.88,Paid On Time,0
R00012137,L000988,3,2024-05-09,2024-05-08,641066.88,641066.88,Paid On Time,0
R00012138,L000988,4,2024-06-09,2024-06-12,641066.88,641066.88,Paid Late,3
R00012139,L000988,5,2024-07-09,2024-07-09,641066.88,641066.88,Paid On Time,0
R00012140,L000988,6,2024-08-09,2024-08-09,641066.88,641066.88,Paid On Time,0
R00012141,L000988,7,2024-09-09,2024-09-07,641066.88,641066.88,Paid On Time,0
R00012142,L000988,8,2024-10-09,2024-11-19,641066.88,502661.82,Partial,41
R00012143,L000988,9,2024-11-09,2024-11-07,641066.88,641066.88,Paid On Time,0
R00012144,L000988,10,2024-12-09,2024-12-09,641066.88,641066.88,Paid On Time,0
R00012145,L000988,11,2025-01-09,,641066.88,0.0,Unpaid,90
R00012146,L000988,12,2025-02-09,2025-02-18,641066.88,641066.88,Paid Late,9
R00012147,L000989,1,2026-03-05,2026-03-04,154404.17,154404.17,Paid On Time,0
R00012148,L000989,2,2026-04-05,2026-04-05,154404.17,154404.17,Paid On Time,0
R00012149,L000989,3,2026-05-05,2026-05-03,154404.17,154404.17,Paid On Time,0
R00012150,L000989,4,2026-06-05,2026-06-28,154404.17,93219.3,Partial,23
R00012151,L000989,5,2026-07-05,2026-07-28,154404.17,154404.17,Paid Late,23
R00012152,L000989,6,2026-08-05,2026-09-16,154404.17,81763.35,Partial,42
R00012153,L000989,7,2026-09-05,2026-09-03,154404.17,154404.17,Paid On Time,0
R00012154,L000990,1,2026-02-07,2026-02-07,100671.87,100671.87,Paid On Time,0
R00012155,L000990,2,2026-03-07,2026-03-12,100671.87,100671.87,Paid Late,5
R00012156,L000990,3,2026-04-07,2026-04-06,100671.87,100671.87,Paid On Time,0
R00012157,L000990,4,2026-05-07,2026-05-28,100671.87,100671.87,Paid Late,21
R00012158,L000990,5,2026-06-07,2026-06-07,100671.87,100671.87,Paid On Time,0
R00012159,L000990,6,2026-07-07,2026-07-06,100671.87,100671.87,Paid On Time,0
R00012160,L000990,7,2026-08-07,2026-08-07,100671.87,100671.87,Paid On Time,0
R00012161,L000990,8,2026-09-07,2026-09-08,100671.87,100671.87,Paid Late,1
R00012162,L000991,1,2025-02-24,2025-03-09,691688.23,691688.23,Paid Late,13
R00012163,L000991,2,2025-03-24,2025-03-23,691688.23,691688.23,Paid On Time,0
R00012164,L000991,3,2025-04-24,2025-04-22,691688.23,691688.23,Paid On Time,0
R00012165,L000991,4,2025-05-24,2025-05-22,691688.23,691688.23,Paid On Time,0
R00012166,L000991,5,2025-06-24,2025-06-24,691688.23,691688.23,Paid On Time,0
R00012167,L000991,6,2025-07-24,2025-07-24,691688.23,691688.23,Paid On Time,0
R00012168,L000991,7,2025-08-24,2025-09-18,691688.23,253580.23,Partial,25
R00012169,L000991,8,2025-09-24,2025-09-22,691688.23,691688.23,Paid On Time,0
R00012170,L000991,9,2025-10-24,2025-10-22,691688.23,691688.23,Paid On Time,0
R00012171,L000991,10,2025-11-24,2025-11-24,691688.23,691688.23,Paid On Time,0
R00012172,L000991,11,2025-12-24,2025-12-23,691688.23,691688.23,Paid On Time,0
R00012173,L000991,12,2026-01-24,2026-01-23,691688.23,691688.23,Paid On Time,0
R00012174,L000992,1,2025-10-15,2025-10-15,79025.76,79025.76,Paid On Time,0
R00012175,L000992,2,2025-11-15,2025-11-14,79025.76,79025.76,Paid On Time,0
R00012176,L000992,3,2025-12-15,2026-02-13,79025.76,30005.85,Partial,60
R00012177,L000992,4,2026-01-15,2026-01-15,79025.76,79025.76,Paid On Time,0
R00012178,L000992,5,2026-02-15,2026-02-13,79025.76,79025.76,Paid On Time,0
R00012179,L000992,6,2026-03-15,2026-04-04,79025.76,56794.35,Partial,20
R00012180,L000992,7,2026-04-15,2026-04-15,79025.76,79025.76,Paid On Time,0
R00012181,L000992,8,2026-05-15,2026-05-13,79025.76,79025.76,Paid On Time,0
R00012182,L000992,9,2026-06-15,2026-06-15,79025.76,79025.76,Paid On Time,0
R00012183,L000992,10,2026-07-15,2026-07-13,79025.76,79025.76,Paid On Time,0
R00012184,L000992,11,2026-08-15,2026-08-14,79025.76,79025.76,Paid On Time,0
R00012185,L000992,12,2026-09-15,2026-09-15,79025.76,79025.76,Paid On Time,0
R00012186,L000993,1,2025-02-24,2025-02-22,853240.92,853240.92,Paid On Time,0
R00012187,L000993,2,2025-03-24,2025-03-22,853240.92,853240.92,Paid On Time,0
R00012188,L000993,3,2025-04-24,2025-04-23,853240.92,853240.92,Paid On Time,0
R00012189,L000993,4,2025-05-24,2025-05-22,853240.92,853240.92,Paid On Time,0
R00012190,L000993,5,2025-06-24,2025-06-24,853240.92,853240.92,Paid On Time,0
R00012191,L000993,6,2025-07-24,2025-07-22,853240.92,853240.92,Paid On Time,0
R00012192,L000993,7,2025-08-24,2025-09-21,853240.92,853240.92,Paid Late,28
R00012193,L000993,8,2025-09-24,2025-09-23,853240.92,853240.92,Paid On Time,0
R00012194,L000993,9,2025-10-24,2025-10-24,853240.92,853240.92,Paid On Time,0
R00012195,L000993,10,2025-11-24,2025-11-22,853240.92,853240.92,Paid On Time,0
R00012196,L000993,11,2025-12-24,2025-12-22,853240.92,853240.92,Paid On Time,0
R00012197,L000993,12,2026-01-24,2026-01-24,853240.92,853240.92,Paid On Time,0
R00012198,L000993,13,2026-02-24,2026-02-23,853240.92,853240.92,Paid On Time,0
R00012199,L000993,14,2026-03-24,2026-03-23,853240.92,853240.92,Paid On Time,0
R00012200,L000993,15,2026-04-24,2026-04-24,853240.92,853240.92,Paid On Time,0
R00012201,L000993,16,2026-05-24,2026-06-10,853240.92,357902.61,Partial,17
R00012202,L000993,17,2026-06-24,2026-06-24,853240.92,853240.92,Paid On Time,0
R00012203,L000993,18,2026-07-24,2026-07-24,853240.92,853240.92,Paid On Time,0
R00012204,L000993,19,2026-08-24,2026-08-22,853240.92,853240.92,Paid On Time,0
R00012205,L000993,20,2026-09-24,2026-09-30,853240.92,425905.31,Partial,29
R00012206,L000994,1,2026-08-11,2026-08-09,115646.4,115646.4,Paid On Time,0
R00012207,L000994,2,2026-09-11,2026-09-10,115646.4,115646.4,Paid On Time,0
R00012208,L000995,1,2025-11-28,2025-11-27,266230.19,266230.19,Paid On Time,0
R00012209,L000995,2,2025-12-28,2025-12-28,266230.19,266230.19,Paid On Time,0
R00012210,L000995,3,2026-01-28,2026-02-13,266230.19,266230.19,Paid Late,16
R00012211,L000995,4,2026-02-28,2026-02-26,266230.19,266230.19,Paid On Time,0
R00012212,L000995,5,2026-03-28,2026-03-26,266230.19,266230.19,Paid On Time,0
R00012213,L000995,6,2026-04-28,2026-04-27,266230.19,266230.19,Paid On Time,0
R00012214,L000995,7,2026-05-28,2026-05-26,266230.19,266230.19,Paid On Time,0
R00012215,L000995,8,2026-06-28,2026-06-26,266230.19,266230.19,Paid On Time,0
R00012216,L000995,9,2026-07-28,2026-07-28,266230.19,266230.19,Paid On Time,0
R00012217,L000995,10,2026-08-28,2026-08-26,266230.19,266230.19,Paid On Time,0
R00012218,L000995,11,2026-09-28,2026-09-26,266230.19,266230.19,Paid On Time,0
